DATA;ID_REG_CLIM;WKR
01/01/2016;11;0.870505690802888
01/01/2016;13;1.000000000000000
01/01/2016;14;1.000000000000000
01/01/2016;15;1.047949285346710
01/01/2016;16;1.018476652012570
01/01/2016;17;1.000000000000000
01/01/2016;18;1.000000000000000
01/01/2016;19;1.020519230788700
01/01/2016;20;0.964857117692850
01/01/2016;21;1.000000000000000
01/01/2016;22;1.000000000000000
01/01/2016;23;1.000000000000000
01/01/2016;24;1.053637661767110
01/01/2016;25;1.076305393507480
01/01/2016;26;1.038886364760390
01/01/2016;27;1.058676704914250
01/01/2016;28;1.000000000000000
01/01/2016;29;1.000000000000000
02/01/2016;11;0.948676664829327
02/01/2016;13;1.053218411071410
02/01/2016;14;1.007079179242150
02/01/2016;15;1.087820780742440
02/01/2016;16;1.098970594742780
02/01/2016;17;1.045981170744090
02/01/2016;18;1.065190711416480
02/01/2016;19;1.014060277380880
02/01/2016;20;1.000000000000000
02/01/2016;21;1.060830421271660
02/01/2016;22;0.975707490786970
02/01/2016;23;1.042931704283910
02/01/2016;24;1.000000000000000
02/01/2016;25;1.086813118501350
02/01/2016;26;1.102234123967940
02/01/2016;27;1.139134240001410
02/01/2016;28;0.987755836317972
02/01/2016;29;1.018690674150300
03/01/2016;11;1.011090856094290
03/01/2016;13;1.052902243612080
03/01/2016;14;1.056160418283020
03/01/2016;15;1.081734913581280
03/01/2016;16;1.238620963315410
03/01/2016;17;1.058851193089000
03/01/2016;18;1.128600521531240
03/01/2016;19;1.000000000000000
03/01/2016;20;1.000000000000000
03/01/2016;21;1.130690170036020
03/01/2016;22;0.957104060016994
03/01/2016;23;1.099992717164090
03/01/2016;24;0.907848635710758
03/01/2016;25;0.972412145146375
03/01/2016;26;0.969507056404261
03/01/2016;27;1.000000000000000
03/01/2016;28;0.960343540327037
03/01/2016;29;0.996488859753081
04/01/2016;11;1.077262254313220
04/01/2016;13;1.039960480924720
04/01/2016;14;1.000000000000000
04/01/2016;15;1.036895374685830
04/01/2016;16;1.270019713576470
04/01/2016;17;1.058060966533600
04/01/2016;18;1.083721778085010
04/01/2016;19;0.958998207117474
04/01/2016;20;0.975125216221684
04/01/2016;21;1.066124491853070
04/01/2016;22;0.947054944795748
04/01/2016;23;1.000000000000000
04/01/2016;24;0.914033273053541
04/01/2016;25;0.885920501529717
04/01/2016;26;0.881061414636802
04/01/2016;27;0.928946986076789
04/01/2016;28;0.966288128571818
04/01/2016;29;0.959697879383393
05/01/2016;11;1.059679316939790
05/01/2016;13;1.031123567174820
05/01/2016;14;0.980008529373730
05/01/2016;15;1.052163146485310
05/01/2016;16;1.141371581599560
05/01/2016;17;1.073534428009900
05/01/2016;18;0.997482574826310
05/01/2016;19;0.944719573395890
05/01/2016;20;0.951635124184151
05/01/2016;21;1.000000000000000
05/01/2016;22;0.956326651564184
05/01/2016;23;0.976810319233808
05/01/2016;24;0.899331279263350
05/01/2016;25;0.894396671754416
05/01/2016;26;0.929051916956843
05/01/2016;27;0.882553393435329
05/01/2016;28;0.822599105732543
05/01/2016;29;0.945678019933658
06/01/2016;11;1.060617949583120
06/01/2016;13;0.981102437799631
06/01/2016;14;1.026615188124200
06/01/2016;15;1.049765158815280
06/01/2016;16;1.045270383933350
06/01/2016;17;1.044604792110650
06/01/2016;18;0.961445810687724
06/01/2016;19;0.919635483115782
06/01/2016;20;0.905925417992415
06/01/2016;21;1.000000000000000
06/01/2016;22;0.926597475262805
06/01/2016;23;0.919312035099596
06/01/2016;24;0.806521969864934
06/01/2016;25;0.836670830563045
06/01/2016;26;0.863611299615099
06/01/2016;27;0.854250372919517
06/01/2016;28;0.838709806340494
06/01/2016;29;0.902803707630625
07/01/2016;11;1.057018544110890
07/01/2016;13;1.000000000000000
07/01/2016;14;1.147091322297410
07/01/2016;15;1.110281015235760
07/01/2016;16;1.023873345055480
07/01/2016;17;0.994140633482524
07/01/2016;18;0.967483796103627
07/01/2016;19;0.945675097027176
07/01/2016;20;1.000000000000000
07/01/2016;21;0.990491807687463
07/01/2016;22;1.000000000000000
07/01/2016;23;0.906437501826422
07/01/2016;24;1.000000000000000
07/01/2016;25;1.000000000000000
07/01/2016;26;1.000000000000000
07/01/2016;27;0.900965513435257
07/01/2016;28;0.905784225340806
07/01/2016;29;0.970602080284908
08/01/2016;11;1.128971727186700
08/01/2016;13;1.089488730422800
08/01/2016;14;1.139343696254370
08/01/2016;15;1.160895295008800
08/01/2016;16;1.022758840320450
08/01/2016;17;0.967937437993058
08/01/2016;18;1.019070059153630
08/01/2016;19;0.966287896069545
08/01/2016;20;0.951410762242337
08/01/2016;21;0.936570544590181
08/01/2016;22;0.967181457769524
08/01/2016;23;0.950502702181603
08/01/2016;24;0.967220908733694
08/01/2016;25;0.949637271784721
08/01/2016;26;0.987110581452915
08/01/2016;27;0.914602107790794
08/01/2016;28;0.957628204022498
08/01/2016;29;0.953029850567641
09/01/2016;11;0.997419829150889
09/01/2016;13;1.077659399790490
09/01/2016;14;1.076040268493960
09/01/2016;15;1.000000000000000
09/01/2016;16;0.982100433991822
09/01/2016;17;1.018255139129540
09/01/2016;18;0.994303684350450
09/01/2016;19;0.903565649774423
09/01/2016;20;0.763192860330186
09/01/2016;21;0.862118176685409
09/01/2016;22;0.806164000489348
09/01/2016;23;0.879199092172247
09/01/2016;24;0.813357243238260
09/01/2016;25;0.808759385591977
09/01/2016;26;0.866571838474027
09/01/2016;27;0.848633779874026
09/01/2016;28;0.908926658226170
09/01/2016;29;0.929799706273125
10/01/2016;11;1.044952129172060
10/01/2016;13;1.000000000000000
10/01/2016;14;1.000000000000000
10/01/2016;15;0.961907276786813
10/01/2016;16;0.927831148172874
10/01/2016;17;0.985704202450364
10/01/2016;18;0.918829806946484
10/01/2016;19;0.785604467665966
10/01/2016;20;0.694826483635414
10/01/2016;21;0.805378235641929
10/01/2016;22;0.713763272702583
10/01/2016;23;0.762641504302892
10/01/2016;24;0.726824392788915
10/01/2016;25;0.712182572764096
10/01/2016;26;0.774198461678556
10/01/2016;27;0.787457231754105
10/01/2016;28;0.944271730368895
10/01/2016;29;0.947735175343509
11/01/2016;11;0.926491474174386
11/01/2016;13;0.913753121647640
11/01/2016;14;0.944293667270403
11/01/2016;15;0.870687429471487
11/01/2016;16;0.828762515205709
11/01/2016;17;0.810177407857552
11/01/2016;18;0.806113483619718
11/01/2016;19;0.750177327980821
11/01/2016;20;0.720676518685157
11/01/2016;21;0.747834820107207
11/01/2016;22;0.733023654387563
11/01/2016;23;0.714820760661082
11/01/2016;24;0.759181567472412
11/01/2016;25;0.718359157401407
11/01/2016;26;0.760504988729613
11/01/2016;27;0.791610264971248
11/01/2016;28;0.889575033134270
11/01/2016;29;0.907278933788509
12/01/2016;11;0.734608801757463
12/01/2016;13;0.910436737460126
12/01/2016;14;0.902117598931095
12/01/2016;15;0.831357175359073
12/01/2016;16;0.768577436405848
12/01/2016;17;0.817943570154372
12/01/2016;18;0.751640707972646
12/01/2016;19;0.812869676865879
12/01/2016;20;0.737344178866360
12/01/2016;21;0.682328729305273
12/01/2016;22;0.759147188554823
12/01/2016;23;0.789497670074576
12/01/2016;24;0.777020320237213
12/01/2016;25;0.758406740110176
12/01/2016;26;0.752983690857876
12/01/2016;27;0.802499780152580
12/01/2016;28;0.885358721584628
12/01/2016;29;0.938704983608205
13/01/2016;11;0.652681075402134
13/01/2016;13;0.944387854483644
13/01/2016;14;0.931310297213587
13/01/2016;15;0.936703627999443
13/01/2016;16;0.882309728077226
13/01/2016;17;0.924196210767164
13/01/2016;18;0.813680900793371
13/01/2016;19;0.814351339475566
13/01/2016;20;0.810569313701190
13/01/2016;21;0.717561464342551
13/01/2016;22;0.871084542207836
13/01/2016;23;0.827190396391868
13/01/2016;24;0.896396931989242
13/01/2016;25;0.831174646457425
13/01/2016;26;0.790616055700766
13/01/2016;27;0.882256740697418
13/01/2016;28;0.904324911836793
13/01/2016;29;0.923762567539226
14/01/2016;11;1.000000000000000
14/01/2016;13;1.022188436975030
14/01/2016;14;1.040839498179140
14/01/2016;15;1.017615230724650
14/01/2016;16;0.978421078637267
14/01/2016;17;1.000000000000000
14/01/2016;18;1.000000000000000
14/01/2016;19;1.000000000000000
14/01/2016;20;1.000000000000000
14/01/2016;21;0.843004515539060
14/01/2016;22;1.035829197156280
14/01/2016;23;1.000000000000000
14/01/2016;24;1.000000000000000
14/01/2016;25;1.000000000000000
14/01/2016;26;0.927899357211825
14/01/2016;27;1.003355987332810
14/01/2016;28;0.922902730932458
14/01/2016;29;1.000000000000000
15/01/2016;11;1.028891967178830
15/01/2016;13;0.997988445112597
15/01/2016;14;1.085989534418220
15/01/2016;15;1.029827567936910
15/01/2016;16;0.973096100308953
15/01/2016;17;1.023832346281710
15/01/2016;18;0.942865611878842
15/01/2016;19;1.000000000000000
15/01/2016;20;1.000000000000000
15/01/2016;21;0.958883183387128
15/01/2016;22;0.982287873129858
15/01/2016;23;0.960558304406991
15/01/2016;24;0.929549474529437
15/01/2016;25;0.951318783378346
15/01/2016;26;0.929049090787592
15/01/2016;27;0.983370203730353
15/01/2016;28;0.970504192316207
15/01/2016;29;1.000000000000000
16/01/2016;11;0.964877419853194
16/01/2016;13;0.959677070042695
16/01/2016;14;1.061308894701770
16/01/2016;15;1.000000000000000
16/01/2016;16;1.000000000000000
16/01/2016;17;1.042892440241580
16/01/2016;18;1.000000000000000
16/01/2016;19;1.000000000000000
16/01/2016;20;1.000000000000000
16/01/2016;21;1.002801026735600
16/01/2016;22;1.000000000000000
16/01/2016;23;0.938849136728193
16/01/2016;24;1.009665236411110
16/01/2016;25;0.871685354430452
16/01/2016;26;0.875292007649488
16/01/2016;27;1.000000000000000
16/01/2016;28;1.019021530721330
16/01/2016;29;0.950265499571706
17/01/2016;11;0.976436636265900
17/01/2016;13;0.949934812424302
17/01/2016;14;0.993186595619328
17/01/2016;15;1.038188246601480
17/01/2016;16;1.046707747375280
17/01/2016;17;1.055328637424280
17/01/2016;18;1.117847590942450
17/01/2016;19;1.145680573697880
17/01/2016;20;1.073227414532080
17/01/2016;21;1.061273719187790
17/01/2016;22;1.097435849519550
17/01/2016;23;1.042210206802670
17/01/2016;24;1.192000006245260
17/01/2016;25;1.073771807020150
17/01/2016;26;1.034897804139320
17/01/2016;27;1.113318900600050
17/01/2016;28;1.143847924984900
17/01/2016;29;1.104718247932430
18/01/2016;11;1.131353001532850
18/01/2016;13;1.021580752478180
18/01/2016;14;1.069713870947300
18/01/2016;15;1.086571445812580
18/01/2016;16;1.127177656154200
18/01/2016;17;1.134608899777630
18/01/2016;18;1.176085221593880
18/01/2016;19;1.181250012363360
18/01/2016;20;1.167110870125270
18/01/2016;21;1.051610639863110
18/01/2016;22;1.181525492666240
18/01/2016;23;1.134875330296390
18/01/2016;24;1.274376109951560
18/01/2016;25;1.179316846442400
18/01/2016;26;1.140459781892310
18/01/2016;27;1.182431313036320
18/01/2016;28;1.173575174180620
18/01/2016;29;1.201325084367280
19/01/2016;11;1.173543749260780
19/01/2016;13;1.112520388533000
19/01/2016;14;1.198506290494750
19/01/2016;15;1.128505102496380
19/01/2016;16;1.187096266718170
19/01/2016;17;1.165450697881100
19/01/2016;18;1.176893627003480
19/01/2016;19;1.195338389058920
19/01/2016;20;1.240511431071030
19/01/2016;21;1.123510011900640
19/01/2016;22;1.208536153613340
19/01/2016;23;1.165217116966040
19/01/2016;24;1.308425940025850
19/01/2016;25;1.231583788556730
19/01/2016;26;1.224092764868850
19/01/2016;27;1.222158712078460
19/01/2016;28;1.256887052444610
19/01/2016;29;1.289724930916550
20/01/2016;11;1.256330587022430
20/01/2016;13;1.122270853336540
20/01/2016;14;1.222933187720290
20/01/2016;15;1.171612057047030
20/01/2016;16;1.207182907532800
20/01/2016;17;1.121398823562510
20/01/2016;18;1.180904870251760
20/01/2016;19;1.250299861827200
20/01/2016;20;1.237065982884150
20/01/2016;21;1.196147573081710
20/01/2016;22;1.254602252877400
20/01/2016;23;1.245917593976440
20/01/2016;24;1.331923943490740
20/01/2016;25;1.290228483949700
20/01/2016;26;1.298405548650640
20/01/2016;27;1.327302728719100
20/01/2016;28;1.188361229656090
20/01/2016;29;1.166241341009200
21/01/2016;11;1.274958164253620
21/01/2016;13;1.148916628869970
21/01/2016;14;1.185077645801010
21/01/2016;15;1.226033156722000
21/01/2016;16;1.193807147351200
21/01/2016;17;1.058921686116380
21/01/2016;18;1.236305901058910
21/01/2016;19;1.343169767066850
21/01/2016;20;1.229577312934480
21/01/2016;21;1.162254137773010
21/01/2016;22;1.211357186113060
21/01/2016;23;1.229914583436540
21/01/2016;24;1.294510050641980
21/01/2016;25;1.195923190491250
21/01/2016;26;1.249095661427480
21/01/2016;27;1.237654218533490
21/01/2016;28;1.211434641422940
21/01/2016;29;1.102716232240700
22/01/2016;11;1.211568190270970
22/01/2016;13;1.163181255616270
22/01/2016;14;1.187956804608040
22/01/2016;15;1.182998696158610
22/01/2016;16;1.146038569585710
22/01/2016;17;1.077730148534970
22/01/2016;18;1.167784330960390
22/01/2016;19;1.226104801749990
22/01/2016;20;1.068331418025240
22/01/2016;21;1.044555786158590
22/01/2016;22;1.136379602051090
22/01/2016;23;1.000000000000000
22/01/2016;24;1.102572052182760
22/01/2016;25;1.071963539668930
22/01/2016;26;1.162520935763630
22/01/2016;27;1.107306811964780
22/01/2016;28;1.172070499843530
22/01/2016;29;1.176143983717470
23/01/2016;11;1.116711583886630
23/01/2016;13;1.110734697204820
23/01/2016;14;1.127818670565860
23/01/2016;15;1.100087597254830
23/01/2016;16;1.136230661886900
23/01/2016;17;1.000000000000000
23/01/2016;18;1.086933592298040
23/01/2016;19;1.197546576242860
23/01/2016;20;1.175249618982630
23/01/2016;21;1.086227607790430
23/01/2016;22;1.158133362100610
23/01/2016;23;1.050198481958150
23/01/2016;24;1.103039585160250
23/01/2016;25;1.095935363224840
23/01/2016;26;1.075531137834230
23/01/2016;27;1.089704077159850
23/01/2016;28;1.112233686797610
23/01/2016;29;1.118704000640190
24/01/2016;11;1.000000000000000
24/01/2016;13;1.093184274753600
24/01/2016;14;1.075415078473320
24/01/2016;15;1.144277177299680
24/01/2016;16;1.109824504488170
24/01/2016;17;1.012830050033350
24/01/2016;18;1.121529908579490
24/01/2016;19;1.238373551853060
24/01/2016;20;1.256923201554590
24/01/2016;21;1.168453236038430
24/01/2016;22;1.157700387150250
24/01/2016;23;1.129172270011540
24/01/2016;24;1.074344758968240
24/01/2016;25;1.000000000000000
24/01/2016;26;1.000000000000000
24/01/2016;27;1.073984480417280
24/01/2016;28;1.089805740668990
24/01/2016;29;1.099250198972620
25/01/2016;11;0.972670964304162
25/01/2016;13;1.000000000000000
25/01/2016;14;1.040949790489030
25/01/2016;15;1.145264032800760
25/01/2016;16;1.033368528266590
25/01/2016;17;0.968109668015192
25/01/2016;18;1.000000000000000
25/01/2016;19;1.169787812566810
25/01/2016;20;1.213530042678710
25/01/2016;21;1.097842868187770
25/01/2016;22;1.108262158283460
25/01/2016;23;1.037529004395800
25/01/2016;24;0.948300771164468
25/01/2016;25;1.015496443303170
25/01/2016;26;0.964740563239773
25/01/2016;27;1.000000000000000
25/01/2016;28;1.000000000000000
25/01/2016;29;1.099530579432690
26/01/2016;11;0.855427132260017
26/01/2016;13;0.950070018761669
26/01/2016;14;0.970938959406609
26/01/2016;15;1.067662214396740
26/01/2016;16;0.988918383036500
26/01/2016;17;0.840106130713264
26/01/2016;18;0.887077529159341
26/01/2016;19;1.000000000000000
26/01/2016;20;1.000000000000000
26/01/2016;21;1.000000000000000
26/01/2016;22;1.042753787326710
26/01/2016;23;1.000000000000000
26/01/2016;24;0.823590142102922
26/01/2016;25;0.987638325144940
26/01/2016;26;0.932035907116637
26/01/2016;27;0.919932408372025
26/01/2016;28;0.957393312371552
26/01/2016;29;1.081397177608600
27/01/2016;11;0.805717763253913
27/01/2016;13;0.926675825240253
27/01/2016;14;0.956816191047567
27/01/2016;15;1.022972905880480
27/01/2016;16;0.974589160689625
27/01/2016;17;0.780123446614280
27/01/2016;18;0.862805584778794
27/01/2016;19;0.863722409534530
27/01/2016;20;0.873852599755581
27/01/2016;21;0.978554729989362
27/01/2016;22;0.951551283461500
27/01/2016;23;0.953569269806049
27/01/2016;24;0.799777899096314
27/01/2016;25;0.925091503307030
27/01/2016;26;0.913210276755545
27/01/2016;27;0.892264642027239
27/01/2016;28;0.944768100971320
27/01/2016;29;1.071003389995770
28/01/2016;11;0.696362699031832
28/01/2016;13;0.828522504027718
28/01/2016;14;0.981145382846998
28/01/2016;15;0.965257844138236
28/01/2016;16;0.908678841274911
28/01/2016;17;0.779915181127961
28/01/2016;18;0.797508603324412
28/01/2016;19;0.782285827857253
28/01/2016;20;0.807353847872073
28/01/2016;21;0.858791863041911
28/01/2016;22;0.896937285055761
28/01/2016;23;0.908999145872525
28/01/2016;24;0.806893343222238
28/01/2016;25;0.912262981334418
28/01/2016;26;0.905725844067500
28/01/2016;27;0.882591180439344
28/01/2016;28;0.956137760581023
28/01/2016;29;1.044858162417510
29/01/2016;11;0.667689366823675
29/01/2016;13;0.707471231060120
29/01/2016;14;0.920193182281768
29/01/2016;15;0.907276816956136
29/01/2016;16;0.827505556352217
29/01/2016;17;0.747925150056756
29/01/2016;18;0.749456531375268
29/01/2016;19;0.769676779336592
29/01/2016;20;0.774606922300305
29/01/2016;21;0.755859026891560
29/01/2016;22;0.868719192409687
29/01/2016;23;0.895362769588273
29/01/2016;24;0.807427892591716
29/01/2016;25;0.883278660963624
29/01/2016;26;0.886360569567402
29/01/2016;27;0.858524963993319
29/01/2016;28;0.945871002582091
29/01/2016;29;1.054197441865250
30/01/2016;11;0.750746586614117
30/01/2016;13;0.727273100429679
30/01/2016;14;0.905520583756790
30/01/2016;15;0.907508313896857
30/01/2016;16;0.810251639717753
30/01/2016;17;0.730862309063866
30/01/2016;18;0.728385473525286
30/01/2016;19;0.764221164458392
30/01/2016;20;0.820506957796425
30/01/2016;21;0.770944264872522
30/01/2016;22;0.874375405408626
30/01/2016;23;0.964681023307835
30/01/2016;24;0.838964980245089
30/01/2016;25;0.852685096268765
30/01/2016;26;0.939520707681391
30/01/2016;27;0.893472035795839
30/01/2016;28;1.034437674546000
30/01/2016;29;1.060080817554380
31/01/2016;11;0.771724868523477
31/01/2016;13;0.758187603640733
31/01/2016;14;0.904069742396796
31/01/2016;15;0.882628245389216
31/01/2016;16;0.797929576351507
31/01/2016;17;0.748410360236400
31/01/2016;18;0.795870196158944
31/01/2016;19;0.791116463680454
31/01/2016;20;0.845951072968168
31/01/2016;21;0.758818645341769
31/01/2016;22;0.872264283200106
31/01/2016;23;0.951160634231191
31/01/2016;24;0.855271448375685
31/01/2016;25;0.896005811679663
31/01/2016;26;0.957200956657485
31/01/2016;27;0.919593213038043
31/01/2016;28;1.000000000000000
31/01/2016;29;1.046507712163650
01/02/2016;11;0.745771085506904
01/02/2016;13;0.863431152132650
01/02/2016;14;0.897921287976390
01/02/2016;15;0.855579983080022
01/02/2016;16;0.815625324597045
01/02/2016;17;0.756591757139814
01/02/2016;18;0.890881507376888
01/02/2016;19;0.785676210478027
01/02/2016;20;0.779414963887855
01/02/2016;21;1.000000000000000
01/02/2016;22;0.857438541478653
01/02/2016;23;0.885417600612127
01/02/2016;24;0.801550313370823
01/02/2016;25;0.893761542851044
01/02/2016;26;0.947192872408988
01/02/2016;27;0.880015034125195
01/02/2016;28;0.960579971429986
01/02/2016;29;1.022572966759940
02/02/2016;11;0.749982066921769
02/02/2016;13;0.872743925690297
02/02/2016;14;0.927130943738056
02/02/2016;15;0.831291845651398
02/02/2016;16;0.858292742250886
02/02/2016;17;0.791293281598381
02/02/2016;18;0.824043452546923
02/02/2016;19;0.817603495576050
02/02/2016;20;0.805600172195926
02/02/2016;21;0.961789663312031
02/02/2016;22;0.917915712763078
02/02/2016;23;1.000000000000000
02/02/2016;24;0.752562812445658
02/02/2016;25;0.882439519800018
02/02/2016;26;0.938944157291465
02/02/2016;27;0.838926922072878
02/02/2016;28;1.000000000000000
02/02/2016;29;1.023894032642290
03/02/2016;11;0.669833966153948
03/02/2016;13;0.781413415228134
03/02/2016;14;0.913013068541184
03/02/2016;15;0.818594491074367
03/02/2016;16;0.825437491316036
03/02/2016;17;0.805050486628234
03/02/2016;18;0.819930409499093
03/02/2016;19;0.907555001940127
03/02/2016;20;0.833823167364090
03/02/2016;21;0.866105337081090
03/02/2016;22;0.877568970326034
03/02/2016;23;0.964491427930773
03/02/2016;24;0.765415047149783
03/02/2016;25;0.895044802423679
03/02/2016;26;0.933574176898482
03/02/2016;27;0.858784968056855
03/02/2016;28;1.000000000000000
03/02/2016;29;1.000000000000000
04/02/2016;11;0.774839995465875
04/02/2016;13;0.801108184449934
04/02/2016;14;0.904652614926769
04/02/2016;15;0.843034064960788
04/02/2016;16;0.873971187752408
04/02/2016;17;0.865882647125145
04/02/2016;18;0.861230917835540
04/02/2016;19;1.000000000000000
04/02/2016;20;0.834257336848261
04/02/2016;21;0.890686813289048
04/02/2016;22;0.885814577843792
04/02/2016;23;1.000000000000000
04/02/2016;24;1.000000000000000
04/02/2016;25;0.884604647605250
04/02/2016;26;0.933486926254607
04/02/2016;27;0.921455742568373
04/02/2016;28;0.986474680363840
04/02/2016;29;0.966530371611646
05/02/2016;11;0.869141586225943
05/02/2016;13;0.892835433343895
05/02/2016;14;0.898016178266559
05/02/2016;15;0.916442399192450
05/02/2016;16;0.974494098472770
05/02/2016;17;0.910441712373449
05/02/2016;18;0.915212359741739
05/02/2016;19;1.033190478934410
05/02/2016;20;1.000000000000000
05/02/2016;21;1.007724923349070
05/02/2016;22;1.041870476648430
05/02/2016;23;1.076005183196870
05/02/2016;24;1.131971148496950
05/02/2016;25;1.032122734910240
05/02/2016;26;1.000000000000000
05/02/2016;27;1.021377301724040
05/02/2016;28;0.972611489809828
05/02/2016;29;0.981299004686495
06/02/2016;11;0.934805035290497
06/02/2016;13;1.000000000000000
06/02/2016;14;1.000000000000000
06/02/2016;15;0.973388943195652
06/02/2016;16;0.969978254712838
06/02/2016;17;0.865185522584618
06/02/2016;18;0.971465988163282
06/02/2016;19;1.083393944224820
06/02/2016;20;1.077537633363740
06/02/2016;21;1.048387854210070
06/02/2016;22;1.105442094452870
06/02/2016;23;1.161376913519210
06/02/2016;24;1.092132425630710
06/02/2016;25;1.110566836687370
06/02/2016;26;1.092186749261830
06/02/2016;27;1.094428328685970
06/02/2016;28;1.050187492640820
06/02/2016;29;1.050538740973380
07/02/2016;11;0.927490266838914
07/02/2016;13;0.959982427539748
07/02/2016;14;1.042790723159730
07/02/2016;15;0.984134806159692
07/02/2016;16;0.895088282855448
07/02/2016;17;0.892679128127940
07/02/2016;18;0.916375562574898
07/02/2016;19;0.999854288438268
07/02/2016;20;1.000000000000000
07/02/2016;21;0.995177538828109
07/02/2016;22;0.967177759625856
07/02/2016;23;1.120456323200680
07/02/2016;24;0.985015522832007
07/02/2016;25;1.046257629370230
07/02/2016;26;1.105877837373070
07/02/2016;27;1.000000000000000
07/02/2016;28;1.128183733690340
07/02/2016;29;1.115097449457130
08/02/2016;11;0.923307312886338
08/02/2016;13;0.887377981000124
08/02/2016;14;0.992191965137396
08/02/2016;15;0.874123284704770
08/02/2016;16;0.779566068957724
08/02/2016;17;0.954311762336797
08/02/2016;18;0.811042674539744
08/02/2016;19;0.826266455274156
08/02/2016;20;0.864007361562490
08/02/2016;21;0.862309803107490
08/02/2016;22;0.825354363394625
08/02/2016;23;0.972102941541211
08/02/2016;24;0.884883178599243
08/02/2016;25;0.971306170526190
08/02/2016;26;0.925614021276486
08/02/2016;27;0.936148085297452
08/02/2016;28;0.970471129228392
08/02/2016;29;1.000000000000000
09/02/2016;11;1.000000000000000
09/02/2016;13;0.837024738724224
09/02/2016;14;0.939711708650192
09/02/2016;15;0.795218421013053
09/02/2016;16;0.726991612762254
09/02/2016;17;0.866858077067602
09/02/2016;18;0.763921138098234
09/02/2016;19;0.765144499445773
09/02/2016;20;0.770432299810243
09/02/2016;21;0.755940243454258
09/02/2016;22;0.799541123675956
09/02/2016;23;0.815711305299633
09/02/2016;24;0.786170838042193
09/02/2016;25;0.901975050360158
09/02/2016;26;0.779509222049353
09/02/2016;27;0.860062343452711
09/02/2016;28;0.840884235434725
09/02/2016;29;0.968989721883124
10/02/2016;11;0.851920003359146
10/02/2016;13;0.788569229417395
10/02/2016;14;0.902187122477188
10/02/2016;15;0.791687458790693
10/02/2016;16;0.733999410075703
10/02/2016;17;0.796556058045281
10/02/2016;18;0.714095972917794
10/02/2016;19;0.780851638147634
10/02/2016;20;0.772578185343631
10/02/2016;21;0.750337043051821
10/02/2016;22;0.786751642881082
10/02/2016;23;0.771201890412146
10/02/2016;24;0.770955210772866
10/02/2016;25;0.866591141346106
10/02/2016;26;0.785133390657739
10/02/2016;27;0.826131349939380
10/02/2016;28;0.899335919897380
10/02/2016;29;0.973760491215658
11/02/2016;11;0.857785694416005
11/02/2016;13;0.886831195666880
11/02/2016;14;1.000000000000000
11/02/2016;15;0.875583922173168
11/02/2016;16;0.813216129445153
11/02/2016;17;0.876283617703308
11/02/2016;18;0.826293281575245
11/02/2016;19;0.846966166529170
11/02/2016;20;0.855678547072838
11/02/2016;21;0.805387293890663
11/02/2016;22;0.842707151250825
11/02/2016;23;0.839086701037686
11/02/2016;24;0.889504276915422
11/02/2016;25;0.850774162855460
11/02/2016;26;0.838093811786128
11/02/2016;27;0.879716136772528
11/02/2016;28;0.913983024453887
11/02/2016;29;0.910758377575492
12/02/2016;11;1.000000000000000
12/02/2016;13;0.976157121436467
12/02/2016;14;1.025611913897610
12/02/2016;15;0.945415470369242
12/02/2016;16;0.913780996611823
12/02/2016;17;0.933013347861862
12/02/2016;18;0.935621482782169
12/02/2016;19;0.954562534411521
12/02/2016;20;0.902507358103490
12/02/2016;21;0.887599026018522
12/02/2016;22;0.893130222698202
12/02/2016;23;0.933612361689060
12/02/2016;24;0.937991801338180
12/02/2016;25;0.935075037817274
12/02/2016;26;1.000000000000000
12/02/2016;27;0.912658845163028
12/02/2016;28;0.902946923751310
12/02/2016;29;0.949168286892304
13/02/2016;11;1.016237092073790
13/02/2016;13;0.955646311822963
13/02/2016;14;1.000000000000000
13/02/2016;15;1.000000000000000
13/02/2016;16;0.918626406726272
13/02/2016;17;0.965049702735913
13/02/2016;18;0.922810197357765
13/02/2016;19;0.866720168707345
13/02/2016;20;0.802486345169040
13/02/2016;21;0.892744614368350
13/02/2016;22;0.834466501198573
13/02/2016;23;0.911017045482458
13/02/2016;24;0.817716991269659
13/02/2016;25;0.876375457716580
13/02/2016;26;0.951996714889598
13/02/2016;27;0.848783782715181
13/02/2016;28;0.768971488584437
13/02/2016;29;0.893689838337518
14/02/2016;11;0.954638324189760
14/02/2016;13;0.956500713495897
14/02/2016;14;1.032829795805420
14/02/2016;15;0.975000684224152
14/02/2016;16;0.875899030944873
14/02/2016;17;0.995748772396075
14/02/2016;18;0.909595646735583
14/02/2016;19;0.820908962134920
14/02/2016;20;0.711637586894500
14/02/2016;21;0.788088470680283
14/02/2016;22;0.792928145690119
14/02/2016;23;0.789471491196304
14/02/2016;24;0.735661736860840
14/02/2016;25;0.766549931946137
14/02/2016;26;0.751715200120795
14/02/2016;27;0.766573192311164
14/02/2016;28;0.734133964549470
14/02/2016;29;0.870361742093692
15/02/2016;11;0.948621683698887
15/02/2016;13;0.928264978155193
15/02/2016;14;1.000000000000000
15/02/2016;15;0.903605767390693
15/02/2016;16;0.843571418225267
15/02/2016;17;0.983097048067081
15/02/2016;18;0.894398969792664
15/02/2016;19;0.853868417422216
15/02/2016;20;0.752751423974563
15/02/2016;21;0.802420497987669
15/02/2016;22;0.776705648143526
15/02/2016;23;0.794231025539913
15/02/2016;24;0.731250809966606
15/02/2016;25;0.709112962782491
15/02/2016;26;0.692061288922013
15/02/2016;27;0.728747410048619
15/02/2016;28;0.738080599034407
15/02/2016;29;0.888727463529741
16/02/2016;11;0.906552086917449
16/02/2016;13;0.888483069343356
16/02/2016;14;0.924494146053003
16/02/2016;15;0.841835021047051
16/02/2016;16;0.875641698894509
16/02/2016;17;0.931156920967591
16/02/2016;18;0.900620578473109
16/02/2016;19;0.917423751301934
16/02/2016;20;0.796368760267935
16/02/2016;21;0.876109641868625
16/02/2016;22;0.765697666576767
16/02/2016;23;0.850768527625224
16/02/2016;24;0.744241944780438
16/02/2016;25;0.675236776227706
16/02/2016;26;0.704070806433285
16/02/2016;27;0.728020110389815
16/02/2016;28;0.663028058811771
16/02/2016;29;0.904369331592046
17/02/2016;11;0.934128933061121
17/02/2016;13;1.000000000000000
17/02/2016;14;1.000000000000000
17/02/2016;15;0.881117918064754
17/02/2016;16;0.957842337755604
17/02/2016;17;1.000000000000000
17/02/2016;18;0.957400935411289
17/02/2016;19;1.000000000000000
17/02/2016;20;0.841197212791523
17/02/2016;21;0.897793116766644
17/02/2016;22;0.809547756367787
17/02/2016;23;0.893724142911077
17/02/2016;24;0.780781852517810
17/02/2016;25;0.707508297984409
17/02/2016;26;0.769092979674409
17/02/2016;27;0.720394859353071
17/02/2016;28;0.787303608888739
17/02/2016;29;0.895563757771846
18/02/2016;11;0.909130100888355
18/02/2016;13;1.035816463719370
18/02/2016;14;0.976990494671143
18/02/2016;15;0.868103145885013
18/02/2016;16;0.920306424385437
18/02/2016;17;0.996109449577406
18/02/2016;18;0.952108142844698
18/02/2016;19;1.057153879601390
18/02/2016;20;0.879385834351584
18/02/2016;21;0.939500069245656
18/02/2016;22;0.875324495167797
18/02/2016;23;0.905750483029285
18/02/2016;24;0.874795369926761
18/02/2016;25;0.807188340364393
18/02/2016;26;0.819389939821556
18/02/2016;27;0.811508894958488
18/02/2016;28;0.914628317264219
18/02/2016;29;0.943293840282369
19/02/2016;11;0.909592411527903
19/02/2016;13;0.989933023649599
19/02/2016;14;0.947864208157469
19/02/2016;15;0.857552832654303
19/02/2016;16;0.839439885078331
19/02/2016;17;0.972169204683403
19/02/2016;18;0.885946584869569
19/02/2016;19;1.000000000000000
19/02/2016;20;0.912291942450450
19/02/2016;21;0.916117029158111
19/02/2016;22;1.000000000000000
19/02/2016;23;0.938008651879690
19/02/2016;24;0.898245777481997
19/02/2016;25;0.936327528428910
19/02/2016;26;0.884967754529486
19/02/2016;27;0.922517854744153
19/02/2016;28;0.955018387537888
19/02/2016;29;0.920338490940052
20/02/2016;11;0.972597755527007
20/02/2016;13;0.932529502673921
20/02/2016;14;0.955028619324290
20/02/2016;15;0.855370228296975
20/02/2016;16;0.825066498514977
20/02/2016;17;1.000000000000000
20/02/2016;18;0.820901838841147
20/02/2016;19;0.983967551083594
20/02/2016;20;0.928436266450560
20/02/2016;21;0.925745652422802
20/02/2016;22;0.966064540658357
20/02/2016;23;0.963668606716097
20/02/2016;24;0.889075112672299
20/02/2016;25;0.936499487909502
20/02/2016;26;0.903002543395668
20/02/2016;27;0.949208200793340
20/02/2016;28;0.913130717254742
20/02/2016;29;1.000000000000000
21/02/2016;11;0.919431367686369
21/02/2016;13;0.892156484989838
21/02/2016;14;0.975951100861920
21/02/2016;15;0.911613697466559
21/02/2016;16;0.843339193033631
21/02/2016;17;0.940150549728968
21/02/2016;18;0.834866709038569
21/02/2016;19;0.981154174217761
21/02/2016;20;1.000000000000000
21/02/2016;21;0.906968082553972
21/02/2016;22;1.000000000000000
21/02/2016;23;1.000000000000000
21/02/2016;24;0.891344610176080
21/02/2016;25;0.941987001851480
21/02/2016;26;0.903227116242794
21/02/2016;27;0.929586690442532
21/02/2016;28;0.923769846537068
21/02/2016;29;1.015626343119980
22/02/2016;11;0.872530609178578
22/02/2016;13;0.879209924617088
22/02/2016;14;0.987242180879146
22/02/2016;15;0.920351837201239
22/02/2016;16;0.861618967636358
22/02/2016;17;0.809015002339602
22/02/2016;18;0.868506633126709
22/02/2016;19;0.949246373820731
22/02/2016;20;0.990881911586799
22/02/2016;21;0.900336915100572
22/02/2016;22;0.980639785108013
22/02/2016;23;1.000000000000000
22/02/2016;24;0.829769269734962
22/02/2016;25;0.940592890733804
22/02/2016;26;0.945726959167434
22/02/2016;27;0.877987648117240
22/02/2016;28;0.922377109411051
22/02/2016;29;1.046903308024290
23/02/2016;11;0.723125753425326
23/02/2016;13;0.789143830162062
23/02/2016;14;0.895847250327939
23/02/2016;15;0.824130808423120
23/02/2016;16;0.828742934766952
23/02/2016;17;0.760985522687219
23/02/2016;18;0.767309464841970
23/02/2016;19;0.887247712916477
23/02/2016;20;0.889844703109201
23/02/2016;21;0.814248121247087
23/02/2016;22;0.923982063756257
23/02/2016;23;0.942588957059365
23/02/2016;24;0.745256051663323
23/02/2016;25;0.879262303790143
23/02/2016;26;0.921429464906194
23/02/2016;27;0.789587486801521
23/02/2016;28;0.891116588211731
23/02/2016;29;1.000000000000000
24/02/2016;11;0.757209750739538
24/02/2016;13;0.854792083066560
24/02/2016;14;0.849091892667018
24/02/2016;15;0.815170333634601
24/02/2016;16;0.849553970900243
24/02/2016;17;0.821178661307335
24/02/2016;18;0.831771732063588
24/02/2016;19;0.834184287632873
24/02/2016;20;0.817385705980026
24/02/2016;21;0.847188307657226
24/02/2016;22;0.902212808394918
24/02/2016;23;0.914744353088220
24/02/2016;24;0.753756097808980
24/02/2016;25;0.923324464956678
24/02/2016;26;0.892433076271429
24/02/2016;27;0.823452938350307
24/02/2016;28;0.939014824753819
24/02/2016;29;0.953668880583132
25/02/2016;11;0.883980350197136
25/02/2016;13;0.953720378810079
25/02/2016;14;0.920102243956604
25/02/2016;15;0.905702812902336
25/02/2016;16;0.941374965313245
25/02/2016;17;0.899236300045532
25/02/2016;18;0.943926452513425
25/02/2016;19;0.827036265747180
25/02/2016;20;0.820988943327846
25/02/2016;21;0.913826970054245
25/02/2016;22;0.867318187132949
25/02/2016;23;1.000000000000000
25/02/2016;24;0.851076406734297
25/02/2016;25;0.911147897395657
25/02/2016;26;0.892775094387309
25/02/2016;27;0.886970473715996
25/02/2016;28;0.926929636304036
25/02/2016;29;0.981870676333888
26/02/2016;11;1.057849086275040
26/02/2016;13;1.030709563998180
26/02/2016;14;1.000000000000000
26/02/2016;15;1.012753077007110
26/02/2016;16;0.964890826767266
26/02/2016;17;1.000000000000000
26/02/2016;18;0.914326205679563
26/02/2016;19;0.877491863128546
26/02/2016;20;0.869722061676973
26/02/2016;21;0.872286157982409
26/02/2016;22;0.856381824265637
26/02/2016;23;0.972342718944295
26/02/2016;24;0.908893193174121
26/02/2016;25;0.869120140825625
26/02/2016;26;0.869202092773423
26/02/2016;27;0.892153341761438
26/02/2016;28;0.952486805411599
26/02/2016;29;0.991673541089111
27/02/2016;11;1.108238682566570
27/02/2016;13;1.077851981156710
27/02/2016;14;0.991665868089828
27/02/2016;15;1.032215677943760
27/02/2016;16;0.971378749477703
27/02/2016;17;1.024691116069020
27/02/2016;18;0.907871575663766
27/02/2016;19;0.908624076206063
27/02/2016;20;0.914595178652959
27/02/2016;21;0.869062245160104
27/02/2016;22;0.889630538730163
27/02/2016;23;0.898157472236491
27/02/2016;24;0.893458598030541
27/02/2016;25;0.863991673108935
27/02/2016;26;0.839999715268907
27/02/2016;27;0.909777577549089
27/02/2016;28;0.937078143329320
27/02/2016;29;1.000000000000000
28/02/2016;11;0.996221878211576
28/02/2016;13;1.037091472111010
28/02/2016;14;0.979984967551031
28/02/2016;15;0.947153692133586
28/02/2016;16;0.881196341682120
28/02/2016;17;1.050166446420700
28/02/2016;18;0.848233895261225
28/02/2016;19;0.860607775557835
28/02/2016;20;0.851035665837502
28/02/2016;21;0.808480332448144
28/02/2016;22;0.831015650695448
28/02/2016;23;0.898761221598781
28/02/2016;24;0.882960642866629
28/02/2016;25;0.779642689462258
28/02/2016;26;0.842024676148543
28/02/2016;27;0.896571440733506
28/02/2016;28;0.875329197270678
28/02/2016;29;1.000000000000000
29/02/2016;11;0.988890820205026
29/02/2016;13;0.977572761508974
29/02/2016;14;0.985675403471397
29/02/2016;15;0.853834219051961
29/02/2016;16;0.819820293925051
29/02/2016;17;1.010381468896250
29/02/2016;18;0.852292725134379
29/02/2016;19;0.919845201022296
29/02/2016;20;0.906281454736944
29/02/2016;21;0.854756456276930
29/02/2016;22;0.862471527021456
29/02/2016;23;0.906269424714188
29/02/2016;24;1.005866320996160
29/02/2016;25;0.889821344731129
29/02/2016;26;0.833548583411857
29/02/2016;27;0.948285720366753
29/02/2016;28;0.937664598635339
29/02/2016;29;1.000000000000000
01/03/2016;11;0.981559762198475
01/03/2016;13;0.918054050906938
01/03/2016;14;0.991365839391763
01/03/2016;15;0.760514745970336
01/03/2016;16;0.758444246167981
01/03/2016;17;0.970596491371809
01/03/2016;18;0.856351555007533
01/03/2016;19;0.979082626486758
01/03/2016;20;0.961527243636385
01/03/2016;21;0.901032580105716
01/03/2016;22;0.893927403347465
01/03/2016;23;0.913777627829596
01/03/2016;24;1.128771999125700
01/03/2016;25;1.000000000000000
01/03/2016;26;0.825072490675172
01/03/2016;27;1.000000000000000
01/03/2016;28;1.000000000000000
01/03/2016;29;1.000000000000000
02/03/2016;11;1.000000000000000
02/03/2016;13;0.938280199380354
02/03/2016;14;1.000000000000000
02/03/2016;15;0.841408515930406
02/03/2016;16;0.839049028162319
02/03/2016;17;0.897516930735157
02/03/2016;18;0.792323161050790
02/03/2016;19;1.002217996532850
02/03/2016;20;1.016035066153470
02/03/2016;21;0.947780837251518
02/03/2016;22;1.011964651279380
02/03/2016;23;1.000000000000000
02/03/2016;24;1.087290318714960
02/03/2016;25;1.048544263772380
02/03/2016;26;0.960420235803744
02/03/2016;27;1.050137798887730
02/03/2016;28;1.057865220041270
02/03/2016;29;1.000000000000000
03/03/2016;11;0.995538620821166
03/03/2016;13;0.849718213256285
03/03/2016;14;0.976304513431961
03/03/2016;15;1.000000000000000
03/03/2016;16;1.000000000000000
03/03/2016;17;0.948611127233018
03/03/2016;18;1.030728630213490
03/03/2016;19;1.045214559608550
03/03/2016;20;1.062944600810520
03/03/2016;21;0.950217519566669
03/03/2016;22;1.039887937170800
03/03/2016;23;1.000000000000000
03/03/2016;24;1.081564401884480
03/03/2016;25;1.056950805546810
03/03/2016;26;0.986541641828077
03/03/2016;27;1.076860066173080
03/03/2016;28;1.046641383814490
03/03/2016;29;1.000000000000000
04/03/2016;11;1.099220387219790
04/03/2016;13;1.000000000000000
04/03/2016;14;1.047755287509080
04/03/2016;15;1.056802725388550
04/03/2016;16;1.083670039192210
04/03/2016;17;1.000000000000000
04/03/2016;18;1.085553254130440
04/03/2016;19;1.078531931870510
04/03/2016;20;1.075092242784910
04/03/2016;21;1.019418709263160
04/03/2016;22;1.057531980927910
04/03/2016;23;1.000000000000000
04/03/2016;24;1.194162214141840
04/03/2016;25;1.076449662272620
04/03/2016;26;1.084829878009960
04/03/2016;27;1.169024500967400
04/03/2016;28;1.082456972418660
04/03/2016;29;1.003468649044840
05/03/2016;11;1.273744822652570
05/03/2016;13;1.133261027519540
05/03/2016;14;1.175529316287570
05/03/2016;15;1.000000000000000
05/03/2016;16;1.074505792308080
05/03/2016;17;0.985758908336186
05/03/2016;18;0.826944748065542
05/03/2016;19;1.000000000000000
05/03/2016;20;1.000000000000000
05/03/2016;21;1.000000000000000
05/03/2016;22;1.000000000000000
05/03/2016;23;1.023776881539210
05/03/2016;24;1.159681812179320
05/03/2016;25;1.108707607758180
05/03/2016;26;1.196271821667770
05/03/2016;27;1.131744501904700
05/03/2016;28;1.121296806853870
05/03/2016;29;1.084753652304870
06/03/2016;11;1.252723788952520
06/03/2016;13;1.178773519817530
06/03/2016;14;1.212855285105720
06/03/2016;15;1.037128123927850
06/03/2016;16;0.963690017981374
06/03/2016;17;1.000000000000000
06/03/2016;18;1.031908504055190
06/03/2016;19;1.000000000000000
06/03/2016;20;1.000000000000000
06/03/2016;21;0.944702477725463
06/03/2016;22;0.936926292777605
06/03/2016;23;0.965933818311405
06/03/2016;24;0.880740609271516
06/03/2016;25;1.000000000000000
06/03/2016;26;1.000000000000000
06/03/2016;27;0.962794690621089
06/03/2016;28;1.000000000000000
06/03/2016;29;1.159328642460120
07/03/2016;11;1.311974219772360
07/03/2016;13;1.163169364228190
07/03/2016;14;1.167368338635160
07/03/2016;15;1.094624447936930
07/03/2016;16;1.000000000000000
07/03/2016;17;1.075462825696220
07/03/2016;18;1.165044213336400
07/03/2016;19;1.059304781760560
07/03/2016;20;1.034544043634770
07/03/2016;21;1.000000000000000
07/03/2016;22;1.000000000000000
07/03/2016;23;1.000000000000000
07/03/2016;24;0.868376273118843
07/03/2016;25;1.000000000000000
07/03/2016;26;0.858031335472461
07/03/2016;27;1.000000000000000
07/03/2016;28;0.977208898188261
07/03/2016;29;1.000000000000000
08/03/2016;11;1.256576554962980
08/03/2016;13;1.162981432555710
08/03/2016;14;1.102582980835160
08/03/2016;15;1.093724761934760
08/03/2016;16;1.057695834735880
08/03/2016;17;1.138294606762640
08/03/2016;18;1.165807776110240
08/03/2016;19;1.108965210783280
08/03/2016;20;1.057064092491230
08/03/2016;21;1.000000000000000
08/03/2016;22;1.026371738334080
08/03/2016;23;1.031240981139750
08/03/2016;24;0.918681504508810
08/03/2016;25;1.046582554959210
08/03/2016;26;1.000000000000000
08/03/2016;27;0.993098410869332
08/03/2016;28;1.024627186831180
08/03/2016;29;1.023037421928040
09/03/2016;11;1.309890490461850
09/03/2016;13;1.132723665703620
09/03/2016;14;1.065190416778910
09/03/2016;15;1.040462858146170
09/03/2016;16;1.050793017096090
09/03/2016;17;1.137004780714180
09/03/2016;18;1.213403502065230
09/03/2016;19;1.141987127042090
09/03/2016;20;1.087089664601950
09/03/2016;21;0.987732482356403
09/03/2016;22;1.065163761258190
09/03/2016;23;1.025715421030650
09/03/2016;24;1.000000000000000
09/03/2016;25;1.064984909482630
09/03/2016;26;1.007827309290070
09/03/2016;27;1.000000000000000
09/03/2016;28;1.097542259612110
09/03/2016;29;1.089757902780240
10/03/2016;11;1.142339385178570
10/03/2016;13;1.044529068889800
10/03/2016;14;0.999721929294871
10/03/2016;15;0.964184984667309
10/03/2016;16;0.949141603252402
10/03/2016;17;1.000000000000000
10/03/2016;18;1.000000000000000
10/03/2016;19;1.000000000000000
10/03/2016;20;1.000000000000000
10/03/2016;21;1.000000000000000
10/03/2016;22;1.137704806941830
10/03/2016;23;1.015595984838740
10/03/2016;24;1.074725601637800
10/03/2016;25;1.099850173529320
10/03/2016;26;1.016330470621040
10/03/2016;27;1.046034682487220
10/03/2016;28;1.139014852074280
10/03/2016;29;1.106432069692680
11/03/2016;11;1.055713471804160
11/03/2016;13;0.996593830673282
11/03/2016;14;1.014981111603590
11/03/2016;15;0.872677855050744
11/03/2016;16;0.867821499382302
11/03/2016;17;0.936697094947336
11/03/2016;18;0.953735923949362
11/03/2016;19;0.962318609376215
11/03/2016;20;0.964603716530749
11/03/2016;21;0.975695516304406
11/03/2016;22;1.098568238341120
11/03/2016;23;0.988599267997320
11/03/2016;24;1.099762796123670
11/03/2016;25;1.000000000000000
11/03/2016;26;1.087306299090060
11/03/2016;27;1.090562920390840
11/03/2016;28;1.171962987177870
11/03/2016;29;1.132970615456590
12/03/2016;11;0.976544606297703
12/03/2016;13;0.876698464469753
12/03/2016;14;1.084793390657800
12/03/2016;15;0.791526088668000
12/03/2016;16;0.851977722095942
12/03/2016;17;0.852664254316592
12/03/2016;18;0.882572147084861
12/03/2016;19;0.911907005621097
12/03/2016;20;0.937402809923024
12/03/2016;21;0.914797607012402
12/03/2016;22;0.989352064613094
12/03/2016;23;0.973293247204317
12/03/2016;24;1.106789923467940
12/03/2016;25;0.979841052198924
12/03/2016;26;1.000000000000000
12/03/2016;27;1.067526537300940
12/03/2016;28;1.128244967009560
12/03/2016;29;1.052692469013690
13/03/2016;11;0.908555336515127
13/03/2016;13;0.820680214918477
13/03/2016;14;1.045855378144720
13/03/2016;15;0.810201008622199
13/03/2016;16;0.924318408523903
13/03/2016;17;0.827301890956203
13/03/2016;18;0.893161366214693
13/03/2016;19;0.886920757322972
13/03/2016;20;0.924442065742461
13/03/2016;21;0.876499954469920
13/03/2016;22;0.954868613739617
13/03/2016;23;0.978042809729819
13/03/2016;24;1.105639231099560
13/03/2016;25;0.951780826284947
13/03/2016;26;0.972927288845651
13/03/2016;27;1.033192683537960
13/03/2016;28;1.152175028673630
13/03/2016;29;1.021244252449500
14/03/2016;11;1.000000000000000
14/03/2016;13;0.891075477674198
14/03/2016;14;1.048260855316380
14/03/2016;15;0.864041507706082
14/03/2016;16;0.924280022013174
14/03/2016;17;0.837467443806777
14/03/2016;18;0.968269646841848
14/03/2016;19;0.933349078513806
14/03/2016;20;0.929323682156714
14/03/2016;21;0.870968658132718
14/03/2016;22;0.938214662139556
14/03/2016;23;0.949820877054343
14/03/2016;24;1.105708982356210
14/03/2016;25;0.942572528123228
14/03/2016;26;0.942850895180748
14/03/2016;27;1.045849016170650
14/03/2016;28;1.000000000000000
14/03/2016;29;1.026102404156320
15/03/2016;11;1.104209926504860
15/03/2016;13;1.042555627996270
15/03/2016;14;1.166013453351010
15/03/2016;15;1.000000000000000
15/03/2016;16;1.009439738760900
15/03/2016;17;1.000000000000000
15/03/2016;18;1.078637181958480
15/03/2016;19;1.000000000000000
15/03/2016;20;1.000000000000000
15/03/2016;21;1.000000000000000
15/03/2016;22;1.000000000000000
15/03/2016;23;1.000000000000000
15/03/2016;24;1.167095722938700
15/03/2016;25;1.000000000000000
15/03/2016;26;0.950826924541520
15/03/2016;27;1.037378582606810
15/03/2016;28;1.012529634858030
15/03/2016;29;1.000000000000000
16/03/2016;11;1.419865000312190
16/03/2016;13;1.225203694556590
16/03/2016;14;1.191533615563640
16/03/2016;15;1.102779639430260
16/03/2016;16;1.155130886661940
16/03/2016;17;1.072079943273430
16/03/2016;18;1.182470148344080
16/03/2016;19;1.009493704523020
16/03/2016;20;1.065838991424090
16/03/2016;21;1.064050922074700
16/03/2016;22;1.024721498142270
16/03/2016;23;1.031866880812980
16/03/2016;24;1.196238938289170
16/03/2016;25;1.017205849896070
16/03/2016;26;0.972716366240613
16/03/2016;27;1.104615294885930
16/03/2016;28;1.078377188552260
16/03/2016;29;1.011787033178110
17/03/2016;11;1.369256044361070
17/03/2016;13;1.195178928714470
17/03/2016;14;1.070967733189860
17/03/2016;15;1.000000000000000
17/03/2016;16;1.000000000000000
17/03/2016;17;1.084130415321030
17/03/2016;18;1.145898543499220
17/03/2016;19;1.000000000000000
17/03/2016;20;1.000000000000000
17/03/2016;21;1.107395478783760
17/03/2016;22;1.012974676365810
17/03/2016;23;1.046502497163610
17/03/2016;24;1.233039688822600
17/03/2016;25;1.038045555545430
17/03/2016;26;1.000000000000000
17/03/2016;27;1.173844411995870
17/03/2016;28;1.082409635840610
17/03/2016;29;1.069133393739360
18/03/2016;11;1.186473511734980
18/03/2016;13;1.112166887495590
18/03/2016;14;1.014902857897490
18/03/2016;15;1.013820997307410
18/03/2016;16;1.017648311523710
18/03/2016;17;0.977067520209886
18/03/2016;18;1.000000000000000
18/03/2016;19;1.005127390390350
18/03/2016;20;0.963472725551298
18/03/2016;21;1.146657020993570
18/03/2016;22;0.982657427535747
18/03/2016;23;1.031674333541410
18/03/2016;24;1.274113210647060
18/03/2016;25;1.029087247434910
18/03/2016;26;1.016318632194000
18/03/2016;27;1.179206326382850
18/03/2016;28;1.053197113965870
18/03/2016;29;1.023937437082260
19/03/2016;11;1.116862527259110
19/03/2016;13;1.119431863630120
19/03/2016;14;1.019516314220080
19/03/2016;15;1.077863153103140
19/03/2016;16;1.073724572212430
19/03/2016;17;1.000000000000000
19/03/2016;18;0.896028090790513
19/03/2016;19;1.059313250187500
19/03/2016;20;1.000000000000000
19/03/2016;21;1.221233836374300
19/03/2016;22;1.000000000000000
19/03/2016;23;1.065860055020160
19/03/2016;24;1.231281405592360
19/03/2016;25;1.055661817715940
19/03/2016;26;1.088978073229930
19/03/2016;27;1.150863619956730
19/03/2016;28;1.000000000000000
19/03/2016;29;1.021238076921930
20/03/2016;11;1.059645299905280
20/03/2016;13;1.000000000000000
20/03/2016;14;0.996693859710240
20/03/2016;15;1.000000000000000
20/03/2016;16;0.978439562553818
20/03/2016;17;1.047923425302830
20/03/2016;18;0.809958789176287
20/03/2016;19;1.000000000000000
20/03/2016;20;1.041851575307640
20/03/2016;21;1.000000000000000
20/03/2016;22;1.000000000000000
20/03/2016;23;1.052364015008210
20/03/2016;24;1.000000000000000
20/03/2016;25;1.061320216381710
20/03/2016;26;1.000000000000000
20/03/2016;27;1.000000000000000
20/03/2016;28;1.012178321757760
20/03/2016;29;1.079112755797830
21/03/2016;11;0.985832059083410
21/03/2016;13;0.960890977533854
21/03/2016;14;0.842942302102960
21/03/2016;15;0.910842957222787
21/03/2016;16;0.869554919653874
21/03/2016;17;0.972411670271888
21/03/2016;18;0.804169750627934
21/03/2016;19;0.922407852958957
21/03/2016;20;0.935819505616685
21/03/2016;21;0.884003886460566
21/03/2016;22;0.900774571621804
21/03/2016;23;0.989222185523505
21/03/2016;24;0.849110283237603
21/03/2016;25;1.000000000000000
21/03/2016;26;0.925641278035359
21/03/2016;27;0.899953811725639
21/03/2016;28;1.000000000000000
21/03/2016;29;1.000000000000000
22/03/2016;11;0.969295210280144
22/03/2016;13;0.914447435724240
22/03/2016;14;0.789899817848871
22/03/2016;15;0.827466141543312
22/03/2016;16;0.836469864191628
22/03/2016;17;0.874281075209540
22/03/2016;18;0.873081500290351
22/03/2016;19;0.897228668140582
22/03/2016;20;0.824790141795829
22/03/2016;21;0.902077679974291
22/03/2016;22;0.816376276185860
22/03/2016;23;0.963065828728035
22/03/2016;24;0.793574292205596
22/03/2016;25;0.859141063018728
22/03/2016;26;0.876911117871892
22/03/2016;27;0.778172595837492
22/03/2016;28;0.795668331231863
22/03/2016;29;0.993890819410373
23/03/2016;11;0.968653164481271
23/03/2016;13;0.940125888224528
23/03/2016;14;0.836536510149791
23/03/2016;15;0.901489930437498
23/03/2016;16;1.003062941376080
23/03/2016;17;1.000000000000000
23/03/2016;18;1.015534573528790
23/03/2016;19;1.000000000000000
23/03/2016;20;1.000000000000000
23/03/2016;21;1.005162070758320
23/03/2016;22;0.873281686115248
23/03/2016;23;1.000000000000000
23/03/2016;24;1.000000000000000
23/03/2016;25;0.794507417082221
23/03/2016;26;0.883913208384716
23/03/2016;27;0.844006389196832
23/03/2016;28;0.828848238889109
23/03/2016;29;0.965333661404215
24/03/2016;11;1.002780539899330
24/03/2016;13;1.053064640558610
24/03/2016;14;0.878041430769626
24/03/2016;15;1.024419573041840
24/03/2016;16;1.116719627776350
24/03/2016;17;1.030052688567990
24/03/2016;18;1.169098226389280
24/03/2016;19;1.012183168092830
24/03/2016;20;1.072799057818370
24/03/2016;21;1.053441408450710
24/03/2016;22;1.000000000000000
24/03/2016;23;1.018919334383610
24/03/2016;24;1.195716420983460
24/03/2016;25;1.000000000000000
24/03/2016;26;1.000000000000000
24/03/2016;27;1.070833554699450
24/03/2016;28;0.904096673991377
24/03/2016;29;0.958324671247239
25/03/2016;11;1.000000000000000
25/03/2016;13;1.053487960148700
25/03/2016;14;0.955208171472475
25/03/2016;15;1.070274098713010
25/03/2016;16;1.061912555064170
25/03/2016;17;1.072413219109810
25/03/2016;18;1.202651734825310
25/03/2016;19;1.054478717885440
25/03/2016;20;1.083711117284370
25/03/2016;21;1.081118374775100
25/03/2016;22;1.025272066507240
25/03/2016;23;1.057998267339370
25/03/2016;24;1.268948017010650
25/03/2016;25;1.083719998184210
25/03/2016;26;1.033127303557450
25/03/2016;27;1.194325230061500
25/03/2016;28;1.000000000000000
25/03/2016;29;1.008244494349730
26/03/2016;11;0.947492238039565
26/03/2016;13;0.976159926201186
26/03/2016;14;0.972607519458491
26/03/2016;15;1.058574730565300
26/03/2016;16;1.035282173675770
26/03/2016;17;1.051145565894620
26/03/2016;18;1.000000000000000
26/03/2016;19;1.090098839115030
26/03/2016;20;1.092765241622470
26/03/2016;21;1.000000000000000
26/03/2016;22;0.979714887042202
26/03/2016;23;1.085291787584890
26/03/2016;24;1.196175558512400
26/03/2016;25;1.058485395277740
26/03/2016;26;1.085794741540960
26/03/2016;27;1.179755395262040
26/03/2016;28;1.063208992960090
26/03/2016;29;1.121723431585850
27/03/2016;11;1.000000000000000
27/03/2016;13;0.952366953945750
27/03/2016;14;1.000000000000000
27/03/2016;15;1.118744176875660
27/03/2016;16;1.123557592186660
27/03/2016;17;1.050064878071930
27/03/2016;18;1.013223002714230
27/03/2016;19;1.040401540810030
27/03/2016;20;1.022902035683270
27/03/2016;21;0.945747244243723
27/03/2016;22;1.000000000000000
27/03/2016;23;1.050224723644320
27/03/2016;24;1.000000000000000
27/03/2016;25;1.093158009739070
27/03/2016;26;1.119724160165810
27/03/2016;27;1.159399826265480
27/03/2016;28;1.033935894334970
27/03/2016;29;1.111782575565860
28/03/2016;11;1.057511582067750
28/03/2016;13;1.000000000000000
28/03/2016;14;0.960337587931438
28/03/2016;15;1.000000000000000
28/03/2016;16;1.127189333308250
28/03/2016;17;1.000000000000000
28/03/2016;18;0.936504293653769
28/03/2016;19;1.000000000000000
28/03/2016;20;1.000000000000000
28/03/2016;21;0.936239889922383
28/03/2016;22;1.028954644360190
28/03/2016;23;1.000000000000000
28/03/2016;24;0.930210858622342
28/03/2016;25;1.074360594873860
28/03/2016;26;1.000000000000000
28/03/2016;27;1.058379012858810
28/03/2016;28;1.000000000000000
28/03/2016;29;1.061833254931540
29/03/2016;11;1.000000000000000
29/03/2016;13;0.934010928785543
29/03/2016;14;0.902546649001109
29/03/2016;15;0.932734762166968
29/03/2016;16;0.979986248142414
29/03/2016;17;0.962554204512549
29/03/2016;18;0.902406800687506
29/03/2016;19;0.950591355179561
29/03/2016;20;0.942815058818283
29/03/2016;21;0.894633019489503
29/03/2016;22;0.985360620863459
29/03/2016;23;1.000000000000000
29/03/2016;24;0.908029390141684
29/03/2016;25;1.014069097710230
29/03/2016;26;0.946287841195809
29/03/2016;27;0.995573922898863
29/03/2016;28;0.950419932528001
29/03/2016;29;1.001666336933760
30/03/2016;11;0.975655321892001
30/03/2016;13;0.873947629266118
30/03/2016;14;0.896411003940623
30/03/2016;15;0.957113170005418
30/03/2016;16;1.000000000000000
30/03/2016;17;0.924831836753018
30/03/2016;18;0.953049243988634
30/03/2016;19;0.952660680245467
30/03/2016;20;1.000000000000000
30/03/2016;21;0.922409263968191
30/03/2016;22;0.972337120162444
30/03/2016;23;1.058010934623790
30/03/2016;24;0.930527963071547
30/03/2016;25;1.021480756183040
30/03/2016;26;0.925899769578447
30/03/2016;27;1.000363379342940
30/03/2016;28;0.838673790409673
30/03/2016;29;1.015408855217900
31/03/2016;11;1.053196654253460
31/03/2016;13;1.000000000000000
31/03/2016;14;0.825073506685746
31/03/2016;15;0.896339264414633
31/03/2016;16;0.903780535872925
31/03/2016;17;0.877849809645940
31/03/2016;18;1.000000000000000
31/03/2016;19;0.927781166997025
31/03/2016;20;1.000000000000000
31/03/2016;21;1.000000000000000
31/03/2016;22;0.950686415802235
31/03/2016;23;1.096338809877080
31/03/2016;24;0.921776881871806
31/03/2016;25;0.957799998749668
31/03/2016;26;0.924823181682266
31/03/2016;27;0.916062769944085
31/03/2016;28;1.000000000000000
31/03/2016;29;0.957042741812777
01/04/2016;11;1.159933511700860
01/04/2016;13;0.902283156600429
01/04/2016;14;0.566837519777551
01/04/2016;15;0.776255291240272
01/04/2016;16;0.808938466533858
01/04/2016;17;0.684225950528487
01/04/2016;18;0.889639547854948
01/04/2016;19;0.755292445570900
01/04/2016;20;0.878076912461936
01/04/2016;21;1.000000000000000
01/04/2016;22;0.780481923682714
01/04/2016;23;1.064136747815500
01/04/2016;24;0.741424823958444
01/04/2016;25;0.697795743000299
01/04/2016;26;0.786177138529392
01/04/2016;27;0.613247298404512
01/04/2016;28;1.055314205070520
01/04/2016;29;0.892507479148961
02/04/2016;11;0.890763640285912
02/04/2016;13;0.631628230031366
02/04/2016;14;0.456917439600329
02/04/2016;15;0.650665190812565
02/04/2016;16;0.761558430211809
02/04/2016;17;0.535487705435583
02/04/2016;18;0.728320775973175
02/04/2016;19;0.654183234409801
02/04/2016;20;0.765097316158963
02/04/2016;21;0.948789208039671
02/04/2016;22;0.688950931086356
02/04/2016;23;0.972419265933546
02/04/2016;24;0.588544565487579
02/04/2016;25;0.584638211802254
02/04/2016;26;0.845686907748457
02/04/2016;27;0.700111521785717
02/04/2016;28;1.053322206256990
02/04/2016;29;0.955311418789411
03/04/2016;11;0.738638436489234
03/04/2016;13;0.572187720329375
03/04/2016;14;0.494520265345065
03/04/2016;15;0.715787269649461
03/04/2016;16;0.721354785971149
03/04/2016;17;0.511347275297995
03/04/2016;18;0.882039853329471
03/04/2016;19;0.618120154765260
03/04/2016;20;0.712920292726483
03/04/2016;21;0.966475625424176
03/04/2016;22;0.627286016495155
03/04/2016;23;0.966342730612570
03/04/2016;24;0.757860185037908
03/04/2016;25;0.542430243156381
03/04/2016;26;0.930743603930110
03/04/2016;27;0.866486531233866
03/04/2016;28;0.966452794381499
03/04/2016;29;0.858653320836529
04/04/2016;11;0.847052993899582
04/04/2016;13;0.660772309948878
04/04/2016;14;0.629495042190238
04/04/2016;15;0.909093104522519
04/04/2016;16;0.914904334293120
04/04/2016;17;0.631393932300441
04/04/2016;18;0.875206800022130
04/04/2016;19;0.554975290733234
04/04/2016;20;0.743105325085363
04/04/2016;21;0.937169262882666
04/04/2016;22;0.705291758573544
04/04/2016;23;1.016214332110230
04/04/2016;24;0.819577397194874
04/04/2016;25;0.709292922855194
04/04/2016;26;1.000000000000000
04/04/2016;27;0.844893443389638
04/04/2016;28;1.000000000000000
04/04/2016;29;1.000000000000000
05/04/2016;11;0.894570574122488
05/04/2016;13;0.693626690970529
05/04/2016;14;0.618633606652204
05/04/2016;15;1.000000000000000
05/04/2016;16;0.941306510965808
05/04/2016;17;0.733302272192695
05/04/2016;18;0.731378848611294
05/04/2016;19;0.497954063478843
05/04/2016;20;0.638769161506823
05/04/2016;21;1.000000000000000
05/04/2016;22;0.661236934910054
05/04/2016;23;1.042730489869560
05/04/2016;24;0.658938656529241
05/04/2016;25;0.784717009739780
05/04/2016;26;0.965163315364828
05/04/2016;27;0.727744492986914
05/04/2016;28;1.000000000000000
05/04/2016;29;1.062130419938320
06/04/2016;11;0.855646613199093
06/04/2016;13;0.708007092110447
06/04/2016;14;0.624629442404367
06/04/2016;15;0.989411019819448
06/04/2016;16;1.003976769454240
06/04/2016;17;0.681224993562326
06/04/2016;18;0.699283832670452
06/04/2016;19;0.506219765234714
06/04/2016;20;0.645094054507713
06/04/2016;21;0.982520937930092
06/04/2016;22;0.562182898980957
06/04/2016;23;1.044716819494880
06/04/2016;24;0.604912708614773
06/04/2016;25;0.748503762811077
06/04/2016;26;0.885823668632448
06/04/2016;27;0.636377469600339
06/04/2016;28;0.950122281843809
06/04/2016;29;1.123184163958320
07/04/2016;11;0.648867609957919
07/04/2016;13;0.630488143401369
07/04/2016;14;0.631230145712835
07/04/2016;15;1.013712323284640
07/04/2016;16;1.057894883403510
07/04/2016;17;0.584334724512542
07/04/2016;18;1.000000000000000
07/04/2016;19;0.484924707749647
07/04/2016;20;0.649915809532123
07/04/2016;21;0.911442046020391
07/04/2016;22;0.503705819293964
07/04/2016;23;1.000000000000000
07/04/2016;24;0.584032358678481
07/04/2016;25;0.738554589691878
07/04/2016;26;0.898784177728184
07/04/2016;27;0.718196068848213
07/04/2016;28;0.683833189950096
07/04/2016;29;0.861362235458268
08/04/2016;11;0.634053084252552
08/04/2016;13;0.631151571737892
08/04/2016;14;1.000000000000000
08/04/2016;15;0.871127541617959
08/04/2016;16;0.898840954215556
08/04/2016;17;0.663996061187167
08/04/2016;18;0.997768698532091
08/04/2016;19;0.717755345363615
08/04/2016;20;0.715445830623653
08/04/2016;21;0.915208102213820
08/04/2016;22;0.577874142110907
08/04/2016;23;0.840592194027209
08/04/2016;24;0.650767527550926
08/04/2016;25;0.724171877331189
08/04/2016;26;0.826018282474843
08/04/2016;27;0.827380265053816
08/04/2016;28;0.672535160390461
08/04/2016;29;0.675762687050976
09/04/2016;11;0.918883620789833
09/04/2016;13;0.731498588660288
09/04/2016;14;1.569408563999330
09/04/2016;15;0.797077252557185
09/04/2016;16;1.000000000000000
09/04/2016;17;1.000000000000000
09/04/2016;18;0.804342554905758
09/04/2016;19;1.031920855269740
09/04/2016;20;1.016315627377670
09/04/2016;21;0.843579072593494
09/04/2016;22;0.766447281296733
09/04/2016;23;0.903426167627244
09/04/2016;24;0.724919113904144
09/04/2016;25;0.667671082610040
09/04/2016;26;0.668171299694401
09/04/2016;27;1.000000000000000
09/04/2016;28;0.748243437047740
09/04/2016;29;1.000000000000000
10/04/2016;11;1.014819277829050
10/04/2016;13;0.657843967421378
10/04/2016;14;1.341519899247430
10/04/2016;15;0.841936051358441
10/04/2016;16;0.874090504312396
10/04/2016;17;1.090292170442400
10/04/2016;18;0.815845865904210
10/04/2016;19;1.000000000000000
10/04/2016;20;1.000000000000000
10/04/2016;21;1.000000000000000
10/04/2016;22;1.001468477198880
10/04/2016;23;0.938838521830266
10/04/2016;24;1.040108616169910
10/04/2016;25;1.000000000000000
10/04/2016;26;0.800271382995242
10/04/2016;27;1.298813103467380
10/04/2016;28;1.000000000000000
10/04/2016;29;1.017891845551560
11/04/2016;11;0.977416960715759
11/04/2016;13;0.719586942515848
11/04/2016;14;0.936051058657848
11/04/2016;15;0.767680939695042
11/04/2016;16;0.776721266064415
11/04/2016;17;1.000000000000000
11/04/2016;18;0.843341045869289
11/04/2016;19;0.977184639491028
11/04/2016;20;0.996590783077114
11/04/2016;21;1.000000000000000
11/04/2016;22;1.084925763662550
11/04/2016;23;0.938525965510661
11/04/2016;24;1.000000000000000
11/04/2016;25;0.969997122962132
11/04/2016;26;0.952978587832839
11/04/2016;27;1.325189600433950
11/04/2016;28;1.000000000000000
11/04/2016;29;1.082365189489190
12/04/2016;11;1.000000000000000
12/04/2016;13;0.616120456910856
12/04/2016;14;0.709116909273980
12/04/2016;15;0.796184502633815
12/04/2016;16;0.866939596721750
12/04/2016;17;0.900451608301551
12/04/2016;18;0.748961403533947
12/04/2016;19;1.010658396602360
12/04/2016;20;0.989810675489865
12/04/2016;21;0.955376843504933
12/04/2016;22;0.986141615270724
12/04/2016;23;1.000000000000000
12/04/2016;24;0.799012322109337
12/04/2016;25;0.802788983665482
12/04/2016;26;0.820665907279788
12/04/2016;27;0.924729262796815
12/04/2016;28;0.954690245662165
12/04/2016;29;0.919648572229447
13/04/2016;11;1.061278999827520
13/04/2016;13;0.703810812821883
13/04/2016;14;0.718170403421810
13/04/2016;15;0.770785785038408
13/04/2016;16;0.863247824222071
13/04/2016;17;0.896839637750185
13/04/2016;18;0.736019060950735
13/04/2016;19;0.948118458005491
13/04/2016;20;0.897650124134185
13/04/2016;21;0.860600641338364
13/04/2016;22;0.726122852249197
13/04/2016;23;0.823194027100490
13/04/2016;24;0.694620912665192
13/04/2016;25;0.835728686031504
13/04/2016;26;0.756272717288087
13/04/2016;27;0.599702584262543
13/04/2016;28;0.747452270080732
13/04/2016;29;0.699561590747803
14/04/2016;11;1.070503422663420
14/04/2016;13;0.672522586999465
14/04/2016;14;0.739821193523329
14/04/2016;15;0.756445532691306
14/04/2016;16;0.895266764002775
14/04/2016;17;0.877191786758768
14/04/2016;18;0.658443818099876
14/04/2016;19;0.724129347256593
14/04/2016;20;0.740446775466139
14/04/2016;21;0.808183616358010
14/04/2016;22;0.540751684494801
14/04/2016;23;0.859965555771125
14/04/2016;24;0.699956789349428
14/04/2016;25;0.795073613251939
14/04/2016;26;0.756577381606301
14/04/2016;27;0.645445384388490
14/04/2016;28;0.674914468310406
14/04/2016;29;0.787984788499598
15/04/2016;11;1.112673581816260
15/04/2016;13;0.621134717918828
15/04/2016;14;0.720339288957522
15/04/2016;15;0.849445759827649
15/04/2016;16;0.883996461911311
15/04/2016;17;0.850725652760648
15/04/2016;18;0.739042632339383
15/04/2016;19;0.817435283499134
15/04/2016;20;1.000000000000000
15/04/2016;21;0.812507524888278
15/04/2016;22;1.000000000000000
15/04/2016;23;0.949184010890572
15/04/2016;24;0.769351721509959
15/04/2016;25;0.762694372041804
15/04/2016;26;0.817402649364557
15/04/2016;27;1.000000000000000
15/04/2016;28;1.000000000000000
15/04/2016;29;1.000000000000000
16/04/2016;11;1.000000000000000
16/04/2016;13;0.759654042062117
16/04/2016;14;0.650221589957086
16/04/2016;15;0.787847880857579
16/04/2016;16;0.813416002547469
16/04/2016;17;0.840772153507276
16/04/2016;18;0.674938544886123
16/04/2016;19;0.919017716002292
16/04/2016;20;1.084790112989380
16/04/2016;21;0.783865272890663
16/04/2016;22;0.910785951492419
16/04/2016;23;0.868558450950587
16/04/2016;24;0.670514981957902
16/04/2016;25;0.690679670160537
16/04/2016;26;0.750503491325658
16/04/2016;27;0.762290710116630
16/04/2016;28;1.087860322822960
16/04/2016;29;1.119316653916020
17/04/2016;11;0.700347929609646
17/04/2016;13;0.643128391766956
17/04/2016;14;0.671745579086713
17/04/2016;15;0.718485836343926
17/04/2016;16;0.761835905468410
17/04/2016;17;0.871910698579810
17/04/2016;18;0.465744700238516
17/04/2016;19;0.723045413577331
17/04/2016;20;0.892268273843471
17/04/2016;21;0.680837956417968
17/04/2016;22;0.661991030435909
17/04/2016;23;0.770981757639253
17/04/2016;24;0.472291181277860
17/04/2016;25;0.681191103514292
17/04/2016;26;0.657588964984630
17/04/2016;27;0.494442005019475
17/04/2016;28;0.840939649648503
17/04/2016;29;1.000000000000000
18/04/2016;11;0.445817224268492
18/04/2016;13;0.510431288425376
18/04/2016;14;0.699552489415625
18/04/2016;15;0.708294376616873
18/04/2016;16;0.742893547743529
18/04/2016;17;0.845319962406684
18/04/2016;18;0.617152458785223
18/04/2016;19;0.718131600189339
18/04/2016;20;0.740447250291876
18/04/2016;21;0.780135589957421
18/04/2016;22;0.618668814050492
18/04/2016;23;0.780322815141498
18/04/2016;24;0.644681370637805
18/04/2016;25;0.774647200435149
18/04/2016;26;0.750080445464507
18/04/2016;27;0.603037521948888
18/04/2016;28;0.661066079622824
18/04/2016;29;0.956788918206637
19/04/2016;11;0.546487248202237
19/04/2016;13;0.469092434528096
19/04/2016;14;0.643998094341055
19/04/2016;15;0.723305580923167
19/04/2016;16;0.754644156859933
19/04/2016;17;0.701487522595300
19/04/2016;18;0.716947497859024
19/04/2016;19;0.813756348903077
19/04/2016;20;1.000000000000000
19/04/2016;21;1.000000000000000
19/04/2016;22;0.697912799911231
19/04/2016;23;0.922931426056264
19/04/2016;24;0.669157697155606
19/04/2016;25;0.757341094903518
19/04/2016;26;0.763465464996160
19/04/2016;27;0.594480593310360
19/04/2016;28;0.669972121791358
19/04/2016;29;0.934434162221939
20/04/2016;11;0.613692133956164
20/04/2016;13;0.607389369225986
20/04/2016;14;0.651494363063037
20/04/2016;15;0.846675281482644
20/04/2016;16;0.864589942658802
20/04/2016;17;0.686039594134641
20/04/2016;18;0.893245723727113
20/04/2016;19;0.860931599538261
20/04/2016;20;1.000000000000000
20/04/2016;21;1.133326991698080
20/04/2016;22;0.672832814179516
20/04/2016;23;0.975201267402381
20/04/2016;24;1.000000000000000
20/04/2016;25;0.757375218345625
20/04/2016;26;0.850539375374418
20/04/2016;27;1.000000000000000
20/04/2016;28;0.673292567744159
20/04/2016;29;1.000000000000000
21/04/2016;11;0.471640138017861
21/04/2016;13;0.599117568891204
21/04/2016;14;0.700308869222166
21/04/2016;15;1.000000000000000
21/04/2016;16;0.902902446206681
21/04/2016;17;0.715332134593558
21/04/2016;18;1.032125278653810
21/04/2016;19;0.886008455054972
21/04/2016;20;0.941987790702959
21/04/2016;21;1.192282126159160
21/04/2016;22;0.664872356189321
21/04/2016;23;1.033617408539500
21/04/2016;24;1.000000000000000
21/04/2016;25;0.770641260444342
21/04/2016;26;1.000000000000000
21/04/2016;27;1.044120995323660
21/04/2016;28;1.000000000000000
21/04/2016;29;1.018631344163760
22/04/2016;11;0.579980207421160
22/04/2016;13;0.631391104424968
22/04/2016;14;0.764734932749323
22/04/2016;15;1.000000000000000
22/04/2016;16;1.000000000000000
22/04/2016;17;0.690328637829105
22/04/2016;18;0.985691638145035
22/04/2016;19;0.865642680111150
22/04/2016;20;0.893138582993541
22/04/2016;21;1.000000000000000
22/04/2016;22;0.865074749197058
22/04/2016;23;1.000000000000000
22/04/2016;24;0.979684805079219
22/04/2016;25;0.771396515526323
22/04/2016;26;0.964693134478489
22/04/2016;27;0.992454279545460
22/04/2016;28;0.832974237302393
22/04/2016;29;1.000000000000000
23/04/2016;11;0.612158716159775
23/04/2016;13;0.543532355555868
23/04/2016;14;1.117674948647140
23/04/2016;15;0.895558756836642
23/04/2016;16;1.114774577936830
23/04/2016;17;1.000000000000000
23/04/2016;18;1.000000000000000
23/04/2016;19;1.000000000000000
23/04/2016;20;1.000000000000000
23/04/2016;21;0.836144116334657
23/04/2016;22;0.755922958655377
23/04/2016;23;0.945073494802131
23/04/2016;24;1.000000000000000
23/04/2016;25;0.750573873133405
23/04/2016;26;0.811144931305805
23/04/2016;27;0.925273642927535
23/04/2016;28;0.625734888022369
23/04/2016;29;0.836637315058960
24/04/2016;11;1.000000000000000
24/04/2016;13;0.762003432034275
24/04/2016;14;1.443320526183320
24/04/2016;15;1.106430119964850
24/04/2016;16;1.225566139220520
24/04/2016;17;0.914876996380851
24/04/2016;18;1.331861715954130
24/04/2016;19;1.220836070054290
24/04/2016;20;1.277524175023900
24/04/2016;21;1.000000000000000
24/04/2016;22;1.000000000000000
24/04/2016;23;0.973596535256675
24/04/2016;24;1.108427584384780
24/04/2016;25;0.777304332051910
24/04/2016;26;0.759119414766502
24/04/2016;27;1.159602877838740
24/04/2016;28;0.640311840871058
24/04/2016;29;0.789125267453314
25/04/2016;11;1.712187728355430
25/04/2016;13;1.475263570019330
25/04/2016;14;1.654327881475010
25/04/2016;15;1.627331363070460
25/04/2016;16;1.428209593659420
25/04/2016;17;1.050726691849890
25/04/2016;18;1.519714973924050
25/04/2016;19;1.315027853538930
25/04/2016;20;1.463500587832410
25/04/2016;21;1.205303335636340
25/04/2016;22;1.396837318121160
25/04/2016;23;1.104483352543240
25/04/2016;24;1.588665384601260
25/04/2016;25;1.209749612492260
25/04/2016;26;1.030037056275160
25/04/2016;27;1.470552550604320
25/04/2016;28;1.000000000000000
25/04/2016;29;0.937763627053217
26/04/2016;11;2.058877752482560
26/04/2016;13;1.937102115645230
26/04/2016;14;1.923629225291740
26/04/2016;15;1.921776481994660
26/04/2016;16;1.570959308483380
26/04/2016;17;1.329397452464450
26/04/2016;18;1.814107277186800
26/04/2016;19;1.638169445581370
26/04/2016;20;1.701688234316570
26/04/2016;21;1.424923772597100
26/04/2016;22;2.021949339716270
26/04/2016;23;1.194604065015270
26/04/2016;24;1.916844057005780
26/04/2016;25;1.703275262892550
26/04/2016;26;1.349253012223500
26/04/2016;27;1.778184647390940
26/04/2016;28;1.098963734263190
26/04/2016;29;1.056934941633030
27/04/2016;11;1.707181214909930
27/04/2016;13;1.572330958274770
27/04/2016;14;1.874924134285490
27/04/2016;15;1.590958311019120
27/04/2016;16;1.363660260434760
27/04/2016;17;1.164018674892100
27/04/2016;18;1.593882188636770
27/04/2016;19;1.763692446092530
27/04/2016;20;1.000000000000000
27/04/2016;21;1.000000000000000
27/04/2016;22;1.843339166841160
27/04/2016;23;0.954256953040462
27/04/2016;24;1.546384951925980
27/04/2016;25;1.534515663297840
27/04/2016;26;1.213245727785560
27/04/2016;27;1.736999046100520
27/04/2016;28;1.355744860058510
27/04/2016;29;1.137107241167340
28/04/2016;11;1.601944245137440
28/04/2016;13;1.629905687501130
28/04/2016;14;1.826697356318100
28/04/2016;15;1.628381792121220
28/04/2016;16;1.550072138985240
28/04/2016;17;1.029054154343750
28/04/2016;18;1.495344538576250
28/04/2016;19;1.438045850564350
28/04/2016;20;1.059828606493340
28/04/2016;21;1.000000000000000
28/04/2016;22;1.286824888041840
28/04/2016;23;0.981414605951262
28/04/2016;24;1.231517213450230
28/04/2016;25;0.943896655739339
28/04/2016;26;1.045078209673160
28/04/2016;27;1.354128306808390
28/04/2016;28;1.292308328599260
28/04/2016;29;1.128141670084840
29/04/2016;11;1.738975343280690
29/04/2016;13;1.535824797972730
29/04/2016;14;1.457898418251450
29/04/2016;15;1.889114100007920
29/04/2016;16;1.686956284714310
29/04/2016;17;0.963565576833460
29/04/2016;18;1.466801745824840
29/04/2016;19;1.274322599819360
29/04/2016;20;1.000000000000000
29/04/2016;21;1.097204354264820
29/04/2016;22;1.000000000000000
29/04/2016;23;1.013668466613660
29/04/2016;24;1.130706059598750
29/04/2016;25;0.873321123466010
29/04/2016;26;0.977431048329522
29/04/2016;27;1.134148704311410
29/04/2016;28;0.942002104369436
29/04/2016;29;1.000000000000000
30/04/2016;11;1.532455082053490
30/04/2016;13;1.000000000000000
30/04/2016;14;1.244827038862210
30/04/2016;15;1.809269679887220
30/04/2016;16;1.324678481452540
30/04/2016;17;1.000000000000000
30/04/2016;18;1.444282451193910
30/04/2016;19;1.134223724178780
30/04/2016;20;1.000000000000000
30/04/2016;21;1.397092360236990
30/04/2016;22;0.806502268961396
30/04/2016;23;1.068087086099330
30/04/2016;24;1.143465906138140
30/04/2016;25;0.854656957782264
30/04/2016;26;1.000000000000000
30/04/2016;27;1.131648991499390
30/04/2016;28;1.140291084592690
30/04/2016;29;1.080460536725250
01/05/2016;11;2.161581053860350
01/05/2016;13;1.698227607409670
01/05/2016;14;2.163689750959400
01/05/2016;15;1.922073154561330
01/05/2016;16;1.274757658503560
01/05/2016;17;1.538422693041040
01/05/2016;18;1.935756984071100
01/05/2016;19;1.097611930437480
01/05/2016;20;1.138581888634650
01/05/2016;21;1.870864958220080
01/05/2016;22;1.161047381950510
01/05/2016;23;1.113106389402030
01/05/2016;24;1.195226429203490
01/05/2016;25;0.844558252896748
01/05/2016;26;1.000000000000000
01/05/2016;27;1.659009826418660
01/05/2016;28;1.747743521221550
01/05/2016;29;1.229267490146860
02/05/2016;11;1.862071796823870
02/05/2016;13;1.981868944086270
02/05/2016;14;1.000000000000000
02/05/2016;15;1.437199550123980
02/05/2016;16;1.220238921346980
02/05/2016;17;1.000000000000000
02/05/2016;18;1.635934063634930
02/05/2016;19;1.218764336261560
02/05/2016;20;1.155080018445290
02/05/2016;21;1.203626581552840
02/05/2016;22;1.846705535839660
02/05/2016;23;1.185332804659280
02/05/2016;24;1.433920927666180
02/05/2016;25;1.344284580460630
02/05/2016;26;1.249093162698320
02/05/2016;27;2.191812366810340
02/05/2016;28;1.470220276583910
02/05/2016;29;1.182528600885500
03/05/2016;11;1.000000000000000
03/05/2016;13;1.000000000000000
03/05/2016;14;0.904407189006236
03/05/2016;15;1.000000000000000
03/05/2016;16;1.058327296182030
03/05/2016;17;0.799844846627109
03/05/2016;18;1.296018060110850
03/05/2016;19;1.000000000000000
03/05/2016;20;1.000000000000000
03/05/2016;21;1.000000000000000
03/05/2016;22;1.000000000000000
03/05/2016;23;1.000000000000000
03/05/2016;24;1.664408950427290
03/05/2016;25;1.000000000000000
03/05/2016;26;1.590552909420010
03/05/2016;27;2.592737624107580
03/05/2016;28;1.764001331329030
03/05/2016;29;1.259512302963250
04/05/2016;11;0.611913666806136
04/05/2016;13;0.710855981964886
04/05/2016;14;0.895599410266933
04/05/2016;15;0.943452496098175
04/05/2016;16;0.956772915406660
04/05/2016;17;0.672118089372459
04/05/2016;18;0.917599754901312
04/05/2016;19;0.769092958295318
04/05/2016;20;0.813648457151793
04/05/2016;21;1.000000000000000
04/05/2016;22;0.570506865977522
04/05/2016;23;1.023597297414200
04/05/2016;24;1.446928670057350
04/05/2016;25;0.905367585659462
04/05/2016;26;1.000000000000000
04/05/2016;27;1.723811977207090
04/05/2016;28;1.000000000000000
04/05/2016;29;1.000000000000000
05/05/2016;11;0.590215282828347
05/05/2016;13;0.624197563866375
05/05/2016;14;0.808120920812015
05/05/2016;15;0.987227478214656
05/05/2016;16;0.875026359715815
05/05/2016;17;0.677230702733033
05/05/2016;18;1.027511244307770
05/05/2016;19;0.858999498968108
05/05/2016;20;1.000000000000000
05/05/2016;21;1.151018038636190
05/05/2016;22;0.593911711784743
05/05/2016;23;1.129377106664610
05/05/2016;24;1.548485248696720
05/05/2016;25;0.965074260456889
05/05/2016;26;1.000218414728040
05/05/2016;27;1.591552054498140
05/05/2016;28;0.847851799570529
05/05/2016;29;1.114977734056020
06/05/2016;11;1.000000000000000
06/05/2016;13;0.652292392612330
06/05/2016;14;0.825019902893910
06/05/2016;15;0.943326477976615
06/05/2016;16;0.877567786932989
06/05/2016;17;0.741883508461728
06/05/2016;18;1.140648814205420
06/05/2016;19;0.759323694438183
06/05/2016;20;1.000000000000000
06/05/2016;21;1.211191856381130
06/05/2016;22;0.837403024174550
06/05/2016;23;1.151383897396870
06/05/2016;24;1.498317187285310
06/05/2016;25;1.000000000000000
06/05/2016;26;0.990939997597773
06/05/2016;27;1.835830402318570
06/05/2016;28;0.881414844894114
06/05/2016;29;1.271335652102120
07/05/2016;11;1.000000000000000
07/05/2016;13;0.697271825597980
07/05/2016;14;0.864531988002586
07/05/2016;15;0.777716342187386
07/05/2016;16;0.858376488689889
07/05/2016;17;0.691748005954209
07/05/2016;18;0.947138923299694
07/05/2016;19;0.722389411021529
07/05/2016;20;0.694107643185743
07/05/2016;21;1.209266821813520
07/05/2016;22;0.869775856243906
07/05/2016;23;1.227980205879090
07/05/2016;24;1.427096413396740
07/05/2016;25;1.000000000000000
07/05/2016;26;1.000000000000000
07/05/2016;27;1.804798139329790
07/05/2016;28;1.281735340306100
07/05/2016;29;1.430436385894870
08/05/2016;11;0.595275210976055
08/05/2016;13;0.510058039174611
08/05/2016;14;0.922949665285357
08/05/2016;15;0.814955887176912
08/05/2016;16;0.885166369342514
08/05/2016;17;0.702418486503184
08/05/2016;18;0.820793020889787
08/05/2016;19;0.675852132445852
08/05/2016;20;0.761257584712758
08/05/2016;21;1.116725623949640
08/05/2016;22;0.590770701129693
08/05/2016;23;1.112968887986030
08/05/2016;24;1.000000000000000
08/05/2016;25;1.000000000000000
08/05/2016;26;1.055915325160640
08/05/2016;27;1.558398020790150
08/05/2016;28;1.000000000000000
08/05/2016;29;1.372734037299250
09/05/2016;11;1.541792655372390
09/05/2016;13;1.000000000000000
09/05/2016;14;1.000000000000000
09/05/2016;15;1.000000000000000
09/05/2016;16;0.941440197832622
09/05/2016;17;0.779912660464289
09/05/2016;18;0.863732474928868
09/05/2016;19;0.744647034997010
09/05/2016;20;0.926782244820090
09/05/2016;21;1.000000000000000
09/05/2016;22;0.675225884792076
09/05/2016;23;0.883687180174342
09/05/2016;24;0.960741583378686
09/05/2016;25;1.000000000000000
09/05/2016;26;0.938562875588151
09/05/2016;27;1.091532204367880
09/05/2016;28;1.083651799288220
09/05/2016;29;1.118308420262120
10/05/2016;11;2.263600050423480
10/05/2016;13;1.509222756100070
10/05/2016;14;1.000000000000000
10/05/2016;15;1.000000000000000
10/05/2016;16;0.955781430884641
10/05/2016;17;1.000000000000000
10/05/2016;18;0.879643907066747
10/05/2016;19;0.864818508101356
10/05/2016;20;0.890124793869404
10/05/2016;21;0.927973158788446
10/05/2016;22;0.740808023296924
10/05/2016;23;0.900725163700916
10/05/2016;24;0.909517980406684
10/05/2016;25;1.000000000000000
10/05/2016;26;0.918373342731647
10/05/2016;27;0.948401816395441
10/05/2016;28;1.180942804521490
10/05/2016;29;1.219162080547500
11/05/2016;11;2.145905876951590
11/05/2016;13;1.493427450351080
11/05/2016;14;1.302314793604690
11/05/2016;15;1.000000000000000
11/05/2016;16;0.939606924785415
11/05/2016;17;1.259640711229660
11/05/2016;18;0.933587864585349
11/05/2016;19;0.950470063854029
11/05/2016;20;1.000000000000000
11/05/2016;21;1.000000000000000
11/05/2016;22;0.959610524727056
11/05/2016;23;0.959910754542458
11/05/2016;24;0.891715612935498
11/05/2016;25;1.000000000000000
11/05/2016;26;0.985170536473875
11/05/2016;27;0.810705492833483
11/05/2016;28;1.000000000000000
11/05/2016;29;1.000000000000000
12/05/2016;11;2.013997417119810
12/05/2016;13;1.679726311588540
12/05/2016;14;1.924245432153170
12/05/2016;15;1.138543638910180
12/05/2016;16;1.000000000000000
12/05/2016;17;1.411611193986470
12/05/2016;18;0.942185167618266
12/05/2016;19;1.000000000000000
12/05/2016;20;1.000000000000000
12/05/2016;21;1.000000000000000
12/05/2016;22;0.983189716783481
12/05/2016;23;0.946282718958893
12/05/2016;24;0.952340641878166
12/05/2016;25;1.000000000000000
12/05/2016;26;0.975570136075267
12/05/2016;27;1.093337855453880
12/05/2016;28;0.992483036032999
12/05/2016;29;0.945460274102802
13/05/2016;11;1.000000000000000
13/05/2016;13;1.481109128737880
13/05/2016;14;1.919102673438140
13/05/2016;15;1.139725387433440
13/05/2016;16;1.078700957643660
13/05/2016;17;1.312868307535440
13/05/2016;18;1.002783837778150
13/05/2016;19;0.920721569818221
13/05/2016;20;0.990338902381736
13/05/2016;21;0.993579739618575
13/05/2016;22;0.979414158119945
13/05/2016;23;0.938653160746176
13/05/2016;24;1.083156630032270
13/05/2016;25;1.000000000000000
13/05/2016;26;0.989938291239938
13/05/2016;27;1.432570699768640
13/05/2016;28;1.000000000000000
13/05/2016;29;1.146616660228050
14/05/2016;11;0.610004608597596
14/05/2016;13;1.000000000000000
14/05/2016;14;1.000000000000000
14/05/2016;15;1.000000000000000
14/05/2016;16;1.000000000000000
14/05/2016;17;1.209463757007360
14/05/2016;18;0.954778015470315
14/05/2016;19;0.738281794599721
14/05/2016;20;0.802807164814398
14/05/2016;21;0.965089171544990
14/05/2016;22;1.404053325648000
14/05/2016;23;0.834851830826787
14/05/2016;24;1.625550682801500
14/05/2016;25;0.905432863385723
14/05/2016;26;0.895124956843559
14/05/2016;27;2.058960868192190
14/05/2016;28;1.000000000000000
14/05/2016;29;1.000000000000000
15/05/2016;11;0.489776583086786
15/05/2016;13;0.491673931861202
15/05/2016;14;0.822397124624217
15/05/2016;15;1.000000000000000
15/05/2016;16;1.037117940039560
15/05/2016;17;0.906037975695621
15/05/2016;18;0.741124514459239
15/05/2016;19;0.523238424802064
15/05/2016;20;0.556945220691082
15/05/2016;21;1.000000000000000
15/05/2016;22;0.922979330220595
15/05/2016;23;1.004683701243310
15/05/2016;24;1.000000000000000
15/05/2016;25;0.943962413762924
15/05/2016;26;0.832172308352478
15/05/2016;27;1.789380990189570
15/05/2016;28;0.898854912922944
15/05/2016;29;0.942294047866383
16/05/2016;11;1.172465481037720
16/05/2016;13;1.000000000000000
16/05/2016;14;1.147157294897960
16/05/2016;15;1.203379376888350
16/05/2016;16;1.114651662053360
16/05/2016;17;0.765957295079999
16/05/2016;18;1.072894330136220
16/05/2016;19;0.758484806728949
16/05/2016;20;0.754171102864796
16/05/2016;21;1.067459635136600
16/05/2016;22;0.650518994974345
16/05/2016;23;1.027383859604040
16/05/2016;24;0.903189744614702
16/05/2016;25;1.000000000000000
16/05/2016;26;0.869949853150439
16/05/2016;27;1.250657332921470
16/05/2016;28;0.915614074590223
16/05/2016;29;0.936739236507100
17/05/2016;11;1.000000000000000
17/05/2016;13;1.358946720900150
17/05/2016;14;1.000000000000000
17/05/2016;15;1.352822206005110
17/05/2016;16;1.061451865503230
17/05/2016;17;0.810347560222002
17/05/2016;18;1.305236249985390
17/05/2016;19;0.932251711655175
17/05/2016;20;0.765507251472949
17/05/2016;21;1.136801110033690
17/05/2016;22;0.828106781504093
17/05/2016;23;1.113368231732300
17/05/2016;24;1.073979826852840
17/05/2016;25;1.000000000000000
17/05/2016;26;1.000000000000000
17/05/2016;27;1.259055614836280
17/05/2016;28;0.930133165929518
17/05/2016;29;1.206355903365560
18/05/2016;11;0.792257415345373
18/05/2016;13;1.000000000000000
18/05/2016;14;0.862690196523991
18/05/2016;15;1.237763596397550
18/05/2016;16;1.109946548640250
18/05/2016;17;1.128269756890810
18/05/2016;18;1.000000000000000
18/05/2016;19;1.115665929471440
18/05/2016;20;1.000000000000000
18/05/2016;21;1.115450940236740
18/05/2016;22;1.000000000000000
18/05/2016;23;1.174941389701160
18/05/2016;24;1.215757198570740
18/05/2016;25;1.000000000000000
18/05/2016;26;1.092995119435520
18/05/2016;27;1.319137935714170
18/05/2016;28;0.900436897338719
18/05/2016;29;1.224464310256800
19/05/2016;11;1.000000000000000
19/05/2016;13;1.000000000000000
19/05/2016;14;1.000000000000000
19/05/2016;15;1.000000000000000
19/05/2016;16;1.000000000000000
19/05/2016;17;1.000000000000000
19/05/2016;18;1.000000000000000
19/05/2016;19;1.000000000000000
19/05/2016;20;1.000000000000000
19/05/2016;21;1.000000000000000
19/05/2016;22;1.000000000000000
19/05/2016;23;1.000000000000000
19/05/2016;24;1.000000000000000
19/05/2016;25;1.000000000000000
19/05/2016;26;1.000000000000000
19/05/2016;27;1.000000000000000
19/05/2016;28;1.000000000000000
19/05/2016;29;1.000000000000000
20/05/2016;11;1.000000000000000
20/05/2016;13;1.000000000000000
20/05/2016;14;1.000000000000000
20/05/2016;15;1.000000000000000
20/05/2016;16;1.000000000000000
20/05/2016;17;1.000000000000000
20/05/2016;18;1.000000000000000
20/05/2016;19;1.000000000000000
20/05/2016;20;1.000000000000000
20/05/2016;21;1.000000000000000
20/05/2016;22;1.000000000000000
20/05/2016;23;1.000000000000000
20/05/2016;24;1.000000000000000
20/05/2016;25;1.000000000000000
20/05/2016;26;1.000000000000000
20/05/2016;27;1.000000000000000
20/05/2016;28;1.000000000000000
20/05/2016;29;1.000000000000000
21/05/2016;11;0.609444399628613
21/05/2016;13;0.874564867807188
21/05/2016;14;0.831196582501925
21/05/2016;15;0.856884846049430
21/05/2016;16;0.963463947630941
21/05/2016;17;0.877290896703714
21/05/2016;18;0.781089351140260
21/05/2016;19;0.738587413439051
21/05/2016;20;1.000000000000000
21/05/2016;21;1.260739466722490
21/05/2016;22;0.719241391159030
21/05/2016;23;0.990757992582729
21/05/2016;24;1.983444466701980
21/05/2016;25;1.000000000000000
21/05/2016;26;0.908953664538161
21/05/2016;27;1.889165958025700
21/05/2016;28;0.893208571595716
21/05/2016;29;0.922454802631443
22/05/2016;11;0.604539968377654
22/05/2016;13;0.565558921188194
22/05/2016;14;0.794739069687669
22/05/2016;15;0.846556924921673
22/05/2016;16;0.935181541752133
22/05/2016;17;0.846528320168267
22/05/2016;18;0.760433105471005
22/05/2016;19;0.706614045231883
22/05/2016;20;0.832459681390946
22/05/2016;21;1.000000000000000
22/05/2016;22;0.566959399365104
22/05/2016;23;0.935594837299473
22/05/2016;24;1.000000000000000
22/05/2016;25;1.000000000000000
22/05/2016;26;0.925390229083504
22/05/2016;27;1.000000000000000
22/05/2016;28;0.906542815910086
22/05/2016;29;0.928319179083042
23/05/2016;11;0.902774506913807
23/05/2016;13;1.000000000000000
23/05/2016;14;1.000000000000000
23/05/2016;15;0.908719504722664
23/05/2016;16;0.909516504261540
23/05/2016;17;1.050067143817090
23/05/2016;18;0.879153785184275
23/05/2016;19;1.180291232961740
23/05/2016;20;0.909124228046183
23/05/2016;21;0.946353243775726
23/05/2016;22;0.785820269012132
23/05/2016;23;0.886038166697642
23/05/2016;24;0.874706235233424
23/05/2016;25;1.000000000000000
23/05/2016;26;0.935477181115425
23/05/2016;27;0.827047912025243
23/05/2016;28;0.992369002152836
23/05/2016;29;0.951178072504533
24/05/2016;11;0.941613203754310
24/05/2016;13;1.000000000000000
24/05/2016;14;0.983857426254358
24/05/2016;15;1.001322089211570
24/05/2016;16;1.006867280866560
24/05/2016;17;1.356520202555070
24/05/2016;18;0.903039251897459
24/05/2016;19;1.426072758753130
24/05/2016;20;0.960440577445563
24/05/2016;21;1.000000000000000
24/05/2016;22;0.839800219330879
24/05/2016;23;0.941479886112622
24/05/2016;24;1.000000000000000
24/05/2016;25;1.000000000000000
24/05/2016;26;0.950274668200047
24/05/2016;27;1.351972404197570
24/05/2016;28;1.000000000000000
24/05/2016;29;0.987689912167289
25/05/2016;11;0.812292797960173
25/05/2016;13;0.750279990466587
25/05/2016;14;0.908404344545692
25/05/2016;15;1.000000000000000
25/05/2016;16;1.000000000000000
25/05/2016;17;1.000000000000000
25/05/2016;18;0.888828889363821
25/05/2016;19;0.979345070845482
25/05/2016;20;0.985061011052131
25/05/2016;21;1.082493794609970
25/05/2016;22;0.856191002206784
25/05/2016;23;0.999266052682635
25/05/2016;24;1.000000000000000
25/05/2016;25;1.000000000000000
25/05/2016;26;1.071270732566830
25/05/2016;27;1.810279672092200
25/05/2016;28;1.000000000000000
25/05/2016;29;1.326127381715490
26/05/2016;11;0.775774495930313
26/05/2016;13;0.767945817077551
26/05/2016;14;0.926596632787936
26/05/2016;15;0.944691572709864
26/05/2016;16;0.961277214320688
26/05/2016;17;0.845799704947349
26/05/2016;18;0.904991386603510
26/05/2016;19;0.795232577911805
26/05/2016;20;0.939020625449187
26/05/2016;21;0.996586672708171
26/05/2016;22;0.825770052502135
26/05/2016;23;0.946550093076318
26/05/2016;24;0.926699171343958
26/05/2016;25;1.000000000000000
26/05/2016;26;1.000000000000000
26/05/2016;27;1.000000000000000
26/05/2016;28;1.000000000000000
26/05/2016;29;1.174099513227450
27/05/2016;11;0.889950566790673
27/05/2016;13;0.865555381010616
27/05/2016;14;0.947515219339724
27/05/2016;15;0.961703157968885
27/05/2016;16;0.963463112527217
27/05/2016;17;0.889643455295279
27/05/2016;18;0.952191405894923
27/05/2016;19;0.889766804362925
27/05/2016;20;0.944614421570249
27/05/2016;21;0.961021308216334
27/05/2016;22;0.851091297424824
27/05/2016;23;0.961185545403310
27/05/2016;24;0.857374288614899
27/05/2016;25;1.000000000000000
27/05/2016;26;0.970763799352135
27/05/2016;27;0.894117612550180
27/05/2016;28;0.948509928268541
27/05/2016;29;0.939441237876588
28/05/2016;11;1.000000000000000
28/05/2016;13;0.970324831495653
28/05/2016;14;1.000000000000000
28/05/2016;15;0.966587079647047
28/05/2016;16;0.990641934916975
28/05/2016;17;0.895933280520785
28/05/2016;18;0.913573722303233
28/05/2016;19;0.916954938068285
28/05/2016;20;0.918766436197453
28/05/2016;21;0.956893627423924
28/05/2016;22;0.874630922480578
28/05/2016;23;0.911951770230743
28/05/2016;24;0.719850387250871
28/05/2016;25;1.000000000000000
28/05/2016;26;0.962654347688072
28/05/2016;27;0.820326790903772
28/05/2016;28;0.976569662271494
28/05/2016;29;0.958310748039555
29/05/2016;11;0.892840266825266
29/05/2016;13;0.938939847790075
29/05/2016;14;1.000000000000000
29/05/2016;15;0.976896179701523
29/05/2016;16;0.988573633826893
29/05/2016;17;0.902200787514570
29/05/2016;18;0.939275287522192
29/05/2016;19;0.910635572785286
29/05/2016;20;0.923059124277417
29/05/2016;21;0.934441708612529
29/05/2016;22;0.900278798052147
29/05/2016;23;0.962583354699339
29/05/2016;24;0.691391813918195
29/05/2016;25;1.000000000000000
29/05/2016;26;0.964253475643556
29/05/2016;27;0.596307858263781
29/05/2016;28;1.000000000000000
29/05/2016;29;0.983285703536118
30/05/2016;11;0.898182346961689
30/05/2016;13;1.008834235239030
30/05/2016;14;0.996058205253268
30/05/2016;15;0.993162185781740
30/05/2016;16;0.967075295161102
30/05/2016;17;0.899401752331495
30/05/2016;18;0.960140848379643
30/05/2016;19;0.888432524860246
30/05/2016;20;0.987954222189778
30/05/2016;21;0.991981948990870
30/05/2016;22;0.894567888661147
30/05/2016;23;0.968048985240332
30/05/2016;24;0.906797254415695
30/05/2016;25;1.000000000000000
30/05/2016;26;0.975258404758960
30/05/2016;27;0.854129161966724
30/05/2016;28;1.000000000000000
30/05/2016;29;0.994579109007137
31/05/2016;11;1.000000000000000
31/05/2016;13;1.000000000000000
31/05/2016;14;0.958656638232823
31/05/2016;15;0.949905368333837
31/05/2016;16;0.902292144610942
31/05/2016;17;0.885744509997266
31/05/2016;18;0.936531623881947
31/05/2016;19;0.897246087369243
31/05/2016;20;0.945595057537375
31/05/2016;21;0.975291153181094
31/05/2016;22;0.845898687167488
31/05/2016;23;0.962824735966165
31/05/2016;24;0.915027547045213
31/05/2016;25;1.000000000000000
31/05/2016;26;0.992906537643716
31/05/2016;27;0.890334627441722
31/05/2016;28;1.000000000000000
31/05/2016;29;0.981628939582782
01/06/2016;11;0.899633163001513
01/06/2016;13;0.921962842738449
01/06/2016;14;1.000000000000000
01/06/2016;15;0.915521106599943
01/06/2016;16;0.916469927373796
01/06/2016;17;0.897200705573164
01/06/2016;18;0.965000627412556
01/06/2016;19;0.881657880847552
01/06/2016;20;0.944201255655507
01/06/2016;21;0.981578003229105
01/06/2016;22;0.903952634592863
01/06/2016;23;0.947819268742841
01/06/2016;24;1.000000000000000
01/06/2016;25;1.000000000000000
01/06/2016;26;0.991761941563883
01/06/2016;27;0.874145950334949
01/06/2016;28;1.000000000000000
01/06/2016;29;0.992862562915261
02/06/2016;11;0.840840972119018
02/06/2016;13;0.980090017232821
02/06/2016;14;1.000000000000000
02/06/2016;15;0.958741173089295
02/06/2016;16;0.971186956043533
02/06/2016;17;0.944740085081241
02/06/2016;18;0.981477257519596
02/06/2016;19;1.226456212284910
02/06/2016;20;0.972396948601481
02/06/2016;21;0.982683714668159
02/06/2016;22;0.957089010862162
02/06/2016;23;0.946672503687633
02/06/2016;24;1.123897221445130
02/06/2016;25;1.000000000000000
02/06/2016;26;0.982913636152147
02/06/2016;27;1.140111707732860
02/06/2016;28;1.000000000000000
02/06/2016;29;1.000000000000000
03/06/2016;11;1.000000000000000
03/06/2016;13;1.000000000000000
03/06/2016;14;1.000000000000000
03/06/2016;15;1.000000000000000
03/06/2016;16;1.000000000000000
03/06/2016;17;1.000000000000000
03/06/2016;18;1.000000000000000
03/06/2016;19;1.000000000000000
03/06/2016;20;1.000000000000000
03/06/2016;21;1.000000000000000
03/06/2016;22;1.000000000000000
03/06/2016;23;1.000000000000000
03/06/2016;24;1.000000000000000
03/06/2016;25;1.000000000000000
03/06/2016;26;1.000000000000000
03/06/2016;27;1.000000000000000
03/06/2016;28;1.000000000000000
03/06/2016;29;1.000000000000000
04/06/2016;11;1.000000000000000
04/06/2016;13;1.000000000000000
04/06/2016;14;1.000000000000000
04/06/2016;15;1.000000000000000
04/06/2016;16;1.000000000000000
04/06/2016;17;1.000000000000000
04/06/2016;18;1.000000000000000
04/06/2016;19;1.000000000000000
04/06/2016;20;1.000000000000000
04/06/2016;21;1.000000000000000
04/06/2016;22;1.000000000000000
04/06/2016;23;1.000000000000000
04/06/2016;24;1.000000000000000
04/06/2016;25;1.000000000000000
04/06/2016;26;1.000000000000000
04/06/2016;27;1.000000000000000
04/06/2016;28;1.000000000000000
04/06/2016;29;1.000000000000000
05/06/2016;11;1.000000000000000
05/06/2016;13;1.000000000000000
05/06/2016;14;1.000000000000000
05/06/2016;15;1.000000000000000
05/06/2016;16;1.000000000000000
05/06/2016;17;1.000000000000000
05/06/2016;18;1.000000000000000
05/06/2016;19;1.000000000000000
05/06/2016;20;1.000000000000000
05/06/2016;21;1.000000000000000
05/06/2016;22;1.000000000000000
05/06/2016;23;1.000000000000000
05/06/2016;24;1.000000000000000
05/06/2016;25;1.000000000000000
05/06/2016;26;1.000000000000000
05/06/2016;27;1.000000000000000
05/06/2016;28;1.000000000000000
05/06/2016;29;1.000000000000000
06/06/2016;11;1.000000000000000
06/06/2016;13;1.000000000000000
06/06/2016;14;1.000000000000000
06/06/2016;15;1.000000000000000
06/06/2016;16;1.000000000000000
06/06/2016;17;1.000000000000000
06/06/2016;18;1.000000000000000
06/06/2016;19;1.000000000000000
06/06/2016;20;1.000000000000000
06/06/2016;21;1.000000000000000
06/06/2016;22;1.000000000000000
06/06/2016;23;1.000000000000000
06/06/2016;24;1.000000000000000
06/06/2016;25;1.000000000000000
06/06/2016;26;1.000000000000000
06/06/2016;27;1.000000000000000
06/06/2016;28;1.000000000000000
06/06/2016;29;1.000000000000000
07/06/2016;11;1.000000000000000
07/06/2016;13;0.996325699413025
07/06/2016;14;1.000000000000000
07/06/2016;15;1.000000000000000
07/06/2016;16;1.000000000000000
07/06/2016;17;1.000000000000000
07/06/2016;18;1.000000000000000
07/06/2016;19;1.000000000000000
07/06/2016;20;1.000000000000000
07/06/2016;21;1.000000000000000
07/06/2016;22;1.000000000000000
07/06/2016;23;1.000000000000000
07/06/2016;24;1.000000000000000
07/06/2016;25;1.000000000000000
07/06/2016;26;1.000000000000000
07/06/2016;27;1.000000000000000
07/06/2016;28;1.000000000000000
07/06/2016;29;1.000000000000000
08/06/2016;11;1.000000000000000
08/06/2016;13;0.973501634935102
08/06/2016;14;1.000000000000000
08/06/2016;15;1.000000000000000
08/06/2016;16;1.000000000000000
08/06/2016;17;1.000000000000000
08/06/2016;18;1.000000000000000
08/06/2016;19;1.000000000000000
08/06/2016;20;1.000000000000000
08/06/2016;21;1.000000000000000
08/06/2016;22;1.000000000000000
08/06/2016;23;1.000000000000000
08/06/2016;24;1.000000000000000
08/06/2016;25;1.000000000000000
08/06/2016;26;1.000000000000000
08/06/2016;27;1.000000000000000
08/06/2016;28;1.000000000000000
08/06/2016;29;1.000000000000000
09/06/2016;11;1.000000000000000
09/06/2016;13;1.000000000000000
09/06/2016;14;1.000000000000000
09/06/2016;15;1.000000000000000
09/06/2016;16;1.000000000000000
09/06/2016;17;1.000000000000000
09/06/2016;18;1.000000000000000
09/06/2016;19;1.000000000000000
09/06/2016;20;1.000000000000000
09/06/2016;21;1.000000000000000
09/06/2016;22;1.000000000000000
09/06/2016;23;1.000000000000000
09/06/2016;24;1.000000000000000
09/06/2016;25;1.000000000000000
09/06/2016;26;1.000000000000000
09/06/2016;27;1.000000000000000
09/06/2016;28;1.000000000000000
09/06/2016;29;1.000000000000000
10/06/2016;11;1.000000000000000
10/06/2016;13;1.000000000000000
10/06/2016;14;1.000000000000000
10/06/2016;15;1.000000000000000
10/06/2016;16;1.000000000000000
10/06/2016;17;0.992290696321645
10/06/2016;18;1.000000000000000
10/06/2016;19;1.000000000000000
10/06/2016;20;1.000000000000000
10/06/2016;21;1.000000000000000
10/06/2016;22;1.000000000000000
10/06/2016;23;1.000000000000000
10/06/2016;24;0.999767977447302
10/06/2016;25;1.000000000000000
10/06/2016;26;1.000000000000000
10/06/2016;27;1.000000000000000
10/06/2016;28;1.000000000000000
10/06/2016;29;1.000000000000000
11/06/2016;11;1.000000000000000
11/06/2016;13;1.000000000000000
11/06/2016;14;1.000000000000000
11/06/2016;15;1.000000000000000
11/06/2016;16;1.000000000000000
11/06/2016;17;0.986709990859943
11/06/2016;18;1.000000000000000
11/06/2016;19;1.000000000000000
11/06/2016;20;1.000000000000000
11/06/2016;21;1.000000000000000
11/06/2016;22;1.000000000000000
11/06/2016;23;1.000000000000000
11/06/2016;24;0.975789336345264
11/06/2016;25;1.000000000000000
11/06/2016;26;1.000000000000000
11/06/2016;27;1.000000000000000
11/06/2016;28;1.000000000000000
11/06/2016;29;1.000000000000000
12/06/2016;11;1.000000000000000
12/06/2016;13;1.000000000000000
12/06/2016;14;0.988687058760183
12/06/2016;15;1.000000000000000
12/06/2016;16;1.000000000000000
12/06/2016;17;1.000000000000000
12/06/2016;18;1.000000000000000
12/06/2016;19;1.000000000000000
12/06/2016;20;1.000000000000000
12/06/2016;21;1.000000000000000
12/06/2016;22;1.000000000000000
12/06/2016;23;1.000000000000000
12/06/2016;24;0.907069292437273
12/06/2016;25;1.000000000000000
12/06/2016;26;1.000000000000000
12/06/2016;27;1.000000000000000
12/06/2016;28;1.000000000000000
12/06/2016;29;1.000000000000000
13/06/2016;11;1.000000000000000
13/06/2016;13;0.995702907700092
13/06/2016;14;0.952968261587673
13/06/2016;15;1.000000000000000
13/06/2016;16;1.000000000000000
13/06/2016;17;1.000000000000000
13/06/2016;18;1.000000000000000
13/06/2016;19;1.000000000000000
13/06/2016;20;1.000000000000000
13/06/2016;21;1.000000000000000
13/06/2016;22;1.000000000000000
13/06/2016;23;1.000000000000000
13/06/2016;24;1.010740726155330
13/06/2016;25;1.000000000000000
13/06/2016;26;1.000000000000000
13/06/2016;27;1.000000000000000
13/06/2016;28;1.000000000000000
13/06/2016;29;1.000000000000000
14/06/2016;11;1.000000000000000
14/06/2016;13;0.966517334219266
14/06/2016;14;1.000000000000000
14/06/2016;15;1.000000000000000
14/06/2016;16;1.000000000000000
14/06/2016;17;1.000000000000000
14/06/2016;18;1.000000000000000
14/06/2016;19;1.000000000000000
14/06/2016;20;1.000000000000000
14/06/2016;21;1.000000000000000
14/06/2016;22;1.000000000000000
14/06/2016;23;1.000000000000000
14/06/2016;24;1.000000000000000
14/06/2016;25;1.000000000000000
14/06/2016;26;1.000000000000000
14/06/2016;27;1.000000000000000
14/06/2016;28;1.000000000000000
14/06/2016;29;1.000000000000000
15/06/2016;11;1.000000000000000
15/06/2016;13;1.000000000000000
15/06/2016;14;1.000000000000000
15/06/2016;15;1.000000000000000
15/06/2016;16;1.000000000000000
15/06/2016;17;1.000000000000000
15/06/2016;18;1.000000000000000
15/06/2016;19;1.000000000000000
15/06/2016;20;1.000000000000000
15/06/2016;21;1.000000000000000
15/06/2016;22;1.000000000000000
15/06/2016;23;1.000000000000000
15/06/2016;24;0.993611724469124
15/06/2016;25;1.000000000000000
15/06/2016;26;1.000000000000000
15/06/2016;27;1.000000000000000
15/06/2016;28;1.000000000000000
15/06/2016;29;1.000000000000000
16/06/2016;11;1.000000000000000
16/06/2016;13;1.000000000000000
16/06/2016;14;1.000000000000000
16/06/2016;15;1.000000000000000
16/06/2016;16;1.000000000000000
16/06/2016;17;1.000000000000000
16/06/2016;18;0.998958201810273
16/06/2016;19;1.000000000000000
16/06/2016;20;1.000000000000000
16/06/2016;21;1.000000000000000
16/06/2016;22;1.000000000000000
16/06/2016;23;1.000000000000000
16/06/2016;24;0.989045296814355
16/06/2016;25;1.000000000000000
16/06/2016;26;1.000000000000000
16/06/2016;27;1.000000000000000
16/06/2016;28;1.000000000000000
16/06/2016;29;1.000000000000000
17/06/2016;11;1.000000000000000
17/06/2016;13;1.000000000000000
17/06/2016;14;1.000000000000000
17/06/2016;15;1.000000000000000
17/06/2016;16;1.000000000000000
17/06/2016;17;1.000000000000000
17/06/2016;18;0.998598617980940
17/06/2016;19;1.000000000000000
17/06/2016;20;1.000000000000000
17/06/2016;21;1.000000000000000
17/06/2016;22;1.000000000000000
17/06/2016;23;1.000000000000000
17/06/2016;24;0.973014303334930
17/06/2016;25;1.000000000000000
17/06/2016;26;1.000000000000000
17/06/2016;27;1.000000000000000
17/06/2016;28;1.000000000000000
17/06/2016;29;1.000000000000000
18/06/2016;11;1.000000000000000
18/06/2016;13;1.000000000000000
18/06/2016;14;1.000000000000000
18/06/2016;15;1.000000000000000
18/06/2016;16;1.000000000000000
18/06/2016;17;1.000000000000000
18/06/2016;18;1.000000000000000
18/06/2016;19;1.000000000000000
18/06/2016;20;1.000000000000000
18/06/2016;21;1.000000000000000
18/06/2016;22;1.000000000000000
18/06/2016;23;1.000000000000000
18/06/2016;24;0.882034851819728
18/06/2016;25;1.000000000000000
18/06/2016;26;1.000000000000000
18/06/2016;27;1.000000000000000
18/06/2016;28;1.000000000000000
18/06/2016;29;1.000000000000000
19/06/2016;11;1.000000000000000
19/06/2016;13;1.000000000000000
19/06/2016;14;1.000000000000000
19/06/2016;15;1.000000000000000
19/06/2016;16;1.000000000000000
19/06/2016;17;1.000000000000000
19/06/2016;18;1.000000000000000
19/06/2016;19;1.000000000000000
19/06/2016;20;1.000000000000000
19/06/2016;21;1.000000000000000
19/06/2016;22;1.000000000000000
19/06/2016;23;1.000000000000000
19/06/2016;24;0.746112712693543
19/06/2016;25;1.000000000000000
19/06/2016;26;1.000000000000000
19/06/2016;27;1.000000000000000
19/06/2016;28;1.000000000000000
19/06/2016;29;1.000000000000000
20/06/2016;11;1.000000000000000
20/06/2016;13;0.972467971329027
20/06/2016;14;0.990535031401636
20/06/2016;15;0.998360430086251
20/06/2016;16;1.000000000000000
20/06/2016;17;1.000000000000000
20/06/2016;18;0.969639103603559
20/06/2016;19;1.000000000000000
20/06/2016;20;1.000000000000000
20/06/2016;21;1.000000000000000
20/06/2016;22;1.000000000000000
20/06/2016;23;1.000000000000000
20/06/2016;24;1.000000000000000
20/06/2016;25;1.000000000000000
20/06/2016;26;1.000000000000000
20/06/2016;27;1.000000000000000
20/06/2016;28;1.000000000000000
20/06/2016;29;1.000000000000000
21/06/2016;11;1.000000000000000
21/06/2016;13;0.849353132423827
21/06/2016;14;0.931324571273227
21/06/2016;15;0.968640642267228
21/06/2016;16;0.998603162385802
21/06/2016;17;1.000000000000000
21/06/2016;18;0.948083079038801
21/06/2016;19;0.944124918883253
21/06/2016;20;0.991481517668744
21/06/2016;21;0.999703859955163
21/06/2016;22;0.984565150153505
21/06/2016;23;0.966187255071838
21/06/2016;24;0.981570089260884
21/06/2016;25;1.000000000000000
21/06/2016;26;1.000000000000000
21/06/2016;27;1.000000000000000
21/06/2016;28;1.000000000000000
21/06/2016;29;1.000000000000000
22/06/2016;11;1.000000000000000
22/06/2016;13;1.000000000000000
22/06/2016;14;1.000000000000000
22/06/2016;15;0.991438219917308
22/06/2016;16;0.997360291382400
22/06/2016;17;1.000000000000000
22/06/2016;18;0.981920670605943
22/06/2016;19;0.968489661061450
22/06/2016;20;0.966541854843474
22/06/2016;21;0.991097920593617
22/06/2016;22;0.982565133903161
22/06/2016;23;0.988352360628579
22/06/2016;24;0.922280360193434
22/06/2016;25;1.000000000000000
22/06/2016;26;1.000000000000000
22/06/2016;27;0.953209816364566
22/06/2016;28;1.000000000000000
22/06/2016;29;1.000000000000000
23/06/2016;11;1.000000000000000
23/06/2016;13;1.000000000000000
23/06/2016;14;1.000000000000000
23/06/2016;15;1.000000000000000
23/06/2016;16;0.991289831028492
23/06/2016;17;1.000000000000000
23/06/2016;18;1.000000000000000
23/06/2016;19;1.000000000000000
23/06/2016;20;1.000000000000000
23/06/2016;21;1.000000000000000
23/06/2016;22;1.000000000000000
23/06/2016;23;0.995756953559580
23/06/2016;24;0.921204747763284
23/06/2016;25;1.000000000000000
23/06/2016;26;0.998471923687064
23/06/2016;27;0.957330134738485
23/06/2016;28;1.000000000000000
23/06/2016;29;1.000000000000000
24/06/2016;11;1.000000000000000
24/06/2016;13;1.000000000000000
24/06/2016;14;1.000000000000000
24/06/2016;15;1.000000000000000
24/06/2016;16;0.984285317712476
24/06/2016;17;1.000000000000000
24/06/2016;18;1.000000000000000
24/06/2016;19;1.000000000000000
24/06/2016;20;1.000000000000000
24/06/2016;21;1.000000000000000
24/06/2016;22;1.000000000000000
24/06/2016;23;0.999995574289220
24/06/2016;24;0.906978782446983
24/06/2016;25;1.000000000000000
24/06/2016;26;0.992054297303664
24/06/2016;27;0.946162381049475
24/06/2016;28;1.000000000000000
24/06/2016;29;1.000000000000000
25/06/2016;11;1.000000000000000
25/06/2016;13;1.000000000000000
25/06/2016;14;1.000000000000000
25/06/2016;15;1.000000000000000
25/06/2016;16;1.000000000000000
25/06/2016;17;1.000000000000000
25/06/2016;18;1.000000000000000
25/06/2016;19;1.000000000000000
25/06/2016;20;1.000000000000000
25/06/2016;21;1.000000000000000
25/06/2016;22;1.000000000000000
25/06/2016;23;1.000000000000000
25/06/2016;24;0.818154346035832
25/06/2016;25;1.000000000000000
25/06/2016;26;0.996239963780968
25/06/2016;27;1.000000000000000
25/06/2016;28;1.000000000000000
25/06/2016;29;1.000000000000000
26/06/2016;11;1.000000000000000
26/06/2016;13;1.000000000000000
26/06/2016;14;1.000000000000000
26/06/2016;15;1.000000000000000
26/06/2016;16;1.000000000000000
26/06/2016;17;1.000000000000000
26/06/2016;18;1.000000000000000
26/06/2016;19;1.000000000000000
26/06/2016;20;1.000000000000000
26/06/2016;21;1.000000000000000
26/06/2016;22;1.000000000000000
26/06/2016;23;1.000000000000000
26/06/2016;24;0.906939070949974
26/06/2016;25;1.000000000000000
26/06/2016;26;1.000000000000000
26/06/2016;27;1.000000000000000
26/06/2016;28;1.000000000000000
26/06/2016;29;1.000000000000000
27/06/2016;11;1.000000000000000
27/06/2016;13;1.000000000000000
27/06/2016;14;1.000000000000000
27/06/2016;15;1.000000000000000
27/06/2016;16;1.000000000000000
27/06/2016;17;1.000000000000000
27/06/2016;18;1.000000000000000
27/06/2016;19;1.000000000000000
27/06/2016;20;1.000000000000000
27/06/2016;21;1.000000000000000
27/06/2016;22;1.000000000000000
27/06/2016;23;1.000000000000000
27/06/2016;24;0.985777730885773
27/06/2016;25;1.000000000000000
27/06/2016;26;1.000000000000000
27/06/2016;27;1.000000000000000
27/06/2016;28;1.000000000000000
27/06/2016;29;1.000000000000000
28/06/2016;11;1.000000000000000
28/06/2016;13;0.997090922799557
28/06/2016;14;1.000000000000000
28/06/2016;15;1.000000000000000
28/06/2016;16;0.998427762366197
28/06/2016;17;1.000000000000000
28/06/2016;18;0.987802240611012
28/06/2016;19;1.000000000000000
28/06/2016;20;1.000000000000000
28/06/2016;21;1.000000000000000
28/06/2016;22;1.000000000000000
28/06/2016;23;1.000000000000000
28/06/2016;24;0.987754426422107
28/06/2016;25;1.000000000000000
28/06/2016;26;1.000000000000000
28/06/2016;27;1.000000000000000
28/06/2016;28;1.000000000000000
28/06/2016;29;1.000000000000000
29/06/2016;11;1.000000000000000
29/06/2016;13;0.978684752088892
29/06/2016;14;1.000000000000000
29/06/2016;15;1.000000000000000
29/06/2016;16;0.997031234923325
29/06/2016;17;1.000000000000000
29/06/2016;18;0.986388116503520
29/06/2016;19;1.000000000000000
29/06/2016;20;1.000000000000000
29/06/2016;21;1.000000000000000
29/06/2016;22;1.000000000000000
29/06/2016;23;1.000000000000000
29/06/2016;24;0.991148605459341
29/06/2016;25;1.000000000000000
29/06/2016;26;1.000000000000000
29/06/2016;27;1.000000000000000
29/06/2016;28;1.000000000000000
29/06/2016;29;1.000000000000000
30/06/2016;11;1.000000000000000
30/06/2016;13;1.000000000000000
30/06/2016;14;1.000000000000000
30/06/2016;15;1.000000000000000
30/06/2016;16;1.000000000000000
30/06/2016;17;1.000000000000000
30/06/2016;18;1.000000000000000
30/06/2016;19;1.000000000000000
30/06/2016;20;1.000000000000000
30/06/2016;21;1.000000000000000
30/06/2016;22;1.000000000000000
30/06/2016;23;1.000000000000000
30/06/2016;24;0.981764344004413
30/06/2016;25;1.000000000000000
30/06/2016;26;1.000000000000000
30/06/2016;27;1.000000000000000
30/06/2016;28;1.000000000000000
30/06/2016;29;1.000000000000000
01/07/2016;11;1.000000000000000
01/07/2016;13;1.000000000000000
01/07/2016;14;1.000000000000000
01/07/2016;15;1.000000000000000
01/07/2016;16;1.000000000000000
01/07/2016;17;1.000000000000000
01/07/2016;18;1.000000000000000
01/07/2016;19;1.000000000000000
01/07/2016;20;1.000000000000000
01/07/2016;21;1.000000000000000
01/07/2016;22;1.000000000000000
01/07/2016;23;1.000000000000000
01/07/2016;24;0.993055619473961
01/07/2016;25;1.000000000000000
01/07/2016;26;1.000000000000000
01/07/2016;27;1.000000000000000
01/07/2016;28;1.000000000000000
01/07/2016;29;1.000000000000000
02/07/2016;11;1.000000000000000
02/07/2016;13;1.000000000000000
02/07/2016;14;1.000000000000000
02/07/2016;15;1.000000000000000
02/07/2016;16;1.000000000000000
02/07/2016;17;1.000000000000000
02/07/2016;18;1.000000000000000
02/07/2016;19;1.000000000000000
02/07/2016;20;1.000000000000000
02/07/2016;21;1.000000000000000
02/07/2016;22;1.000000000000000
02/07/2016;23;1.000000000000000
02/07/2016;24;0.998547156970629
02/07/2016;25;1.000000000000000
02/07/2016;26;1.000000000000000
02/07/2016;27;1.000000000000000
02/07/2016;28;1.000000000000000
02/07/2016;29;1.000000000000000
03/07/2016;11;1.000000000000000
03/07/2016;13;1.000000000000000
03/07/2016;14;1.000000000000000
03/07/2016;15;1.000000000000000
03/07/2016;16;1.000000000000000
03/07/2016;17;1.000000000000000
03/07/2016;18;1.000000000000000
03/07/2016;19;1.000000000000000
03/07/2016;20;1.000000000000000
03/07/2016;21;1.000000000000000
03/07/2016;22;1.000000000000000
03/07/2016;23;1.000000000000000
03/07/2016;24;0.992007005040984
03/07/2016;25;1.000000000000000
03/07/2016;26;1.000000000000000
03/07/2016;27;1.000000000000000
03/07/2016;28;1.000000000000000
03/07/2016;29;1.000000000000000
04/07/2016;11;1.000000000000000
04/07/2016;13;1.000000000000000
04/07/2016;14;1.000000000000000
04/07/2016;15;1.000000000000000
04/07/2016;16;1.000000000000000
04/07/2016;17;1.000000000000000
04/07/2016;18;1.000000000000000
04/07/2016;19;1.000000000000000
04/07/2016;20;1.000000000000000
04/07/2016;21;1.000000000000000
04/07/2016;22;1.000000000000000
04/07/2016;23;1.000000000000000
04/07/2016;24;0.998568782282023
04/07/2016;25;1.000000000000000
04/07/2016;26;1.000000000000000
04/07/2016;27;1.000000000000000
04/07/2016;28;1.000000000000000
04/07/2016;29;1.000000000000000
05/07/2016;11;1.000000000000000
05/07/2016;13;1.000000000000000
05/07/2016;14;1.000000000000000
05/07/2016;15;1.000000000000000
05/07/2016;16;1.000000000000000
05/07/2016;17;1.000000000000000
05/07/2016;18;1.000000000000000
05/07/2016;19;1.000000000000000
05/07/2016;20;1.000000000000000
05/07/2016;21;1.000000000000000
05/07/2016;22;1.000000000000000
05/07/2016;23;1.000000000000000
05/07/2016;24;1.000000000000000
05/07/2016;25;1.000000000000000
05/07/2016;26;1.000000000000000
05/07/2016;27;1.000000000000000
05/07/2016;28;1.000000000000000
05/07/2016;29;1.000000000000000
06/07/2016;11;1.000000000000000
06/07/2016;13;1.000000000000000
06/07/2016;14;1.000000000000000
06/07/2016;15;1.000000000000000
06/07/2016;16;1.000000000000000
06/07/2016;17;1.000000000000000
06/07/2016;18;1.000000000000000
06/07/2016;19;1.000000000000000
06/07/2016;20;1.000000000000000
06/07/2016;21;1.000000000000000
06/07/2016;22;1.000000000000000
06/07/2016;23;1.000000000000000
06/07/2016;24;1.000000000000000
06/07/2016;25;1.000000000000000
06/07/2016;26;1.000000000000000
06/07/2016;27;1.000000000000000
06/07/2016;28;1.000000000000000
06/07/2016;29;1.000000000000000
07/07/2016;11;1.000000000000000
07/07/2016;13;1.000000000000000
07/07/2016;14;1.000000000000000
07/07/2016;15;1.000000000000000
07/07/2016;16;1.000000000000000
07/07/2016;17;1.000000000000000
07/07/2016;18;1.000000000000000
07/07/2016;19;1.000000000000000
07/07/2016;20;1.000000000000000
07/07/2016;21;1.000000000000000
07/07/2016;22;1.000000000000000
07/07/2016;23;1.000000000000000
07/07/2016;24;1.000000000000000
07/07/2016;25;1.000000000000000
07/07/2016;26;1.000000000000000
07/07/2016;27;1.000000000000000
07/07/2016;28;1.000000000000000
07/07/2016;29;1.000000000000000
08/07/2016;11;1.000000000000000
08/07/2016;13;1.000000000000000
08/07/2016;14;1.000000000000000
08/07/2016;15;1.000000000000000
08/07/2016;16;1.000000000000000
08/07/2016;17;1.000000000000000
08/07/2016;18;1.000000000000000
08/07/2016;19;1.000000000000000
08/07/2016;20;1.000000000000000
08/07/2016;21;1.000000000000000
08/07/2016;22;1.000000000000000
08/07/2016;23;1.000000000000000
08/07/2016;24;1.000000000000000
08/07/2016;25;1.000000000000000
08/07/2016;26;1.000000000000000
08/07/2016;27;1.000000000000000
08/07/2016;28;1.000000000000000
08/07/2016;29;1.000000000000000
09/07/2016;11;1.000000000000000
09/07/2016;13;1.000000000000000
09/07/2016;14;1.000000000000000
09/07/2016;15;1.000000000000000
09/07/2016;16;1.000000000000000
09/07/2016;17;1.000000000000000
09/07/2016;18;1.000000000000000
09/07/2016;19;1.000000000000000
09/07/2016;20;1.000000000000000
09/07/2016;21;1.000000000000000
09/07/2016;22;1.000000000000000
09/07/2016;23;1.000000000000000
09/07/2016;24;1.000000000000000
09/07/2016;25;1.000000000000000
09/07/2016;26;1.000000000000000
09/07/2016;27;1.000000000000000
09/07/2016;28;1.000000000000000
09/07/2016;29;1.000000000000000
10/07/2016;11;1.000000000000000
10/07/2016;13;1.000000000000000
10/07/2016;14;1.000000000000000
10/07/2016;15;1.000000000000000
10/07/2016;16;1.000000000000000
10/07/2016;17;1.000000000000000
10/07/2016;18;1.000000000000000
10/07/2016;19;1.000000000000000
10/07/2016;20;1.000000000000000
10/07/2016;21;1.000000000000000
10/07/2016;22;1.000000000000000
10/07/2016;23;1.000000000000000
10/07/2016;24;0.979351164909592
10/07/2016;25;1.000000000000000
10/07/2016;26;1.000000000000000
10/07/2016;27;1.000000000000000
10/07/2016;28;1.000000000000000
10/07/2016;29;1.000000000000000
11/07/2016;11;1.000000000000000
11/07/2016;13;1.000000000000000
11/07/2016;14;1.000000000000000
11/07/2016;15;1.000000000000000
11/07/2016;16;1.000000000000000
11/07/2016;17;1.000000000000000
11/07/2016;18;1.000000000000000
11/07/2016;19;1.000000000000000
11/07/2016;20;1.000000000000000
11/07/2016;21;1.000000000000000
11/07/2016;22;1.000000000000000
11/07/2016;23;1.000000000000000
11/07/2016;24;0.988977657233389
11/07/2016;25;1.000000000000000
11/07/2016;26;1.000000000000000
11/07/2016;27;1.000000000000000
11/07/2016;28;1.000000000000000
11/07/2016;29;1.000000000000000
12/07/2016;11;1.000000000000000
12/07/2016;13;1.000000000000000
12/07/2016;14;1.000000000000000
12/07/2016;15;1.000000000000000
12/07/2016;16;1.000000000000000
12/07/2016;17;1.000000000000000
12/07/2016;18;1.000000000000000
12/07/2016;19;1.000000000000000
12/07/2016;20;1.000000000000000
12/07/2016;21;1.000000000000000
12/07/2016;22;1.000000000000000
12/07/2016;23;1.000000000000000
12/07/2016;24;0.997580028554383
12/07/2016;25;1.000000000000000
12/07/2016;26;1.000000000000000
12/07/2016;27;1.000000000000000
12/07/2016;28;1.000000000000000
12/07/2016;29;1.000000000000000
13/07/2016;11;1.000000000000000
13/07/2016;13;1.000000000000000
13/07/2016;14;1.000000000000000
13/07/2016;15;1.000000000000000
13/07/2016;16;1.000000000000000
13/07/2016;17;1.000000000000000
13/07/2016;18;1.000000000000000
13/07/2016;19;1.000000000000000
13/07/2016;20;1.000000000000000
13/07/2016;21;1.000000000000000
13/07/2016;22;1.000000000000000
13/07/2016;23;1.000000000000000
13/07/2016;24;1.000000000000000
13/07/2016;25;1.000000000000000
13/07/2016;26;1.000000000000000
13/07/2016;27;1.000000000000000
13/07/2016;28;1.000000000000000
13/07/2016;29;1.000000000000000
14/07/2016;11;1.000000000000000
14/07/2016;13;1.000000000000000
14/07/2016;14;1.000000000000000
14/07/2016;15;1.000000000000000
14/07/2016;16;1.000000000000000
14/07/2016;17;1.000000000000000
14/07/2016;18;1.000000000000000
14/07/2016;19;1.000000000000000
14/07/2016;20;1.000000000000000
14/07/2016;21;1.000000000000000
14/07/2016;22;1.000000000000000
14/07/2016;23;1.000000000000000
14/07/2016;24;1.000000000000000
14/07/2016;25;1.000000000000000
14/07/2016;26;1.000000000000000
14/07/2016;27;1.000000000000000
14/07/2016;28;1.000000000000000
14/07/2016;29;1.000000000000000
15/07/2016;11;1.000000000000000
15/07/2016;13;1.000000000000000
15/07/2016;14;1.000000000000000
15/07/2016;15;1.000000000000000
15/07/2016;16;1.000000000000000
15/07/2016;17;1.000000000000000
15/07/2016;18;1.000000000000000
15/07/2016;19;1.000000000000000
15/07/2016;20;1.000000000000000
15/07/2016;21;1.000000000000000
15/07/2016;22;1.000000000000000
15/07/2016;23;1.000000000000000
15/07/2016;24;1.011965186514760
15/07/2016;25;1.000000000000000
15/07/2016;26;1.000000000000000
15/07/2016;27;1.000000000000000
15/07/2016;28;1.000000000000000
15/07/2016;29;1.000000000000000
16/07/2016;11;1.000000000000000
16/07/2016;13;1.000000000000000
16/07/2016;14;1.000000000000000
16/07/2016;15;1.000000000000000
16/07/2016;16;1.000000000000000
16/07/2016;17;1.000000000000000
16/07/2016;18;1.000000000000000
16/07/2016;19;1.000000000000000
16/07/2016;20;1.000000000000000
16/07/2016;21;1.000000000000000
16/07/2016;22;1.000000000000000
16/07/2016;23;1.000000000000000
16/07/2016;24;2.126259805513330
16/07/2016;25;1.000000000000000
16/07/2016;26;1.000000000000000
16/07/2016;27;2.316384607203920
16/07/2016;28;1.000000000000000
16/07/2016;29;1.000000000000000
17/07/2016;11;1.000000000000000
17/07/2016;13;1.000000000000000
17/07/2016;14;1.000000000000000
17/07/2016;15;1.000000000000000
17/07/2016;16;1.000000000000000
17/07/2016;17;1.000000000000000
17/07/2016;18;1.000000000000000
17/07/2016;19;1.000000000000000
17/07/2016;20;1.000000000000000
17/07/2016;21;1.000000000000000
17/07/2016;22;1.000000000000000
17/07/2016;23;1.000000000000000
17/07/2016;24;3.340614781762370
17/07/2016;25;1.000000000000000
17/07/2016;26;1.000000000000000
17/07/2016;27;1.000000000000000
17/07/2016;28;1.000000000000000
17/07/2016;29;1.000000000000000
18/07/2016;11;1.000000000000000
18/07/2016;13;1.000000000000000
18/07/2016;14;1.000000000000000
18/07/2016;15;1.000000000000000
18/07/2016;16;1.000000000000000
18/07/2016;17;1.000000000000000
18/07/2016;18;1.000000000000000
18/07/2016;19;1.000000000000000
18/07/2016;20;1.000000000000000
18/07/2016;21;1.000000000000000
18/07/2016;22;1.000000000000000
18/07/2016;23;1.000000000000000
18/07/2016;24;1.077734091944170
18/07/2016;25;1.000000000000000
18/07/2016;26;1.000000000000000
18/07/2016;27;1.000000000000000
18/07/2016;28;1.000000000000000
18/07/2016;29;1.000000000000000
19/07/2016;11;1.000000000000000
19/07/2016;13;1.000000000000000
19/07/2016;14;1.000000000000000
19/07/2016;15;1.000000000000000
19/07/2016;16;1.000000000000000
19/07/2016;17;1.000000000000000
19/07/2016;18;1.000000000000000
19/07/2016;19;1.000000000000000
19/07/2016;20;1.000000000000000
19/07/2016;21;1.000000000000000
19/07/2016;22;1.000000000000000
19/07/2016;23;1.000000000000000
19/07/2016;24;1.000000000000000
19/07/2016;25;1.000000000000000
19/07/2016;26;1.000000000000000
19/07/2016;27;1.000000000000000
19/07/2016;28;1.000000000000000
19/07/2016;29;1.000000000000000
20/07/2016;11;1.000000000000000
20/07/2016;13;1.000000000000000
20/07/2016;14;1.000000000000000
20/07/2016;15;1.000000000000000
20/07/2016;16;1.000000000000000
20/07/2016;17;1.000000000000000
20/07/2016;18;1.000000000000000
20/07/2016;19;1.000000000000000
20/07/2016;20;1.000000000000000
20/07/2016;21;1.000000000000000
20/07/2016;22;1.000000000000000
20/07/2016;23;1.000000000000000
20/07/2016;24;1.000000000000000
20/07/2016;25;1.000000000000000
20/07/2016;26;1.000000000000000
20/07/2016;27;1.000000000000000
20/07/2016;28;1.000000000000000
20/07/2016;29;1.000000000000000
21/07/2016;11;1.000000000000000
21/07/2016;13;1.000000000000000
21/07/2016;14;1.000000000000000
21/07/2016;15;1.000000000000000
21/07/2016;16;1.000000000000000
21/07/2016;17;1.000000000000000
21/07/2016;18;1.000000000000000
21/07/2016;19;1.000000000000000
21/07/2016;20;1.000000000000000
21/07/2016;21;1.000000000000000
21/07/2016;22;1.000000000000000
21/07/2016;23;1.000000000000000
21/07/2016;24;1.000000000000000
21/07/2016;25;1.000000000000000
21/07/2016;26;1.000000000000000
21/07/2016;27;1.000000000000000
21/07/2016;28;1.000000000000000
21/07/2016;29;1.000000000000000
22/07/2016;11;1.000000000000000
22/07/2016;13;1.000000000000000
22/07/2016;14;1.000000000000000
22/07/2016;15;1.000000000000000
22/07/2016;16;1.000000000000000
22/07/2016;17;1.000000000000000
22/07/2016;18;1.000000000000000
22/07/2016;19;1.000000000000000
22/07/2016;20;1.000000000000000
22/07/2016;21;1.000000000000000
22/07/2016;22;1.000000000000000
22/07/2016;23;1.000000000000000
22/07/2016;24;1.000000000000000
22/07/2016;25;1.000000000000000
22/07/2016;26;1.000000000000000
22/07/2016;27;1.000000000000000
22/07/2016;28;1.000000000000000
22/07/2016;29;1.000000000000000
23/07/2016;11;1.000000000000000
23/07/2016;13;1.000000000000000
23/07/2016;14;1.000000000000000
23/07/2016;15;1.000000000000000
23/07/2016;16;1.000000000000000
23/07/2016;17;1.000000000000000
23/07/2016;18;1.000000000000000
23/07/2016;19;1.000000000000000
23/07/2016;20;1.000000000000000
23/07/2016;21;1.000000000000000
23/07/2016;22;1.000000000000000
23/07/2016;23;1.000000000000000
23/07/2016;24;0.997098314194320
23/07/2016;25;1.000000000000000
23/07/2016;26;1.000000000000000
23/07/2016;27;1.000000000000000
23/07/2016;28;1.000000000000000
23/07/2016;29;1.000000000000000
24/07/2016;11;1.000000000000000
24/07/2016;13;1.000000000000000
24/07/2016;14;1.000000000000000
24/07/2016;15;0.999748270560139
24/07/2016;16;1.000000000000000
24/07/2016;17;1.000000000000000
24/07/2016;18;1.000000000000000
24/07/2016;19;1.000000000000000
24/07/2016;20;1.000000000000000
24/07/2016;21;1.000000000000000
24/07/2016;22;1.000000000000000
24/07/2016;23;1.000000000000000
24/07/2016;24;0.972588006715865
24/07/2016;25;1.000000000000000
24/07/2016;26;1.000000000000000
24/07/2016;27;1.000000000000000
24/07/2016;28;1.000000000000000
24/07/2016;29;1.000000000000000
25/07/2016;11;1.000000000000000
25/07/2016;13;1.000000000000000
25/07/2016;14;1.000000000000000
25/07/2016;15;0.990725997983301
25/07/2016;16;1.000000000000000
25/07/2016;17;1.000000000000000
25/07/2016;18;1.000000000000000
25/07/2016;19;1.000000000000000
25/07/2016;20;1.000000000000000
25/07/2016;21;1.000000000000000
25/07/2016;22;1.000000000000000
25/07/2016;23;1.000000000000000
25/07/2016;24;0.989129134898232
25/07/2016;25;1.000000000000000
25/07/2016;26;1.000000000000000
25/07/2016;27;1.000000000000000
25/07/2016;28;1.000000000000000
25/07/2016;29;1.000000000000000
26/07/2016;11;1.000000000000000
26/07/2016;13;1.000000000000000
26/07/2016;14;1.000000000000000
26/07/2016;15;1.000000000000000
26/07/2016;16;1.000000000000000
26/07/2016;17;1.000000000000000
26/07/2016;18;1.000000000000000
26/07/2016;19;1.000000000000000
26/07/2016;20;1.000000000000000
26/07/2016;21;1.000000000000000
26/07/2016;22;1.000000000000000
26/07/2016;23;1.000000000000000
26/07/2016;24;0.991714549250526
26/07/2016;25;1.000000000000000
26/07/2016;26;1.000000000000000
26/07/2016;27;1.000000000000000
26/07/2016;28;1.000000000000000
26/07/2016;29;1.000000000000000
27/07/2016;11;1.000000000000000
27/07/2016;13;1.000000000000000
27/07/2016;14;1.000000000000000
27/07/2016;15;1.000000000000000
27/07/2016;16;1.000000000000000
27/07/2016;17;1.000000000000000
27/07/2016;18;1.000000000000000
27/07/2016;19;1.000000000000000
27/07/2016;20;1.000000000000000
27/07/2016;21;1.000000000000000
27/07/2016;22;1.000000000000000
27/07/2016;23;1.000000000000000
27/07/2016;24;0.993529777820680
27/07/2016;25;1.000000000000000
27/07/2016;26;1.000000000000000
27/07/2016;27;1.000000000000000
27/07/2016;28;1.000000000000000
27/07/2016;29;1.000000000000000
28/07/2016;11;1.000000000000000
28/07/2016;13;1.000000000000000
28/07/2016;14;1.000000000000000
28/07/2016;15;1.000000000000000
28/07/2016;16;1.000000000000000
28/07/2016;17;1.000000000000000
28/07/2016;18;1.000000000000000
28/07/2016;19;1.000000000000000
28/07/2016;20;1.000000000000000
28/07/2016;21;1.000000000000000
28/07/2016;22;1.000000000000000
28/07/2016;23;1.000000000000000
28/07/2016;24;1.000000000000000
28/07/2016;25;1.000000000000000
28/07/2016;26;1.000000000000000
28/07/2016;27;1.000000000000000
28/07/2016;28;1.000000000000000
28/07/2016;29;1.000000000000000
29/07/2016;11;1.000000000000000
29/07/2016;13;1.000000000000000
29/07/2016;14;1.000000000000000
29/07/2016;15;1.000000000000000
29/07/2016;16;1.000000000000000
29/07/2016;17;1.000000000000000
29/07/2016;18;1.000000000000000
29/07/2016;19;1.000000000000000
29/07/2016;20;1.000000000000000
29/07/2016;21;1.000000000000000
29/07/2016;22;1.000000000000000
29/07/2016;23;1.000000000000000
29/07/2016;24;1.000000000000000
29/07/2016;25;1.000000000000000
29/07/2016;26;1.000000000000000
29/07/2016;27;1.000000000000000
29/07/2016;28;1.000000000000000
29/07/2016;29;1.000000000000000
30/07/2016;11;1.000000000000000
30/07/2016;13;1.000000000000000
30/07/2016;14;1.000000000000000
30/07/2016;15;1.000000000000000
30/07/2016;16;1.000000000000000
30/07/2016;17;1.000000000000000
30/07/2016;18;1.000000000000000
30/07/2016;19;1.000000000000000
30/07/2016;20;1.000000000000000
30/07/2016;21;1.000000000000000
30/07/2016;22;1.000000000000000
30/07/2016;23;1.000000000000000
30/07/2016;24;1.000000000000000
30/07/2016;25;1.000000000000000
30/07/2016;26;1.000000000000000
30/07/2016;27;1.000000000000000
30/07/2016;28;1.000000000000000
30/07/2016;29;1.000000000000000
31/07/2016;11;1.000000000000000
31/07/2016;13;1.000000000000000
31/07/2016;14;1.000000000000000
31/07/2016;15;1.000000000000000
31/07/2016;16;1.000000000000000
31/07/2016;17;1.000000000000000
31/07/2016;18;1.000000000000000
31/07/2016;19;1.000000000000000
31/07/2016;20;1.000000000000000
31/07/2016;21;1.000000000000000
31/07/2016;22;1.000000000000000
31/07/2016;23;1.000000000000000
31/07/2016;24;0.984207429665390
31/07/2016;25;1.000000000000000
31/07/2016;26;1.000000000000000
31/07/2016;27;1.000000000000000
31/07/2016;28;1.000000000000000
31/07/2016;29;1.000000000000000
01/08/2016;11;1.000000000000000
01/08/2016;13;1.000000000000000
01/08/2016;14;1.000000000000000
01/08/2016;15;1.000000000000000
01/08/2016;16;1.000000000000000
01/08/2016;17;1.000000000000000
01/08/2016;18;1.000000000000000
01/08/2016;19;1.000000000000000
01/08/2016;20;1.000000000000000
01/08/2016;21;1.000000000000000
01/08/2016;22;1.000000000000000
01/08/2016;23;1.000000000000000
01/08/2016;24;0.989967511097270
01/08/2016;25;1.000000000000000
01/08/2016;26;1.000000000000000
01/08/2016;27;1.000000000000000
01/08/2016;28;1.000000000000000
01/08/2016;29;1.000000000000000
02/08/2016;11;1.000000000000000
02/08/2016;13;1.000000000000000
02/08/2016;14;1.000000000000000
02/08/2016;15;1.000000000000000
02/08/2016;16;1.000000000000000
02/08/2016;17;1.000000000000000
02/08/2016;18;1.000000000000000
02/08/2016;19;1.000000000000000
02/08/2016;20;1.000000000000000
02/08/2016;21;1.000000000000000
02/08/2016;22;1.000000000000000
02/08/2016;23;1.000000000000000
02/08/2016;24;1.000000000000000
02/08/2016;25;1.000000000000000
02/08/2016;26;1.000000000000000
02/08/2016;27;1.000000000000000
02/08/2016;28;1.000000000000000
02/08/2016;29;1.000000000000000
03/08/2016;11;1.000000000000000
03/08/2016;13;1.000000000000000
03/08/2016;14;1.000000000000000
03/08/2016;15;1.000000000000000
03/08/2016;16;1.000000000000000
03/08/2016;17;1.000000000000000
03/08/2016;18;1.000000000000000
03/08/2016;19;1.000000000000000
03/08/2016;20;1.000000000000000
03/08/2016;21;1.000000000000000
03/08/2016;22;1.000000000000000
03/08/2016;23;1.000000000000000
03/08/2016;24;1.000000000000000
03/08/2016;25;1.000000000000000
03/08/2016;26;1.000000000000000
03/08/2016;27;1.000000000000000
03/08/2016;28;1.000000000000000
03/08/2016;29;1.000000000000000
04/08/2016;11;1.000000000000000
04/08/2016;13;1.000000000000000
04/08/2016;14;1.000000000000000
04/08/2016;15;1.000000000000000
04/08/2016;16;1.000000000000000
04/08/2016;17;1.000000000000000
04/08/2016;18;1.000000000000000
04/08/2016;19;1.000000000000000
04/08/2016;20;1.000000000000000
04/08/2016;21;1.000000000000000
04/08/2016;22;1.000000000000000
04/08/2016;23;1.000000000000000
04/08/2016;24;1.000000000000000
04/08/2016;25;1.000000000000000
04/08/2016;26;1.000000000000000
04/08/2016;27;1.000000000000000
04/08/2016;28;1.000000000000000
04/08/2016;29;1.000000000000000
05/08/2016;11;1.000000000000000
05/08/2016;13;1.000000000000000
05/08/2016;14;1.000000000000000
05/08/2016;15;1.000000000000000
05/08/2016;16;1.000000000000000
05/08/2016;17;1.000000000000000
05/08/2016;18;1.000000000000000
05/08/2016;19;1.000000000000000
05/08/2016;20;1.000000000000000
05/08/2016;21;1.000000000000000
05/08/2016;22;1.000000000000000
05/08/2016;23;1.000000000000000
05/08/2016;24;1.000000000000000
05/08/2016;25;1.000000000000000
05/08/2016;26;1.000000000000000
05/08/2016;27;1.000000000000000
05/08/2016;28;1.000000000000000
05/08/2016;29;1.000000000000000
06/08/2016;11;1.000000000000000
06/08/2016;13;1.000000000000000
06/08/2016;14;1.000000000000000
06/08/2016;15;1.000000000000000
06/08/2016;16;1.000000000000000
06/08/2016;17;1.000000000000000
06/08/2016;18;1.000000000000000
06/08/2016;19;1.000000000000000
06/08/2016;20;1.000000000000000
06/08/2016;21;1.000000000000000
06/08/2016;22;1.000000000000000
06/08/2016;23;1.000000000000000
06/08/2016;24;1.000000000000000
06/08/2016;25;1.000000000000000
06/08/2016;26;1.000000000000000
06/08/2016;27;1.000000000000000
06/08/2016;28;1.000000000000000
06/08/2016;29;1.000000000000000
07/08/2016;11;1.000000000000000
07/08/2016;13;1.000000000000000
07/08/2016;14;1.000000000000000
07/08/2016;15;1.000000000000000
07/08/2016;16;1.000000000000000
07/08/2016;17;1.000000000000000
07/08/2016;18;1.000000000000000
07/08/2016;19;1.000000000000000
07/08/2016;20;1.000000000000000
07/08/2016;21;1.000000000000000
07/08/2016;22;1.000000000000000
07/08/2016;23;1.000000000000000
07/08/2016;24;1.000000000000000
07/08/2016;25;1.000000000000000
07/08/2016;26;1.000000000000000
07/08/2016;27;1.000000000000000
07/08/2016;28;1.000000000000000
07/08/2016;29;1.000000000000000
08/08/2016;11;1.000000000000000
08/08/2016;13;1.000000000000000
08/08/2016;14;1.000000000000000
08/08/2016;15;1.000000000000000
08/08/2016;16;1.000000000000000
08/08/2016;17;1.000000000000000
08/08/2016;18;1.000000000000000
08/08/2016;19;1.000000000000000
08/08/2016;20;1.000000000000000
08/08/2016;21;1.000000000000000
08/08/2016;22;1.000000000000000
08/08/2016;23;1.000000000000000
08/08/2016;24;1.041610703172210
08/08/2016;25;1.000000000000000
08/08/2016;26;1.000000000000000
08/08/2016;27;1.000000000000000
08/08/2016;28;1.000000000000000
08/08/2016;29;1.000000000000000
09/08/2016;11;1.000000000000000
09/08/2016;13;1.000000000000000
09/08/2016;14;1.000000000000000
09/08/2016;15;1.000000000000000
09/08/2016;16;1.000000000000000
09/08/2016;17;1.000000000000000
09/08/2016;18;1.000000000000000
09/08/2016;19;1.000000000000000
09/08/2016;20;1.000000000000000
09/08/2016;21;1.000000000000000
09/08/2016;22;1.000000000000000
09/08/2016;23;1.000000000000000
09/08/2016;24;1.000000000000000
09/08/2016;25;1.000000000000000
09/08/2016;26;1.000000000000000
09/08/2016;27;1.000000000000000
09/08/2016;28;1.000000000000000
09/08/2016;29;1.000000000000000
10/08/2016;11;1.000000000000000
10/08/2016;13;1.000000000000000
10/08/2016;14;1.000000000000000
10/08/2016;15;1.000000000000000
10/08/2016;16;1.000000000000000
10/08/2016;17;1.000000000000000
10/08/2016;18;1.000000000000000
10/08/2016;19;1.000000000000000
10/08/2016;20;1.000000000000000
10/08/2016;21;1.000000000000000
10/08/2016;22;1.000000000000000
10/08/2016;23;1.000000000000000
10/08/2016;24;1.000000000000000
10/08/2016;25;1.000000000000000
10/08/2016;26;1.000000000000000
10/08/2016;27;1.000000000000000
10/08/2016;28;1.000000000000000
10/08/2016;29;1.000000000000000
11/08/2016;11;1.000000000000000
11/08/2016;13;1.000000000000000
11/08/2016;14;1.000000000000000
11/08/2016;15;1.000000000000000
11/08/2016;16;1.000000000000000
11/08/2016;17;1.000000000000000
11/08/2016;18;1.000000000000000
11/08/2016;19;1.000000000000000
11/08/2016;20;1.000000000000000
11/08/2016;21;1.000000000000000
11/08/2016;22;1.000000000000000
11/08/2016;23;1.000000000000000
11/08/2016;24;1.000000000000000
11/08/2016;25;1.000000000000000
11/08/2016;26;1.000000000000000
11/08/2016;27;1.000000000000000
11/08/2016;28;1.000000000000000
11/08/2016;29;1.000000000000000
12/08/2016;11;1.000000000000000
12/08/2016;13;1.000000000000000
12/08/2016;14;1.000000000000000
12/08/2016;15;1.000000000000000
12/08/2016;16;1.000000000000000
12/08/2016;17;1.000000000000000
12/08/2016;18;1.000000000000000
12/08/2016;19;1.000000000000000
12/08/2016;20;1.000000000000000
12/08/2016;21;1.000000000000000
12/08/2016;22;1.000000000000000
12/08/2016;23;1.000000000000000
12/08/2016;24;1.078893940083140
12/08/2016;25;1.000000000000000
12/08/2016;26;1.000000000000000
12/08/2016;27;1.000000000000000
12/08/2016;28;1.000000000000000
12/08/2016;29;1.000000000000000
13/08/2016;11;1.000000000000000
13/08/2016;13;1.000000000000000
13/08/2016;14;1.000000000000000
13/08/2016;15;1.000000000000000
13/08/2016;16;1.000000000000000
13/08/2016;17;1.000000000000000
13/08/2016;18;1.000000000000000
13/08/2016;19;1.000000000000000
13/08/2016;20;1.000000000000000
13/08/2016;21;1.000000000000000
13/08/2016;22;1.000000000000000
13/08/2016;23;1.000000000000000
13/08/2016;24;6.633771088013000
13/08/2016;25;1.000000000000000
13/08/2016;26;1.000000000000000
13/08/2016;27;1.000000000000000
13/08/2016;28;1.000000000000000
13/08/2016;29;1.000000000000000
14/08/2016;11;1.000000000000000
14/08/2016;13;1.000000000000000
14/08/2016;14;1.000000000000000
14/08/2016;15;1.000000000000000
14/08/2016;16;1.000000000000000
14/08/2016;17;1.000000000000000
14/08/2016;18;1.000000000000000
14/08/2016;19;1.000000000000000
14/08/2016;20;1.000000000000000
14/08/2016;21;1.000000000000000
14/08/2016;22;1.000000000000000
14/08/2016;23;1.000000000000000
14/08/2016;24;1.000000000000000
14/08/2016;25;1.000000000000000
14/08/2016;26;1.000000000000000
14/08/2016;27;1.000000000000000
14/08/2016;28;1.000000000000000
14/08/2016;29;1.000000000000000
15/08/2016;11;1.000000000000000
15/08/2016;13;1.000000000000000
15/08/2016;14;1.000000000000000
15/08/2016;15;1.000000000000000
15/08/2016;16;1.000000000000000
15/08/2016;17;1.000000000000000
15/08/2016;18;1.000000000000000
15/08/2016;19;1.000000000000000
15/08/2016;20;1.000000000000000
15/08/2016;21;1.000000000000000
15/08/2016;22;1.000000000000000
15/08/2016;23;1.000000000000000
15/08/2016;24;1.000000000000000
15/08/2016;25;1.000000000000000
15/08/2016;26;1.000000000000000
15/08/2016;27;1.000000000000000
15/08/2016;28;1.000000000000000
15/08/2016;29;1.000000000000000
16/08/2016;11;1.000000000000000
16/08/2016;13;1.000000000000000
16/08/2016;14;1.000000000000000
16/08/2016;15;1.000000000000000
16/08/2016;16;1.000000000000000
16/08/2016;17;1.000000000000000
16/08/2016;18;1.000000000000000
16/08/2016;19;1.000000000000000
16/08/2016;20;1.000000000000000
16/08/2016;21;1.000000000000000
16/08/2016;22;1.000000000000000
16/08/2016;23;1.000000000000000
16/08/2016;24;1.000000000000000
16/08/2016;25;1.000000000000000
16/08/2016;26;1.000000000000000
16/08/2016;27;1.000000000000000
16/08/2016;28;1.000000000000000
16/08/2016;29;1.000000000000000
17/08/2016;11;1.000000000000000
17/08/2016;13;1.000000000000000
17/08/2016;14;1.000000000000000
17/08/2016;15;1.000000000000000
17/08/2016;16;1.000000000000000
17/08/2016;17;1.000000000000000
17/08/2016;18;1.000000000000000
17/08/2016;19;1.000000000000000
17/08/2016;20;1.000000000000000
17/08/2016;21;1.000000000000000
17/08/2016;22;1.000000000000000
17/08/2016;23;1.000000000000000
17/08/2016;24;1.000000000000000
17/08/2016;25;1.000000000000000
17/08/2016;26;1.000000000000000
17/08/2016;27;1.000000000000000
17/08/2016;28;1.000000000000000
17/08/2016;29;1.000000000000000
18/08/2016;11;1.000000000000000
18/08/2016;13;1.000000000000000
18/08/2016;14;1.000000000000000
18/08/2016;15;1.000000000000000
18/08/2016;16;1.000000000000000
18/08/2016;17;1.000000000000000
18/08/2016;18;1.000000000000000
18/08/2016;19;1.000000000000000
18/08/2016;20;1.000000000000000
18/08/2016;21;1.000000000000000
18/08/2016;22;1.000000000000000
18/08/2016;23;1.000000000000000
18/08/2016;24;1.000000000000000
18/08/2016;25;1.000000000000000
18/08/2016;26;1.000000000000000
18/08/2016;27;1.000000000000000
18/08/2016;28;1.000000000000000
18/08/2016;29;1.000000000000000
19/08/2016;11;1.000000000000000
19/08/2016;13;1.000000000000000
19/08/2016;14;1.000000000000000
19/08/2016;15;1.000000000000000
19/08/2016;16;1.000000000000000
19/08/2016;17;1.000000000000000
19/08/2016;18;1.000000000000000
19/08/2016;19;1.000000000000000
19/08/2016;20;1.000000000000000
19/08/2016;21;1.000000000000000
19/08/2016;22;1.000000000000000
19/08/2016;23;1.000000000000000
19/08/2016;24;1.000000000000000
19/08/2016;25;1.000000000000000
19/08/2016;26;1.000000000000000
19/08/2016;27;1.000000000000000
19/08/2016;28;1.000000000000000
19/08/2016;29;1.000000000000000
20/08/2016;11;1.000000000000000
20/08/2016;13;1.000000000000000
20/08/2016;14;1.000000000000000
20/08/2016;15;1.000000000000000
20/08/2016;16;1.000000000000000
20/08/2016;17;1.000000000000000
20/08/2016;18;1.000000000000000
20/08/2016;19;1.000000000000000
20/08/2016;20;1.000000000000000
20/08/2016;21;1.000000000000000
20/08/2016;22;1.000000000000000
20/08/2016;23;1.000000000000000
20/08/2016;24;1.000000000000000
20/08/2016;25;1.000000000000000
20/08/2016;26;1.000000000000000
20/08/2016;27;1.000000000000000
20/08/2016;28;1.000000000000000
20/08/2016;29;1.000000000000000
21/08/2016;11;1.000000000000000
21/08/2016;13;1.000000000000000
21/08/2016;14;1.000000000000000
21/08/2016;15;1.000000000000000
21/08/2016;16;1.000000000000000
21/08/2016;17;1.000000000000000
21/08/2016;18;1.000000000000000
21/08/2016;19;1.000000000000000
21/08/2016;20;1.000000000000000
21/08/2016;21;1.000000000000000
21/08/2016;22;1.000000000000000
21/08/2016;23;1.000000000000000
21/08/2016;24;1.000000000000000
21/08/2016;25;1.000000000000000
21/08/2016;26;1.000000000000000
21/08/2016;27;1.000000000000000
21/08/2016;28;1.000000000000000
21/08/2016;29;1.000000000000000
22/08/2016;11;1.000000000000000
22/08/2016;13;1.000000000000000
22/08/2016;14;1.000000000000000
22/08/2016;15;1.000000000000000
22/08/2016;16;1.000000000000000
22/08/2016;17;1.000000000000000
22/08/2016;18;1.000000000000000
22/08/2016;19;1.000000000000000
22/08/2016;20;1.000000000000000
22/08/2016;21;1.000000000000000
22/08/2016;22;1.000000000000000
22/08/2016;23;1.000000000000000
22/08/2016;24;1.000000000000000
22/08/2016;25;1.000000000000000
22/08/2016;26;1.000000000000000
22/08/2016;27;1.000000000000000
22/08/2016;28;1.000000000000000
22/08/2016;29;1.000000000000000
23/08/2016;11;1.000000000000000
23/08/2016;13;1.000000000000000
23/08/2016;14;1.000000000000000
23/08/2016;15;1.000000000000000
23/08/2016;16;1.000000000000000
23/08/2016;17;1.000000000000000
23/08/2016;18;1.000000000000000
23/08/2016;19;1.000000000000000
23/08/2016;20;1.000000000000000
23/08/2016;21;1.000000000000000
23/08/2016;22;1.000000000000000
23/08/2016;23;1.000000000000000
23/08/2016;24;1.031890673815480
23/08/2016;25;1.000000000000000
23/08/2016;26;1.000000000000000
23/08/2016;27;1.000000000000000
23/08/2016;28;1.000000000000000
23/08/2016;29;1.000000000000000
24/08/2016;11;1.000000000000000
24/08/2016;13;1.000000000000000
24/08/2016;14;1.000000000000000
24/08/2016;15;1.000000000000000
24/08/2016;16;1.000000000000000
24/08/2016;17;1.000000000000000
24/08/2016;18;1.000000000000000
24/08/2016;19;1.000000000000000
24/08/2016;20;1.000000000000000
24/08/2016;21;1.000000000000000
24/08/2016;22;1.000000000000000
24/08/2016;23;1.000000000000000
24/08/2016;24;1.085102678684850
24/08/2016;25;1.000000000000000
24/08/2016;26;1.000000000000000
24/08/2016;27;1.000000000000000
24/08/2016;28;1.000000000000000
24/08/2016;29;1.000000000000000
25/08/2016;11;1.000000000000000
25/08/2016;13;1.000000000000000
25/08/2016;14;1.000000000000000
25/08/2016;15;1.000000000000000
25/08/2016;16;1.000000000000000
25/08/2016;17;1.000000000000000
25/08/2016;18;1.000000000000000
25/08/2016;19;1.000000000000000
25/08/2016;20;1.000000000000000
25/08/2016;21;1.000000000000000
25/08/2016;22;1.000000000000000
25/08/2016;23;1.000000000000000
25/08/2016;24;1.000000000000000
25/08/2016;25;1.000000000000000
25/08/2016;26;1.000000000000000
25/08/2016;27;1.000000000000000
25/08/2016;28;1.000000000000000
25/08/2016;29;1.000000000000000
26/08/2016;11;1.000000000000000
26/08/2016;13;1.000000000000000
26/08/2016;14;1.000000000000000
26/08/2016;15;1.000000000000000
26/08/2016;16;0.989792177581009
26/08/2016;17;1.000000000000000
26/08/2016;18;1.000000000000000
26/08/2016;19;1.000000000000000
26/08/2016;20;1.000000000000000
26/08/2016;21;1.000000000000000
26/08/2016;22;1.000000000000000
26/08/2016;23;1.000000000000000
26/08/2016;24;1.000000000000000
26/08/2016;25;1.000000000000000
26/08/2016;26;1.000000000000000
26/08/2016;27;1.000000000000000
26/08/2016;28;1.000000000000000
26/08/2016;29;1.000000000000000
27/08/2016;11;1.000000000000000
27/08/2016;13;1.000000000000000
27/08/2016;14;1.000000000000000
27/08/2016;15;1.000000000000000
27/08/2016;16;0.979570267726681
27/08/2016;17;1.000000000000000
27/08/2016;18;1.000000000000000
27/08/2016;19;1.000000000000000
27/08/2016;20;1.000000000000000
27/08/2016;21;1.000000000000000
27/08/2016;22;1.000000000000000
27/08/2016;23;1.000000000000000
27/08/2016;24;0.932004190927373
27/08/2016;25;1.000000000000000
27/08/2016;26;1.000000000000000
27/08/2016;27;1.000000000000000
27/08/2016;28;1.000000000000000
27/08/2016;29;1.000000000000000
28/08/2016;11;1.000000000000000
28/08/2016;13;1.000000000000000
28/08/2016;14;1.000000000000000
28/08/2016;15;1.000000000000000
28/08/2016;16;1.000000000000000
28/08/2016;17;1.000000000000000
28/08/2016;18;1.000000000000000
28/08/2016;19;1.000000000000000
28/08/2016;20;1.000000000000000
28/08/2016;21;1.000000000000000
28/08/2016;22;1.000000000000000
28/08/2016;23;1.000000000000000
28/08/2016;24;1.000000000000000
28/08/2016;25;1.000000000000000
28/08/2016;26;1.000000000000000
28/08/2016;27;1.000000000000000
28/08/2016;28;1.000000000000000
28/08/2016;29;1.000000000000000
29/08/2016;11;1.000000000000000
29/08/2016;13;1.000000000000000
29/08/2016;14;1.000000000000000
29/08/2016;15;1.000000000000000
29/08/2016;16;1.000000000000000
29/08/2016;17;1.000000000000000
29/08/2016;18;1.000000000000000
29/08/2016;19;1.000000000000000
29/08/2016;20;1.000000000000000
29/08/2016;21;1.000000000000000
29/08/2016;22;1.000000000000000
29/08/2016;23;1.000000000000000
29/08/2016;24;1.000000000000000
29/08/2016;25;1.000000000000000
29/08/2016;26;1.000000000000000
29/08/2016;27;1.000000000000000
29/08/2016;28;1.000000000000000
29/08/2016;29;1.000000000000000
30/08/2016;11;1.000000000000000
30/08/2016;13;1.000000000000000
30/08/2016;14;1.000000000000000
30/08/2016;15;0.999621077998997
30/08/2016;16;1.000000000000000
30/08/2016;17;1.000000000000000
30/08/2016;18;1.000000000000000
30/08/2016;19;1.000000000000000
30/08/2016;20;1.000000000000000
30/08/2016;21;1.000000000000000
30/08/2016;22;1.000000000000000
30/08/2016;23;1.000000000000000
30/08/2016;24;1.000000000000000
30/08/2016;25;1.000000000000000
30/08/2016;26;1.000000000000000
30/08/2016;27;1.000000000000000
30/08/2016;28;1.000000000000000
30/08/2016;29;1.000000000000000
31/08/2016;11;1.000000000000000
31/08/2016;13;1.000000000000000
31/08/2016;14;1.000000000000000
31/08/2016;15;0.982365138403131
31/08/2016;16;0.998581090168567
31/08/2016;17;1.000000000000000
31/08/2016;18;1.000000000000000
31/08/2016;19;1.000000000000000
31/08/2016;20;1.000000000000000
31/08/2016;21;1.000000000000000
31/08/2016;22;1.000000000000000
31/08/2016;23;1.000000000000000
31/08/2016;24;0.995061871343344
31/08/2016;25;1.000000000000000
31/08/2016;26;1.000000000000000
31/08/2016;27;1.000000000000000
31/08/2016;28;1.000000000000000
31/08/2016;29;1.000000000000000
01/09/2016;11;1.000000000000000
01/09/2016;13;1.000000000000000
01/09/2016;14;1.000000000000000
01/09/2016;15;0.985420721978853
01/09/2016;16;0.996549829672297
01/09/2016;17;1.000000000000000
01/09/2016;18;1.000000000000000
01/09/2016;19;1.000000000000000
01/09/2016;20;1.000000000000000
01/09/2016;21;0.999974930188245
01/09/2016;22;1.000000000000000
01/09/2016;23;1.000000000000000
01/09/2016;24;0.990261266050729
01/09/2016;25;1.000000000000000
01/09/2016;26;1.000000000000000
01/09/2016;27;1.000000000000000
01/09/2016;28;1.000000000000000
01/09/2016;29;1.000000000000000
02/09/2016;11;1.000000000000000
02/09/2016;13;0.996852179380047
02/09/2016;14;1.000000000000000
02/09/2016;15;1.000000000000000
02/09/2016;16;0.992100629493831
02/09/2016;17;1.000000000000000
02/09/2016;18;1.000000000000000
02/09/2016;19;1.000000000000000
02/09/2016;20;1.000000000000000
02/09/2016;21;0.997035888816437
02/09/2016;22;1.000000000000000
02/09/2016;23;1.000000000000000
02/09/2016;24;0.993034777174938
02/09/2016;25;1.000000000000000
02/09/2016;26;1.000000000000000
02/09/2016;27;1.000000000000000
02/09/2016;28;1.000000000000000
02/09/2016;29;1.000000000000000
03/09/2016;11;1.000000000000000
03/09/2016;13;0.918170237403002
03/09/2016;14;1.000000000000000
03/09/2016;15;1.000000000000000
03/09/2016;16;0.983329809515078
03/09/2016;17;1.000000000000000
03/09/2016;18;1.000000000000000
03/09/2016;19;1.000000000000000
03/09/2016;20;1.000000000000000
03/09/2016;21;1.000000000000000
03/09/2016;22;1.000000000000000
03/09/2016;23;1.000000000000000
03/09/2016;24;0.899379111815796
03/09/2016;25;1.000000000000000
03/09/2016;26;1.000000000000000
03/09/2016;27;1.000000000000000
03/09/2016;28;1.000000000000000
03/09/2016;29;1.000000000000000
04/09/2016;11;1.000000000000000
04/09/2016;13;1.000000000000000
04/09/2016;14;1.000000000000000
04/09/2016;15;1.000000000000000
04/09/2016;16;1.000000000000000
04/09/2016;17;1.000000000000000
04/09/2016;18;1.000000000000000
04/09/2016;19;1.000000000000000
04/09/2016;20;1.000000000000000
04/09/2016;21;1.000000000000000
04/09/2016;22;1.000000000000000
04/09/2016;23;1.000000000000000
04/09/2016;24;0.840270074202635
04/09/2016;25;1.000000000000000
04/09/2016;26;1.000000000000000
04/09/2016;27;1.000000000000000
04/09/2016;28;1.000000000000000
04/09/2016;29;1.000000000000000
05/09/2016;11;1.000000000000000
05/09/2016;13;1.000000000000000
05/09/2016;14;1.000000000000000
05/09/2016;15;1.000000000000000
05/09/2016;16;1.000000000000000
05/09/2016;17;1.000000000000000
05/09/2016;18;1.000000000000000
05/09/2016;19;1.000000000000000
05/09/2016;20;1.000000000000000
05/09/2016;21;1.000000000000000
05/09/2016;22;1.000000000000000
05/09/2016;23;1.000000000000000
05/09/2016;24;0.998554059549809
05/09/2016;25;1.000000000000000
05/09/2016;26;1.000000000000000
05/09/2016;27;1.000000000000000
05/09/2016;28;1.000000000000000
05/09/2016;29;1.000000000000000
06/09/2016;11;1.000000000000000
06/09/2016;13;1.000000000000000
06/09/2016;14;1.000000000000000
06/09/2016;15;0.999988708235962
06/09/2016;16;0.998371020719394
06/09/2016;17;1.000000000000000
06/09/2016;18;1.000000000000000
06/09/2016;19;1.000000000000000
06/09/2016;20;1.000000000000000
06/09/2016;21;1.000000000000000
06/09/2016;22;1.000000000000000
06/09/2016;23;1.000000000000000
06/09/2016;24;1.054636608602310
06/09/2016;25;1.000000000000000
06/09/2016;26;1.000000000000000
06/09/2016;27;1.000000000000000
06/09/2016;28;1.000000000000000
06/09/2016;29;1.000000000000000
07/09/2016;11;1.000000000000000
07/09/2016;13;0.997752388466807
07/09/2016;14;1.000000000000000
07/09/2016;15;0.996930623815820
07/09/2016;16;0.994143611520836
07/09/2016;17;1.000000000000000
07/09/2016;18;1.000000000000000
07/09/2016;19;1.000000000000000
07/09/2016;20;1.000000000000000
07/09/2016;21;1.000000000000000
07/09/2016;22;1.000000000000000
07/09/2016;23;1.000000000000000
07/09/2016;24;1.239028051989000
07/09/2016;25;1.000000000000000
07/09/2016;26;1.000000000000000
07/09/2016;27;1.000000000000000
07/09/2016;28;1.000000000000000
07/09/2016;29;1.000000000000000
08/09/2016;11;1.000000000000000
08/09/2016;13;0.982114270303840
08/09/2016;14;1.000000000000000
08/09/2016;15;0.988304051643465
08/09/2016;16;0.994833153723686
08/09/2016;17;1.000000000000000
08/09/2016;18;1.000000000000000
08/09/2016;19;1.000000000000000
08/09/2016;20;1.000000000000000
08/09/2016;21;1.000000000000000
08/09/2016;22;1.000000000000000
08/09/2016;23;1.000000000000000
08/09/2016;24;1.241459453023890
08/09/2016;25;1.000000000000000
08/09/2016;26;1.000000000000000
08/09/2016;27;1.000000000000000
08/09/2016;28;1.000000000000000
08/09/2016;29;1.000000000000000
09/09/2016;11;1.000000000000000
09/09/2016;13;1.000000000000000
09/09/2016;14;1.000000000000000
09/09/2016;15;1.000000000000000
09/09/2016;16;1.000000000000000
09/09/2016;17;1.000000000000000
09/09/2016;18;1.000000000000000
09/09/2016;19;1.000000000000000
09/09/2016;20;1.000000000000000
09/09/2016;21;1.000000000000000
09/09/2016;22;1.000000000000000
09/09/2016;23;1.000000000000000
09/09/2016;24;1.058687418048840
09/09/2016;25;1.000000000000000
09/09/2016;26;1.000000000000000
09/09/2016;27;1.000000000000000
09/09/2016;28;1.000000000000000
09/09/2016;29;1.000000000000000
10/09/2016;11;1.000000000000000
10/09/2016;13;0.965898905433350
10/09/2016;14;1.000000000000000
10/09/2016;15;0.999908148822224
10/09/2016;16;1.000000000000000
10/09/2016;17;1.000000000000000
10/09/2016;18;1.000000000000000
10/09/2016;19;1.000000000000000
10/09/2016;20;1.000000000000000
10/09/2016;21;1.000000000000000
10/09/2016;22;1.000000000000000
10/09/2016;23;1.000000000000000
10/09/2016;24;1.000000000000000
10/09/2016;25;1.000000000000000
10/09/2016;26;1.000000000000000
10/09/2016;27;0.893590054736175
10/09/2016;28;1.000000000000000
10/09/2016;29;1.000000000000000
11/09/2016;11;1.000000000000000
11/09/2016;13;0.800491570614492
11/09/2016;14;1.000000000000000
11/09/2016;15;0.988494311528521
11/09/2016;16;0.992811609459418
11/09/2016;17;1.000000000000000
11/09/2016;18;1.000000000000000
11/09/2016;19;1.000000000000000
11/09/2016;20;1.000000000000000
11/09/2016;21;1.000000000000000
11/09/2016;22;1.000000000000000
11/09/2016;23;1.000000000000000
11/09/2016;24;0.951636062807604
11/09/2016;25;1.000000000000000
11/09/2016;26;1.000000000000000
11/09/2016;27;1.000000000000000
11/09/2016;28;1.000000000000000
11/09/2016;29;1.000000000000000
12/09/2016;11;1.000000000000000
12/09/2016;13;1.000000000000000
12/09/2016;14;1.000000000000000
12/09/2016;15;0.991461025462804
12/09/2016;16;0.987397131889825
12/09/2016;17;1.000000000000000
12/09/2016;18;1.000000000000000
12/09/2016;19;1.000000000000000
12/09/2016;20;1.000000000000000
12/09/2016;21;0.999687450242081
12/09/2016;22;1.000000000000000
12/09/2016;23;1.000000000000000
12/09/2016;24;0.973216464436978
12/09/2016;25;1.000000000000000
12/09/2016;26;1.000000000000000
12/09/2016;27;1.000000000000000
12/09/2016;28;1.000000000000000
12/09/2016;29;1.000000000000000
13/09/2016;11;1.000000000000000
13/09/2016;13;1.000000000000000
13/09/2016;14;1.000000000000000
13/09/2016;15;0.988423965518204
13/09/2016;16;0.977466846769686
13/09/2016;17;1.000000000000000
13/09/2016;18;0.985439640894555
13/09/2016;19;1.000000000000000
13/09/2016;20;1.000000000000000
13/09/2016;21;0.990434170906808
13/09/2016;22;1.000000000000000
13/09/2016;23;1.000000000000000
13/09/2016;24;0.978736874480689
13/09/2016;25;1.000000000000000
13/09/2016;26;1.000000000000000
13/09/2016;27;1.000000000000000
13/09/2016;28;1.000000000000000
13/09/2016;29;1.000000000000000
14/09/2016;11;0.912322435627212
14/09/2016;13;0.980413806758971
14/09/2016;14;0.988166768683668
14/09/2016;15;0.957909849347298
14/09/2016;16;0.954472409367702
14/09/2016;17;1.000000000000000
14/09/2016;18;0.945885967781588
14/09/2016;19;0.993584163742501
14/09/2016;20;1.000000000000000
14/09/2016;21;0.999117867227339
14/09/2016;22;0.956636413365229
14/09/2016;23;1.000000000000000
14/09/2016;24;0.965689688120190
14/09/2016;25;1.000000000000000
14/09/2016;26;1.000000000000000
14/09/2016;27;1.000000000000000
14/09/2016;28;1.000000000000000
14/09/2016;29;1.000000000000000
15/09/2016;11;0.732785341243515
15/09/2016;13;0.835648471308752
15/09/2016;14;0.907250791927701
15/09/2016;15;0.932221352235637
15/09/2016;16;0.971514148789314
15/09/2016;17;0.998211484871078
15/09/2016;18;0.925874862912477
15/09/2016;19;0.936255084683868
15/09/2016;20;0.993630531510987
15/09/2016;21;0.999147809424836
15/09/2016;22;0.916255074266876
15/09/2016;23;0.993940963224867
15/09/2016;24;0.947674293959124
15/09/2016;25;1.000000000000000
15/09/2016;26;1.000000000000000
15/09/2016;27;1.000000000000000
15/09/2016;28;1.000000000000000
15/09/2016;29;1.000000000000000
16/09/2016;11;0.660239090003078
16/09/2016;13;0.742265568388402
16/09/2016;14;0.889066025459417
16/09/2016;15;0.950173863057275
16/09/2016;16;0.979171607991347
16/09/2016;17;0.997349919245592
16/09/2016;18;0.944296746013346
16/09/2016;19;0.941318866331729
16/09/2016;20;0.963632377692360
16/09/2016;21;0.982450465426245
16/09/2016;22;0.911156148744856
16/09/2016;23;0.981677989175447
16/09/2016;24;0.949716942300615
16/09/2016;25;1.000000000000000
16/09/2016;26;1.000000000000000
16/09/2016;27;1.000000000000000
16/09/2016;28;1.000000000000000
16/09/2016;29;1.000000000000000
17/09/2016;11;0.566043244352855
17/09/2016;13;0.726610162411073
17/09/2016;14;0.871808653060155
17/09/2016;15;0.931241029665657
17/09/2016;16;0.975172751769177
17/09/2016;17;1.000000000000000
17/09/2016;18;0.923924673600935
17/09/2016;19;0.935355566147818
17/09/2016;20;0.896635983087758
17/09/2016;21;0.982720524337428
17/09/2016;22;0.862536851403922
17/09/2016;23;0.970269339561087
17/09/2016;24;0.841926571192429
17/09/2016;25;1.000000000000000
17/09/2016;26;0.980225768394410
17/09/2016;27;0.912446936400174
17/09/2016;28;1.000000000000000
17/09/2016;29;1.000000000000000
18/09/2016;11;0.633495640079839
18/09/2016;13;0.658165905714614
18/09/2016;14;0.820627292136392
18/09/2016;15;0.924131134210554
18/09/2016;16;0.942824354160676
18/09/2016;17;1.000000000000000
18/09/2016;18;0.959478099895201
18/09/2016;19;0.935757712652078
18/09/2016;20;0.888324108089535
18/09/2016;21;0.962649109267881
18/09/2016;22;0.812623354770112
18/09/2016;23;0.956705619912775
18/09/2016;24;1.000000000000000
18/09/2016;25;1.000000000000000
18/09/2016;26;0.963937550147325
18/09/2016;27;1.000000000000000
18/09/2016;28;1.000000000000000
18/09/2016;29;1.000000000000000
19/09/2016;11;0.875880282308527
19/09/2016;13;0.834334461953864
19/09/2016;14;0.993985158470003
19/09/2016;15;0.904510970319635
19/09/2016;16;0.922649208056976
19/09/2016;17;1.000000000000000
19/09/2016;18;0.956692291463904
19/09/2016;19;0.945616406374083
19/09/2016;20;0.992217529081050
19/09/2016;21;0.989491408163460
19/09/2016;22;0.871074371683636
19/09/2016;23;0.953168954775998
19/09/2016;24;1.083887171258340
19/09/2016;25;1.000000000000000
19/09/2016;26;0.988537044920340
19/09/2016;27;1.187284315239590
19/09/2016;28;1.000000000000000
19/09/2016;29;1.000000000000000
20/09/2016;11;1.000000000000000
20/09/2016;13;0.924725803591751
20/09/2016;14;0.945174292827964
20/09/2016;15;0.914089882174973
20/09/2016;16;0.930176397554287
20/09/2016;17;1.000000000000000
20/09/2016;18;0.936622932173871
20/09/2016;19;0.957599753606591
20/09/2016;20;0.962572881884202
20/09/2016;21;0.978647257977306
20/09/2016;22;0.797740597930845
20/09/2016;23;0.956085864939791
20/09/2016;24;1.000000000000000
20/09/2016;25;1.000000000000000
20/09/2016;26;0.985213727473746
20/09/2016;27;1.000000000000000
20/09/2016;28;1.000000000000000
20/09/2016;29;1.000000000000000
21/09/2016;11;1.000000000000000
21/09/2016;13;0.939691874569542
21/09/2016;14;0.955622928766305
21/09/2016;15;0.923075343015251
21/09/2016;16;0.954711898079317
21/09/2016;17;1.000000000000000
21/09/2016;18;0.950144672978709
21/09/2016;19;0.899416566935081
21/09/2016;20;0.962867795160060
21/09/2016;21;0.973450932383200
21/09/2016;22;0.764080971987816
21/09/2016;23;0.933338402204684
21/09/2016;24;0.847201829309938
21/09/2016;25;1.000000000000000
21/09/2016;26;0.989295290697039
21/09/2016;27;0.809210790386694
21/09/2016;28;1.000000000000000
21/09/2016;29;0.985602802526593
22/09/2016;11;1.000000000000000
22/09/2016;13;0.869861996216784
22/09/2016;14;0.937479509743129
22/09/2016;15;0.907252524412797
22/09/2016;16;0.967035961322983
22/09/2016;17;1.000000000000000
22/09/2016;18;0.928750807770409
22/09/2016;19;0.864247588782065
22/09/2016;20;0.962352829889699
22/09/2016;21;0.961481109869734
22/09/2016;22;0.782092048411114
22/09/2016;23;0.941537841435297
22/09/2016;24;1.000000000000000
22/09/2016;25;1.000000000000000
22/09/2016;26;0.969257120075464
22/09/2016;27;0.861197109367319
22/09/2016;28;1.000000000000000
22/09/2016;29;0.995115216401285
23/09/2016;11;0.866515351110848
23/09/2016;13;0.881350395209700
23/09/2016;14;0.921195797065923
23/09/2016;15;0.937387150961699
23/09/2016;16;0.962250531002396
23/09/2016;17;0.981949010291058
23/09/2016;18;0.904578620132207
23/09/2016;19;0.914705597631783
23/09/2016;20;0.941991798135697
23/09/2016;21;0.975222310826981
23/09/2016;22;0.812801047676107
23/09/2016;23;0.980726762025858
23/09/2016;24;1.088291572143760
23/09/2016;25;1.000000000000000
23/09/2016;26;0.974879009867796
23/09/2016;27;0.881823852708183
23/09/2016;28;1.000000000000000
23/09/2016;29;1.000000000000000
24/09/2016;11;0.565184238104928
24/09/2016;13;0.504571494347998
24/09/2016;14;0.797219346505015
24/09/2016;15;0.869246676559819
24/09/2016;16;0.964047872340562
24/09/2016;17;0.948547967116499
24/09/2016;18;0.684976944677989
24/09/2016;19;0.817126505778671
24/09/2016;20;0.870416805241854
24/09/2016;21;0.935768331549377
24/09/2016;22;0.822956437568426
24/09/2016;23;0.917534368426904
24/09/2016;24;1.000000000000000
24/09/2016;25;1.000000000000000
24/09/2016;26;0.973468411157325
24/09/2016;27;0.827307110744439
24/09/2016;28;1.000000000000000
24/09/2016;29;1.000000000000000
25/09/2016;11;0.521327424965304
25/09/2016;13;0.482342973729674
25/09/2016;14;0.907326689396101
25/09/2016;15;0.864724155142676
25/09/2016;16;0.955130704475785
25/09/2016;17;0.967396660358144
25/09/2016;18;0.657058262712427
25/09/2016;19;0.797339047553568
25/09/2016;20;0.776781214516884
25/09/2016;21;0.871279023307657
25/09/2016;22;0.773560706105091
25/09/2016;23;0.942658563759124
25/09/2016;24;0.939068226104888
25/09/2016;25;1.000000000000000
25/09/2016;26;1.000670875146490
25/09/2016;27;1.237283179724110
25/09/2016;28;1.000000000000000
25/09/2016;29;1.000000000000000
26/09/2016;11;0.788951032913874
26/09/2016;13;0.831199768446042
26/09/2016;14;0.939274702349452
26/09/2016;15;0.938589661469757
26/09/2016;16;0.957723955317165
26/09/2016;17;1.000000000000000
26/09/2016;18;0.873792967638167
26/09/2016;19;0.900614184695615
26/09/2016;20;0.961390652675112
26/09/2016;21;0.953788426881998
26/09/2016;22;0.846112683660911
26/09/2016;23;0.930528962410782
26/09/2016;24;0.951313250490117
26/09/2016;25;1.000000000000000
26/09/2016;26;0.973975095539809
26/09/2016;27;1.358894871433790
26/09/2016;28;1.000000000000000
26/09/2016;29;1.000000000000000
27/09/2016;11;0.898940308498885
27/09/2016;13;0.722603117384856
27/09/2016;14;0.877080659052985
27/09/2016;15;0.867368260591639
27/09/2016;16;0.941400935567958
27/09/2016;17;1.000000000000000
27/09/2016;18;0.879343422470444
27/09/2016;19;0.874510165470852
27/09/2016;20;0.946118275708139
27/09/2016;21;0.969498718433830
27/09/2016;22;0.818176338899966
27/09/2016;23;0.941015841827513
27/09/2016;24;0.909953396549213
27/09/2016;25;1.000000000000000
27/09/2016;26;0.960645486107184
27/09/2016;27;1.000000000000000
27/09/2016;28;1.000000000000000
27/09/2016;29;0.958093138832853
28/09/2016;11;0.790555411461863
28/09/2016;13;0.752542355892209
28/09/2016;14;0.842308778450649
28/09/2016;15;0.895036658326328
28/09/2016;16;0.973094005124977
28/09/2016;17;0.978140127208722
28/09/2016;18;0.889617198496214
28/09/2016;19;0.859326585391470
28/09/2016;20;0.946067106456111
28/09/2016;21;0.965936907648689
28/09/2016;22;0.790529307918874
28/09/2016;23;0.970715112115937
28/09/2016;24;0.950626514474410
28/09/2016;25;1.000000000000000
28/09/2016;26;0.958741235209635
28/09/2016;27;0.727349976727257
28/09/2016;28;1.000000000000000
28/09/2016;29;0.984990290069695
29/09/2016;11;0.748642673274901
29/09/2016;13;0.757444557751075
29/09/2016;14;0.854359470054023
29/09/2016;15;0.899116052686692
29/09/2016;16;0.981323614195913
29/09/2016;17;0.953126465781323
29/09/2016;18;0.877967401777098
29/09/2016;19;0.775979496721401
29/09/2016;20;0.907050401917027
29/09/2016;21;0.979317705131463
29/09/2016;22;0.758138724960289
29/09/2016;23;0.940675705052562
29/09/2016;24;0.954985958249791
29/09/2016;25;1.000000000000000
29/09/2016;26;0.971383755117145
29/09/2016;27;0.729199187896316
29/09/2016;28;1.000000000000000
29/09/2016;29;0.986058125852162
30/09/2016;11;0.582772065492463
30/09/2016;13;0.658853486690988
30/09/2016;14;0.780889653598874
30/09/2016;15;0.831136341329141
30/09/2016;16;0.923548071215320
30/09/2016;17;0.974161309693540
30/09/2016;18;0.802758226926490
30/09/2016;19;0.778363734699208
30/09/2016;20;0.905521931909203
30/09/2016;21;0.973837983984544
30/09/2016;22;0.732314942943288
30/09/2016;23;0.923559437233794
30/09/2016;24;0.908358129952552
30/09/2016;25;1.000000000000000
30/09/2016;26;0.982278666539209
30/09/2016;27;0.737018257732539
30/09/2016;28;1.000000000000000
30/09/2016;29;0.966020169786107
01/10/2016;11;0.740101939148653
01/10/2016;13;0.607949608531365
01/10/2016;14;0.796228695218911
01/10/2016;15;0.747688283276459
01/10/2016;16;0.889338229384062
01/10/2016;17;0.956386924373254
01/10/2016;18;0.643571754255696
01/10/2016;19;0.838654305576196
01/10/2016;20;0.845077158488292
01/10/2016;21;0.884303693869772
01/10/2016;22;0.428900340303840
01/10/2016;23;0.928666305631859
01/10/2016;24;0.830042314709886
01/10/2016;25;1.000000000000000
01/10/2016;26;0.976083904669086
01/10/2016;27;0.888883041184499
01/10/2016;28;1.000000000000000
01/10/2016;29;0.986462771857399
02/10/2016;11;0.780941872388857
02/10/2016;13;0.617556399588030
02/10/2016;14;0.827746922650687
02/10/2016;15;0.782681181597119
02/10/2016;16;0.932265648293529
02/10/2016;17;0.909689623801539
02/10/2016;18;0.679985133035507
02/10/2016;19;0.868145865254427
02/10/2016;20;1.000000000000000
02/10/2016;21;0.878657140381314
02/10/2016;22;0.361641002998355
02/10/2016;23;0.998747627192227
02/10/2016;24;0.807638547286940
02/10/2016;25;1.000000000000000
02/10/2016;26;0.991039989007179
02/10/2016;27;0.960768029434046
02/10/2016;28;1.000000000000000
02/10/2016;29;1.000000000000000
03/10/2016;11;0.819005016301550
03/10/2016;13;0.772365192498600
03/10/2016;14;0.945453317827861
03/10/2016;15;0.908131006060714
03/10/2016;16;0.954171544195485
03/10/2016;17;0.953873354587934
03/10/2016;18;0.882942730414100
03/10/2016;19;0.944637459318149
03/10/2016;20;1.000000000000000
03/10/2016;21;0.972009321144928
03/10/2016;22;0.875255348805693
03/10/2016;23;0.986003088862824
03/10/2016;24;0.883071428520884
03/10/2016;25;1.000000000000000
03/10/2016;26;0.994449434996498
03/10/2016;27;0.959049618910871
03/10/2016;28;1.000000000000000
03/10/2016;29;1.000000000000000
04/10/2016;11;0.754917098421986
04/10/2016;13;0.772911841793632
04/10/2016;14;0.887197628688915
04/10/2016;15;0.888512962388383
04/10/2016;16;1.000000000000000
04/10/2016;17;0.954425352289594
04/10/2016;18;0.928204464646264
04/10/2016;19;0.860906082134158
04/10/2016;20;0.985553992179335
04/10/2016;21;1.000000000000000
04/10/2016;22;0.754867489707238
04/10/2016;23;0.981250613636145
04/10/2016;24;1.000000000000000
04/10/2016;25;1.000000000000000
04/10/2016;26;0.973526588067300
04/10/2016;27;0.903907693759168
04/10/2016;28;1.000000000000000
04/10/2016;29;1.000000000000000
05/10/2016;11;0.718112784250622
05/10/2016;13;1.000000000000000
05/10/2016;14;0.885694403109854
05/10/2016;15;1.061359592710840
05/10/2016;16;1.143874239940320
05/10/2016;17;0.906315018528818
05/10/2016;18;0.956913273060757
05/10/2016;19;0.827816089558634
05/10/2016;20;0.929160217626566
05/10/2016;21;1.045434760094430
05/10/2016;22;0.653167058473382
05/10/2016;23;1.116939965604020
05/10/2016;24;1.077581388255950
05/10/2016;25;0.926531729271908
05/10/2016;26;0.972748760012545
05/10/2016;27;1.196132675911560
05/10/2016;28;1.000000000000000
05/10/2016;29;1.000000000000000
06/10/2016;11;1.380764956615660
06/10/2016;13;1.336112579766100
06/10/2016;14;1.298421409314710
06/10/2016;15;1.419061065289910
06/10/2016;16;1.515353130701960
06/10/2016;17;1.158208707593710
06/10/2016;18;1.183330723772690
06/10/2016;19;1.136522683062780
06/10/2016;20;1.207110848481870
06/10/2016;21;1.188012042307750
06/10/2016;22;0.766747326203309
06/10/2016;23;1.218231587383960
06/10/2016;24;1.275427650591720
06/10/2016;25;0.959146108363110
06/10/2016;26;1.145199601591140
06/10/2016;27;1.633224481030630
06/10/2016;28;1.000000000000000
06/10/2016;29;0.975593872402002
07/10/2016;11;1.000000000000000
07/10/2016;13;1.674159585203800
07/10/2016;14;1.692619146259820
07/10/2016;15;1.615439478334740
07/10/2016;16;1.598810511960840
07/10/2016;17;1.361583843641010
07/10/2016;18;1.498877636347290
07/10/2016;19;1.209176553588240
07/10/2016;20;1.707546112024050
07/10/2016;21;1.272716271640540
07/10/2016;22;1.000000000000000
07/10/2016;23;1.188821098554960
07/10/2016;24;1.374188008240300
07/10/2016;25;1.000000000000000
07/10/2016;26;1.000000000000000
07/10/2016;27;1.675018333245180
07/10/2016;28;1.000000000000000
07/10/2016;29;0.965400375465689
08/10/2016;11;1.279703734305910
08/10/2016;13;1.749278146663870
08/10/2016;14;1.826378506482510
08/10/2016;15;1.878358393083100
08/10/2016;16;1.564042307082480
08/10/2016;17;1.070109973937750
08/10/2016;18;2.157158567575340
08/10/2016;19;1.499135056623030
08/10/2016;20;2.203124320027850
08/10/2016;21;1.455077114765590
08/10/2016;22;1.972416312095680
08/10/2016;23;1.130680169623690
08/10/2016;24;1.430460651574140
08/10/2016;25;1.000000000000000
08/10/2016;26;1.092231957804430
08/10/2016;27;1.737356096864540
08/10/2016;28;1.000000000000000
08/10/2016;29;0.949802438598523
09/10/2016;11;2.325749334229140
09/10/2016;13;1.765416857227360
09/10/2016;14;2.083665087934840
09/10/2016;15;1.600697103035110
09/10/2016;16;1.580645283207550
09/10/2016;17;1.201500346699070
09/10/2016;18;2.026008917285120
09/10/2016;19;1.706436063531940
09/10/2016;20;1.000000000000000
09/10/2016;21;1.682977675344950
09/10/2016;22;1.000000000000000
09/10/2016;23;0.949586690965989
09/10/2016;24;1.000000000000000
09/10/2016;25;0.872214062631421
09/10/2016;26;0.999946697800478
09/10/2016;27;1.683287840636340
09/10/2016;28;0.737043655059368
09/10/2016;29;0.927945876915607
10/10/2016;11;2.109135145033160
10/10/2016;13;1.738678230243630
10/10/2016;14;1.678154884812340
10/10/2016;15;1.314132683196060
10/10/2016;16;1.766469064298360
10/10/2016;17;1.717014871758400
10/10/2016;18;1.537533056257620
10/10/2016;19;1.301464080960030
10/10/2016;20;1.218265312749420
10/10/2016;21;1.132465110021570
10/10/2016;22;1.000000000000000
10/10/2016;23;1.061119994160930
10/10/2016;24;1.000000000000000
10/10/2016;25;0.965030712372384
10/10/2016;26;0.878736889893985
10/10/2016;27;1.199274556910070
10/10/2016;28;0.873143524936632
10/10/2016;29;0.969271109782626
11/10/2016;11;2.032349094511410
11/10/2016;13;2.017508369628240
11/10/2016;14;1.685614916609140
11/10/2016;15;1.584345463361110
11/10/2016;16;2.101986839609340
11/10/2016;17;1.968806827952230
11/10/2016;18;1.902741290307310
11/10/2016;19;1.813473394411010
11/10/2016;20;1.902139337942780
11/10/2016;21;1.355882235473290
11/10/2016;22;2.346970512942800
11/10/2016;23;1.159691674609570
11/10/2016;24;1.219431628815460
11/10/2016;25;1.000000000000000
11/10/2016;26;1.111931397035400
11/10/2016;27;1.564518350471690
11/10/2016;28;0.971442074025338
11/10/2016;29;0.980767099736570
12/10/2016;11;2.126683726660970
12/10/2016;13;2.103618813626840
12/10/2016;14;1.905733164237310
12/10/2016;15;1.911439620756480
12/10/2016;16;2.023574136452910
12/10/2016;17;1.892490710118480
12/10/2016;18;1.881824957724620
12/10/2016;19;2.089752671190210
12/10/2016;20;2.239899755660880
12/10/2016;21;1.471955831361070
12/10/2016;22;4.008376259189270
12/10/2016;23;1.199487117268800
12/10/2016;24;1.583041329041080
12/10/2016;25;1.000000000000000
12/10/2016;26;1.343307392451840
12/10/2016;27;1.937595690510490
12/10/2016;28;1.000000000000000
12/10/2016;29;0.995507519235885
13/10/2016;11;2.291720163130020
13/10/2016;13;2.350212124923630
13/10/2016;14;2.165416754980090
13/10/2016;15;2.024563577569670
13/10/2016;16;1.788920966343580
13/10/2016;17;2.071168538998280
13/10/2016;18;1.864480279181530
13/10/2016;19;1.899844085745960
13/10/2016;20;2.235444732683190
13/10/2016;21;1.504785800827030
13/10/2016;22;3.305873214568780
13/10/2016;23;1.283365623362320
13/10/2016;24;1.615045460214010
13/10/2016;25;0.941421187004729
13/10/2016;26;1.393323799634700
13/10/2016;27;1.834256501776970
13/10/2016;28;1.000000000000000
13/10/2016;29;0.975593872402002
14/10/2016;11;2.207567686907400
14/10/2016;13;2.184145103781500
14/10/2016;14;1.944044551712000
14/10/2016;15;1.705276472573220
14/10/2016;16;1.437877267800550
14/10/2016;17;2.286342579264930
14/10/2016;18;1.814250850989820
14/10/2016;19;1.000000000000000
14/10/2016;20;1.000000000000000
14/10/2016;21;1.000000000000000
14/10/2016;22;1.000000000000000
14/10/2016;23;1.144643067611880
14/10/2016;24;1.000000000000000
14/10/2016;25;0.881479683215790
14/10/2016;26;1.000000000000000
14/10/2016;27;1.000000000000000
14/10/2016;28;0.926825119817877
14/10/2016;29;0.884890279118976
15/10/2016;11;1.715823297895430
15/10/2016;13;2.181668132992840
15/10/2016;14;1.000000000000000
15/10/2016;15;1.000000000000000
15/10/2016;16;1.000000000000000
15/10/2016;17;1.000000000000000
15/10/2016;18;1.573899818240920
15/10/2016;19;0.675494025656651
15/10/2016;20;0.748355727767684
15/10/2016;21;0.912379456735206
15/10/2016;22;0.322725480020120
15/10/2016;23;0.841410757447492
15/10/2016;24;0.738030702881479
15/10/2016;25;0.769149184244428
15/10/2016;26;0.753929295877991
15/10/2016;27;0.753581196466771
15/10/2016;28;0.837560073115136
15/10/2016;29;0.856510990607820
16/10/2016;11;1.167865022287730
16/10/2016;13;1.000000000000000
16/10/2016;14;0.746441838572767
16/10/2016;15;0.622925386802548
16/10/2016;16;0.754041600083518
16/10/2016;17;0.832972338958071
16/10/2016;18;0.956490744910777
16/10/2016;19;0.557883141174341
16/10/2016;20;0.572727587330076
16/10/2016;21;0.647430294837693
16/10/2016;22;0.132537843357024
16/10/2016;23;0.948122425420678
16/10/2016;24;0.686171517148078
16/10/2016;25;0.761272358121327
16/10/2016;26;0.676283297610434
16/10/2016;27;0.661357484928307
16/10/2016;28;0.773070795695574
16/10/2016;29;0.861164523376331
17/10/2016;11;1.050503040203560
17/10/2016;13;0.684514609126969
17/10/2016;14;1.000000000000000
17/10/2016;15;0.866191076453356
17/10/2016;16;0.877588114314326
17/10/2016;17;0.716401882918964
17/10/2016;18;0.818430531629288
17/10/2016;19;0.808295595587097
17/10/2016;20;0.834356505963620
17/10/2016;21;0.925795937575003
17/10/2016;22;0.484700697616210
17/10/2016;23;0.915819950433999
17/10/2016;24;0.908878040761791
17/10/2016;25;0.809643110726924
17/10/2016;26;0.918775401720304
17/10/2016;27;1.000000000000000
17/10/2016;28;0.789780969355184
17/10/2016;29;0.848268779069468
18/10/2016;11;0.929359879901027
18/10/2016;13;0.679923371863925
18/10/2016;14;0.831528597003911
18/10/2016;15;0.808590069561065
18/10/2016;16;0.976569894636635
18/10/2016;17;0.663449859000895
18/10/2016;18;0.721022606474434
18/10/2016;19;0.745133002309596
18/10/2016;20;0.831447594140806
18/10/2016;21;0.959767569306496
18/10/2016;22;0.554401529554835
18/10/2016;23;1.000000000000000
18/10/2016;24;1.000000000000000
18/10/2016;25;0.777790449726709
18/10/2016;26;0.854295367705575
18/10/2016;27;1.047475563496800
18/10/2016;28;0.771161245451209
18/10/2016;29;0.800965166886908
19/10/2016;11;0.909881731142550
19/10/2016;13;1.000000000000000
19/10/2016;14;0.698934765234572
19/10/2016;15;0.735432236785364
19/10/2016;16;0.878993490026086
19/10/2016;17;0.658978195806102
19/10/2016;18;0.765401231431380
19/10/2016;19;0.794735162833048
19/10/2016;20;0.802518806742200
19/10/2016;21;0.950973451024698
19/10/2016;22;1.000000000000000
19/10/2016;23;1.027701404200090
19/10/2016;24;1.056321515905810
19/10/2016;25;0.829656417929096
19/10/2016;26;0.909293558374302
19/10/2016;27;1.098049041263760
19/10/2016;28;0.810056698854350
19/10/2016;29;0.839693352939352
20/10/2016;11;1.068027578021170
20/10/2016;13;1.000000000000000
20/10/2016;14;0.825265972695849
20/10/2016;15;1.043026103278790
20/10/2016;16;1.100278009811880
20/10/2016;17;0.807844852818876
20/10/2016;18;1.000000000000000
20/10/2016;19;1.044992606948690
20/10/2016;20;0.804310217150320
20/10/2016;21;0.968862208601939
20/10/2016;22;1.000000000000000
20/10/2016;23;0.854434997668949
20/10/2016;24;1.000000000000000
20/10/2016;25;0.837246112714133
20/10/2016;26;0.910444469968600
20/10/2016;27;1.143072003254470
20/10/2016;28;0.886553428265413
20/10/2016;29;0.946109998085459
21/10/2016;11;1.100964066902250
21/10/2016;13;1.090714287025590
21/10/2016;14;1.049764810716390
21/10/2016;15;1.143691277915000
21/10/2016;16;1.446438527986890
21/10/2016;17;0.811272822810426
21/10/2016;18;1.052491925704910
21/10/2016;19;1.000000000000000
21/10/2016;20;1.000000000000000
21/10/2016;21;1.000000000000000
21/10/2016;22;1.013331335555650
21/10/2016;23;0.970876013798238
21/10/2016;24;0.990004124954472
21/10/2016;25;0.922966600855863
21/10/2016;26;0.835667238352527
21/10/2016;27;1.146097773979940
21/10/2016;28;0.977268991715476
21/10/2016;29;0.971613915069644
22/10/2016;11;1.404916250263990
22/10/2016;13;1.386233118482920
22/10/2016;14;1.339517581612330
22/10/2016;15;1.326427413437470
22/10/2016;16;1.297283220739270
22/10/2016;17;1.007404800734730
22/10/2016;18;1.273085205793350
22/10/2016;19;1.186195568101260
22/10/2016;20;1.433848529374110
22/10/2016;21;1.241473344823970
22/10/2016;22;1.425191405157550
22/10/2016;23;1.024258562257340
22/10/2016;24;1.081787150926260
22/10/2016;25;0.874962851135469
22/10/2016;26;1.000000000000000
22/10/2016;27;1.175704270806160
22/10/2016;28;1.000000000000000
22/10/2016;29;0.860828964758226
23/10/2016;11;1.595436065599460
23/10/2016;13;1.569214415000870
23/10/2016;14;1.488774221551410
23/10/2016;15;1.316638882884820
23/10/2016;16;1.000000000000000
23/10/2016;17;1.657809560752590
23/10/2016;18;1.342666571170990
23/10/2016;19;1.342625090023700
23/10/2016;20;1.000000000000000
23/10/2016;21;1.000000000000000
23/10/2016;22;0.687645359620798
23/10/2016;23;0.943486354116625
23/10/2016;24;1.000000000000000
23/10/2016;25;0.797536803579793
23/10/2016;26;0.888179159074721
23/10/2016;27;1.159520547574980
23/10/2016;28;0.883108423430168
23/10/2016;29;0.874361296515472
24/10/2016;11;1.329674716062720
24/10/2016;13;1.456195446690020
24/10/2016;14;1.380110701107510
24/10/2016;15;1.102673984937790
24/10/2016;16;0.995159396497058
24/10/2016;17;1.948663026548730
24/10/2016;18;1.302726448595890
24/10/2016;19;0.873828650944255
24/10/2016;20;0.703910194363888
24/10/2016;21;1.000000000000000
24/10/2016;22;0.420217268925617
24/10/2016;23;0.949689738517983
24/10/2016;24;0.839479637683890
24/10/2016;25;0.847763991098877
24/10/2016;26;0.798258483300228
24/10/2016;27;0.827352100079654
24/10/2016;28;0.846027954063101
24/10/2016;29;0.888175527623653
25/10/2016;11;1.000000000000000
25/10/2016;13;1.300250663894590
25/10/2016;14;1.135554577530720
25/10/2016;15;0.966277630604114
25/10/2016;16;0.975071265941453
25/10/2016;17;1.000000000000000
25/10/2016;18;1.233691906321670
25/10/2016;19;0.606925246508361
25/10/2016;20;0.762253417827269
25/10/2016;21;0.967628002866218
25/10/2016;22;0.460585145806145
25/10/2016;23;0.842489392389748
25/10/2016;24;0.752757022283874
25/10/2016;25;0.884918103358173
25/10/2016;26;0.793036216816630
25/10/2016;27;0.604119187801805
25/10/2016;28;0.905292189783641
25/10/2016;29;0.884488626301854
26/10/2016;11;1.070918899415220
26/10/2016;13;0.994129409130501
26/10/2016;14;0.893950475162074
26/10/2016;15;0.751532807629304
26/10/2016;16;0.860885700729124
26/10/2016;17;0.674328458983613
26/10/2016;18;0.962628192565548
26/10/2016;19;0.604004041095099
26/10/2016;20;0.775451430178141
26/10/2016;21;0.863397726776728
26/10/2016;22;0.464522005680110
26/10/2016;23;0.807179876287026
26/10/2016;24;0.784872975663302
26/10/2016;25;0.901837250780302
26/10/2016;26;0.806820306570634
26/10/2016;27;0.635511820419691
26/10/2016;28;0.953156852412989
26/10/2016;29;0.842712503932357
27/10/2016;11;0.960050444657863
27/10/2016;13;0.672289662268618
27/10/2016;14;0.754909904933780
27/10/2016;15;0.604254916568487
27/10/2016;16;1.000000000000000
27/10/2016;17;0.718354044368104
27/10/2016;18;0.790101167259390
27/10/2016;19;0.560237541818790
27/10/2016;20;0.728937314985608
27/10/2016;21;0.874294200477413
27/10/2016;22;0.420763704925263
27/10/2016;23;0.816071575014527
27/10/2016;24;0.854437410911523
27/10/2016;25;0.861148434415038
27/10/2016;26;0.794394387601459
27/10/2016;27;1.000000000000000
27/10/2016;28;0.842823918069382
27/10/2016;29;0.822701984568543
28/10/2016;11;0.574763548929422
28/10/2016;13;0.568403625373739
28/10/2016;14;0.841397184249740
28/10/2016;15;0.812682416423060
28/10/2016;16;1.023494481980270
28/10/2016;17;0.634212205810444
28/10/2016;18;0.779830796830057
28/10/2016;19;0.657488342313012
28/10/2016;20;1.000000000000000
28/10/2016;21;1.000000000000000
28/10/2016;22;1.000000000000000
28/10/2016;23;0.961440945615494
28/10/2016;24;1.119326097806830
28/10/2016;25;0.846234040165856
28/10/2016;26;1.000000000000000
28/10/2016;27;1.366238492522630
28/10/2016;28;1.109710327883260
28/10/2016;29;0.826818489087099
29/10/2016;11;0.523707449325599
29/10/2016;13;0.831962798523720
29/10/2016;14;0.855893773173599
29/10/2016;15;0.980523572329258
29/10/2016;16;0.998195504408668
29/10/2016;17;0.583573825647397
29/10/2016;18;1.000000000000000
29/10/2016;19;0.828145407660712
29/10/2016;20;1.000000000000000
29/10/2016;21;1.238716107647450
29/10/2016;22;1.290539173083280
29/10/2016;23;1.047574663446090
29/10/2016;24;1.220917841940450
29/10/2016;25;0.669652091390129
29/10/2016;26;1.167428273365710
29/10/2016;27;1.519435448004920
29/10/2016;28;1.222266053953290
29/10/2016;29;0.691070368693859
30/10/2016;11;0.789708331885202
30/10/2016;13;1.134429726815420
30/10/2016;14;0.796737630260319
30/10/2016;15;1.045557690015690
30/10/2016;16;0.877214603549489
30/10/2016;17;0.536961461219157
30/10/2016;18;0.991518709239959
30/10/2016;19;0.845532225212308
30/10/2016;20;0.665077761934006
30/10/2016;21;1.171405470756060
30/10/2016;22;0.925297789004502
30/10/2016;23;1.000000000000000
30/10/2016;24;0.965808101971079
30/10/2016;25;0.609279057373502
30/10/2016;26;1.178447330014420
30/10/2016;27;1.298417200152020
30/10/2016;28;0.792857185005169
30/10/2016;29;0.631667993684653
31/10/2016;11;0.888682520922521
31/10/2016;13;1.223643482414070
31/10/2016;14;0.799826996047657
31/10/2016;15;1.054292363746470
31/10/2016;16;0.813573208566244
31/10/2016;17;0.702933427871141
31/10/2016;18;1.093895154726140
31/10/2016;19;0.852137544071964
31/10/2016;20;0.650646157365833
31/10/2016;21;1.067037982980430
31/10/2016;22;1.000000000000000
31/10/2016;23;1.018089739984260
31/10/2016;24;1.000000000000000
31/10/2016;25;0.842938397750639
31/10/2016;26;1.052017664139570
31/10/2016;27;1.159314977215740
31/10/2016;28;0.752668025744972
31/10/2016;29;0.879170874763862
01/11/2016;11;0.956769096428665
01/11/2016;13;1.104018011310580
01/11/2016;14;0.911788526493414
01/11/2016;15;1.033103734374980
01/11/2016;16;1.000000000000000
01/11/2016;17;0.971808237644319
01/11/2016;18;1.091331164575730
01/11/2016;19;1.013829764033930
01/11/2016;20;1.014877618046740
01/11/2016;21;1.072657550223280
01/11/2016;22;1.094304667331820
01/11/2016;23;1.053134522796880
01/11/2016;24;1.021921171315380
01/11/2016;25;1.075713280569410
01/11/2016;26;1.040760913737330
01/11/2016;27;1.131674834579610
01/11/2016;28;0.880722336786687
01/11/2016;29;0.956194332891154
02/11/2016;11;0.904693633476245
02/11/2016;13;0.958995368627117
02/11/2016;14;0.959630541360745
02/11/2016;15;1.000000000000000
02/11/2016;16;1.098485519002320
02/11/2016;17;0.899888382121823
02/11/2016;18;1.057848746993060
02/11/2016;19;0.933989682164679
02/11/2016;20;1.000000000000000
02/11/2016;21;1.000000000000000
02/11/2016;22;1.000000000000000
02/11/2016;23;1.048616982810960
02/11/2016;24;1.000000000000000
02/11/2016;25;1.000000000000000
02/11/2016;26;1.082159944964160
02/11/2016;27;1.148284221169920
02/11/2016;28;0.910777509938107
02/11/2016;29;1.056085648265880
03/11/2016;11;1.000000000000000
03/11/2016;13;1.000000000000000
03/11/2016;14;0.944464448860385
03/11/2016;15;1.048854122186240
03/11/2016;16;1.184845398906680
03/11/2016;17;0.812190950590521
03/11/2016;18;1.151735177253880
03/11/2016;19;0.782178190950143
03/11/2016;20;0.818196089469662
03/11/2016;21;1.000000000000000
03/11/2016;22;0.869065200044029
03/11/2016;23;0.877174923610632
03/11/2016;24;0.951298278778149
03/11/2016;25;0.904579668794442
03/11/2016;26;1.000000000000000
03/11/2016;27;1.000000000000000
03/11/2016;28;0.941412097851143
03/11/2016;29;0.962751681661029
04/11/2016;11;0.997337125227231
04/11/2016;13;1.154819659140790
04/11/2016;14;1.000000000000000
04/11/2016;15;1.210830468590330
04/11/2016;16;1.273793616815350
04/11/2016;17;1.000000000000000
04/11/2016;18;1.227964788667530
04/11/2016;19;1.006244726864620
04/11/2016;20;1.000000000000000
04/11/2016;21;1.021336664633600
04/11/2016;22;1.000000000000000
04/11/2016;23;0.967993807694037
04/11/2016;24;1.000000000000000
04/11/2016;25;0.924150897360282
04/11/2016;26;1.000000000000000
04/11/2016;27;1.034828037736270
04/11/2016;28;0.987215754670918
04/11/2016;29;0.921409386417064
05/11/2016;11;1.064943072795640
05/11/2016;13;1.326914866497050
05/11/2016;14;1.129158104726030
05/11/2016;15;1.394904751053400
05/11/2016;16;1.234010649657210
05/11/2016;17;1.194448700713390
05/11/2016;18;1.408592582747770
05/11/2016;19;1.166368058756710
05/11/2016;20;1.000000000000000
05/11/2016;21;1.000000000000000
05/11/2016;22;1.000000000000000
05/11/2016;23;0.967202308705236
05/11/2016;24;1.048894364399470
05/11/2016;25;0.937522274868520
05/11/2016;26;0.997068311901987
05/11/2016;27;1.083455493333040
05/11/2016;28;0.990417277598763
05/11/2016;29;0.928558820038403
06/11/2016;11;1.082913153260640
06/11/2016;13;1.387785416045870
06/11/2016;14;1.143149507408550
06/11/2016;15;1.252508412670250
06/11/2016;16;0.979997057914631
06/11/2016;17;1.000000000000000
06/11/2016;18;1.314167436721520
06/11/2016;19;0.911384087453249
06/11/2016;20;0.815724410320987
06/11/2016;21;0.912351597112926
06/11/2016;22;0.881785298205083
06/11/2016;23;0.863756998161905
06/11/2016;24;0.950693836293887
06/11/2016;25;0.983607655306223
06/11/2016;26;0.938641938201188
06/11/2016;27;0.951365085296347
06/11/2016;28;0.996940273086206
06/11/2016;29;0.951844613287769
07/11/2016;11;1.169843801511110
07/11/2016;13;1.318530973018220
07/11/2016;14;1.112077173122270
07/11/2016;15;1.134569798153340
07/11/2016;16;0.870394091018988
07/11/2016;17;1.104178860466130
07/11/2016;18;1.119194569434450
07/11/2016;19;0.894687911458399
07/11/2016;20;1.000000000000000
07/11/2016;21;0.895096784475978
07/11/2016;22;1.000000000000000
07/11/2016;23;0.849491414360275
07/11/2016;24;0.912996473436353
07/11/2016;25;0.915065628079923
07/11/2016;26;0.912372397028121
07/11/2016;27;0.840918379880346
07/11/2016;28;0.925949870017577
07/11/2016;29;0.879684093364675
08/11/2016;11;1.393616848465410
08/11/2016;13;1.397229540377190
08/11/2016;14;1.228413261721180
08/11/2016;15;1.226132806815260
08/11/2016;16;1.217638772834950
08/11/2016;17;1.235639983764690
08/11/2016;18;1.393780539543240
08/11/2016;19;1.062548191558340
08/11/2016;20;1.149120340095940
08/11/2016;21;1.016387282190040
08/11/2016;22;1.100664069131460
08/11/2016;23;0.976198151792305
08/11/2016;24;1.036913280122850
08/11/2016;25;1.000000000000000
08/11/2016;26;1.000000000000000
08/11/2016;27;1.000000000000000
08/11/2016;28;0.901147199288411
08/11/2016;29;0.814733836189780
09/11/2016;11;1.606153686018550
09/11/2016;13;1.589261450193610
09/11/2016;14;1.412828192153950
09/11/2016;15;1.306735878744920
09/11/2016;16;1.376794433195550
09/11/2016;17;1.295957177983660
09/11/2016;18;1.435868781024560
09/11/2016;19;1.282489703854310
09/11/2016;20;1.236704011734310
09/11/2016;21;1.110466430286070
09/11/2016;22;1.264757921256180
09/11/2016;23;1.007484646230230
09/11/2016;24;1.182520671784460
09/11/2016;25;1.121558846081780
09/11/2016;26;1.061172091520830
09/11/2016;27;1.136161682977680
09/11/2016;28;1.092525199982130
09/11/2016;29;1.000000000000000
10/11/2016;11;1.615671616397500
10/11/2016;13;1.560155623487670
10/11/2016;14;1.371353004214320
10/11/2016;15;1.329446800673510
10/11/2016;16;1.343668204649630
10/11/2016;17;1.351257199162720
10/11/2016;18;1.354447619031210
10/11/2016;19;1.306222810673340
10/11/2016;20;1.209159087906010
10/11/2016;21;1.130433491103640
10/11/2016;22;1.260571536776760
10/11/2016;23;1.040131240637800
10/11/2016;24;1.223074860756890
10/11/2016;25;1.233946904423830
10/11/2016;26;1.144897797425770
10/11/2016;27;1.204147966154230
10/11/2016;28;1.220927679104430
10/11/2016;29;1.000000000000000
11/11/2016;11;1.435051040331290
11/11/2016;13;1.341959045325030
11/11/2016;14;1.346835652224420
11/11/2016;15;1.285423801090920
11/11/2016;16;1.220140999070700
11/11/2016;17;1.310195108608660
11/11/2016;18;1.462211389351080
11/11/2016;19;1.151191986706800
11/11/2016;20;1.121798288382240
11/11/2016;21;1.169848731042270
11/11/2016;22;1.119543141030940
11/11/2016;23;0.987215461753770
11/11/2016;24;1.186131411057760
11/11/2016;25;1.227973336628170
11/11/2016;26;1.121772362522010
11/11/2016;27;1.169757447107930
11/11/2016;28;0.995442421454536
11/11/2016;29;1.000000000000000
12/11/2016;11;1.395599459350470
12/11/2016;13;1.335599155212760
12/11/2016;14;1.282076486500950
12/11/2016;15;1.000000000000000
12/11/2016;16;1.182862223484910
12/11/2016;17;1.248195755396260
12/11/2016;18;1.342895858941350
12/11/2016;19;1.131279254914080
12/11/2016;20;1.199973637805860
12/11/2016;21;1.314181052276580
12/11/2016;22;1.202044766262810
12/11/2016;23;1.009888445480220
12/11/2016;24;1.301405959310160
12/11/2016;25;1.270641380661910
12/11/2016;26;1.096022504397060
12/11/2016;27;1.264297530146120
12/11/2016;28;1.000000000000000
12/11/2016;29;0.972128810310071
13/11/2016;11;1.349369856646840
13/11/2016;13;1.394998256087420
13/11/2016;14;1.217462541056510
13/11/2016;15;1.204242590832410
13/11/2016;16;1.263470250493720
13/11/2016;17;1.260785989653040
13/11/2016;18;1.311568505411320
13/11/2016;19;1.385864324163150
13/11/2016;20;1.390630975721670
13/11/2016;21;1.359015598102760
13/11/2016;22;1.386438669737400
13/11/2016;23;1.099082715936190
13/11/2016;24;1.400622012658450
13/11/2016;25;1.442384315700270
13/11/2016;26;1.178899619776400
13/11/2016;27;1.386850110952730
13/11/2016;28;1.071710216486270
13/11/2016;29;1.014837367348300
14/11/2016;11;1.299962454260580
14/11/2016;13;1.283773124982040
14/11/2016;14;1.190373920206880
14/11/2016;15;1.333961625094880
14/11/2016;16;1.353965412144550
14/11/2016;17;1.364295486289890
14/11/2016;18;1.426673757070620
14/11/2016;19;1.432568364563870
14/11/2016;20;1.325834228705270
14/11/2016;21;1.184101190137550
14/11/2016;22;1.224219716722110
14/11/2016;23;1.123408943808670
14/11/2016;24;1.268345658153680
14/11/2016;25;1.362609338630180
14/11/2016;26;1.242402420579800
14/11/2016;27;1.300061283311260
14/11/2016;28;1.067785045873450
14/11/2016;29;1.211738973218890
15/11/2016;11;1.257267272133970
15/11/2016;13;1.268366400071780
15/11/2016;14;1.149766970851630
15/11/2016;15;1.404875668933880
15/11/2016;16;1.500893748083740
15/11/2016;17;1.443642494408940
15/11/2016;18;1.417303805099490
15/11/2016;19;1.328717336928790
15/11/2016;20;1.181621196729010
15/11/2016;21;1.179086576396100
15/11/2016;22;1.109192071455760
15/11/2016;23;1.108528196084880
15/11/2016;24;1.245366532291430
15/11/2016;25;1.314531570215070
15/11/2016;26;1.237734854733640
15/11/2016;27;1.284110405969260
15/11/2016;28;0.879184408643282
15/11/2016;29;1.205000751835750
16/11/2016;11;1.271870207648730
16/11/2016;13;1.326201778372150
16/11/2016;14;1.123777494035300
16/11/2016;15;1.485335988606610
16/11/2016;16;1.457783614084930
16/11/2016;17;1.347265737310020
16/11/2016;18;1.378057504438300
16/11/2016;19;1.358954271209130
16/11/2016;20;1.281497993009950
16/11/2016;21;1.259316155824990
16/11/2016;22;1.228636843769050
16/11/2016;23;1.165664220943450
16/11/2016;24;1.219452570045880
16/11/2016;25;1.210682716960280
16/11/2016;26;1.224919469673600
16/11/2016;27;1.217203230757000
16/11/2016;28;0.833268555422498
16/11/2016;29;0.981416119138925
17/11/2016;11;1.337463135740740
17/11/2016;13;1.263110529867310
17/11/2016;14;1.081942166554270
17/11/2016;15;1.296172385936330
17/11/2016;16;1.217121627996200
17/11/2016;17;1.150036887282080
17/11/2016;18;1.271081211960870
17/11/2016;19;1.359724017074250
17/11/2016;20;1.271839497265290
17/11/2016;21;1.194257261157330
17/11/2016;22;1.186519605822020
17/11/2016;23;1.161346289504870
17/11/2016;24;1.087202590020480
17/11/2016;25;1.220455948024560
17/11/2016;26;1.212900790107950
17/11/2016;27;1.105233906830330
17/11/2016;28;0.858191480150459
17/11/2016;29;0.930284496561467
18/11/2016;11;1.182916527046800
18/11/2016;13;1.100078030538150
18/11/2016;14;1.046970668585890
18/11/2016;15;1.000000000000000
18/11/2016;16;1.000000000000000
18/11/2016;17;1.028125337037840
18/11/2016;18;1.099233227776250
18/11/2016;19;1.000000000000000
18/11/2016;20;1.000000000000000
18/11/2016;21;0.942427453822265
18/11/2016;22;0.967599128992830
18/11/2016;23;1.000000000000000
18/11/2016;24;0.911838216602302
18/11/2016;25;0.967625650322464
18/11/2016;26;1.153964981184800
18/11/2016;27;1.000000000000000
18/11/2016;28;0.784933209719538
18/11/2016;29;0.944825684828600
19/11/2016;11;0.943901157481593
19/11/2016;13;1.030391060161330
19/11/2016;14;0.941885933267714
19/11/2016;15;0.892146464963705
19/11/2016;16;0.871858993134139
19/11/2016;17;0.942457150702442
19/11/2016;18;1.000000000000000
19/11/2016;19;0.823527992673056
19/11/2016;20;0.760367074182352
19/11/2016;21;0.746901118584803
19/11/2016;22;0.753628588303316
19/11/2016;23;0.924636845485806
19/11/2016;24;0.776404465788027
19/11/2016;25;0.715841080889351
19/11/2016;26;0.935221219935083
19/11/2016;27;0.920586099904509
19/11/2016;28;0.740741035181913
19/11/2016;29;0.820563275649936
20/11/2016;11;1.000000000000000
20/11/2016;13;1.039033944742800
20/11/2016;14;0.888923815718803
20/11/2016;15;0.877220942919701
20/11/2016;16;0.783621082551729
20/11/2016;17;0.864640402780649
20/11/2016;18;1.016334621440690
20/11/2016;19;0.729043740809685
20/11/2016;20;0.680351467465746
20/11/2016;21;0.736120760933490
20/11/2016;22;0.705514723035395
20/11/2016;23;0.907181969060921
20/11/2016;24;0.786958453541297
20/11/2016;25;0.711699281833931
20/11/2016;26;0.839661569599739
20/11/2016;27;0.898132792766850
20/11/2016;28;0.737856824242974
20/11/2016;29;0.876915977172986
21/11/2016;11;0.978209881774604
21/11/2016;13;0.978022011401454
21/11/2016;14;0.869744918310920
21/11/2016;15;0.834634501209799
21/11/2016;16;0.800062875017908
21/11/2016;17;0.837955141016012
21/11/2016;18;0.954245371070595
21/11/2016;19;0.732029778531670
21/11/2016;20;0.744410679479179
21/11/2016;21;0.827315103850121
21/11/2016;22;0.784502697565880
21/11/2016;23;0.959573751774228
21/11/2016;24;0.859082713813417
21/11/2016;25;0.770486624713264
21/11/2016;26;0.890959724152016
21/11/2016;27;0.939170238341933
21/11/2016;28;0.793049986325890
21/11/2016;29;1.000000000000000
22/11/2016;11;0.880812718626001
22/11/2016;13;0.870515443787466
22/11/2016;14;0.772431257782619
22/11/2016;15;0.710422403816545
22/11/2016;16;0.725749428116520
22/11/2016;17;0.756687564611541
22/11/2016;18;0.825709482087401
22/11/2016;19;0.721888865085621
22/11/2016;20;0.769354099131646
22/11/2016;21;0.844193226025989
22/11/2016;22;0.788698900526267
22/11/2016;23;0.992101142588932
22/11/2016;24;0.836175017439114
22/11/2016;25;0.769536309263482
22/11/2016;26;0.860249502007804
22/11/2016;27;0.964780068355315
22/11/2016;28;0.797340413318959
22/11/2016;29;1.038977382700810
23/11/2016;11;0.764398438560844
23/11/2016;13;0.718784775427921
23/11/2016;14;0.751410033884144
23/11/2016;15;0.634373947412452
23/11/2016;16;0.690823659367486
23/11/2016;17;0.686926316235479
23/11/2016;18;0.719928444275234
23/11/2016;19;0.773314679422164
23/11/2016;20;0.835360161018139
23/11/2016;21;0.836601736180456
23/11/2016;22;0.705516723987279
23/11/2016;23;0.978029325587794
23/11/2016;24;0.789064696134713
23/11/2016;25;0.744954269250281
23/11/2016;26;0.827185187883418
23/11/2016;27;0.890412158733324
23/11/2016;28;0.768788722336577
23/11/2016;29;1.000000000000000
24/11/2016;11;0.652091229229063
24/11/2016;13;0.627393666796409
24/11/2016;14;0.771423590675999
24/11/2016;15;0.612257861778809
24/11/2016;16;0.710120191961196
24/11/2016;17;0.676737193412698
24/11/2016;18;0.714928909911614
24/11/2016;19;0.893054393581746
24/11/2016;20;0.891994028997510
24/11/2016;21;0.788523720311513
24/11/2016;22;0.679512949067845
24/11/2016;23;0.939808707215660
24/11/2016;24;0.779242426655804
24/11/2016;25;0.710252976954268
24/11/2016;26;0.821234832601957
24/11/2016;27;0.839048534647256
24/11/2016;28;0.735001351830390
24/11/2016;29;0.945388857551722
25/11/2016;11;0.580706414830726
25/11/2016;13;0.600885753908803
25/11/2016;14;0.793777632294304
25/11/2016;15;0.613822117092200
25/11/2016;16;0.661967210534167
25/11/2016;17;0.715211281741551
25/11/2016;18;0.664611138081077
25/11/2016;19;0.874147419681317
25/11/2016;20;0.824044478859926
25/11/2016;21;0.773577846996405
25/11/2016;22;0.707519891567818
25/11/2016;23;0.913469069552639
25/11/2016;24;0.794483544114124
25/11/2016;25;0.692467824782819
25/11/2016;26;0.842206420010902
25/11/2016;27;0.822510033295315
25/11/2016;28;0.720879808553867
25/11/2016;29;0.748497581962601
26/11/2016;11;0.562643193230620
26/11/2016;13;0.535464127365052
26/11/2016;14;0.772446635041456
26/11/2016;15;0.609276741875100
26/11/2016;16;0.664737872250987
26/11/2016;17;0.808819535340772
26/11/2016;18;0.534243507635027
26/11/2016;19;0.741992232340323
26/11/2016;20;0.796629292176719
26/11/2016;21;0.709794509614928
26/11/2016;22;0.828409982317032
26/11/2016;23;0.918029342641211
26/11/2016;24;0.769266683290885
26/11/2016;25;0.790575492842363
26/11/2016;26;0.822140548476908
26/11/2016;27;0.783050482108645
26/11/2016;28;0.704815019771305
26/11/2016;29;0.771894320090779
27/11/2016;11;0.701117335937398
27/11/2016;13;0.700556782370906
27/11/2016;14;0.740529631460736
27/11/2016;15;0.686000846471182
27/11/2016;16;0.709331265844376
27/11/2016;17;0.806462810447770
27/11/2016;18;0.599129385105327
27/11/2016;19;0.863131206531268
27/11/2016;20;1.000000000000000
27/11/2016;21;0.788357510255335
27/11/2016;22;1.000000000000000
27/11/2016;23;0.917476541860783
27/11/2016;24;0.795821513437563
27/11/2016;25;0.931890177839487
27/11/2016;26;0.826744630707227
27/11/2016;27;0.837532660605828
27/11/2016;28;0.645752662869771
27/11/2016;29;0.865755534908373
28/11/2016;11;0.792839193898442
28/11/2016;13;0.820762203142047
28/11/2016;14;0.803022388347533
28/11/2016;15;0.776275090780135
28/11/2016;16;0.856927231370885
28/11/2016;17;0.831652852386278
28/11/2016;18;0.801660998595080
28/11/2016;19;0.935615283274425
28/11/2016;20;1.000000000000000
28/11/2016;21;0.889368990813968
28/11/2016;22;1.063311474895870
28/11/2016;23;0.934422170086556
28/11/2016;24;0.863721824869363
28/11/2016;25;1.000000000000000
28/11/2016;26;0.894882851181444
28/11/2016;27;0.945459553299812
28/11/2016;28;0.823338693797193
28/11/2016;29;0.924151829028389
29/11/2016;11;0.877911141804871
29/11/2016;13;0.879567974219217
29/11/2016;14;1.000000000000000
29/11/2016;15;1.000000000000000
29/11/2016;16;1.138962194860170
29/11/2016;17;1.022845644724020
29/11/2016;18;1.019053707759310
29/11/2016;19;1.000000000000000
29/11/2016;20;1.030725029630980
29/11/2016;21;1.004103384792870
29/11/2016;22;1.127597407402380
29/11/2016;23;1.019963498724420
29/11/2016;24;1.091904531477980
29/11/2016;25;1.167276906359060
29/11/2016;26;1.091501603990370
29/11/2016;27;1.128186521390400
29/11/2016;28;1.000000000000000
29/11/2016;29;1.000000000000000
30/11/2016;11;1.017557092243970
30/11/2016;13;1.056737655641990
30/11/2016;14;1.041811497257400
30/11/2016;15;1.235245795520080
30/11/2016;16;1.226680849997960
30/11/2016;17;1.130683069403740
30/11/2016;18;1.157241568345410
30/11/2016;19;1.182488325900230
30/11/2016;20;1.200101161930540
30/11/2016;21;1.149233629948150
30/11/2016;22;1.214622758205130
30/11/2016;23;1.134123610064620
30/11/2016;24;1.355017756947330
30/11/2016;25;1.335196301255210
30/11/2016;26;1.322506671762160
30/11/2016;27;1.379903407667510
30/11/2016;28;1.167662334575140
30/11/2016;29;1.135058965493690
01/12/2016;11;0.993141488102903
01/12/2016;13;1.066648242290840
01/12/2016;14;1.037918054770320
01/12/2016;15;1.240015395648180
01/12/2016;16;1.133900678895540
01/12/2016;17;1.000000000000000
01/12/2016;18;1.137080983502490
01/12/2016;19;1.236400149192320
01/12/2016;20;1.196314398893120
01/12/2016;21;1.000000000000000
01/12/2016;22;1.253701433858790
01/12/2016;23;1.181236675043120
01/12/2016;24;1.262581071420770
01/12/2016;25;1.238768372884140
01/12/2016;26;1.182157956674100
01/12/2016;27;1.322603109812450
01/12/2016;28;1.221567239703190
01/12/2016;29;1.146559198344100
02/12/2016;11;0.855145971208463
02/12/2016;13;0.892087705571885
02/12/2016;14;0.976303869807187
02/12/2016;15;1.109978718244220
02/12/2016;16;1.068648967720780
02/12/2016;17;0.922488588608334
02/12/2016;18;1.059227096013630
02/12/2016;19;1.217521070360250
02/12/2016;20;1.177946735930760
02/12/2016;21;1.000000000000000
02/12/2016;22;1.181074597782150
02/12/2016;23;1.172084575529910
02/12/2016;24;1.116822717113840
02/12/2016;25;1.254790347101710
02/12/2016;26;1.176111607545060
02/12/2016;27;1.188372528985030
02/12/2016;28;1.126869221358540
02/12/2016;29;1.142419011398110
03/12/2016;11;0.824246312291481
03/12/2016;13;0.866900807274349
03/12/2016;14;1.000000000000000
03/12/2016;15;0.966252366004323
03/12/2016;16;0.995919164614294
03/12/2016;17;1.000000000000000
03/12/2016;18;1.027136206748240
03/12/2016;19;1.041690788163010
03/12/2016;20;0.966833252050057
03/12/2016;21;1.051940488021740
03/12/2016;22;1.000000000000000
03/12/2016;23;1.000000000000000
03/12/2016;24;1.000000000000000
03/12/2016;25;1.146055051732850
03/12/2016;26;1.200775847739550
03/12/2016;27;1.068042530316420
03/12/2016;28;1.043648087358720
03/12/2016;29;1.086296168462950
04/12/2016;11;0.832783036416680
04/12/2016;13;0.872904594534072
04/12/2016;14;0.943699036984890
04/12/2016;15;0.914217093039387
04/12/2016;16;0.963848772136607
04/12/2016;17;1.039481601453660
04/12/2016;18;0.925528970006299
04/12/2016;19;0.953800201330266
04/12/2016;20;0.918764680073225
04/12/2016;21;1.000000000000000
04/12/2016;22;0.928873858029101
04/12/2016;23;1.000000000000000
04/12/2016;24;0.964886986483199
04/12/2016;25;0.989796980882507
04/12/2016;26;1.099610082097950
04/12/2016;27;1.040395287753490
04/12/2016;28;0.997867453877012
04/12/2016;29;1.084601229631130
05/12/2016;11;0.839548176504933
05/12/2016;13;0.901491001915383
05/12/2016;14;0.914981100248187
05/12/2016;15;0.919514023190194
05/12/2016;16;0.925805415681522
05/12/2016;17;1.039640731326290
05/12/2016;18;0.865582393172453
05/12/2016;19;0.878693329162856
05/12/2016;20;0.918054265936596
05/12/2016;21;0.978974210239950
05/12/2016;22;0.891289075120984
05/12/2016;23;1.016000153072660
05/12/2016;24;1.000000000000000
05/12/2016;25;0.934459679761691
05/12/2016;26;1.093423402123870
05/12/2016;27;1.051783264877580
05/12/2016;28;0.943056232783844
05/12/2016;29;1.000000000000000
06/12/2016;11;1.000000000000000
06/12/2016;13;0.934468387548967
06/12/2016;14;1.000000000000000
06/12/2016;15;1.000000000000000
06/12/2016;16;0.944176939034825
06/12/2016;17;1.000000000000000
06/12/2016;18;0.866951293994523
06/12/2016;19;0.949863708857588
06/12/2016;20;0.926466942921202
06/12/2016;21;1.000840954538290
06/12/2016;22;0.931350621900011
06/12/2016;23;1.059686588830870
06/12/2016;24;1.025829211753750
06/12/2016;25;1.000000000000000
06/12/2016;26;1.125737961351830
06/12/2016;27;1.079697360577080
06/12/2016;28;0.955573376160309
06/12/2016;29;0.993563897230805
07/12/2016;11;0.957974239162345
07/12/2016;13;1.000000000000000
07/12/2016;14;1.015153817337740
07/12/2016;15;1.006331348268030
07/12/2016;16;1.024122057876350
07/12/2016;17;0.940595118418428
07/12/2016;18;1.004285436654680
07/12/2016;19;0.914301429166923
07/12/2016;20;0.989271848469384
07/12/2016;21;1.017317958910420
07/12/2016;22;0.977631919301502
07/12/2016;23;1.000000000000000
07/12/2016;24;1.000000000000000
07/12/2016;25;0.959109658345328
07/12/2016;26;1.000000000000000
07/12/2016;27;1.059288327183950
07/12/2016;28;0.973161631397970
07/12/2016;29;0.960525656556910
08/12/2016;11;1.013150220894070
08/12/2016;13;1.073139444272000
08/12/2016;14;1.016456953575170
08/12/2016;15;1.103456912513550
08/12/2016;16;1.061476088356770
08/12/2016;17;0.956373623929285
08/12/2016;18;1.126373644086310
08/12/2016;19;1.000000000000000
08/12/2016;20;1.021494319378420
08/12/2016;21;1.104172481624670
08/12/2016;22;1.026675036630540
08/12/2016;23;1.029518259479840
08/12/2016;24;1.033889294590920
08/12/2016;25;1.000000000000000
08/12/2016;26;1.000000000000000
08/12/2016;27;1.068870869128360
08/12/2016;28;0.982174221103253
08/12/2016;29;0.954960707350211
09/12/2016;11;0.996734341677167
09/12/2016;13;1.135494588802310
09/12/2016;14;1.032151744912030
09/12/2016;15;1.201880331986880
09/12/2016;16;1.000000000000000
09/12/2016;17;1.009337137702220
09/12/2016;18;1.227298329412470
09/12/2016;19;1.192634433045820
09/12/2016;20;1.101784292854620
09/12/2016;21;1.207387103171850
09/12/2016;22;1.088766684032830
09/12/2016;23;1.149670980098630
09/12/2016;24;1.000000000000000
09/12/2016;25;1.062312414385440
09/12/2016;26;1.141571486138780
09/12/2016;27;1.090056494811590
09/12/2016;28;0.963175832458746
09/12/2016;29;0.963167646383797
10/12/2016;11;0.972275343437517
10/12/2016;13;1.146920396301980
10/12/2016;14;0.987908968776111
10/12/2016;15;1.251698191190620
10/12/2016;16;1.036248042703210
10/12/2016;17;0.949163826826334
10/12/2016;18;1.279644590159380
10/12/2016;19;1.126513181273780
10/12/2016;20;1.116367100385550
10/12/2016;21;1.212089827460360
10/12/2016;22;1.051478695957090
10/12/2016;23;1.168252293990320
10/12/2016;24;0.929342871088842
10/12/2016;25;1.097700923008940
10/12/2016;26;1.203067829622060
10/12/2016;27;0.996144982652182
10/12/2016;28;1.000000000000000
10/12/2016;29;1.000000000000000
11/12/2016;11;0.950481064606649
11/12/2016;13;1.077089511424050
11/12/2016;14;0.961662979593834
11/12/2016;15;1.236419241088220
11/12/2016;16;1.125439838859720
11/12/2016;17;0.818163877540251
11/12/2016;18;1.182798578647670
11/12/2016;19;0.988919583466071
11/12/2016;20;1.000000000000000
11/12/2016;21;1.233197236590700
11/12/2016;22;0.989440286064872
11/12/2016;23;1.156957323290640
11/12/2016;24;0.909043824108144
11/12/2016;25;1.089291985037380
11/12/2016;26;1.140115479582210
11/12/2016;27;0.947976542727180
11/12/2016;28;1.000000000000000
11/12/2016;29;1.048728761643930
12/12/2016;11;1.100341079639050
12/12/2016;13;1.011948920069540
12/12/2016;14;0.916715321339769
12/12/2016;15;1.000000000000000
12/12/2016;16;1.000000000000000
12/12/2016;17;0.803670290356537
12/12/2016;18;1.000000000000000
12/12/2016;19;0.880159546653992
12/12/2016;20;0.900897518032248
12/12/2016;21;1.117888597842620
12/12/2016;22;0.913516323003727
12/12/2016;23;1.000000000000000
12/12/2016;24;0.931364032232257
12/12/2016;25;0.993089632371846
12/12/2016;26;1.088047563436320
12/12/2016;27;0.927407852395121
12/12/2016;28;0.969408077251844
12/12/2016;29;1.000000000000000
13/12/2016;11;1.187940236275220
13/12/2016;13;1.013849708986220
13/12/2016;14;0.902810183420961
13/12/2016;15;1.021121692353210
13/12/2016;16;0.892151657117081
13/12/2016;17;0.845023841428879
13/12/2016;18;1.071047801866810
13/12/2016;19;1.000000000000000
13/12/2016;20;0.897307470828369
13/12/2016;21;1.010472365725800
13/12/2016;22;0.924100422858784
13/12/2016;23;1.000000000000000
13/12/2016;24;0.966355567559664
13/12/2016;25;0.921674931193232
13/12/2016;26;0.999980407289040
13/12/2016;27;0.942135876233704
13/12/2016;28;0.977916476499593
13/12/2016;29;0.978246371357594
14/12/2016;11;1.207531436941080
14/12/2016;13;1.043606817295750
14/12/2016;14;0.933456028524547
14/12/2016;15;1.000000000000000
14/12/2016;16;1.000000000000000
14/12/2016;17;0.880442907098120
14/12/2016;18;1.154961294120340
14/12/2016;19;1.145564191013870
14/12/2016;20;1.007728028103740
14/12/2016;21;1.022140428050800
14/12/2016;22;1.005090210343080
14/12/2016;23;1.063067515992060
14/12/2016;24;1.003399555461820
14/12/2016;25;1.005630540560290
14/12/2016;26;1.032920597140780
14/12/2016;27;1.034040950000210
14/12/2016;28;1.015824458680190
14/12/2016;29;1.000000000000000
15/12/2016;11;1.182429570427910
15/12/2016;13;1.049958037132340
15/12/2016;14;0.950518707606589
15/12/2016;15;1.021144659301120
15/12/2016;16;0.994429628775173
15/12/2016;17;0.900169519436714
15/12/2016;18;1.187232086637560
15/12/2016;19;1.141124847737730
15/12/2016;20;1.000000000000000
15/12/2016;21;1.067261192002250
15/12/2016;22;1.000000000000000
15/12/2016;23;1.107570884644200
15/12/2016;24;1.033108293844470
15/12/2016;25;1.101156360138330
15/12/2016;26;1.000000000000000
15/12/2016;27;1.096086483638490
15/12/2016;28;1.000000000000000
15/12/2016;29;1.000000000000000
16/12/2016;11;1.152951477363990
16/12/2016;13;1.000000000000000
16/12/2016;14;1.000000000000000
16/12/2016;15;1.033566590246500
16/12/2016;16;1.039294000318120
16/12/2016;17;1.000000000000000
16/12/2016;18;1.108610700131140
16/12/2016;19;1.074599547657940
16/12/2016;20;1.013073645315730
16/12/2016;21;1.060122400177040
16/12/2016;22;1.022561905567600
16/12/2016;23;1.062987451789530
16/12/2016;24;1.028971525250100
16/12/2016;25;1.118072753646930
16/12/2016;26;1.079229676404350
16/12/2016;27;1.084163209526270
16/12/2016;28;1.000000000000000
16/12/2016;29;0.995826643562626
17/12/2016;11;1.000000000000000
17/12/2016;13;1.075526447157490
17/12/2016;14;1.025347443032050
17/12/2016;15;1.053216887917250
17/12/2016;16;1.000000000000000
17/12/2016;17;1.043183504293540
17/12/2016;18;1.032914501696530
17/12/2016;19;1.000000000000000
17/12/2016;20;1.000000000000000
17/12/2016;21;1.012495499102590
17/12/2016;22;1.072817158700390
17/12/2016;23;1.000000000000000
17/12/2016;24;1.030711902993550
17/12/2016;25;1.072244141626970
17/12/2016;26;1.273206123487260
17/12/2016;27;1.088079867999180
17/12/2016;28;1.063103214741830
17/12/2016;29;0.973170224488268
18/12/2016;11;1.018737079311350
18/12/2016;13;1.134813478602160
18/12/2016;14;1.022899225321970
18/12/2016;15;1.176918347215440
18/12/2016;16;1.000000000000000
18/12/2016;17;0.999334682881934
18/12/2016;18;1.210512800476660
18/12/2016;19;1.000000000000000
18/12/2016;20;1.000000000000000
18/12/2016;21;1.035175467157090
18/12/2016;22;1.076043731873210
18/12/2016;23;1.018979762153140
18/12/2016;24;1.048285444827320
18/12/2016;25;1.092509043384190
18/12/2016;26;1.255019613416980
18/12/2016;27;1.094870609299320
18/12/2016;28;1.059393525732230
18/12/2016;29;0.994245649598884
19/12/2016;11;1.071480082998520
19/12/2016;13;1.070426485882920
19/12/2016;14;0.947524430085247
19/12/2016;15;1.131580599709600
19/12/2016;16;1.020631888015910
19/12/2016;17;1.047898198016510
19/12/2016;18;1.216514396282320
19/12/2016;19;1.049101227963720
19/12/2016;20;1.063975601515490
19/12/2016;21;1.074960848230290
19/12/2016;22;1.000000000000000
19/12/2016;23;1.072656219478410
19/12/2016;24;1.058787406300210
19/12/2016;25;1.088992951618260
19/12/2016;26;1.119585957373910
19/12/2016;27;1.052202443196850
19/12/2016;28;1.039796831218740
19/12/2016;29;0.971885982607499
20/12/2016;11;0.919130307163522
20/12/2016;13;0.961687048393611
20/12/2016;14;0.897792761601448
20/12/2016;15;0.903802130411580
20/12/2016;16;0.965860221451691
20/12/2016;17;1.081211396986550
20/12/2016;18;0.994329633978161
20/12/2016;19;0.963814166946246
20/12/2016;20;0.998605747969286
20/12/2016;21;1.000000000000000
20/12/2016;22;0.920360781404934
20/12/2016;23;1.000000000000000
20/12/2016;24;1.000000000000000
20/12/2016;25;0.972620798184555
20/12/2016;26;1.000000000000000
20/12/2016;27;0.986636162221594
20/12/2016;28;0.989732238908673
20/12/2016;29;0.921869609566310
21/12/2016;11;0.770469955379559
21/12/2016;13;0.810670037357860
21/12/2016;14;0.897993687102525
21/12/2016;15;0.763634266766015
21/12/2016;16;0.909966911937437
21/12/2016;17;1.000000000000000
21/12/2016;18;0.754581179716338
21/12/2016;19;0.757516797794607
21/12/2016;20;0.820714253687033
21/12/2016;21;0.858803566219320
21/12/2016;22;0.836023167691299
21/12/2016;23;0.927291714484565
21/12/2016;24;0.901275789530073
21/12/2016;25;0.869129734532798
21/12/2016;26;0.876487867082773
21/12/2016;27;0.875988747773939
21/12/2016;28;0.888562263282721
21/12/2016;29;0.897545394537930
22/12/2016;11;0.727627143776373
22/12/2016;13;0.827123597880914
22/12/2016;14;0.900409167854716
22/12/2016;15;0.816077032480561
22/12/2016;16;0.887670098812240
22/12/2016;17;0.908256876042897
22/12/2016;18;0.748146322413221
22/12/2016;19;1.000000000000000
22/12/2016;20;1.000000000000000
22/12/2016;21;1.000000000000000
22/12/2016;22;1.000000000000000
22/12/2016;23;0.922066646720959
22/12/2016;24;0.911037044476563
22/12/2016;25;1.000000000000000
22/12/2016;26;1.004593517723340
22/12/2016;27;1.000000000000000
22/12/2016;28;0.900684927475975
22/12/2016;29;0.989034914858830
23/12/2016;11;0.809827965613404
23/12/2016;13;1.000000000000000
23/12/2016;14;0.927038025934508
23/12/2016;15;0.902268343603527
23/12/2016;16;0.830155482666053
23/12/2016;17;0.902726783578152
23/12/2016;18;0.810189869141681
23/12/2016;19;1.075782171208720
23/12/2016;20;1.068360663118610
23/12/2016;21;1.035039339109570
23/12/2016;22;1.090896077359950
23/12/2016;23;1.030261557243250
23/12/2016;24;1.017878879648770
23/12/2016;25;1.028405525063180
23/12/2016;26;1.120314704287210
23/12/2016;27;1.073268314015720
23/12/2016;28;1.000000000000000
23/12/2016;29;1.000000000000000
24/12/2016;11;0.881830354860246
24/12/2016;13;1.037650382412480
24/12/2016;14;1.000000000000000
24/12/2016;15;1.000000000000000
24/12/2016;16;1.000000000000000
24/12/2016;17;1.014273664314770
24/12/2016;18;0.796450690867806
24/12/2016;19;1.227974675499840
24/12/2016;20;1.124928017675430
24/12/2016;21;1.139769402192060
24/12/2016;22;1.131712712525450
24/12/2016;23;1.000000000000000
24/12/2016;24;1.000000000000000
24/12/2016;25;1.082655505989900
24/12/2016;26;1.092387570683990
24/12/2016;27;1.084612732043480
24/12/2016;28;1.051774613025300
24/12/2016;29;1.061915657385260
25/12/2016;11;0.926632652208007
25/12/2016;13;1.071431286429320
25/12/2016;14;0.995079971208416
25/12/2016;15;1.000000000000000
25/12/2016;16;1.025580885011460
25/12/2016;17;1.046718503824860
25/12/2016;18;1.000000000000000
25/12/2016;19;1.291205766482330
25/12/2016;20;1.148236566322220
25/12/2016;21;1.218976369842870
25/12/2016;22;1.148798310204300
25/12/2016;23;1.035488505200840
25/12/2016;24;1.000000000000000
25/12/2016;25;1.097081952751290
25/12/2016;26;1.133156102219940
25/12/2016;27;1.050572309239020
25/12/2016;28;1.000000000000000
25/12/2016;29;1.033514540467760
26/12/2016;11;0.816132502078405
26/12/2016;13;1.000000000000000
26/12/2016;14;0.892164214589845
26/12/2016;15;0.990200513574565
26/12/2016;16;1.000000000000000
26/12/2016;17;0.970444202317720
26/12/2016;18;0.961143938818121
26/12/2016;19;1.210773695177430
26/12/2016;20;1.100254418182040
26/12/2016;21;1.000000000000000
26/12/2016;22;1.096291844264130
26/12/2016;23;1.077713756812340
26/12/2016;24;0.914048015243386
26/12/2016;25;1.042823884653870
26/12/2016;26;1.135392197749900
26/12/2016;27;1.000000000000000
26/12/2016;28;0.965994761346581
26/12/2016;29;1.039398395026440
27/12/2016;11;0.665913169456994
27/12/2016;13;0.787130341124903
27/12/2016;14;0.759641851352483
27/12/2016;15;0.977116295389098
27/12/2016;16;0.887926853264109
27/12/2016;17;0.822959446030283
27/12/2016;18;0.833834600373474
27/12/2016;19;1.171090270798560
27/12/2016;20;1.000000000000000
27/12/2016;21;0.933555868186470
27/12/2016;22;1.000000000000000
27/12/2016;23;0.956030302514264
27/12/2016;24;0.809161202658921
27/12/2016;25;0.962960772888746
27/12/2016;26;0.997650908948306
27/12/2016;27;0.937696910647075
27/12/2016;28;0.955656858287059
27/12/2016;29;1.031703967948020
28/12/2016;11;0.670851761873116
28/12/2016;13;0.793776726713165
28/12/2016;14;0.666325709558745
28/12/2016;15;0.943159064156701
28/12/2016;16;0.842027917162745
28/12/2016;17;0.766107896145599
28/12/2016;18;0.822118908022416
28/12/2016;19;1.074121034950000
28/12/2016;20;0.910108668445284
28/12/2016;21;0.942744131041988
28/12/2016;22;0.954424156296130
28/12/2016;23;0.854379601661419
28/12/2016;24;0.863221166978378
28/12/2016;25;0.905982700564991
28/12/2016;26;0.929445013961133
28/12/2016;27;1.000000000000000
28/12/2016;28;0.943156933626298
28/12/2016;29;1.046263240097570
29/12/2016;11;0.860565944524445
29/12/2016;13;0.934899455411514
29/12/2016;14;0.787804589533487
29/12/2016;15;0.931523320928006
29/12/2016;16;0.916127257480806
29/12/2016;17;0.900882063850968
29/12/2016;18;0.912786850002016
29/12/2016;19;1.066961864570090
29/12/2016;20;1.000000000000000
29/12/2016;21;0.916673674915371
29/12/2016;22;1.000000000000000
29/12/2016;23;0.888861568179594
29/12/2016;24;1.041502352400230
29/12/2016;25;1.002337903801840
29/12/2016;26;1.000000000000000
29/12/2016;27;1.049086818951880
29/12/2016;28;1.101977005956990
29/12/2016;29;1.055760632777460
30/12/2016;11;0.902627724321080
30/12/2016;13;1.017827143833320
30/12/2016;14;1.000000000000000
30/12/2016;15;1.008745105748240
30/12/2016;16;1.000000000000000
30/12/2016;17;1.011310576994070
30/12/2016;18;1.017235725261310
30/12/2016;19;1.085331093368980
30/12/2016;20;1.025402481564040
30/12/2016;21;0.907612677484323
30/12/2016;22;1.087768031950940
30/12/2016;23;0.949340520128592
30/12/2016;24;1.163235847689170
30/12/2016;25;1.122237706017000
30/12/2016;26;1.099991041398840
30/12/2016;27;1.156165818535730
30/12/2016;28;1.262353069463950
30/12/2016;29;1.135665159641490
31/12/2016;11;0.938043044857937
31/12/2016;13;1.069156324136290
31/12/2016;14;0.997999901627421
31/12/2016;15;1.045908095859030
31/12/2016;16;0.983691279797133
31/12/2016;17;0.983558422999373
31/12/2016;18;1.000000000000000
31/12/2016;19;1.042403502152420
31/12/2016;20;1.000000000000000
31/12/2016;21;1.000000000000000
31/12/2016;22;1.138220362799190
31/12/2016;23;0.974560976711708
31/12/2016;24;1.105477268048090
31/12/2016;25;1.150605682346720
31/12/2016;26;1.143812974869700
31/12/2016;27;1.125596230245650
31/12/2016;28;1.280776802517890
31/12/2016;29;1.162053542532400
01/01/2017;11;0.980252075485590
01/01/2017;13;1.059188655792600
01/01/2017;14;0.964991829929264
01/01/2017;15;1.045760554904220
01/01/2017;16;1.000000000000000
01/01/2017;17;0.946848729212674
01/01/2017;18;1.000000000000000
01/01/2017;19;1.104463355614710
01/01/2017;20;1.050107462334270
01/01/2017;21;1.051485247464760
01/01/2017;22;1.124401032362580
01/01/2017;23;1.002061393442970
01/01/2017;24;1.040701276676120
01/01/2017;25;1.156824582794390
01/01/2017;26;1.144815905139100
01/01/2017;27;1.093885723727460
01/01/2017;28;1.192907722046430
01/01/2017;29;1.142797400548980
02/01/2017;11;0.927316787682382
02/01/2017;13;1.032422040757860
02/01/2017;14;1.000000000000000
02/01/2017;15;1.073349926885830
02/01/2017;16;1.000000000000000
02/01/2017;17;0.852549830413887
02/01/2017;18;0.994520253611916
02/01/2017;19;1.000000000000000
02/01/2017;20;1.000000000000000
02/01/2017;21;0.993607833966876
02/01/2017;22;1.101153748334390
02/01/2017;23;1.037702507476110
02/01/2017;24;1.052396809943500
02/01/2017;25;1.189095697436100
02/01/2017;26;1.072750611025250
02/01/2017;27;1.070205906269210
02/01/2017;28;1.101040251711210
02/01/2017;29;1.167327525654610
03/01/2017;11;0.911121552490674
03/01/2017;13;1.014287970766410
03/01/2017;14;0.955549499240936
03/01/2017;15;1.000000000000000
03/01/2017;16;0.974253396241302
03/01/2017;17;0.854107469368831
03/01/2017;18;0.990579828534883
03/01/2017;19;0.967921341440864
03/01/2017;20;0.981536288739317
03/01/2017;21;0.912352484197546
03/01/2017;22;1.000000000000000
03/01/2017;23;1.000000000000000
03/01/2017;24;1.000000000000000
03/01/2017;25;1.062725785342230
03/01/2017;26;1.050520060320780
03/01/2017;27;1.033088295366000
03/01/2017;28;1.057869236007380
03/01/2017;29;1.118902659796510
04/01/2017;11;1.022667944191420
04/01/2017;13;1.013079615150960
04/01/2017;14;0.910247469793526
04/01/2017;15;1.046978558946760
04/01/2017;16;1.006962984662330
04/01/2017;17;0.969942518156404
04/01/2017;18;1.009369836822990
04/01/2017;19;1.006890964354070
04/01/2017;20;1.014390476487680
04/01/2017;21;1.000000000000000
04/01/2017;22;1.008296232556590
04/01/2017;23;1.000000000000000
04/01/2017;24;1.043960227933830
04/01/2017;25;1.046665933699160
04/01/2017;26;1.071327274744720
04/01/2017;27;1.045907434538570
04/01/2017;28;1.034325319717150
04/01/2017;29;1.073370216519200
05/01/2017;11;1.031537576965400
05/01/2017;13;0.931457449600625
05/01/2017;14;0.915101537189433
05/01/2017;15;1.061756499967220
05/01/2017;16;1.059017695695000
05/01/2017;17;0.972785570687844
05/01/2017;18;1.014471499658230
05/01/2017;19;1.129828248977050
05/01/2017;20;1.114027624914650
05/01/2017;21;1.041215140805570
05/01/2017;22;1.119834166874810
05/01/2017;23;1.148196526892790
05/01/2017;24;1.170164191367050
05/01/2017;25;1.147981558262410
05/01/2017;26;1.136092510691510
05/01/2017;27;1.096962915402990
05/01/2017;28;1.023039671945960
05/01/2017;29;1.037682547462580
06/01/2017;11;1.212424370835540
06/01/2017;13;1.012956431900820
06/01/2017;14;1.000000000000000
06/01/2017;15;1.115138997706650
06/01/2017;16;1.207710910046500
06/01/2017;17;1.097576191739290
06/01/2017;18;1.194996694046700
06/01/2017;19;1.141537951002690
06/01/2017;20;1.148445408498160
06/01/2017;21;1.083564962283530
06/01/2017;22;1.225016600772980
06/01/2017;23;1.142811847166370
06/01/2017;24;1.122729764999120
06/01/2017;25;1.168909937911740
06/01/2017;26;1.274563231621500
06/01/2017;27;1.147136897660350
06/01/2017;28;1.000000000000000
06/01/2017;29;1.151675313070200
07/01/2017;11;1.358415641066800
07/01/2017;13;1.191087622829030
07/01/2017;14;1.255284373169960
07/01/2017;15;1.298767445858730
07/01/2017;16;1.411051347227940
07/01/2017;17;1.210556666047150
07/01/2017;18;1.409500594350430
07/01/2017;19;1.205126241805640
07/01/2017;20;1.314064490774770
07/01/2017;21;1.187892296198600
07/01/2017;22;1.362252901109010
07/01/2017;23;1.121869086246800
07/01/2017;24;1.288630011057300
07/01/2017;25;1.081666454452950
07/01/2017;26;1.351082753981160
07/01/2017;27;1.319424148978720
07/01/2017;28;1.175295916545400
07/01/2017;29;1.305290194357590
08/01/2017;11;1.408085162683170
08/01/2017;13;1.245431269837050
08/01/2017;14;1.198833700219270
08/01/2017;15;1.398942214114910
08/01/2017;16;1.432424180695160
08/01/2017;17;1.154493044050740
08/01/2017;18;1.465973607730380
08/01/2017;19;1.305067487643260
08/01/2017;20;1.396955836295690
08/01/2017;21;1.218439055332150
08/01/2017;22;1.424971972227590
08/01/2017;23;1.172921256140730
08/01/2017;24;1.601712887768860
08/01/2017;25;1.241448697608840
08/01/2017;26;1.590306686037680
08/01/2017;27;1.469379053394350
08/01/2017;28;1.111375548678460
08/01/2017;29;1.218733201023250
09/01/2017;11;1.355011492382640
09/01/2017;13;1.265467635101360
09/01/2017;14;1.000000000000000
09/01/2017;15;1.388977508488240
09/01/2017;16;1.368478121672350
09/01/2017;17;1.161684942356180
09/01/2017;18;1.452520232676240
09/01/2017;19;1.370228967456890
09/01/2017;20;1.371156813275720
09/01/2017;21;1.291979743538810
09/01/2017;22;1.378843493851770
09/01/2017;23;1.311416623587550
09/01/2017;24;1.471542190663400
09/01/2017;25;1.469587288899480
09/01/2017;26;1.470090297918920
09/01/2017;27;1.398231064168060
09/01/2017;28;1.383811457615340
09/01/2017;29;1.238315647313810
10/01/2017;11;1.415620869166480
10/01/2017;13;1.261602525462270
10/01/2017;14;1.092516761067190
10/01/2017;15;1.316420591778390
10/01/2017;16;1.426536502307490
10/01/2017;17;1.240399140463790
10/01/2017;18;1.484905285495600
10/01/2017;19;1.359772921298970
10/01/2017;20;1.271513051842130
10/01/2017;21;1.204149392542260
10/01/2017;22;1.278540634804620
10/01/2017;23;1.152705759536460
10/01/2017;24;1.384671885198470
10/01/2017;25;1.334711067316520
10/01/2017;26;1.378809727485200
10/01/2017;27;1.328880061064940
10/01/2017;28;1.368254058110430
10/01/2017;29;1.268127075126730
11/01/2017;11;1.446284560161860
11/01/2017;13;1.220070879021970
11/01/2017;14;1.145359374143560
11/01/2017;15;1.380813570961490
11/01/2017;16;1.623864021433500
11/01/2017;17;1.325320907032730
11/01/2017;18;1.439220800393550
11/01/2017;19;1.374016291975230
11/01/2017;20;1.300065431831240
11/01/2017;21;1.225134035609150
11/01/2017;22;1.275768199803020
11/01/2017;23;1.265186620024030
11/01/2017;24;1.331879010150130
11/01/2017;25;1.378481317433850
11/01/2017;26;1.407476100012270
11/01/2017;27;1.314917017839910
11/01/2017;28;1.274936965517100
11/01/2017;29;1.184417405755780
12/01/2017;11;1.309444865878780
12/01/2017;13;1.148714766902600
12/01/2017;14;1.167625926230860
12/01/2017;15;1.419501244185430
12/01/2017;16;1.580531574705600
12/01/2017;17;1.235426913001290
12/01/2017;18;1.452114555593800
12/01/2017;19;1.269880863281710
12/01/2017;20;1.285484140228820
12/01/2017;21;1.228928773669960
12/01/2017;22;1.253617114967760
12/01/2017;23;1.239831847704080
12/01/2017;24;1.356533768136830
12/01/2017;25;1.318646638843350
12/01/2017;26;1.499702383359720
12/01/2017;27;1.296678231866520
12/01/2017;28;1.213633685279570
12/01/2017;29;1.087196333920380
13/01/2017;11;1.165844176245420
13/01/2017;13;1.094768774842160
13/01/2017;14;1.088911211781260
13/01/2017;15;1.253049383742570
13/01/2017;16;1.278889876648250
13/01/2017;17;1.135886545316200
13/01/2017;18;1.339737940946730
13/01/2017;19;1.169051518702690
13/01/2017;20;1.000000000000000
13/01/2017;21;1.000000000000000
13/01/2017;22;1.000000000000000
13/01/2017;23;1.145722246398650
13/01/2017;24;1.000000000000000
13/01/2017;25;1.000000000000000
13/01/2017;26;1.284088195006550
13/01/2017;27;1.173470134083790
13/01/2017;28;1.121929300259010
13/01/2017;29;1.037755193687800
14/01/2017;11;0.988990593314718
14/01/2017;13;1.048618189364820
14/01/2017;14;1.056220971260650
14/01/2017;15;1.156671455584000
14/01/2017;16;1.099098721914800
14/01/2017;17;1.123462783850790
14/01/2017;18;1.179968985455760
14/01/2017;19;1.093158174333710
14/01/2017;20;1.015222997732730
14/01/2017;21;1.000000000000000
14/01/2017;22;1.024819142000860
14/01/2017;23;1.039044442664070
14/01/2017;24;1.114100370432090
14/01/2017;25;1.076816260644940
14/01/2017;26;1.090126637937110
14/01/2017;27;1.074777236067460
14/01/2017;28;1.070865301669310
14/01/2017;29;1.018346463886820
15/01/2017;11;1.023116636413230
15/01/2017;13;1.000000000000000
15/01/2017;14;1.080952735909440
15/01/2017;15;1.145547449860370
15/01/2017;16;1.136236914040510
15/01/2017;17;1.097798956841700
15/01/2017;18;1.157321060207210
15/01/2017;19;1.251387711878070
15/01/2017;20;1.197045476503990
15/01/2017;21;1.074868222242910
15/01/2017;22;1.175697839903990
15/01/2017;23;1.104055702971440
15/01/2017;24;1.254374313141020
15/01/2017;25;1.188469572636420
15/01/2017;26;1.189521862597640
15/01/2017;27;1.176361048868440
15/01/2017;28;1.181902163975580
15/01/2017;29;1.107373484178370
16/01/2017;11;1.105399809384420
16/01/2017;13;1.039293924967260
16/01/2017;14;1.097152481470790
16/01/2017;15;1.135395281928330
16/01/2017;16;1.161585400523640
16/01/2017;17;1.137729790033450
16/01/2017;18;1.163891144914490
16/01/2017;19;1.214645800888250
16/01/2017;20;1.137272934421730
16/01/2017;21;1.094764554513680
16/01/2017;22;1.134032540308330
16/01/2017;23;1.196958568660990
16/01/2017;24;1.231682002749790
16/01/2017;25;1.234180996427370
16/01/2017;26;1.236635300659800
16/01/2017;27;1.205049393778360
16/01/2017;28;1.188457192448460
16/01/2017;29;1.134049291881340
17/01/2017;11;1.129946103276500
17/01/2017;13;1.072377073690720
17/01/2017;14;1.089795284089890
17/01/2017;15;1.098452506004800
17/01/2017;16;1.152898735455690
17/01/2017;17;1.160604931198570
17/01/2017;18;1.099708502161400
17/01/2017;19;1.111932234966970
17/01/2017;20;1.100024998172240
17/01/2017;21;1.107102942642330
17/01/2017;22;1.096159950454050
17/01/2017;23;1.189059168905900
17/01/2017;24;1.192043353304460
17/01/2017;25;1.128207509522160
17/01/2017;26;1.195715786944470
17/01/2017;27;1.118858933072830
17/01/2017;28;1.180897423366930
17/01/2017;29;1.206453860912950
18/01/2017;11;1.073075308986990
18/01/2017;13;1.043363372204040
18/01/2017;14;1.075080254520450
18/01/2017;15;1.045273709542220
18/01/2017;16;1.174235033720660
18/01/2017;17;1.091950980768640
18/01/2017;18;1.024854687458680
18/01/2017;19;1.110351671510490
18/01/2017;20;1.108132529002870
18/01/2017;21;1.000000000000000
18/01/2017;22;1.061981922552310
18/01/2017;23;1.144072120305320
18/01/2017;24;1.160463634913900
18/01/2017;25;1.105696005545310
18/01/2017;26;1.162620933493520
18/01/2017;27;1.117214489344600
18/01/2017;28;1.188964208487420
18/01/2017;29;1.303858854333520
19/01/2017;11;1.000000000000000
19/01/2017;13;1.000000000000000
19/01/2017;14;1.043891469388440
19/01/2017;15;0.989303299646511
19/01/2017;16;1.176368693515880
19/01/2017;17;1.070358357912710
19/01/2017;18;0.930314098042563
19/01/2017;19;1.057186098186840
19/01/2017;20;1.056776919329780
19/01/2017;21;0.986205608605926
19/01/2017;22;1.019255387186540
19/01/2017;23;1.132076850735350
19/01/2017;24;1.129349631834920
19/01/2017;25;1.090261339813440
19/01/2017;26;1.092681643695020
19/01/2017;27;1.091329675774770
19/01/2017;28;1.142974068461700
19/01/2017;29;1.134686390836600
20/01/2017;11;1.007661776868400
20/01/2017;13;1.002216637463390
20/01/2017;14;1.012124284536860
20/01/2017;15;1.026886319863100
20/01/2017;16;1.202432750122170
20/01/2017;17;1.088709965494220
20/01/2017;18;1.000000000000000
20/01/2017;19;1.038179077478070
20/01/2017;20;1.079513716533640
20/01/2017;21;1.012247755388640
20/01/2017;22;1.048829650859130
20/01/2017;23;1.127672055140310
20/01/2017;24;1.192004895281170
20/01/2017;25;1.101838806484150
20/01/2017;26;1.117354080351060
20/01/2017;27;1.142734523285450
20/01/2017;28;1.102400919146150
20/01/2017;29;1.006341069054660
21/01/2017;11;1.036359652063680
21/01/2017;13;1.038819288625150
21/01/2017;14;1.055573658711760
21/01/2017;15;1.143613886824980
21/01/2017;16;1.223899387869990
21/01/2017;17;1.091449883502070
21/01/2017;18;1.116817179363630
21/01/2017;19;1.105931737584670
21/01/2017;20;1.126918543419750
21/01/2017;21;1.083763235497200
21/01/2017;22;1.081407176018910
21/01/2017;23;1.107882518319480
21/01/2017;24;1.188707027823600
21/01/2017;25;1.077593339679260
21/01/2017;26;1.125069974137970
21/01/2017;27;1.128485669721880
21/01/2017;28;1.000000000000000
21/01/2017;29;1.000000000000000
22/01/2017;11;0.981377720182025
22/01/2017;13;1.040256547080250
22/01/2017;14;1.107618090357240
22/01/2017;15;1.120911180741570
22/01/2017;16;1.153352277515610
22/01/2017;17;1.089732608869030
22/01/2017;18;1.083796379804060
22/01/2017;19;1.105262642351190
22/01/2017;20;1.000000000000000
22/01/2017;21;1.066005617766570
22/01/2017;22;0.971724838480585
22/01/2017;23;1.087477759077300
22/01/2017;24;1.083920436016990
22/01/2017;25;0.981119699768182
22/01/2017;26;1.000000000000000
22/01/2017;27;1.054372819689190
22/01/2017;28;0.961841285404727
22/01/2017;29;0.953546055823507
23/01/2017;11;0.896078821394849
23/01/2017;13;0.999446210908867
23/01/2017;14;1.108127114830570
23/01/2017;15;1.000000000000000
23/01/2017;16;1.090087344429480
23/01/2017;17;1.069502238505040
23/01/2017;18;0.978393700813030
23/01/2017;19;0.968310816185442
23/01/2017;20;0.985048051680916
23/01/2017;21;1.000000000000000
23/01/2017;22;0.882659135236607
23/01/2017;23;1.000000000000000
23/01/2017;24;0.998624205466376
23/01/2017;25;0.909718108405963
23/01/2017;26;0.908771427862038
23/01/2017;27;0.973842317745564
23/01/2017;28;1.000000000000000
23/01/2017;29;0.931887174690038
24/01/2017;11;0.881539870912463
24/01/2017;13;0.983395813744046
24/01/2017;14;1.071880805143950
24/01/2017;15;0.998082889804648
24/01/2017;16;1.047076062940280
24/01/2017;17;0.978975325295874
24/01/2017;18;0.869533799081566
24/01/2017;19;0.882508234015281
24/01/2017;20;0.958612795264392
24/01/2017;21;0.991745353876697
24/01/2017;22;0.897862635886862
24/01/2017;23;0.977935283428985
24/01/2017;24;0.978119349734594
24/01/2017;25;0.917751424667076
24/01/2017;26;0.907642685942585
24/01/2017;27;1.000000000000000
24/01/2017;28;1.019421100706180
24/01/2017;29;0.963834455450285
25/01/2017;11;0.796320176697255
25/01/2017;13;0.973533646069287
25/01/2017;14;1.037997998278310
25/01/2017;15;1.027773936535200
25/01/2017;16;1.104477992268500
25/01/2017;17;0.950803329451718
25/01/2017;18;1.000000000000000
25/01/2017;19;0.857717993404989
25/01/2017;20;0.930763647009043
25/01/2017;21;1.000000000000000
25/01/2017;22;0.911922128398549
25/01/2017;23;0.962063833508230
25/01/2017;24;0.979875560050977
25/01/2017;25;0.913895597022608
25/01/2017;26;0.933568371999457
25/01/2017;27;0.995590030647637
25/01/2017;28;1.000000000000000
25/01/2017;29;0.993961947805693
26/01/2017;11;0.887982644470484
26/01/2017;13;1.027276369475680
26/01/2017;14;1.045998421680610
26/01/2017;15;1.080727477848740
26/01/2017;16;1.196931065408530
26/01/2017;17;1.000000000000000
26/01/2017;18;1.150187537845270
26/01/2017;19;1.000000000000000
26/01/2017;20;1.000000000000000
26/01/2017;21;1.039750000350950
26/01/2017;22;0.930781856229082
26/01/2017;23;1.000000000000000
26/01/2017;24;1.007057898109920
26/01/2017;25;0.935107444274583
26/01/2017;26;1.000000000000000
26/01/2017;27;1.000000000000000
26/01/2017;28;1.026958225544070
26/01/2017;29;0.981222661285704
27/01/2017;11;1.000000000000000
27/01/2017;13;1.084213050856700
27/01/2017;14;1.063693134795690
27/01/2017;15;1.137693635479450
27/01/2017;16;1.191648588834130
27/01/2017;17;1.047149610685750
27/01/2017;18;1.186221720242780
27/01/2017;19;1.035122044471340
27/01/2017;20;1.064777912209280
27/01/2017;21;1.064620700361080
27/01/2017;22;0.974071753646508
27/01/2017;23;1.034360344412250
27/01/2017;24;1.051824330664850
27/01/2017;25;0.986417036012087
27/01/2017;26;1.009798537058430
27/01/2017;27;1.027049238311590
27/01/2017;28;1.039435843146100
27/01/2017;29;0.978009400553534
28/01/2017;11;1.056798869859890
28/01/2017;13;1.081072330187080
28/01/2017;14;1.102663030066200
28/01/2017;15;1.169427305901960
28/01/2017;16;1.160409586569390
28/01/2017;17;1.109185255758550
28/01/2017;18;1.179895586167360
28/01/2017;19;1.000000000000000
28/01/2017;20;1.081269890883210
28/01/2017;21;1.099564731350560
28/01/2017;22;0.959493481144188
28/01/2017;23;1.064922603741410
28/01/2017;24;1.057616040617300
28/01/2017;25;0.984539764609930
28/01/2017;26;1.052358405883960
28/01/2017;27;1.044706602320550
28/01/2017;28;0.982153015685100
28/01/2017;29;0.988284437601332
29/01/2017;11;0.984847845062637
29/01/2017;13;1.065975239168620
29/01/2017;14;1.088925057272750
29/01/2017;15;1.100695747713160
29/01/2017;16;1.156215356955940
29/01/2017;17;1.000000000000000
29/01/2017;18;1.108668196635150
29/01/2017;19;0.986789214868313
29/01/2017;20;1.062974680958700
29/01/2017;21;1.102388542956170
29/01/2017;22;1.000000000000000
29/01/2017;23;1.036853664747420
29/01/2017;24;1.045202686593390
29/01/2017;25;1.000000000000000
29/01/2017;26;1.000000000000000
29/01/2017;27;1.060457047912960
29/01/2017;28;0.947135931125723
29/01/2017;29;0.958155452907617
30/01/2017;11;0.949068168341554
30/01/2017;13;1.031846159309440
30/01/2017;14;1.075711167851080
30/01/2017;15;1.093165192193370
30/01/2017;16;1.171899604438110
30/01/2017;17;0.903998737268618
30/01/2017;18;1.055323696319310
30/01/2017;19;1.051666859956300
30/01/2017;20;1.060355149839190
30/01/2017;21;1.053323172127070
30/01/2017;22;1.053281182598950
30/01/2017;23;1.037921872948930
30/01/2017;24;1.036787085652150
30/01/2017;25;1.047639166955460
30/01/2017;26;1.003759403464620
30/01/2017;27;1.058255860479270
30/01/2017;28;1.016497454278170
30/01/2017;29;1.000000000000000
31/01/2017;11;0.956629493585233
31/01/2017;13;1.000000000000000
31/01/2017;14;1.000000000000000
31/01/2017;15;1.092871467438190
31/01/2017;16;1.094517268713670
31/01/2017;17;0.881412855362419
31/01/2017;18;1.000000000000000
31/01/2017;19;1.118490207423610
31/01/2017;20;1.000000000000000
31/01/2017;21;1.000000000000000
31/01/2017;22;1.000000000000000
31/01/2017;23;1.000000000000000
31/01/2017;24;1.000000000000000
31/01/2017;25;1.137106224176790
31/01/2017;26;1.082420257365130
31/01/2017;27;1.090050577102330
31/01/2017;28;1.064221170346610
31/01/2017;29;1.037981807409800
01/02/2017;11;0.947222982565768
01/02/2017;13;0.950132053162472
01/02/2017;14;0.955216740712125
01/02/2017;15;1.021928992735480
01/02/2017;16;0.997897729843886
01/02/2017;17;0.834429267879292
01/02/2017;18;0.924662078492709
01/02/2017;19;0.982541704977486
01/02/2017;20;0.935533916403436
01/02/2017;21;0.871406135193728
01/02/2017;22;0.906342539287950
01/02/2017;23;0.910450233075970
01/02/2017;24;0.922513652725120
01/02/2017;25;1.000000000000000
01/02/2017;26;1.000000000000000
01/02/2017;27;1.000000000000000
01/02/2017;28;1.076704961701100
01/02/2017;29;1.086422565956910
02/02/2017;11;0.925066597285976
02/02/2017;13;0.913937262329321
02/02/2017;14;0.923117703575629
02/02/2017;15;0.978635852725335
02/02/2017;16;0.951912473630050
02/02/2017;17;0.770824310651079
02/02/2017;18;0.912057729466071
02/02/2017;19;0.871142979432255
02/02/2017;20;0.855904110942085
02/02/2017;21;0.817826812743802
02/02/2017;22;0.834578461065012
02/02/2017;23;0.895274329759944
02/02/2017;24;0.857229832208028
02/02/2017;25;1.013669484226050
02/02/2017;26;0.956748132493384
02/02/2017;27;1.000000000000000
02/02/2017;28;1.000000000000000
02/02/2017;29;1.048263698623450
03/02/2017;11;0.851291445650801
03/02/2017;13;0.890308577418789
03/02/2017;14;0.902783946246887
03/02/2017;15;0.894018381138422
03/02/2017;16;0.855692631742647
03/02/2017;17;0.747225270739485
03/02/2017;18;0.815908328435063
03/02/2017;19;0.869821607740159
03/02/2017;20;0.816959028090727
03/02/2017;21;0.814762488845325
03/02/2017;22;0.819412693407474
03/02/2017;23;0.863396253853740
03/02/2017;24;0.821269061640455
03/02/2017;25;0.995284406053961
03/02/2017;26;0.934664329923999
03/02/2017;27;0.956969294911055
03/02/2017;28;0.931534200108079
03/02/2017;29;1.011886314688020
04/02/2017;11;0.837464791147897
04/02/2017;13;0.872399802395127
04/02/2017;14;0.889948104964472
04/02/2017;15;0.881974929738732
04/02/2017;16;0.830075677444978
04/02/2017;17;0.819612154300411
04/02/2017;18;0.751941020453696
04/02/2017;19;0.865178152777178
04/02/2017;20;0.797032764758715
04/02/2017;21;0.755142347218604
04/02/2017;22;0.796186447442778
04/02/2017;23;0.753553925252435
04/02/2017;24;0.736284226741092
04/02/2017;25;0.912172387102515
04/02/2017;26;0.883783386503265
04/02/2017;27;0.863013234578403
04/02/2017;28;0.895439383409574
04/02/2017;29;0.999474185096483
05/02/2017;11;0.892942622568907
05/02/2017;13;1.000000000000000
05/02/2017;14;0.935068288584009
05/02/2017;15;0.935773572337371
05/02/2017;16;0.922393547267126
05/02/2017;17;0.918719965778374
05/02/2017;18;1.000000000000000
05/02/2017;19;0.866245388401795
05/02/2017;20;0.803310448872489
05/02/2017;21;0.808244366212006
05/02/2017;22;0.795203049039158
05/02/2017;23;0.745763403274901
05/02/2017;24;0.725722863846436
05/02/2017;25;0.826511672283910
05/02/2017;26;0.828520130218332
05/02/2017;27;0.800849953825372
05/02/2017;28;0.851555150348594
05/02/2017;29;0.942956903733699
06/02/2017;11;0.807201170851469
06/02/2017;13;0.948951577578022
06/02/2017;14;0.942517924772088
06/02/2017;15;0.908163369210366
06/02/2017;16;0.908740518806775
06/02/2017;17;0.956219207342434
06/02/2017;18;0.935860885992405
06/02/2017;19;0.879232760902683
06/02/2017;20;0.855064124888700
06/02/2017;21;0.873684304238633
06/02/2017;22;0.899445052065698
06/02/2017;23;0.816079632992801
06/02/2017;24;0.861169849625171
06/02/2017;25;0.867126309450689
06/02/2017;26;0.851310574662240
06/02/2017;27;1.000000000000000
06/02/2017;28;0.886589038341163
06/02/2017;29;1.000000000000000
07/02/2017;11;0.789497542723904
07/02/2017;13;0.868888550390099
07/02/2017;14;0.917965330565413
07/02/2017;15;0.860983806915576
07/02/2017;16;0.832383038958615
07/02/2017;17;0.893271718332344
07/02/2017;18;0.822442780623786
07/02/2017;19;0.880512969130482
07/02/2017;20;0.914143788958744
07/02/2017;21;0.892866708582570
07/02/2017;22;0.987827928268129
07/02/2017;23;0.912052518684162
07/02/2017;24;0.958173278225188
07/02/2017;25;0.933985549377726
07/02/2017;26;1.000000000000000
07/02/2017;27;1.011031532731160
07/02/2017;28;1.000000000000000
07/02/2017;29;1.006901251932080
08/02/2017;11;0.877779544703606
08/02/2017;13;0.890298247546000
08/02/2017;14;0.914071712006774
08/02/2017;15;0.868182038380478
08/02/2017;16;0.875264233668942
08/02/2017;17;0.885706186697721
08/02/2017;18;0.900435707783325
08/02/2017;19;0.897772335520537
08/02/2017;20;0.950601070533766
08/02/2017;21;1.000000000000000
08/02/2017;22;0.972869867280381
08/02/2017;23;1.000000000000000
08/02/2017;24;0.987791970835621
08/02/2017;25;0.923862998857698
08/02/2017;26;1.037645093816980
08/02/2017;27;1.015254914282680
08/02/2017;28;0.988842046741875
08/02/2017;29;1.025030109130120
09/02/2017;11;0.899191510972681
09/02/2017;13;0.937340591954061
09/02/2017;14;0.927440534084923
09/02/2017;15;1.000000000000000
09/02/2017;16;1.010955031370830
09/02/2017;17;0.957225660663570
09/02/2017;18;1.073860359454820
09/02/2017;19;0.989051255741417
09/02/2017;20;0.979295284272426
09/02/2017;21;0.993058295700506
09/02/2017;22;0.928701438246772
09/02/2017;23;1.000000000000000
09/02/2017;24;0.982902528710056
09/02/2017;25;0.930627918296330
09/02/2017;26;0.989843976058899
09/02/2017;27;0.979750870310982
09/02/2017;28;0.908977987051738
09/02/2017;29;0.998906076583645
10/02/2017;11;1.000150947944090
10/02/2017;13;0.959305460328104
10/02/2017;14;0.943437262267755
10/02/2017;15;0.969602906133393
10/02/2017;16;1.000000000000000
10/02/2017;17;1.001546180006080
10/02/2017;18;1.000000000000000
10/02/2017;19;0.950539159454884
10/02/2017;20;0.942814013572260
10/02/2017;21;0.961913138506127
10/02/2017;22;0.903222790439401
10/02/2017;23;0.983281267005942
10/02/2017;24;0.927053322708115
10/02/2017;25;0.910670061666046
10/02/2017;26;0.905794549212739
10/02/2017;27;0.939661805260214
10/02/2017;28;0.920391757873423
10/02/2017;29;1.000000000000000
11/02/2017;11;0.962299790690135
11/02/2017;13;0.942860812249885
11/02/2017;14;0.918106073203901
11/02/2017;15;0.884503689513248
11/02/2017;16;0.970167952686769
11/02/2017;17;1.019733654177490
11/02/2017;18;0.859738756047469
11/02/2017;19;1.000000000000000
11/02/2017;20;0.916643489777052
11/02/2017;21;0.975385296729572
11/02/2017;22;0.898742478286362
11/02/2017;23;0.975270508208998
11/02/2017;24;0.855135081137612
11/02/2017;25;0.924733931167287
11/02/2017;26;1.000000000000000
11/02/2017;27;0.933526662488603
11/02/2017;28;1.006388512412330
11/02/2017;29;1.034548866572120
12/02/2017;11;0.881048170721845
12/02/2017;13;0.898898284899712
12/02/2017;14;0.883929305994038
12/02/2017;15;0.882314277382655
12/02/2017;16;0.935751995956702
12/02/2017;17;1.008128078070220
12/02/2017;18;0.777475582921986
12/02/2017;19;0.940593639961146
12/02/2017;20;0.875431588582037
12/02/2017;21;0.918433384101277
12/02/2017;22;0.862742623042794
12/02/2017;23;0.933878101094573
12/02/2017;24;0.823482265496278
12/02/2017;25;0.906656050341895
12/02/2017;26;1.000000000000000
12/02/2017;27;0.952639761874922
12/02/2017;28;0.981466236408291
12/02/2017;29;1.000000000000000
13/02/2017;11;0.826821144070723
13/02/2017;13;0.898920599819243
13/02/2017;14;0.894609304453056
13/02/2017;15;0.913010594836266
13/02/2017;16;0.951026674183280
13/02/2017;17;0.937253834264811
13/02/2017;18;0.766840546677341
13/02/2017;19;0.848189200507656
13/02/2017;20;0.861215172617943
13/02/2017;21;0.872344725953406
13/02/2017;22;0.836447042616439
13/02/2017;23;0.893560256505448
13/02/2017;24;0.837961270328662
13/02/2017;25;0.849367030389751
13/02/2017;26;0.912632171746566
13/02/2017;27;0.956956618221422
13/02/2017;28;0.919704053197366
13/02/2017;29;0.989077788229828
14/02/2017;11;0.793763091798348
14/02/2017;13;0.836155252270027
14/02/2017;14;0.889220745116957
14/02/2017;15;0.955857931677154
14/02/2017;16;0.984304707252655
14/02/2017;17;0.880227253167553
14/02/2017;18;0.755647140981845
14/02/2017;19;0.892903785986638
14/02/2017;20;0.898295755504137
14/02/2017;21;0.890002379348680
14/02/2017;22;0.861772420510735
14/02/2017;23;0.926583836632750
14/02/2017;24;0.863417351034176
14/02/2017;25;0.863058224156000
14/02/2017;26;0.892383028827552
14/02/2017;27;0.927171255583645
14/02/2017;28;0.899331465556406
14/02/2017;29;0.976900402914098
15/02/2017;11;0.785375117552197
15/02/2017;13;0.836367518579038
15/02/2017;14;0.882378255269492
15/02/2017;15;1.002541486961330
15/02/2017;16;1.017305037691570
15/02/2017;17;0.869524626137651
15/02/2017;18;0.805971834617266
15/02/2017;19;0.975949932390094
15/02/2017;20;0.957541152623396
15/02/2017;21;1.000000000000000
15/02/2017;22;0.927174919673210
15/02/2017;23;1.000000000000000
15/02/2017;24;0.906112470637809
15/02/2017;25;0.931438871768239
15/02/2017;26;1.000000000000000
15/02/2017;27;0.940083823275840
15/02/2017;28;0.935430536592884
15/02/2017;29;0.940632442093032
16/02/2017;11;0.801537970792689
16/02/2017;13;0.906566775458339
16/02/2017;14;0.907220679788201
16/02/2017;15;0.997180357002365
16/02/2017;16;1.061467959772900
16/02/2017;17;0.910309397204313
16/02/2017;18;0.806227512209895
16/02/2017;19;1.029471822558990
16/02/2017;20;1.000000000000000
16/02/2017;21;1.021786046193500
16/02/2017;22;1.000000000000000
16/02/2017;23;1.063673942110490
16/02/2017;24;0.887666090732389
16/02/2017;25;1.005791236642630
16/02/2017;26;1.087022795467390
16/02/2017;27;0.957346406687816
16/02/2017;28;0.990021724660236
16/02/2017;29;1.000000000000000
17/02/2017;11;0.811291279036991
17/02/2017;13;0.919377430273766
17/02/2017;14;0.953863879248246
17/02/2017;15;1.036694560358930
17/02/2017;16;1.122273206016330
17/02/2017;17;0.885201728226459
17/02/2017;18;0.783382393729231
17/02/2017;19;1.000000000000000
17/02/2017;20;0.995971925345354
17/02/2017;21;0.984510688944443
17/02/2017;22;1.036705348742890
17/02/2017;23;1.050754467763510
17/02/2017;24;0.907532167290421
17/02/2017;25;1.044700260607610
17/02/2017;26;1.176148642550840
17/02/2017;27;1.000000000000000
17/02/2017;28;1.004241220642010
17/02/2017;29;1.064688220814670
18/02/2017;11;0.851833401585525
18/02/2017;13;0.936140306668363
18/02/2017;14;0.972498593175119
18/02/2017;15;1.043743143677530
18/02/2017;16;1.000000000000000
18/02/2017;17;0.848149597199575
18/02/2017;18;0.784211010146591
18/02/2017;19;0.910958473554316
18/02/2017;20;1.000000000000000
18/02/2017;21;0.875926166933890
18/02/2017;22;0.981508697641844
18/02/2017;23;1.047492572549230
18/02/2017;24;0.956770004542381
18/02/2017;25;0.994369454017893
18/02/2017;26;1.122699499184460
18/02/2017;27;1.000000000000000
18/02/2017;28;1.063175667485090
18/02/2017;29;1.062287235582320
19/02/2017;11;1.010446673309110
19/02/2017;13;0.943486486164481
19/02/2017;14;0.983902697741164
19/02/2017;15;0.965106800639244
19/02/2017;16;0.950112406661213
19/02/2017;17;0.935079392688261
19/02/2017;18;1.000000000000000
19/02/2017;19;1.000000000000000
19/02/2017;20;1.027810358054310
19/02/2017;21;1.000000000000000
19/02/2017;22;1.000000000000000
19/02/2017;23;1.010125035221400
19/02/2017;24;1.004029478563190
19/02/2017;25;1.002010428483860
19/02/2017;26;1.037744723098210
19/02/2017;27;1.001974717716010
19/02/2017;28;1.087189429991650
19/02/2017;29;1.060612387181090
20/02/2017;11;1.072580163018620
20/02/2017;13;1.000000000000000
20/02/2017;14;0.986573290657608
20/02/2017;15;0.941482644431047
20/02/2017;16;1.004461409187350
20/02/2017;17;0.941057384496927
20/02/2017;18;1.000000000000000
20/02/2017;19;1.055309283341750
20/02/2017;20;1.040681815758560
20/02/2017;21;1.036689239716700
20/02/2017;22;1.065286109149350
20/02/2017;23;1.049999009522730
20/02/2017;24;1.041751143944260
20/02/2017;25;1.076448784449670
20/02/2017;26;1.082416436134090
20/02/2017;27;1.033519830088930
20/02/2017;28;1.046134762585870
20/02/2017;29;1.000000000000000
21/02/2017;11;0.990192185750378
21/02/2017;13;0.950904665191833
21/02/2017;14;0.971358234720852
21/02/2017;15;0.969962160960900
21/02/2017;16;1.041951858292650
21/02/2017;17;0.913953399098970
21/02/2017;18;0.947610862675255
21/02/2017;19;1.010048978608810
21/02/2017;20;1.052178309446950
21/02/2017;21;1.057128769498820
21/02/2017;22;1.064009721361430
21/02/2017;23;1.074717863358740
21/02/2017;24;0.987540362453830
21/02/2017;25;1.077597866291240
21/02/2017;26;1.067658528918020
21/02/2017;27;1.051319599995600
21/02/2017;28;1.060196526470670
21/02/2017;29;1.007968657173040
22/02/2017;11;0.918396347256376
22/02/2017;13;0.920185245850744
22/02/2017;14;0.948675968027335
22/02/2017;15;0.952640001979333
22/02/2017;16;1.000000000000000
22/02/2017;17;0.896325934819054
22/02/2017;18;0.902962221802414
22/02/2017;19;1.000000000000000
22/02/2017;20;1.000000000000000
22/02/2017;21;1.000000000000000
22/02/2017;22;1.048912487954420
22/02/2017;23;1.024060891490870
22/02/2017;24;0.911059474123321
22/02/2017;25;1.047691439463260
22/02/2017;26;1.063790997428060
22/02/2017;27;1.000000000000000
22/02/2017;28;1.070358224020340
22/02/2017;29;1.089781199052760
23/02/2017;11;1.008303306435190
23/02/2017;13;1.000000000000000
23/02/2017;14;0.894022658062304
23/02/2017;15;0.909393277928343
23/02/2017;16;0.962872056537986
23/02/2017;17;0.853860577584295
23/02/2017;18;1.000000000000000
23/02/2017;19;0.945441409219190
23/02/2017;20;0.933587662212188
23/02/2017;21;0.949837189874041
23/02/2017;22;0.970785026428431
23/02/2017;23;1.000000000000000
23/02/2017;24;0.869302864672960
23/02/2017;25;0.979961821118174
23/02/2017;26;1.102607407833730
23/02/2017;27;0.982998073849518
23/02/2017;28;1.000000000000000
23/02/2017;29;1.088232181432080
24/02/2017;11;0.879108604560690
24/02/2017;13;0.852335277878447
24/02/2017;14;0.860429079229935
24/02/2017;15;0.908086616141667
24/02/2017;16;0.931630677597453
24/02/2017;17;0.826426889744543
24/02/2017;18;1.036077075043710
24/02/2017;19;0.883141549839501
24/02/2017;20;0.859409381197794
24/02/2017;21;0.887111494024018
24/02/2017;22;0.872146735471946
24/02/2017;23;0.952735984194186
24/02/2017;24;0.811314194336188
24/02/2017;25;0.926757545532277
24/02/2017;26;1.000000000000000
24/02/2017;27;0.922385623206798
24/02/2017;28;0.980450227676017
24/02/2017;29;1.035292249687460
25/02/2017;11;0.860512046495085
25/02/2017;13;0.794564036073110
25/02/2017;14;0.906441511017893
25/02/2017;15;0.906138649390872
25/02/2017;16;1.000000000000000
25/02/2017;17;0.852668461169386
25/02/2017;18;0.919601369858643
25/02/2017;19;0.937126591835464
25/02/2017;20;0.907803383362385
25/02/2017;21;0.889479157710329
25/02/2017;22;0.839751966523988
25/02/2017;23;0.910065332684748
25/02/2017;24;0.773942731699221
25/02/2017;25;0.843283691574639
25/02/2017;26;0.892365370576327
25/02/2017;27;0.826202267392389
25/02/2017;28;0.865976505660846
25/02/2017;29;0.989853386926051
26/02/2017;11;0.925856584557539
26/02/2017;13;0.936317254062181
26/02/2017;14;0.962487273846888
26/02/2017;15;1.000000000000000
26/02/2017;16;0.977441072889429
26/02/2017;17;0.909830220959285
26/02/2017;18;0.937775739370570
26/02/2017;19;0.940360047967201
26/02/2017;20;0.960529771097292
26/02/2017;21;1.000000000000000
26/02/2017;22;0.866852628695536
26/02/2017;23;0.925297557752169
26/02/2017;24;0.842012848038889
26/02/2017;25;0.758711295086767
26/02/2017;26;0.863108566454257
26/02/2017;27;0.857052430703273
26/02/2017;28;0.780605162522444
26/02/2017;29;0.902917245932373
27/02/2017;11;0.887205186048672
27/02/2017;13;0.935906585788203
27/02/2017;14;0.934555120817022
27/02/2017;15;1.006870848037850
27/02/2017;16;1.000000000000000
27/02/2017;17;0.891648753778262
27/02/2017;18;0.993727322089816
27/02/2017;19;0.963760452353508
27/02/2017;20;0.909567452242389
27/02/2017;21;1.000000000000000
27/02/2017;22;0.918735845927401
27/02/2017;23;0.944523410465982
27/02/2017;24;0.851052061424965
27/02/2017;25;0.848030526369682
27/02/2017;26;0.922438516431948
27/02/2017;27;0.883031372022145
27/02/2017;28;0.888316757912040
27/02/2017;29;0.944306698642308
28/02/2017;11;0.872763377242948
28/02/2017;13;0.906153712003114
28/02/2017;14;0.925754152387749
28/02/2017;15;0.921539856315495
28/02/2017;16;0.940630357474127
28/02/2017;17;0.845861230624325
28/02/2017;18;0.832271875116078
28/02/2017;19;0.947795867176726
28/02/2017;20;0.898883492718343
28/02/2017;21;0.960056763945550
28/02/2017;22;0.943324485186325
28/02/2017;23;0.924556578831891
28/02/2017;24;0.845708314370757
28/02/2017;25;0.911905513956183
28/02/2017;26;0.859275448896558
28/02/2017;27;0.844638721076985
28/02/2017;28;0.849702539658952
28/02/2017;29;0.944895809687663
01/03/2017;11;0.793465349692652
01/03/2017;13;0.863871294173419
01/03/2017;14;0.945233996780184
01/03/2017;15;0.857592271835468
01/03/2017;16;0.881439667219789
01/03/2017;17;0.822270614844135
01/03/2017;18;0.677870013905026
01/03/2017;19;0.866093443020553
01/03/2017;20;0.885149013893796
01/03/2017;21;0.853127615731797
01/03/2017;22;0.921410275128131
01/03/2017;23;0.806294729377144
01/03/2017;24;0.808411103139164
01/03/2017;25;0.947612532087879
01/03/2017;26;0.831388504246801
01/03/2017;27;0.855003463516927
01/03/2017;28;0.920418359450811
01/03/2017;29;0.913653085755562
02/03/2017;11;0.816334084878759
02/03/2017;13;0.872705339661910
02/03/2017;14;1.000000000000000
02/03/2017;15;0.905418256742105
02/03/2017;16;0.935561570324811
02/03/2017;17;0.809794446509016
02/03/2017;18;0.797132329155007
02/03/2017;19;0.894115920999633
02/03/2017;20;0.917528687737794
02/03/2017;21;0.828614586933646
02/03/2017;22;1.000000000000000
02/03/2017;23;1.000000000000000
02/03/2017;24;0.844445678978515
02/03/2017;25;1.000000000000000
02/03/2017;26;1.000000000000000
02/03/2017;27;1.000000000000000
02/03/2017;28;1.000000000000000
02/03/2017;29;1.000000000000000
03/03/2017;11;0.945735494439098
03/03/2017;13;0.928154033552981
03/03/2017;14;0.966270315777967
03/03/2017;15;0.897595380279380
03/03/2017;16;0.905863964463947
03/03/2017;17;0.793942345936189
03/03/2017;18;0.863616259425840
03/03/2017;19;0.900817102451357
03/03/2017;20;0.938793374469282
03/03/2017;21;0.850384574857645
03/03/2017;22;1.000000000000000
03/03/2017;23;1.036279639743990
03/03/2017;24;0.907386975944944
03/03/2017;25;1.068476164779570
03/03/2017;26;1.090718675254620
03/03/2017;27;1.028880540932480
03/03/2017;28;1.050908925086140
03/03/2017;29;1.083853827583420
04/03/2017;11;0.909324884773815
04/03/2017;13;0.888436389681010
04/03/2017;14;0.874485287503474
04/03/2017;15;0.915006853666546
04/03/2017;16;0.871118316817712
04/03/2017;17;0.821551707495284
04/03/2017;18;0.804529675435401
04/03/2017;19;0.860794962744692
04/03/2017;20;0.867333728884267
04/03/2017;21;0.843736475294221
04/03/2017;22;0.956070777673513
04/03/2017;23;0.981765622212376
04/03/2017;24;0.849443655891672
04/03/2017;25;1.038292993295350
04/03/2017;26;1.000000000000000
04/03/2017;27;0.951641436744130
04/03/2017;28;1.048930348050560
04/03/2017;29;1.081005765591420
05/03/2017;11;0.901355609909145
05/03/2017;13;0.845666196955055
05/03/2017;14;0.855412068025695
05/03/2017;15;0.910785086283186
05/03/2017;16;0.917076202757712
05/03/2017;17;0.843113862559587
05/03/2017;18;0.740927443266926
05/03/2017;19;0.959731137231792
05/03/2017;20;0.905191623445804
05/03/2017;21;0.837768707709469
05/03/2017;22;0.908527269964371
05/03/2017;23;0.913389456250851
05/03/2017;24;0.799138887189104
05/03/2017;25;0.990168075699709
05/03/2017;26;0.915559117959285
05/03/2017;27;0.882345927152665
05/03/2017;28;1.000000000000000
05/03/2017;29;1.086353674980600
06/03/2017;11;0.835304956385824
06/03/2017;13;0.891812391317845
06/03/2017;14;0.897232337916139
06/03/2017;15;0.916255597100197
06/03/2017;16;0.935924321505018
06/03/2017;17;0.865853200340384
06/03/2017;18;0.764049139277754
06/03/2017;19;0.955712182856360
06/03/2017;20;0.942521727329096
06/03/2017;21;0.842228648810233
06/03/2017;22;0.921697768094228
06/03/2017;23;0.867960248313114
06/03/2017;24;0.777039881756579
06/03/2017;25;0.943601891437697
06/03/2017;26;0.868804924459733
06/03/2017;27;0.890389813124067
06/03/2017;28;0.948387085215364
06/03/2017;29;1.051149703602780
07/03/2017;11;0.794958167452244
07/03/2017;13;0.828523585927044
07/03/2017;14;0.882925036823622
07/03/2017;15;0.884787951680945
07/03/2017;16;0.881565274383424
07/03/2017;17;0.859910848552674
07/03/2017;18;0.806960827262119
07/03/2017;19;0.898853612216557
07/03/2017;20;0.937917091924251
07/03/2017;21;0.899555914663314
07/03/2017;22;1.000000000000000
07/03/2017;23;0.904398017870103
07/03/2017;24;0.805585933290578
07/03/2017;25;0.939754041802996
07/03/2017;26;0.921522338316175
07/03/2017;27;0.922215653029769
07/03/2017;28;0.955385224032042
07/03/2017;29;1.000000000000000
08/03/2017;11;0.853927746285153
08/03/2017;13;0.831022958014464
08/03/2017;14;0.907584692736399
08/03/2017;15;0.843432287156342
08/03/2017;16;0.831484383186043
08/03/2017;17;0.825773774838512
08/03/2017;18;0.841216393772386
08/03/2017;19;0.919411975567958
08/03/2017;20;0.951028261420952
08/03/2017;21;0.882285677448550
08/03/2017;22;0.980104694593429
08/03/2017;23;0.947249594022204
08/03/2017;24;0.896149985101090
08/03/2017;25;0.952830672239437
08/03/2017;26;0.930929077495681
08/03/2017;27;1.000000000000000
08/03/2017;28;0.948225540239475
08/03/2017;29;0.976938106209670
09/03/2017;11;0.859018229835012
09/03/2017;13;0.841026288626369
09/03/2017;14;0.878723286353499
09/03/2017;15;0.829147638216738
09/03/2017;16;0.839206417880125
09/03/2017;17;0.875189074141176
09/03/2017;18;0.803521357660185
09/03/2017;19;0.956866080007836
09/03/2017;20;0.900970581189182
09/03/2017;21;0.838196064258101
09/03/2017;22;0.906430548461380
09/03/2017;23;0.937178521056844
09/03/2017;24;0.862183038624340
09/03/2017;25;0.916851077771773
09/03/2017;26;0.950951673562628
09/03/2017;27;0.948301816681723
09/03/2017;28;0.962379933198585
09/03/2017;29;0.968181924615354
10/03/2017;11;0.647398431260472
10/03/2017;13;0.694212899354473
10/03/2017;14;0.813973952414966
10/03/2017;15;0.760007617319126
10/03/2017;16;0.853332896852841
10/03/2017;17;0.787943550343312
10/03/2017;18;0.727874452108488
10/03/2017;19;0.970547061175167
10/03/2017;20;0.887834967385367
10/03/2017;21;0.900364968003475
10/03/2017;22;0.871240203305766
10/03/2017;23;0.967408509108531
10/03/2017;24;0.795292577200815
10/03/2017;25;0.910314726404078
10/03/2017;26;0.946044729879645
10/03/2017;27;0.890844308228989
10/03/2017;28;0.932076394547694
10/03/2017;29;1.000000000000000
11/03/2017;11;0.651162869859125
11/03/2017;13;0.711803330725055
11/03/2017;14;0.848986640133652
11/03/2017;15;0.842905937686068
11/03/2017;16;0.881267533778187
11/03/2017;17;0.788669027733593
11/03/2017;18;1.000000000000000
11/03/2017;19;0.948034936926345
11/03/2017;20;1.000000000000000
11/03/2017;21;0.935094675782894
11/03/2017;22;0.889295099371332
11/03/2017;23;0.961927235026169
11/03/2017;24;1.000000000000000
11/03/2017;25;0.926613241236934
11/03/2017;26;0.919997208160287
11/03/2017;27;1.000000000000000
11/03/2017;28;0.959064818866611
11/03/2017;29;1.000000000000000
12/03/2017;11;0.873567453949199
12/03/2017;13;0.862888960597554
12/03/2017;14;1.000000000000000
12/03/2017;15;1.000000000000000
12/03/2017;16;0.919388295922891
12/03/2017;17;1.010149553676400
12/03/2017;18;0.999016157967924
12/03/2017;19;1.002717506302830
12/03/2017;20;1.000000000000000
12/03/2017;21;1.000000000000000
12/03/2017;22;1.010197363566350
12/03/2017;23;1.000000000000000
12/03/2017;24;0.981059872146739
12/03/2017;25;1.000000000000000
12/03/2017;26;1.000000000000000
12/03/2017;27;1.046911974651510
12/03/2017;28;1.004937866226290
12/03/2017;29;1.006425433096790
13/03/2017;11;1.026489788183150
13/03/2017;13;1.000000000000000
13/03/2017;14;1.009264626283120
13/03/2017;15;1.037851605205130
13/03/2017;16;1.000000000000000
13/03/2017;17;0.999426244658603
13/03/2017;18;1.098916582879650
13/03/2017;19;1.056365922598330
13/03/2017;20;1.000000000000000
13/03/2017;21;1.129871275397510
13/03/2017;22;1.000000000000000
13/03/2017;23;1.092184374423660
13/03/2017;24;1.010319560363570
13/03/2017;25;1.023392350842520
13/03/2017;26;1.142148615797600
13/03/2017;27;1.051452389846380
13/03/2017;28;1.000000000000000
13/03/2017;29;1.097798934068830
14/03/2017;11;0.975754598233642
14/03/2017;13;0.936772108636980
14/03/2017;14;0.923005264237895
14/03/2017;15;0.998197833391752
14/03/2017;16;1.065176349101680
14/03/2017;17;0.929360107615709
14/03/2017;18;1.000000000000000
14/03/2017;19;1.000000000000000
14/03/2017;20;1.019730977390160
14/03/2017;21;1.158780709872470
14/03/2017;22;1.022530331735130
14/03/2017;23;1.120211957293250
14/03/2017;24;1.061774944931540
14/03/2017;25;1.024516244119550
14/03/2017;26;1.168731005838230
14/03/2017;27;1.098422772229460
14/03/2017;28;1.000000000000000
14/03/2017;29;1.000000000000000
15/03/2017;11;0.798105307241739
15/03/2017;13;0.807356333718144
15/03/2017;14;0.873897557932161
15/03/2017;15;0.917352827646470
15/03/2017;16;0.992823193708269
15/03/2017;17;0.935278793500285
15/03/2017;18;0.891222616102458
15/03/2017;19;0.972844412525346
15/03/2017;20;0.991006622978370
15/03/2017;21;1.092869975484960
15/03/2017;22;1.000000000000000
15/03/2017;23;1.051008908967120
15/03/2017;24;1.043992217372180
15/03/2017;25;1.015631530764890
15/03/2017;26;1.066320812968720
15/03/2017;27;1.081505116557860
15/03/2017;28;1.040502873731250
15/03/2017;29;1.012654525287290
16/03/2017;11;0.723028066719233
16/03/2017;13;0.783057057963326
16/03/2017;14;0.828958115544266
16/03/2017;15;0.880555913132714
16/03/2017;16;0.933114343467157
16/03/2017;17;0.910894378683018
16/03/2017;18;0.892668923331547
16/03/2017;19;0.962854407014131
16/03/2017;20;0.940573422002993
16/03/2017;21;1.000000000000000
16/03/2017;22;1.000000000000000
16/03/2017;23;1.030527623117410
16/03/2017;24;1.018547658801690
16/03/2017;25;1.002618710745000
16/03/2017;26;1.025403627801600
16/03/2017;27;1.065048365488590
16/03/2017;28;1.086387064392340
16/03/2017;29;1.098925870381100
17/03/2017;11;0.715645047841991
17/03/2017;13;0.797171130059360
17/03/2017;14;0.778459591597946
17/03/2017;15;0.936504983407860
17/03/2017;16;0.972528699586274
17/03/2017;17;0.904536124938194
17/03/2017;18;0.798189411260270
17/03/2017;19;1.002541197997060
17/03/2017;20;0.933634479493693
17/03/2017;21;0.969609623512746
17/03/2017;22;1.000000000000000
17/03/2017;23;1.000000000000000
17/03/2017;24;0.941714033402852
17/03/2017;25;1.016877093965610
17/03/2017;26;1.045015143863640
17/03/2017;27;1.035916372502390
17/03/2017;28;1.086442888970790
17/03/2017;29;1.085339645729840
18/03/2017;11;0.755427167061909
18/03/2017;13;0.627195650944009
18/03/2017;14;0.735155085430230
18/03/2017;15;1.000000000000000
18/03/2017;16;0.961312622945508
18/03/2017;17;0.903169956211364
18/03/2017;18;0.746100543143599
18/03/2017;19;1.000000000000000
18/03/2017;20;0.957132610545053
18/03/2017;21;0.850231482553500
18/03/2017;22;1.000628425099700
18/03/2017;23;0.891188252230361
18/03/2017;24;0.820030291034573
18/03/2017;25;1.000000000000000
18/03/2017;26;0.998667602438833
18/03/2017;27;0.994735299882302
18/03/2017;28;1.000000000000000
18/03/2017;29;1.060293863334970
19/03/2017;11;0.752794619371962
19/03/2017;13;0.522850615264741
19/03/2017;14;0.756536635714031
19/03/2017;15;0.948841849839193
19/03/2017;16;0.886614985047238
19/03/2017;17;0.872150491864609
19/03/2017;18;0.802889652055741
19/03/2017;19;0.900263391786859
19/03/2017;20;0.951421783346313
19/03/2017;21;0.749040510632064
19/03/2017;22;0.968087272200766
19/03/2017;23;0.874096702184122
19/03/2017;24;0.804566776132680
19/03/2017;25;0.975458601533309
19/03/2017;26;0.932914883043141
19/03/2017;27;0.948655613012258
19/03/2017;28;0.914033736055658
19/03/2017;29;1.000000000000000
20/03/2017;11;0.686453225241873
20/03/2017;13;0.656416908364334
20/03/2017;14;0.754298115059841
20/03/2017;15;0.880407312681358
20/03/2017;16;0.878063845837716
20/03/2017;17;0.869273643623102
20/03/2017;18;0.846311710921294
20/03/2017;19;0.818622173274941
20/03/2017;20;0.862246737070581
20/03/2017;21;0.813595911934270
20/03/2017;22;0.902705983516928
20/03/2017;23;0.921848011362732
20/03/2017;24;0.836046972830363
20/03/2017;25;0.949982308322865
20/03/2017;26;0.927562620514968
20/03/2017;27;0.888615363073243
20/03/2017;28;0.847177551960107
20/03/2017;29;0.954807974618712
21/03/2017;11;0.668250120509754
21/03/2017;13;0.708414792205200
21/03/2017;14;0.716707813184366
21/03/2017;15;0.849847038528463
21/03/2017;16;0.918476157252372
21/03/2017;17;0.892072263291674
21/03/2017;18;0.817083926866507
21/03/2017;19;0.815702344548506
21/03/2017;20;0.783115356508369
21/03/2017;21;0.894396746776773
21/03/2017;22;0.859454141766532
21/03/2017;23;0.941203275917220
21/03/2017;24;0.814251606368925
21/03/2017;25;0.844038205984123
21/03/2017;26;1.000000000000000
21/03/2017;27;0.888546739615589
21/03/2017;28;0.837519247330213
21/03/2017;29;1.000000000000000
22/03/2017;11;0.717606468838732
22/03/2017;13;0.699639592323278
22/03/2017;14;0.736005839891053
22/03/2017;15;0.864196521683096
22/03/2017;16;1.000000000000000
22/03/2017;17;0.902355842430933
22/03/2017;18;0.741034562099983
22/03/2017;19;0.843140675919115
22/03/2017;20;0.816055573875277
22/03/2017;21;0.920511482728002
22/03/2017;22;0.893926931447669
22/03/2017;23;0.927611482719432
22/03/2017;24;0.774866947639724
22/03/2017;25;0.855760124478416
22/03/2017;26;1.000000000000000
22/03/2017;27;0.870815333915069
22/03/2017;28;0.906904935847052
22/03/2017;29;1.050124831996040
23/03/2017;11;0.876690452707878
23/03/2017;13;0.777326007178300
23/03/2017;14;0.848805851486847
23/03/2017;15;0.798999315953037
23/03/2017;16;0.923745858009605
23/03/2017;17;0.888105312497077
23/03/2017;18;0.723475503049837
23/03/2017;19;0.798837092064336
23/03/2017;20;0.874934684214300
23/03/2017;21;0.874827195985015
23/03/2017;22;0.925880770776595
23/03/2017;23;0.927544291743940
23/03/2017;24;0.755070611082835
23/03/2017;25;0.866196456103241
23/03/2017;26;0.908945373098195
23/03/2017;27;0.839224087471204
23/03/2017;28;0.899080072291458
23/03/2017;29;1.002219020382570
24/03/2017;11;1.000000000000000
24/03/2017;13;0.847171529331271
24/03/2017;14;0.812615025041964
24/03/2017;15;0.771396468557351
24/03/2017;16;0.852976511029248
24/03/2017;17;0.892846517449431
24/03/2017;18;0.730509224329377
24/03/2017;19;0.762579633543229
24/03/2017;20;0.847830185359192
24/03/2017;21;0.888098093058818
24/03/2017;22;0.892955555756948
24/03/2017;23;1.000000000000000
24/03/2017;24;0.762369842625901
24/03/2017;25;0.810274809196700
24/03/2017;26;0.923176876865638
24/03/2017;27;0.818579862122506
24/03/2017;28;0.890530205156782
24/03/2017;29;1.007691594689980
25/03/2017;11;0.883312131312288
25/03/2017;13;0.714988618360509
25/03/2017;14;0.639717233457265
25/03/2017;15;0.722959217950041
25/03/2017;16;0.748219525961414
25/03/2017;17;0.784968460457960
25/03/2017;18;0.646940762475424
25/03/2017;19;0.714871048671756
25/03/2017;20;0.755780710339037
25/03/2017;21;0.894236572550843
25/03/2017;22;0.851120235827150
25/03/2017;23;0.979748640688089
25/03/2017;24;0.720991787512284
25/03/2017;25;0.799149079441721
25/03/2017;26;0.973996078209225
25/03/2017;27;0.800654585159585
25/03/2017;28;0.968251999035304
25/03/2017;29;1.037050011188300
26/03/2017;11;1.089094049075230
26/03/2017;13;1.019694176737960
26/03/2017;14;1.000000000000000
26/03/2017;15;1.000000000000000
26/03/2017;16;1.000000000000000
26/03/2017;17;1.026847428883290
26/03/2017;18;1.000000000000000
26/03/2017;19;1.000000000000000
26/03/2017;20;1.000000000000000
26/03/2017;21;1.009672156480840
26/03/2017;22;1.000000000000000
26/03/2017;23;1.018673179930280
26/03/2017;24;1.000000000000000
26/03/2017;25;1.000000000000000
26/03/2017;26;1.015784720991490
26/03/2017;27;1.000000000000000
26/03/2017;28;1.098719625882010
26/03/2017;29;1.030588919508930
27/03/2017;11;1.000000000000000
27/03/2017;13;1.000000000000000
27/03/2017;14;0.905271036110754
27/03/2017;15;1.000000000000000
27/03/2017;16;1.000000000000000
27/03/2017;17;1.000000000000000
27/03/2017;18;1.169064150452070
27/03/2017;19;1.000000000000000
27/03/2017;20;1.118776024674510
27/03/2017;21;1.000000000000000
27/03/2017;22;1.167244824308660
27/03/2017;23;1.000000000000000
27/03/2017;24;1.131439231555390
27/03/2017;25;1.164378464706250
27/03/2017;26;1.089180822781370
27/03/2017;27;1.159475561540060
27/03/2017;28;1.000000000000000
27/03/2017;29;1.104814153604780
28/03/2017;11;0.959312002179045
28/03/2017;13;0.929518052491551
28/03/2017;14;0.914128611821646
28/03/2017;15;0.935437195899385
28/03/2017;16;0.895208278746118
28/03/2017;17;0.904413314698644
28/03/2017;18;1.126841881554840
28/03/2017;19;1.046858235162310
28/03/2017;20;1.059104660168590
28/03/2017;21;1.098408051419840
28/03/2017;22;1.135636694454990
28/03/2017;23;1.027897550786890
28/03/2017;24;1.126975387165030
28/03/2017;25;1.062864190082650
28/03/2017;26;1.047747073881680
28/03/2017;27;1.160595604756640
28/03/2017;28;1.011482242414600
28/03/2017;29;1.062477045265160
29/03/2017;11;0.875107243791718
29/03/2017;13;0.872481586271962
29/03/2017;14;0.791726814013281
29/03/2017;15;0.835640052712767
29/03/2017;16;0.914195424893460
29/03/2017;17;1.000000000000000
29/03/2017;18;0.953749359249067
29/03/2017;19;1.109830170039710
29/03/2017;20;1.067123543251270
29/03/2017;21;1.175060539670750
29/03/2017;22;1.128665219441970
29/03/2017;23;1.083350287172050
29/03/2017;24;1.087103109081930
29/03/2017;25;1.000000000000000
29/03/2017;26;1.101514826648120
29/03/2017;27;1.158079762781180
29/03/2017;28;1.086030298428480
29/03/2017;29;1.015796969564220
30/03/2017;11;0.671761408377753
30/03/2017;13;0.769683859762569
30/03/2017;14;0.672109755561280
30/03/2017;15;0.758824162812528
30/03/2017;16;0.890190679746501
30/03/2017;17;1.000000000000000
30/03/2017;18;0.821339364597433
30/03/2017;19;0.989380321351745
30/03/2017;20;1.000000000000000
30/03/2017;21;1.093002421530570
30/03/2017;22;1.000000000000000
30/03/2017;23;1.062489370139720
30/03/2017;24;1.000000000000000
30/03/2017;25;1.000000000000000
30/03/2017;26;1.090304845516500
30/03/2017;27;1.127135391805910
30/03/2017;28;1.099595587919010
30/03/2017;29;1.037602233265330
31/03/2017;11;0.542053224925231
31/03/2017;13;0.723540141935371
31/03/2017;14;0.713983788956579
31/03/2017;15;0.766904348917625
31/03/2017;16;0.821149603283001
31/03/2017;17;1.023711092624060
31/03/2017;18;0.792200512523191
31/03/2017;19;0.910001846817741
31/03/2017;20;0.919063786524673
31/03/2017;21;1.000000000000000
31/03/2017;22;0.945954319468720
31/03/2017;23;0.944406630703888
31/03/2017;24;0.951005563794840
31/03/2017;25;1.040591990240100
31/03/2017;26;1.040269918923850
31/03/2017;27;1.067128549675270
31/03/2017;28;1.000000000000000
31/03/2017;29;1.065119146216820
01/04/2017;11;1.000000000000000
01/04/2017;13;0.465956385758975
01/04/2017;14;0.480527198804190
01/04/2017;15;0.750999581322555
01/04/2017;16;0.772902376585721
01/04/2017;17;1.064644455106640
01/04/2017;18;0.618587665864516
01/04/2017;19;1.000000000000000
01/04/2017;20;0.828034728490188
01/04/2017;21;0.849396914704080
01/04/2017;22;1.000000000000000
01/04/2017;23;1.000000000000000
01/04/2017;24;0.753422754043791
01/04/2017;25;0.903742603973721
01/04/2017;26;1.000000000000000
01/04/2017;27;0.984634195243254
01/04/2017;28;0.841806383046869
01/04/2017;29;1.186637292975560
02/04/2017;11;1.072815926755920
02/04/2017;13;0.525809124676422
02/04/2017;14;0.634279301036835
02/04/2017;15;0.770181533795861
02/04/2017;16;0.704315504941426
02/04/2017;17;0.955313687816957
02/04/2017;18;0.606643722520129
02/04/2017;19;0.957963305998950
02/04/2017;20;1.000000000000000
02/04/2017;21;0.767794721265838
02/04/2017;22;0.957303984091943
02/04/2017;23;1.000000000000000
02/04/2017;24;0.828427275457298
02/04/2017;25;0.564167210541156
02/04/2017;26;0.864821545554548
02/04/2017;27;0.933398946206463
02/04/2017;28;0.784381161772067
02/04/2017;29;1.062267714541110
03/04/2017;11;0.863200180419453
03/04/2017;13;0.668883785639297
03/04/2017;14;0.769378577282264
03/04/2017;15;0.660880203012878
03/04/2017;16;0.631520040425254
03/04/2017;17;0.721124081078422
03/04/2017;18;0.682777610056590
03/04/2017;19;0.623642109624871
03/04/2017;20;0.937785559999622
03/04/2017;21;0.843921487787226
03/04/2017;22;0.869259732597002
03/04/2017;23;0.984167984643367
03/04/2017;24;1.094742288457890
03/04/2017;25;1.000000000000000
03/04/2017;26;1.000000000000000
03/04/2017;27;1.192921962817670
03/04/2017;28;1.000000000000000
03/04/2017;29;1.061436629759500
04/04/2017;11;0.642738033619837
04/04/2017;13;0.536795329828615
04/04/2017;14;0.624476331822296
04/04/2017;15;0.561275956673592
04/04/2017;16;0.608686394741678
04/04/2017;17;0.629335800540201
04/04/2017;18;0.610526820371195
04/04/2017;19;0.661115098536458
04/04/2017;20;0.830354016034129
04/04/2017;21;0.864955659352447
04/04/2017;22;1.000000000000000
04/04/2017;23;0.982589790629531
04/04/2017;24;1.184244535557270
04/04/2017;25;0.951613823985670
04/04/2017;26;1.101413755580290
04/04/2017;27;1.387097218170670
04/04/2017;28;1.113777743789610
04/04/2017;29;1.048895713360650
05/04/2017;11;1.000000000000000
05/04/2017;13;0.700968235342991
05/04/2017;14;1.000000000000000
05/04/2017;15;0.599374072564307
05/04/2017;16;0.705338771818577
05/04/2017;17;0.815452972885919
05/04/2017;18;0.772368533602761
05/04/2017;19;0.822288863374265
05/04/2017;20;0.863577178676288
05/04/2017;21;1.000000000000000
05/04/2017;22;1.040405123289720
05/04/2017;23;1.027065083370640
05/04/2017;24;1.108937509413880
05/04/2017;25;1.009324058022210
05/04/2017;26;1.325235566481680
05/04/2017;27;1.375885681629080
05/04/2017;28;1.115138034195740
05/04/2017;29;1.182497474421870
06/04/2017;11;1.027303069535820
06/04/2017;13;0.890242180952385
06/04/2017;14;1.000000000000000
06/04/2017;15;0.873418884543188
06/04/2017;16;0.895745409959703
06/04/2017;17;1.000000000000000
06/04/2017;18;1.007600181354110
06/04/2017;19;1.006804879501650
06/04/2017;20;1.033998501995280
06/04/2017;21;1.114622132352020
06/04/2017;22;1.081583854599420
06/04/2017;23;1.000000000000000
06/04/2017;24;1.000000000000000
06/04/2017;25;1.220551523289180
06/04/2017;26;1.285601859468870
06/04/2017;27;1.221877910286220
06/04/2017;28;1.000000000000000
06/04/2017;29;1.124174128187250
07/04/2017;11;0.926811769478551
07/04/2017;13;0.918727432138841
07/04/2017;14;0.950852019708731
07/04/2017;15;1.000000000000000
07/04/2017;16;1.027002562144260
07/04/2017;17;1.108826341565430
07/04/2017;18;1.031082598007110
07/04/2017;19;1.202403081671190
07/04/2017;20;1.106023942854460
07/04/2017;21;1.000000000000000
07/04/2017;22;1.165896999424300
07/04/2017;23;0.974187444744313
07/04/2017;24;1.052930340227730
07/04/2017;25;1.000000000000000
07/04/2017;26;1.023772982173500
07/04/2017;27;1.107066736102910
07/04/2017;28;1.000000000000000
07/04/2017;29;1.108962266199070
08/04/2017;11;0.815221003798585
08/04/2017;13;0.842192754922349
08/04/2017;14;0.755375766525885
08/04/2017;15;0.989547290437430
08/04/2017;16;1.114344417176750
08/04/2017;17;1.120164255141840
08/04/2017;18;0.925769647285118
08/04/2017;19;1.000000000000000
08/04/2017;20;0.987549158107006
08/04/2017;21;1.028650935114600
08/04/2017;22;1.000000000000000
08/04/2017;23;1.026782221576340
08/04/2017;24;1.136944590327860
08/04/2017;25;0.649407854045738
08/04/2017;26;1.203228575382610
08/04/2017;27;1.219779720320250
08/04/2017;28;1.035916812057470
08/04/2017;29;1.192565364114720
09/04/2017;11;0.601997170970665
09/04/2017;13;0.603822141123665
09/04/2017;14;0.558917473182455
09/04/2017;15;0.861150891320689
09/04/2017;16;1.000000000000000
09/04/2017;17;0.961128725830873
09/04/2017;18;0.717529471108437
09/04/2017;19;0.687522141613493
09/04/2017;20;0.750988047849749
09/04/2017;21;0.926237043417329
09/04/2017;22;0.884299784330683
09/04/2017;23;1.047935914576330
09/04/2017;24;0.937634711187566
09/04/2017;25;0.648834303766002
09/04/2017;26;1.358599274123870
09/04/2017;27;1.174789370278810
09/04/2017;28;1.130490769154780
09/04/2017;29;1.148335333045910
10/04/2017;11;0.441738780084512
10/04/2017;13;0.520721764068989
10/04/2017;14;0.679399938914423
10/04/2017;15;0.846225119325296
10/04/2017;16;0.850879031807167
10/04/2017;17;0.902681467926785
10/04/2017;18;0.678528969449343
10/04/2017;19;0.694539085106241
10/04/2017;20;0.676571282163820
10/04/2017;21;0.825328772454696
10/04/2017;22;0.778179568758477
10/04/2017;23;0.975252899812157
10/04/2017;24;0.831700051566685
10/04/2017;25;0.754719816623632
10/04/2017;26;1.088887744990970
10/04/2017;27;0.996365971823351
10/04/2017;28;1.000000000000000
10/04/2017;29;1.000000000000000
11/04/2017;11;0.409798692698052
11/04/2017;13;0.420672785954951
11/04/2017;14;0.701340125878163
11/04/2017;15;0.810804335072783
11/04/2017;16;0.829071710026422
11/04/2017;17;0.823661223318029
11/04/2017;18;0.626989503264582
11/04/2017;19;0.660795129992482
11/04/2017;20;0.742194641909207
11/04/2017;21;0.812943537214162
11/04/2017;22;0.789126496131428
11/04/2017;23;0.892071671544374
11/04/2017;24;0.805757830549733
11/04/2017;25;0.732724144352615
11/04/2017;26;1.075931310836030
11/04/2017;27;0.976257462239700
11/04/2017;28;0.930360075558721
11/04/2017;29;1.000000000000000
12/04/2017;11;0.408729600650805
12/04/2017;13;0.414103432474558
12/04/2017;14;0.705571204613587
12/04/2017;15;0.767228754943560
12/04/2017;16;0.798084245343374
12/04/2017;17;0.778040787921127
12/04/2017;18;0.775365133534221
12/04/2017;19;0.638149403533606
12/04/2017;20;0.806213605000277
12/04/2017;21;0.870191326765851
12/04/2017;22;0.823289591077439
12/04/2017;23;0.916319617178902
12/04/2017;24;0.829305756344490
12/04/2017;25;0.805804861542790
12/04/2017;26;1.030915810417520
12/04/2017;27;1.026601781442450
12/04/2017;28;0.799561964394603
12/04/2017;29;1.168061062223110
13/04/2017;11;0.463413572300149
13/04/2017;13;0.452570461512697
13/04/2017;14;0.714365914551015
13/04/2017;15;0.751361341629739
13/04/2017;16;0.865314038345328
13/04/2017;17;0.844582399518887
13/04/2017;18;0.762187059886132
13/04/2017;19;0.575254135442676
13/04/2017;20;0.740474557771261
13/04/2017;21;0.903190874837376
13/04/2017;22;1.000000000000000
13/04/2017;23;0.911389215183512
13/04/2017;24;0.838964175764314
13/04/2017;25;0.831417513541832
13/04/2017;26;1.000000000000000
13/04/2017;27;0.975628520674666
13/04/2017;28;0.689253884039160
13/04/2017;29;1.190746093517280
14/04/2017;11;0.500172797240144
14/04/2017;13;0.507332643227825
14/04/2017;14;0.726831951814849
14/04/2017;15;0.715164137846491
14/04/2017;16;0.834335709280685
14/04/2017;17;0.845886829075105
14/04/2017;18;0.597039641679722
14/04/2017;19;0.716156937939801
14/04/2017;20;0.731640883463032
14/04/2017;21;0.839128880579158
14/04/2017;22;0.965600575384698
14/04/2017;23;0.932573960262903
14/04/2017;24;0.787139712918729
14/04/2017;25;0.786696419830483
14/04/2017;26;0.892563301475037
14/04/2017;27;0.898995799200630
14/04/2017;28;0.676377910996740
14/04/2017;29;1.153347732007850
15/04/2017;11;0.432782406463019
15/04/2017;13;0.469685888963484
15/04/2017;14;0.645485795726412
15/04/2017;15;0.638731673015979
15/04/2017;16;1.000000000000000
15/04/2017;17;0.869577993402765
15/04/2017;18;0.552022527432657
15/04/2017;19;0.830863223830000
15/04/2017;20;0.643811939055646
15/04/2017;21;0.731456175422564
15/04/2017;22;0.843755452074172
15/04/2017;23;0.948533328594636
15/04/2017;24;0.751379104910651
15/04/2017;25;0.693959266885271
15/04/2017;26;0.834858220691003
15/04/2017;27;0.878028047146126
15/04/2017;28;0.606974784110364
15/04/2017;29;1.000000000000000
16/04/2017;11;0.390540114915596
16/04/2017;13;0.404403903990127
16/04/2017;14;0.664311381883360
16/04/2017;15;0.792682520859168
16/04/2017;16;1.000000000000000
16/04/2017;17;0.918846783205477
16/04/2017;18;0.633853893375828
16/04/2017;19;0.776462567081940
16/04/2017;20;0.665173401437850
16/04/2017;21;0.750180502827515
16/04/2017;22;0.693289841943789
16/04/2017;23;0.961285217629335
16/04/2017;24;0.844871536110385
16/04/2017;25;0.672490063555486
16/04/2017;26;0.929771278254745
16/04/2017;27;0.897356822992982
16/04/2017;28;0.522330942255819
16/04/2017;29;0.965515224564277
17/04/2017;11;1.000000000000000
17/04/2017;13;1.000000000000000
17/04/2017;14;1.085470336759420
17/04/2017;15;1.134052320650860
17/04/2017;16;1.153250237582120
17/04/2017;17;0.868943218677378
17/04/2017;18;1.000000000000000
17/04/2017;19;0.757931888952648
17/04/2017;20;1.000000000000000
17/04/2017;21;1.000000000000000
17/04/2017;22;0.622201833235766
17/04/2017;23;1.000000000000000
17/04/2017;24;1.000000000000000
17/04/2017;25;0.771334922147207
17/04/2017;26;1.000000000000000
17/04/2017;27;1.083712922779120
17/04/2017;28;0.623656775401299
17/04/2017;29;1.000000000000000
18/04/2017;11;1.202745328419800
18/04/2017;13;1.152257434694600
18/04/2017;14;1.563300841629380
18/04/2017;15;1.436952150173890
18/04/2017;16;1.491129922439980
18/04/2017;17;0.874714463450937
18/04/2017;18;1.254263219903610
18/04/2017;19;1.000000000000000
18/04/2017;20;1.158805432952260
18/04/2017;21;1.000000000000000
18/04/2017;22;1.000000000000000
18/04/2017;23;0.991495020595290
18/04/2017;24;1.076461637005090
18/04/2017;25;0.781366698516891
18/04/2017;26;1.092648690652150
18/04/2017;27;1.188149127400600
18/04/2017;28;0.788465080205505
18/04/2017;29;0.843542420797137
19/04/2017;11;1.502532612187300
19/04/2017;13;1.360736641654370
19/04/2017;14;1.763052507888640
19/04/2017;15;1.628077948726480
19/04/2017;16;1.651770245176710
19/04/2017;17;1.022368026943500
19/04/2017;18;1.680143267067020
19/04/2017;19;1.272382468682740
19/04/2017;20;1.355256533402960
19/04/2017;21;1.087447326840840
19/04/2017;22;1.327300539730140
19/04/2017;23;1.074071295607630
19/04/2017;24;1.528313987633600
19/04/2017;25;1.081392015988380
19/04/2017;26;1.201990887070150
19/04/2017;27;1.451808455069610
19/04/2017;28;0.728938913979163
19/04/2017;29;0.845751949250001
20/04/2017;11;1.821895206768250
20/04/2017;13;1.668915085419990
20/04/2017;14;1.913291975019640
20/04/2017;15;1.711770894580850
20/04/2017;16;1.606696874582220
20/04/2017;17;1.219104640482340
20/04/2017;18;1.818188115883760
20/04/2017;19;1.498134600348520
20/04/2017;20;1.559272377732000
20/04/2017;21;1.331497229336460
20/04/2017;22;1.729394146043860
20/04/2017;23;1.211484205601430
20/04/2017;24;1.888950290078530
20/04/2017;25;1.748332152639180
20/04/2017;26;1.756229067707610
20/04/2017;27;1.740909375879690
20/04/2017;28;1.000000000000000
20/04/2017;29;1.005105606490080
21/04/2017;11;1.830786683627410
21/04/2017;13;1.925164342818620
21/04/2017;14;1.762613523464470
21/04/2017;15;1.762123934861610
21/04/2017;16;1.659609394467060
21/04/2017;17;1.451841382646140
21/04/2017;18;1.847341721826890
21/04/2017;19;1.554793304214960
21/04/2017;20;1.705186564911960
21/04/2017;21;1.512722569553960
21/04/2017;22;1.889245988965200
21/04/2017;23;1.279612496259400
21/04/2017;24;1.976055764881430
21/04/2017;25;2.035947736273700
21/04/2017;26;1.936191993626090
21/04/2017;27;1.864857086221360
21/04/2017;28;1.240007279644710
21/04/2017;29;1.203978538713800
22/04/2017;11;1.920837949920250
22/04/2017;13;1.944173816384320
22/04/2017;14;1.565487205264290
22/04/2017;15;2.039271839267760
22/04/2017;16;1.715944476266820
22/04/2017;17;1.404912247412780
22/04/2017;18;1.903045751192610
22/04/2017;19;1.572622814331440
22/04/2017;20;1.955844324286680
22/04/2017;21;1.774186461819750
22/04/2017;22;1.888368183212920
22/04/2017;23;1.346393845792620
22/04/2017;24;2.191716943227320
22/04/2017;25;2.225632079808750
22/04/2017;26;1.907915985786180
22/04/2017;27;2.052677004726750
22/04/2017;28;1.392016344615470
22/04/2017;29;1.294746924445860
23/04/2017;11;1.753586708480210
23/04/2017;13;1.473910863548320
23/04/2017;14;1.000000000000000
23/04/2017;15;1.794396963689020
23/04/2017;16;1.432441925764830
23/04/2017;17;1.173870679507840
23/04/2017;18;1.280909221988700
23/04/2017;19;1.403828030386040
23/04/2017;20;1.659851916684660
23/04/2017;21;1.497401211756490
23/04/2017;22;1.691449036781940
23/04/2017;23;1.244608639256440
23/04/2017;24;1.521931267778180
23/04/2017;25;1.904867232648140
23/04/2017;26;1.821720406125510
23/04/2017;27;1.762894244361980
23/04/2017;28;1.557118943639900
23/04/2017;29;1.414527120546920
24/04/2017;11;1.445309832295210
24/04/2017;13;1.098771784656810
24/04/2017;14;0.814088992758158
24/04/2017;15;1.296070475953980
24/04/2017;16;1.212778425889690
24/04/2017;17;1.248945253697210
24/04/2017;18;0.970591168179253
24/04/2017;19;1.098468870003860
24/04/2017;20;1.189105655769880
24/04/2017;21;1.000000000000000
24/04/2017;22;1.452035034398850
24/04/2017;23;1.057376144587340
24/04/2017;24;1.044732314964620
24/04/2017;25;1.431518621316390
24/04/2017;26;1.257440335768550
24/04/2017;27;1.340415116567190
24/04/2017;28;1.236466010815010
24/04/2017;29;1.238412293131720
25/04/2017;11;1.385814810120430
25/04/2017;13;1.185668627506340
25/04/2017;14;0.814341313963263
25/04/2017;15;1.000000000000000
25/04/2017;16;1.140494210986990
25/04/2017;17;1.270535701516350
25/04/2017;18;0.861028898962259
25/04/2017;19;1.000000000000000
25/04/2017;20;1.184796495666960
25/04/2017;21;0.969846414459041
25/04/2017;22;1.348096866203180
25/04/2017;23;0.892300728417779
25/04/2017;24;0.980445937676215
25/04/2017;25;1.407732407648160
25/04/2017;26;1.000000000000000
25/04/2017;27;1.245946331698010
25/04/2017;28;1.231505144216500
25/04/2017;29;1.216254571371450
26/04/2017;11;1.311338619632310
26/04/2017;13;1.359031944655630
26/04/2017;14;1.190657651937790
26/04/2017;15;1.077795700598320
26/04/2017;16;1.098451935550830
26/04/2017;17;1.090910716202390
26/04/2017;18;0.777352262404016
26/04/2017;19;0.964813244349696
26/04/2017;20;1.120283477208340
26/04/2017;21;0.933109450632573
26/04/2017;22;1.141254665769640
26/04/2017;23;0.834618882853268
26/04/2017;24;0.954905811423351
26/04/2017;25;1.000000000000000
26/04/2017;26;0.894457558900943
26/04/2017;27;1.172142399776530
26/04/2017;28;1.187121618280630
26/04/2017;29;1.122751758726370
27/04/2017;11;1.402578064985120
27/04/2017;13;1.736345568457730
27/04/2017;14;1.532847075930910
27/04/2017;15;1.133916261596390
27/04/2017;16;1.146881343034020
27/04/2017;17;1.179211082005540
27/04/2017;18;0.834860073063028
27/04/2017;19;0.861868928249259
27/04/2017;20;1.000000000000000
27/04/2017;21;0.915483599396489
27/04/2017;22;0.958798219619729
27/04/2017;23;0.869342443049117
27/04/2017;24;0.910924576069058
27/04/2017;25;0.927963533621050
27/04/2017;26;0.880958739415862
27/04/2017;27;0.987593778278576
27/04/2017;28;1.127461599180790
27/04/2017;29;1.079686285699650
28/04/2017;11;1.493230533880260
28/04/2017;13;1.722998507001820
28/04/2017;14;1.532179374413020
28/04/2017;15;1.150739276624360
28/04/2017;16;1.159903756438050
28/04/2017;17;1.400528105297930
28/04/2017;18;1.033321246821790
28/04/2017;19;1.110314271867650
28/04/2017;20;1.066967070012910
28/04/2017;21;0.887867777956851
28/04/2017;22;1.155123831712160
28/04/2017;23;0.878302886902779
28/04/2017;24;0.860529601806610
28/04/2017;25;0.941151184711911
28/04/2017;26;0.869152345559046
28/04/2017;27;0.782141325910978
28/04/2017;28;0.921462662773945
28/04/2017;29;0.964718180397245
29/04/2017;11;1.739761687864430
29/04/2017;13;2.113833440395530
29/04/2017;14;1.794811953420950
29/04/2017;15;1.668787782233630
29/04/2017;16;1.190387363701770
29/04/2017;17;1.544426054037350
29/04/2017;18;1.640601307895120
29/04/2017;19;1.494113190661020
29/04/2017;20;1.450113806779780
29/04/2017;21;1.036228506316320
29/04/2017;22;1.569405408578930
29/04/2017;23;1.084785511989170
29/04/2017;24;1.090909441149120
29/04/2017;25;0.829426736927953
29/04/2017;26;1.023443512401030
29/04/2017;27;1.115385558956450
29/04/2017;28;0.838476949704391
29/04/2017;29;0.753545460799837
30/04/2017;11;1.684727452148480
30/04/2017;13;2.178140618920170
30/04/2017;14;1.735602506595200
30/04/2017;15;1.735939245628790
30/04/2017;16;1.232979421582310
30/04/2017;17;1.396441825093010
30/04/2017;18;2.000711871305570
30/04/2017;19;1.599714299237040
30/04/2017;20;1.778397496666500
30/04/2017;21;1.618301216855140
30/04/2017;22;1.561248818591150
30/04/2017;23;1.164729508056440
30/04/2017;24;1.450630537843890
30/04/2017;25;0.843931144537994
30/04/2017;26;1.300673309499320
30/04/2017;27;1.527249534844980
30/04/2017;28;1.054999682160660
30/04/2017;29;1.016887543569970
01/05/2017;11;1.956204315465170
01/05/2017;13;1.790689307202590
01/05/2017;14;1.823859056967250
01/05/2017;15;1.457673511878050
01/05/2017;16;1.170400534134970
01/05/2017;17;1.490311091236940
01/05/2017;18;1.529797482718450
01/05/2017;19;1.504143882776440
01/05/2017;20;1.503897557420070
01/05/2017;21;1.377793207036980
01/05/2017;22;1.661090289876400
01/05/2017;23;1.223505990778480
01/05/2017;24;1.288160933072090
01/05/2017;25;1.299776664351680
01/05/2017;26;1.387389663850860
01/05/2017;27;1.463770554988690
01/05/2017;28;0.886732050162760
01/05/2017;29;1.237280950313170
02/05/2017;11;2.099841057077940
02/05/2017;13;2.000944285744130
02/05/2017;14;1.672816440555810
02/05/2017;15;1.684508174330850
02/05/2017;16;1.335447929744350
02/05/2017;17;1.738623787808390
02/05/2017;18;1.415278947617850
02/05/2017;19;1.501777181713080
02/05/2017;20;1.328369447433270
02/05/2017;21;1.164280666581430
02/05/2017;22;1.438366826603910
02/05/2017;23;1.024122418127700
02/05/2017;24;1.171678745024410
02/05/2017;25;1.000000000000000
02/05/2017;26;1.321139318756860
02/05/2017;27;1.463453227795720
02/05/2017;28;0.732927133105851
02/05/2017;29;0.916271236064235
03/05/2017;11;2.379527174418150
03/05/2017;13;2.242805773306650
03/05/2017;14;1.819095349977450
03/05/2017;15;1.682868454977710
03/05/2017;16;1.454715558094810
03/05/2017;17;1.790880842635430
03/05/2017;18;1.341253746838450
03/05/2017;19;1.460173492976930
03/05/2017;20;1.000000000000000
03/05/2017;21;1.163788471294480
03/05/2017;22;1.234818383072520
03/05/2017;23;1.092572124086130
03/05/2017;24;1.139488654028020
03/05/2017;25;0.901545886288656
03/05/2017;26;1.163843755566730
03/05/2017;27;1.512866597734160
03/05/2017;28;0.749366447564884
03/05/2017;29;1.071713398774970
04/05/2017;11;3.108895493785830
04/05/2017;13;2.425608256029960
04/05/2017;14;2.044516704200830
04/05/2017;15;1.482769779752910
04/05/2017;16;1.435796376512760
04/05/2017;17;1.670391999470620
04/05/2017;18;1.350681996244720
04/05/2017;19;1.431316427082730
04/05/2017;20;0.819535344489405
04/05/2017;21;1.000000000000000
04/05/2017;22;1.186315922390130
04/05/2017;23;1.000000000000000
04/05/2017;24;0.954761677106865
04/05/2017;25;0.902025628248418
04/05/2017;26;1.215576541305450
04/05/2017;27;1.190594085370640
04/05/2017;28;0.817751200623845
04/05/2017;29;1.182610846054700
05/05/2017;11;2.707391658534190
05/05/2017;13;1.914003890272010
05/05/2017;14;1.000000000000000
05/05/2017;15;1.379547983091930
05/05/2017;16;1.411896160290310
05/05/2017;17;1.595497802966220
05/05/2017;18;1.271704298659620
05/05/2017;19;0.989124737427589
05/05/2017;20;0.786741463908595
05/05/2017;21;1.022480937377680
05/05/2017;22;0.916106322154838
05/05/2017;23;0.989538713255448
05/05/2017;24;0.867263925343016
05/05/2017;25;0.962879456519552
05/05/2017;26;1.090921522029170
05/05/2017;27;0.981330641180283
05/05/2017;28;0.842987089754117
05/05/2017;29;0.868039369977804
06/05/2017;11;2.807642791789580
06/05/2017;13;1.745962072601220
06/05/2017;14;1.596177419591750
06/05/2017;15;1.402691487252960
06/05/2017;16;1.365128472831050
06/05/2017;17;1.353356115206950
06/05/2017;18;1.415127179371670
06/05/2017;19;1.049432226571540
06/05/2017;20;0.671594103469585
06/05/2017;21;1.218791169808250
06/05/2017;22;0.458457625351868
06/05/2017;23;1.060115622643070
06/05/2017;24;1.000000000000000
06/05/2017;25;1.000000000000000
06/05/2017;26;1.118292346437810
06/05/2017;27;1.000000000000000
06/05/2017;28;0.771024469697381
06/05/2017;29;1.000000000000000
07/05/2017;11;2.505659505099470
07/05/2017;13;1.960275028887410
07/05/2017;14;1.000000000000000
07/05/2017;15;1.456392954903520
07/05/2017;16;1.339323511782860
07/05/2017;17;1.093266516006620
07/05/2017;18;2.267297678925480
07/05/2017;19;1.485104782760400
07/05/2017;20;1.000000000000000
07/05/2017;21;1.295282482899850
07/05/2017;22;1.000000000000000
07/05/2017;23;0.980445686335333
07/05/2017;24;0.947137035692271
07/05/2017;25;1.000000000000000
07/05/2017;26;1.000000000000000
07/05/2017;27;1.158382306074040
07/05/2017;28;0.569671193548973
07/05/2017;29;0.774812158289944
08/05/2017;11;1.000000000000000
08/05/2017;13;1.611972324519290
08/05/2017;14;0.959928869725841
08/05/2017;15;1.295625352923190
08/05/2017;16;1.266617533426100
08/05/2017;17;1.128036824106640
08/05/2017;18;1.752554800843870
08/05/2017;19;1.440243402768160
08/05/2017;20;1.000000000000000
08/05/2017;21;1.063384514102170
08/05/2017;22;1.231322205353030
08/05/2017;23;0.929992912490178
08/05/2017;24;1.063431906545180
08/05/2017;25;1.000000000000000
08/05/2017;26;1.014566860644080
08/05/2017;27;1.420660165158530
08/05/2017;28;0.887843273964792
08/05/2017;29;1.013039648519740
09/05/2017;11;0.743465680254952
09/05/2017;13;1.294566173803890
09/05/2017;14;1.000000000000000
09/05/2017;15;1.247115360367930
09/05/2017;16;1.131968176899590
09/05/2017;17;1.000000000000000
09/05/2017;18;1.437080263352570
09/05/2017;19;1.498795497481900
09/05/2017;20;1.106671377716690
09/05/2017;21;1.047451931878130
09/05/2017;22;1.410275605901670
09/05/2017;23;0.971460931583508
09/05/2017;24;1.286742062678080
09/05/2017;25;1.000000000000000
09/05/2017;26;1.140303976871150
09/05/2017;27;1.567919925579250
09/05/2017;28;0.979798036156099
09/05/2017;29;0.845479953129270
10/05/2017;11;0.714754390112789
10/05/2017;13;1.211977347698790
10/05/2017;14;1.000000000000000
10/05/2017;15;1.463380442574870
10/05/2017;16;1.314629530721490
10/05/2017;17;1.120773547006750
10/05/2017;18;1.445464659976950
10/05/2017;19;1.461159106653390
10/05/2017;20;1.249972745252050
10/05/2017;21;1.138713855295880
10/05/2017;22;1.000000000000000
10/05/2017;23;1.125620624233930
10/05/2017;24;1.228508338277590
10/05/2017;25;1.000000000000000
10/05/2017;26;1.000000000000000
10/05/2017;27;1.558817668943460
10/05/2017;28;0.887172056608256
10/05/2017;29;0.791298645507968
11/05/2017;11;1.693276796320710
11/05/2017;13;1.587446339940560
11/05/2017;14;0.995154012776514
11/05/2017;15;1.726593037074040
11/05/2017;16;1.449619741953270
11/05/2017;17;1.000000000000000
11/05/2017;18;1.428369729235710
11/05/2017;19;1.000000000000000
11/05/2017;20;1.000000000000000
11/05/2017;21;1.150629676421230
11/05/2017;22;0.960201347213042
11/05/2017;23;1.164929957792320
11/05/2017;24;1.000000000000000
11/05/2017;25;1.000000000000000
11/05/2017;26;0.985587219074460
11/05/2017;27;1.000000000000000
11/05/2017;28;0.931589832754559
11/05/2017;29;0.876491636804412
12/05/2017;11;2.378088090103230
12/05/2017;13;1.000000000000000
12/05/2017;14;0.924269596007924
12/05/2017;15;1.000000000000000
12/05/2017;16;1.000000000000000
12/05/2017;17;1.013318549660900
12/05/2017;18;1.000000000000000
12/05/2017;19;0.937683865617656
12/05/2017;20;1.000000000000000
12/05/2017;21;1.000000000000000
12/05/2017;22;0.981286459800503
12/05/2017;23;0.952839200406413
12/05/2017;24;0.911495922065853
12/05/2017;25;1.000000000000000
12/05/2017;26;0.973185122954459
12/05/2017;27;0.893956743542932
12/05/2017;28;0.992200150359967
12/05/2017;29;0.942743379013179
13/05/2017;11;1.000000000000000
13/05/2017;13;0.890129287598094
13/05/2017;14;0.800367651001900
13/05/2017;15;0.824024822552289
13/05/2017;16;0.882390854488333
13/05/2017;17;1.000000000000000
13/05/2017;18;0.751413737206729
13/05/2017;19;0.877191020916975
13/05/2017;20;0.979672914805993
13/05/2017;21;0.983771709211362
13/05/2017;22;0.964437626893442
13/05/2017;23;0.922191973422396
13/05/2017;24;0.702474247653750
13/05/2017;25;1.000000000000000
13/05/2017;26;0.985511407582493
13/05/2017;27;0.783817196136428
13/05/2017;28;1.000000000000000
13/05/2017;29;0.934509868697354
14/05/2017;11;0.596290147165620
14/05/2017;13;0.615305726615964
14/05/2017;14;0.903994354789086
14/05/2017;15;0.731368656415900
14/05/2017;16;0.824774652134926
14/05/2017;17;0.786428558240536
14/05/2017;18;0.690470385071236
14/05/2017;19;0.662277817652917
14/05/2017;20;0.762634582081001
14/05/2017;21;0.905638021565543
14/05/2017;22;0.646374484003224
14/05/2017;23;0.834851830826787
14/05/2017;24;0.532115377318923
14/05/2017;25;0.894657013675418
14/05/2017;26;0.865167209697838
14/05/2017;27;0.554879984150874
14/05/2017;28;1.000000000000000
14/05/2017;29;0.946354502621389
15/05/2017;11;0.622827124435743
15/05/2017;13;0.690253891965331
15/05/2017;14;0.902539091111457
15/05/2017;15;0.849246053296831
15/05/2017;16;0.879389572585554
15/05/2017;17;0.841745249611758
15/05/2017;18;0.818236140313321
15/05/2017;19;0.619553961631936
15/05/2017;20;0.779666444691948
15/05/2017;21;0.923213492661811
15/05/2017;22;0.628893257674720
15/05/2017;23;0.845888123948771
15/05/2017;24;0.767243992866109
15/05/2017;25;0.968793402333527
15/05/2017;26;0.905248425793256
15/05/2017;27;0.626764312811009
15/05/2017;28;0.954241545715026
15/05/2017;29;0.962624424114565
16/05/2017;11;0.601644209589934
16/05/2017;13;0.684197139891758
16/05/2017;14;0.771131178506654
16/05/2017;15;0.790597566467828
16/05/2017;16;0.794123603007052
16/05/2017;17;0.903425674281484
16/05/2017;18;0.779429624867123
16/05/2017;19;0.602261189340750
16/05/2017;20;0.755378862175581
16/05/2017;21;0.884432424751892
16/05/2017;22;0.565263369434561
16/05/2017;23;0.813647598356080
16/05/2017;24;0.763374533764333
16/05/2017;25;1.000000000000000
16/05/2017;26;0.875904082371446
16/05/2017;27;0.577660274524323
16/05/2017;28;0.916713707521276
16/05/2017;29;0.938986807066399
17/05/2017;11;0.726174531030821
17/05/2017;13;0.746461424869039
17/05/2017;14;0.761682586959529
17/05/2017;15;0.785220809693961
17/05/2017;16;0.781702826203568
17/05/2017;17;0.815110937312758
17/05/2017;18;0.807456731112002
17/05/2017;19;0.665806651044219
17/05/2017;20;0.761509806335792
17/05/2017;21;0.898307134251184
17/05/2017;22;0.626328959065052
17/05/2017;23;0.818299820955420
17/05/2017;24;0.728397578725511
17/05/2017;25;1.000000000000000
17/05/2017;26;0.830886475022093
17/05/2017;27;0.558964529029697
17/05/2017;28;0.930756074764199
17/05/2017;29;0.857746540428921
18/05/2017;11;0.786043304499493
18/05/2017;13;0.813446220405791
18/05/2017;14;0.859219502889055
18/05/2017;15;0.837214415599568
18/05/2017;16;0.862327164565946
18/05/2017;17;0.841713318014625
18/05/2017;18;0.852918607184442
18/05/2017;19;0.718834339203711
18/05/2017;20;0.819257884844505
18/05/2017;21;0.908233256748092
18/05/2017;22;0.671060975774688
18/05/2017;23;0.830903334136585
18/05/2017;24;0.744667734653694
18/05/2017;25;1.000000000000000
18/05/2017;26;0.843758554868722
18/05/2017;27;0.596302751105268
18/05/2017;28;0.899647823653425
18/05/2017;29;0.768830430161131
19/05/2017;11;0.690609038829304
19/05/2017;13;0.800085446399760
19/05/2017;14;0.944681994922739
19/05/2017;15;0.878801570499716
19/05/2017;16;0.911095853508239
19/05/2017;17;0.850297236233950
19/05/2017;18;0.876219669877192
19/05/2017;19;0.771043051549844
19/05/2017;20;0.890463228898278
19/05/2017;21;0.921131425507612
19/05/2017;22;0.710230617101272
19/05/2017;23;0.885994965409534
19/05/2017;24;0.824623317797268
19/05/2017;25;1.000000000000000
19/05/2017;26;0.886812553116017
19/05/2017;27;0.667564067572378
19/05/2017;28;0.814263475565741
19/05/2017;29;0.782179791789122
20/05/2017;11;0.564024541823179
20/05/2017;13;0.653873744772950
20/05/2017;14;0.986019129759569
20/05/2017;15;1.011975263634670
20/05/2017;16;0.939473130642607
20/05/2017;17;0.914980876711815
20/05/2017;18;0.826859314616932
20/05/2017;19;0.730512222923012
20/05/2017;20;0.874636072687786
20/05/2017;21;0.874521239901361
20/05/2017;22;1.000000000000000
20/05/2017;23;0.862733607680317
20/05/2017;24;0.717142795244438
20/05/2017;25;1.000000000000000
20/05/2017;26;0.886486788092457
20/05/2017;27;0.626930049808833
20/05/2017;28;0.835975865788213
20/05/2017;29;0.809260718458525
21/05/2017;11;0.595723294199710
21/05/2017;13;0.633496558588607
21/05/2017;14;0.850387007144125
21/05/2017;15;1.000000000000000
21/05/2017;16;0.963463947630941
21/05/2017;17;0.872695966453657
21/05/2017;18;0.864400958565954
21/05/2017;19;0.662631632486979
21/05/2017;20;0.784296968944242
21/05/2017;21;0.930886971006968
21/05/2017;22;0.914752082250087
21/05/2017;23;1.047220362897620
21/05/2017;24;1.150715297308690
21/05/2017;25;1.000000000000000
21/05/2017;26;1.047814263123120
21/05/2017;27;1.178563950930390
21/05/2017;28;0.847493574589655
21/05/2017;29;0.910846029738127
22/05/2017;11;0.724497734466778
22/05/2017;13;0.749954200524069
22/05/2017;14;0.885625812548097
22/05/2017;15;0.910553874854874
22/05/2017;16;0.943303412709742
22/05/2017;17;0.866555513118416
22/05/2017;18;0.877469043889367
22/05/2017;19;0.781363571407232
22/05/2017;20;0.933274421702945
22/05/2017;21;0.971048584749530
22/05/2017;22;0.784149781296102
22/05/2017;23;0.949209079138272
22/05/2017;24;1.000000000000000
22/05/2017;25;1.000000000000000
22/05/2017;26;1.000000000000000
22/05/2017;27;1.000000000000000
22/05/2017;28;0.957916685522340
22/05/2017;29;0.953329184577041
23/05/2017;11;0.901037761032925
23/05/2017;13;0.857050569521149
23/05/2017;14;1.000000000000000
23/05/2017;15;0.909158980193920
23/05/2017;16;0.909434759314664
23/05/2017;17;0.977412829972467
23/05/2017;18;0.876428898726989
23/05/2017;19;0.799259837115076
23/05/2017;20;0.909661891785369
23/05/2017;21;0.947014330497572
23/05/2017;22;0.774888911581918
23/05/2017;23;0.891696072460508
23/05/2017;24;0.903041781825050
23/05/2017;25;1.000000000000000
23/05/2017;26;0.938642896617274
23/05/2017;27;0.830092488689905
23/05/2017;28;0.992476659984358
23/05/2017;29;0.952938423113906
24/05/2017;11;0.942855996448876
24/05/2017;13;0.897550912492603
24/05/2017;14;0.983434833798944
24/05/2017;15;0.937353725025911
24/05/2017;16;0.917071505293960
24/05/2017;17;0.909892498534938
24/05/2017;18;0.908563964401564
24/05/2017;19;0.816465522344975
24/05/2017;20;0.959590783551484
24/05/2017;21;0.962607117442641
24/05/2017;22;0.835905564585603
24/05/2017;23;0.940227071815386
24/05/2017;24;0.878644176633944
24/05/2017;25;1.000000000000000
24/05/2017;26;0.950817705436133
24/05/2017;27;0.790349638971828
24/05/2017;28;1.000000000000000
24/05/2017;29;0.987848212684821
25/05/2017;11;0.806531645861581
25/05/2017;13;0.743755663242832
25/05/2017;14;0.905963185740587
25/05/2017;15;0.887091790440554
25/05/2017;16;0.915176635370169
25/05/2017;17;0.810130506084125
25/05/2017;18;0.886533261061945
25/05/2017;19;0.774073728839152
25/05/2017;20;0.985628581190722
25/05/2017;21;0.971722621554452
25/05/2017;22;0.858070906460365
25/05/2017;23;0.983914456592695
25/05/2017;24;1.000000000000000
25/05/2017;25;1.000000000000000
25/05/2017;26;0.958394378302846
25/05/2017;27;1.000000000000000
25/05/2017;28;1.000000000000000
25/05/2017;29;0.948312663758029
26/05/2017;11;0.766455031491070
26/05/2017;13;0.760563155895643
26/05/2017;14;0.919095780112567
26/05/2017;15;0.913251452356725
26/05/2017;16;0.935131802447883
26/05/2017;17;0.823093811102626
26/05/2017;18;0.895686005346887
26/05/2017;19;0.811915964626238
26/05/2017;20;0.935056304335900
26/05/2017;21;0.979671377031472
26/05/2017;22;0.809497160924868
26/05/2017;23;0.974307720400991
26/05/2017;24;1.120832410141330
26/05/2017;25;1.000000000000000
26/05/2017;26;0.968861425235439
26/05/2017;27;1.482305202633950
26/05/2017;28;1.000000000000000
26/05/2017;29;0.979647778517166
27/05/2017;11;0.844490352228054
27/05/2017;13;0.757893963980871
27/05/2017;14;0.904650146862219
27/05/2017;15;0.937548685099597
27/05/2017;16;0.959005108147946
27/05/2017;17;0.872952008406294
27/05/2017;18;0.905968376314863
27/05/2017;19;0.876285077389225
27/05/2017;20;0.889119849893228
27/05/2017;21;0.917064540098120
27/05/2017;22;0.765144090803188
27/05/2017;23;0.950733327422887
27/05/2017;24;1.248131054726620
27/05/2017;25;1.000000000000000
27/05/2017;26;0.958256389882438
27/05/2017;27;1.927377201871570
27/05/2017;28;0.923540294588232
27/05/2017;29;0.917775788200010
28/05/2017;11;1.000000000000000
28/05/2017;13;0.970324831495653
28/05/2017;14;1.000000000000000
28/05/2017;15;0.966587079647047
28/05/2017;16;0.990641934916975
28/05/2017;17;0.891950450557413
28/05/2017;18;0.913573722303233
28/05/2017;19;0.884737541425235
28/05/2017;20;0.899252745937463
28/05/2017;21;0.941731412006680
28/05/2017;22;0.841625565489701
28/05/2017;23;0.911951770230743
28/05/2017;24;1.000000000000000
28/05/2017;25;1.000000000000000
28/05/2017;26;0.950929017087103
28/05/2017;27;1.000000000000000
28/05/2017;28;0.965147245296694
28/05/2017;29;0.951789190797621
29/05/2017;11;0.934780415889259
29/05/2017;13;0.972548678552093
29/05/2017;14;1.000000000000000
29/05/2017;15;0.987344800726579
29/05/2017;16;0.990076370259193
29/05/2017;17;0.915686617191886
29/05/2017;18;0.972141964185228
29/05/2017;19;0.937967381789731
29/05/2017;20;0.971240505620780
29/05/2017;21;0.979140955314189
29/05/2017;22;0.961612707120135
29/05/2017;23;0.970043510765721
29/05/2017;24;0.933711798884748
29/05/2017;25;1.000000000000000
29/05/2017;26;0.981122940968380
29/05/2017;27;0.831992692299827
29/05/2017;28;1.000000000000000
29/05/2017;29;0.989337726955578
30/05/2017;11;0.896372987009875
30/05/2017;13;0.941409978763742
30/05/2017;14;0.995928190242198
30/05/2017;15;0.993198149949821
30/05/2017;16;0.967043665978326
30/05/2017;17;0.899138221357542
30/05/2017;18;0.959157252874798
30/05/2017;19;0.888131434849272
30/05/2017;20;0.988031630632409
30/05/2017;21;0.992085457562246
30/05/2017;22;0.888398572383208
30/05/2017;23;0.969774166355458
30/05/2017;24;0.905717937538286
30/05/2017;25;1.000000000000000
30/05/2017;26;0.976521300710565
30/05/2017;27;0.856779566705564
30/05/2017;28;1.000000000000000
30/05/2017;29;0.994783150508325
31/05/2017;11;1.000000000000000
31/05/2017;13;0.865884362114029
31/05/2017;14;0.957602750024674
31/05/2017;15;0.948591405727093
31/05/2017;16;0.900769029304117
31/05/2017;17;0.888873880834097
31/05/2017;18;0.940274195519687
31/05/2017;19;0.898479576094065
31/05/2017;20;0.944444806767049
31/05/2017;21;0.975949925570693
31/05/2017;22;0.842124421804150
31/05/2017;23;0.962010439343967
31/05/2017;24;0.902707536346854
31/05/2017;25;1.000000000000000
31/05/2017;26;0.992987439164122
31/05/2017;27;0.889529731518836
31/05/2017;28;1.000000000000000
31/05/2017;29;0.981863749489612
01/06/2017;11;0.895035250264086
01/06/2017;13;0.918433435391028
01/06/2017;14;1.000000000000000
01/06/2017;15;0.913992825348982
01/06/2017;16;0.916247200787471
01/06/2017;17;0.900019960978642
01/06/2017;18;0.964157381707659
01/06/2017;19;0.876456957632029
01/06/2017;20;0.946401497565229
01/06/2017;21;0.981185467521997
01/06/2017;22;0.905182166082119
01/06/2017;23;0.949084041340526
01/06/2017;24;0.852250640047700
01/06/2017;25;1.000000000000000
01/06/2017;26;0.992003190790237
01/06/2017;27;0.878465230495490
01/06/2017;28;1.000000000000000
01/06/2017;29;0.993070222421299
02/06/2017;11;0.831010319563039
02/06/2017;13;0.978927572070509
02/06/2017;14;1.000000000000000
02/06/2017;15;0.956474785649102
02/06/2017;16;0.971145532981135
02/06/2017;17;0.943707946566793
02/06/2017;18;0.979332122544233
02/06/2017;19;0.958049185999021
02/06/2017;20;0.970372629688285
02/06/2017;21;0.981169338554724
02/06/2017;22;0.952746045616750
02/06/2017;23;0.944965269109483
02/06/2017;24;0.838298460542360
02/06/2017;25;1.000000000000000
02/06/2017;26;0.981165971164975
02/06/2017;27;0.926794126852107
02/06/2017;28;1.000000000000000
02/06/2017;29;1.000000000000000
03/06/2017;11;1.000000000000000
03/06/2017;13;1.000000000000000
03/06/2017;14;1.000000000000000
03/06/2017;15;0.972397818403994
03/06/2017;16;0.980316565475091
03/06/2017;17;0.970617435544366
03/06/2017;18;1.000000000000000
03/06/2017;19;0.981887774448878
03/06/2017;20;0.979903903724081
03/06/2017;21;0.996740531903913
03/06/2017;22;0.875274180314930
03/06/2017;23;0.980139715960792
03/06/2017;24;0.663857363398783
03/06/2017;25;1.000000000000000
03/06/2017;26;0.968384149031848
03/06/2017;27;0.725483426840438
03/06/2017;28;1.000000000000000
03/06/2017;29;1.000000000000000
04/06/2017;11;1.000000000000000
04/06/2017;13;1.000000000000000
04/06/2017;14;1.000000000000000
04/06/2017;15;1.000000000000000
04/06/2017;16;0.997771577614566
04/06/2017;17;1.000000000000000
04/06/2017;18;1.000000000000000
04/06/2017;19;1.000000000000000
04/06/2017;20;0.901935339099531
04/06/2017;21;0.992900386538428
04/06/2017;22;0.846269924755641
04/06/2017;23;0.999927701534944
04/06/2017;24;0.578733201111034
04/06/2017;25;1.000000000000000
04/06/2017;26;0.963287886902314
04/06/2017;27;0.391318926714065
04/06/2017;28;1.000000000000000
04/06/2017;29;1.000000000000000
05/06/2017;11;1.000000000000000
05/06/2017;13;1.000000000000000
05/06/2017;14;1.000000000000000
05/06/2017;15;1.000000000000000
05/06/2017;16;1.000000000000000
05/06/2017;17;1.000000000000000
05/06/2017;18;1.000000000000000
05/06/2017;19;1.000000000000000
05/06/2017;20;1.000000000000000
05/06/2017;21;0.991214937104853
05/06/2017;22;1.000000000000000
05/06/2017;23;1.000000000000000
05/06/2017;24;0.922995302930678
05/06/2017;25;1.000000000000000
05/06/2017;26;0.995376892191456
05/06/2017;27;0.954852090307348
05/06/2017;28;1.000000000000000
05/06/2017;29;1.000000000000000
06/06/2017;11;1.000000000000000
06/06/2017;13;1.000000000000000
06/06/2017;14;1.000000000000000
06/06/2017;15;1.000000000000000
06/06/2017;16;1.000000000000000
06/06/2017;17;1.000000000000000
06/06/2017;18;1.000000000000000
06/06/2017;19;1.000000000000000
06/06/2017;20;1.000000000000000
06/06/2017;21;0.997305550372406
06/06/2017;22;1.000000000000000
06/06/2017;23;1.000000000000000
06/06/2017;24;0.959888193978230
06/06/2017;25;1.000000000000000
06/06/2017;26;1.000000000000000
06/06/2017;27;1.000000000000000
06/06/2017;28;1.000000000000000
06/06/2017;29;1.000000000000000
07/06/2017;11;1.000000000000000
07/06/2017;13;0.996407754050512
07/06/2017;14;1.000000000000000
07/06/2017;15;1.000000000000000
07/06/2017;16;1.000000000000000
07/06/2017;17;1.000000000000000
07/06/2017;18;1.000000000000000
07/06/2017;19;1.000000000000000
07/06/2017;20;1.000000000000000
07/06/2017;21;1.000000000000000
07/06/2017;22;1.000000000000000
07/06/2017;23;1.000000000000000
07/06/2017;24;1.000000000000000
07/06/2017;25;1.000000000000000
07/06/2017;26;1.000000000000000
07/06/2017;27;1.000000000000000
07/06/2017;28;1.000000000000000
07/06/2017;29;1.000000000000000
08/06/2017;11;1.000000000000000
08/06/2017;13;0.972232984159966
08/06/2017;14;1.000000000000000
08/06/2017;15;1.000000000000000
08/06/2017;16;1.000000000000000
08/06/2017;17;1.000000000000000
08/06/2017;18;1.000000000000000
08/06/2017;19;1.000000000000000
08/06/2017;20;1.000000000000000
08/06/2017;21;1.000000000000000
08/06/2017;22;1.000000000000000
08/06/2017;23;1.000000000000000
08/06/2017;24;1.000000000000000
08/06/2017;25;1.000000000000000
08/06/2017;26;1.000000000000000
08/06/2017;27;1.000000000000000
08/06/2017;28;1.000000000000000
08/06/2017;29;1.000000000000000
09/06/2017;11;1.000000000000000
09/06/2017;13;1.000000000000000
09/06/2017;14;1.000000000000000
09/06/2017;15;1.000000000000000
09/06/2017;16;1.000000000000000
09/06/2017;17;1.000000000000000
09/06/2017;18;1.000000000000000
09/06/2017;19;1.000000000000000
09/06/2017;20;1.000000000000000
09/06/2017;21;1.000000000000000
09/06/2017;22;1.000000000000000
09/06/2017;23;1.000000000000000
09/06/2017;24;1.000000000000000
09/06/2017;25;1.000000000000000
09/06/2017;26;1.000000000000000
09/06/2017;27;1.000000000000000
09/06/2017;28;1.000000000000000
09/06/2017;29;1.000000000000000
10/06/2017;11;1.000000000000000
10/06/2017;13;1.000000000000000
10/06/2017;14;1.000000000000000
10/06/2017;15;1.000000000000000
10/06/2017;16;1.000000000000000
10/06/2017;17;0.990790249639644
10/06/2017;18;1.000000000000000
10/06/2017;19;1.000000000000000
10/06/2017;20;1.000000000000000
10/06/2017;21;1.000000000000000
10/06/2017;22;1.000000000000000
10/06/2017;23;1.000000000000000
10/06/2017;24;0.990706648455210
10/06/2017;25;1.000000000000000
10/06/2017;26;1.000000000000000
10/06/2017;27;1.000000000000000
10/06/2017;28;1.000000000000000
10/06/2017;29;1.000000000000000
11/06/2017;11;1.000000000000000
11/06/2017;13;1.000000000000000
11/06/2017;14;1.000000000000000
11/06/2017;15;1.000000000000000
11/06/2017;16;1.000000000000000
11/06/2017;17;0.986068796852391
11/06/2017;18;1.000000000000000
11/06/2017;19;1.000000000000000
11/06/2017;20;1.000000000000000
11/06/2017;21;1.000000000000000
11/06/2017;22;1.000000000000000
11/06/2017;23;1.000000000000000
11/06/2017;24;0.935370853644025
11/06/2017;25;1.000000000000000
11/06/2017;26;1.000000000000000
11/06/2017;27;1.000000000000000
11/06/2017;28;1.000000000000000
11/06/2017;29;1.000000000000000
12/06/2017;11;1.000000000000000
12/06/2017;13;1.000000000000000
12/06/2017;14;0.995343044047979
12/06/2017;15;1.000000000000000
12/06/2017;16;1.000000000000000
12/06/2017;17;1.000000000000000
12/06/2017;18;1.000000000000000
12/06/2017;19;1.000000000000000
12/06/2017;20;1.000000000000000
12/06/2017;21;1.000000000000000
12/06/2017;22;1.000000000000000
12/06/2017;23;1.000000000000000
12/06/2017;24;0.984186275451902
12/06/2017;25;1.000000000000000
12/06/2017;26;1.000000000000000
12/06/2017;27;1.000000000000000
12/06/2017;28;1.000000000000000
12/06/2017;29;1.000000000000000
13/06/2017;11;1.000000000000000
13/06/2017;13;0.995370117812976
13/06/2017;14;0.951205933314299
13/06/2017;15;1.000000000000000
13/06/2017;16;1.000000000000000
13/06/2017;17;1.000000000000000
13/06/2017;18;1.000000000000000
13/06/2017;19;1.000000000000000
13/06/2017;20;1.000000000000000
13/06/2017;21;1.000000000000000
13/06/2017;22;1.000000000000000
13/06/2017;23;1.000000000000000
13/06/2017;24;0.988034585336144
13/06/2017;25;1.000000000000000
13/06/2017;26;1.000000000000000
13/06/2017;27;1.000000000000000
13/06/2017;28;1.000000000000000
13/06/2017;29;1.000000000000000
14/06/2017;11;1.000000000000000
14/06/2017;13;0.967243184512228
14/06/2017;14;1.000000000000000
14/06/2017;15;1.000000000000000
14/06/2017;16;1.000000000000000
14/06/2017;17;1.000000000000000
14/06/2017;18;1.000000000000000
14/06/2017;19;1.000000000000000
14/06/2017;20;1.000000000000000
14/06/2017;21;1.000000000000000
14/06/2017;22;1.000000000000000
14/06/2017;23;1.000000000000000
14/06/2017;24;0.982378824302364
14/06/2017;25;1.000000000000000
14/06/2017;26;1.000000000000000
14/06/2017;27;1.000000000000000
14/06/2017;28;1.000000000000000
14/06/2017;29;1.000000000000000
15/06/2017;11;1.000000000000000
15/06/2017;13;1.000000000000000
15/06/2017;14;1.000000000000000
15/06/2017;15;1.000000000000000
15/06/2017;16;1.000000000000000
15/06/2017;17;1.000000000000000
15/06/2017;18;1.000000000000000
15/06/2017;19;1.000000000000000
15/06/2017;20;1.000000000000000
15/06/2017;21;1.000000000000000
15/06/2017;22;1.000000000000000
15/06/2017;23;1.000000000000000
15/06/2017;24;0.993415272196305
15/06/2017;25;1.000000000000000
15/06/2017;26;1.000000000000000
15/06/2017;27;1.000000000000000
15/06/2017;28;1.000000000000000
15/06/2017;29;1.000000000000000
16/06/2017;11;1.000000000000000
16/06/2017;13;1.000000000000000
16/06/2017;14;1.000000000000000
16/06/2017;15;1.000000000000000
16/06/2017;16;1.000000000000000
16/06/2017;17;1.000000000000000
16/06/2017;18;0.998835147522857
16/06/2017;19;1.000000000000000
16/06/2017;20;1.000000000000000
16/06/2017;21;1.000000000000000
16/06/2017;22;1.000000000000000
16/06/2017;23;1.000000000000000
16/06/2017;24;0.987956419129116
16/06/2017;25;1.000000000000000
16/06/2017;26;1.000000000000000
16/06/2017;27;1.000000000000000
16/06/2017;28;1.000000000000000
16/06/2017;29;1.000000000000000
17/06/2017;11;1.000000000000000
17/06/2017;13;1.000000000000000
17/06/2017;14;1.000000000000000
17/06/2017;15;1.000000000000000
17/06/2017;16;1.000000000000000
17/06/2017;17;1.000000000000000
17/06/2017;18;0.996832940946150
17/06/2017;19;1.000000000000000
17/06/2017;20;1.000000000000000
17/06/2017;21;1.000000000000000
17/06/2017;22;1.000000000000000
17/06/2017;23;1.000000000000000
17/06/2017;24;0.907612539517720
17/06/2017;25;1.000000000000000
17/06/2017;26;1.000000000000000
17/06/2017;27;1.000000000000000
17/06/2017;28;1.000000000000000
17/06/2017;29;1.000000000000000
18/06/2017;11;1.000000000000000
18/06/2017;13;1.000000000000000
18/06/2017;14;1.000000000000000
18/06/2017;15;1.000000000000000
18/06/2017;16;1.000000000000000
18/06/2017;17;1.000000000000000
18/06/2017;18;1.000000000000000
18/06/2017;19;1.000000000000000
18/06/2017;20;1.000000000000000
18/06/2017;21;1.000000000000000
18/06/2017;22;1.000000000000000
18/06/2017;23;1.000000000000000
18/06/2017;24;0.835574888366506
18/06/2017;25;1.000000000000000
18/06/2017;26;1.000000000000000
18/06/2017;27;1.000000000000000
18/06/2017;28;1.000000000000000
18/06/2017;29;1.000000000000000
19/06/2017;11;1.000000000000000
19/06/2017;13;1.000000000000000
19/06/2017;14;1.000000000000000
19/06/2017;15;1.000000000000000
19/06/2017;16;1.000000000000000
19/06/2017;17;1.000000000000000
19/06/2017;18;1.000000000000000
19/06/2017;19;1.000000000000000
19/06/2017;20;1.000000000000000
19/06/2017;21;1.000000000000000
19/06/2017;22;1.000000000000000
19/06/2017;23;1.000000000000000
19/06/2017;24;0.949336545219872
19/06/2017;25;1.000000000000000
19/06/2017;26;1.000000000000000
19/06/2017;27;1.000000000000000
19/06/2017;28;1.000000000000000
19/06/2017;29;1.000000000000000
20/06/2017;11;1.000000000000000
20/06/2017;13;0.970389255935653
20/06/2017;14;0.990165842748625
20/06/2017;15;0.998369023365255
20/06/2017;16;1.000000000000000
20/06/2017;17;1.000000000000000
20/06/2017;18;0.968824699194588
20/06/2017;19;1.000000000000000
20/06/2017;20;1.000000000000000
20/06/2017;21;1.000000000000000
20/06/2017;22;1.000000000000000
20/06/2017;23;1.000000000000000
20/06/2017;24;0.987290917673219
20/06/2017;25;1.000000000000000
20/06/2017;26;1.000000000000000
20/06/2017;27;1.000000000000000
20/06/2017;28;1.000000000000000
20/06/2017;29;1.000000000000000
21/06/2017;11;1.000000000000000
21/06/2017;13;0.852230587643689
21/06/2017;14;0.929293602210106
21/06/2017;15;0.967808904476951
21/06/2017;16;0.998580198984420
21/06/2017;17;1.000000000000000
21/06/2017;18;0.951400821318066
21/06/2017;19;0.946179226481702
21/06/2017;20;0.991276528419059
21/06/2017;21;0.999711503332586
21/06/2017;22;0.984155487600391
21/06/2017;23;0.965602062631580
21/06/2017;24;0.965813718432103
21/06/2017;25;1.000000000000000
21/06/2017;26;1.000000000000000
21/06/2017;27;1.000000000000000
21/06/2017;28;1.000000000000000
21/06/2017;29;1.000000000000000
22/06/2017;11;1.000000000000000
22/06/2017;13;1.000000000000000
22/06/2017;14;1.000000000000000
22/06/2017;15;0.991270235724566
22/06/2017;16;0.997352629750753
22/06/2017;17;1.000000000000000
22/06/2017;18;0.981477257519596
22/06/2017;19;0.966961838508194
22/06/2017;20;0.967891125130488
22/06/2017;21;0.990906355914047
22/06/2017;22;0.982807462837346
22/06/2017;23;0.988646448112675
22/06/2017;24;0.920066792938686
22/06/2017;25;1.000000000000000
22/06/2017;26;1.000000000000000
22/06/2017;27;0.954955467568545
22/06/2017;28;1.000000000000000
22/06/2017;29;1.000000000000000
23/06/2017;11;1.000000000000000
23/06/2017;13;1.000000000000000
23/06/2017;14;1.000000000000000
23/06/2017;15;1.000000000000000
23/06/2017;16;1.000000000000000
23/06/2017;17;1.000000000000000
23/06/2017;18;1.000000000000000
23/06/2017;19;1.000000000000000
23/06/2017;20;1.000000000000000
23/06/2017;21;1.000000000000000
23/06/2017;22;1.000000000000000
23/06/2017;23;1.000000000000000
23/06/2017;24;1.000000000000000
23/06/2017;25;1.000000000000000
23/06/2017;26;1.000000000000000
23/06/2017;27;1.000000000000000
23/06/2017;28;1.000000000000000
23/06/2017;29;1.000000000000000
24/06/2017;11;1.000000000000000
24/06/2017;13;1.000000000000000
24/06/2017;14;1.000000000000000
24/06/2017;15;1.000000000000000
24/06/2017;16;1.000000000000000
24/06/2017;17;1.000000000000000
24/06/2017;18;1.000000000000000
24/06/2017;19;1.000000000000000
24/06/2017;20;1.000000000000000
24/06/2017;21;1.000000000000000
24/06/2017;22;1.000000000000000
24/06/2017;23;1.000000000000000
24/06/2017;24;1.000000000000000
24/06/2017;25;1.000000000000000
24/06/2017;26;1.000000000000000
24/06/2017;27;1.000000000000000
24/06/2017;28;1.000000000000000
24/06/2017;29;1.000000000000000
25/06/2017;11;1.000000000000000
25/06/2017;13;1.000000000000000
25/06/2017;14;1.000000000000000
25/06/2017;15;1.000000000000000
25/06/2017;16;1.000000000000000
25/06/2017;17;1.000000000000000
25/06/2017;18;1.000000000000000
25/06/2017;19;1.000000000000000
25/06/2017;20;1.000000000000000
25/06/2017;21;1.000000000000000
25/06/2017;22;1.000000000000000
25/06/2017;23;1.000000000000000
25/06/2017;24;0.753564654199546
25/06/2017;25;1.000000000000000
25/06/2017;26;0.994908224691820
25/06/2017;27;1.000000000000000
25/06/2017;28;1.000000000000000
25/06/2017;29;1.000000000000000
26/06/2017;11;1.000000000000000
26/06/2017;13;1.000000000000000
26/06/2017;14;1.000000000000000
26/06/2017;15;1.000000000000000
26/06/2017;16;1.000000000000000
26/06/2017;17;1.000000000000000
26/06/2017;18;1.000000000000000
26/06/2017;19;1.000000000000000
26/06/2017;20;1.000000000000000
26/06/2017;21;1.000000000000000
26/06/2017;22;1.000000000000000
26/06/2017;23;1.000000000000000
26/06/2017;24;0.984162229268295
26/06/2017;25;1.000000000000000
26/06/2017;26;1.000000000000000
26/06/2017;27;1.000000000000000
26/06/2017;28;1.000000000000000
26/06/2017;29;1.000000000000000
27/06/2017;11;1.000000000000000
27/06/2017;13;1.000000000000000
27/06/2017;14;1.000000000000000
27/06/2017;15;1.000000000000000
27/06/2017;16;1.000000000000000
27/06/2017;17;1.000000000000000
27/06/2017;18;1.000000000000000
27/06/2017;19;1.000000000000000
27/06/2017;20;1.000000000000000
27/06/2017;21;1.000000000000000
27/06/2017;22;1.000000000000000
27/06/2017;23;1.000000000000000
27/06/2017;24;0.985578773624794
27/06/2017;25;1.000000000000000
27/06/2017;26;1.000000000000000
27/06/2017;27;1.000000000000000
27/06/2017;28;1.000000000000000
27/06/2017;29;1.000000000000000
28/06/2017;11;1.000000000000000
28/06/2017;13;0.997155937217155
28/06/2017;14;1.000000000000000
28/06/2017;15;1.000000000000000
28/06/2017;16;0.998401920079471
28/06/2017;17;1.000000000000000
28/06/2017;18;0.988612224230048
28/06/2017;19;1.000000000000000
28/06/2017;20;1.000000000000000
28/06/2017;21;1.000000000000000
28/06/2017;22;1.000000000000000
28/06/2017;23;1.000000000000000
28/06/2017;24;0.987439835156802
28/06/2017;25;1.000000000000000
28/06/2017;26;1.000000000000000
28/06/2017;27;1.000000000000000
28/06/2017;28;1.000000000000000
28/06/2017;29;1.000000000000000
29/06/2017;11;1.000000000000000
29/06/2017;13;0.977658556241718
29/06/2017;14;1.000000000000000
29/06/2017;15;1.000000000000000
29/06/2017;16;0.997022621071726
29/06/2017;17;1.000000000000000
29/06/2017;18;0.986052715540792
29/06/2017;19;1.000000000000000
29/06/2017;20;1.000000000000000
29/06/2017;21;1.000000000000000
29/06/2017;22;1.000000000000000
29/06/2017;23;1.000000000000000
29/06/2017;24;0.990877102805971
29/06/2017;25;1.000000000000000
29/06/2017;26;1.000000000000000
29/06/2017;27;1.000000000000000
29/06/2017;28;1.000000000000000
29/06/2017;29;1.000000000000000
30/06/2017;11;1.000000000000000
30/06/2017;13;1.000000000000000
30/06/2017;14;1.000000000000000
30/06/2017;15;1.000000000000000
30/06/2017;16;1.000000000000000
30/06/2017;17;1.000000000000000
30/06/2017;18;1.000000000000000
30/06/2017;19;1.000000000000000
30/06/2017;20;1.000000000000000
30/06/2017;21;1.000000000000000
30/06/2017;22;1.000000000000000
30/06/2017;23;1.000000000000000
30/06/2017;24;0.979966411943137
30/06/2017;25;1.000000000000000
30/06/2017;26;1.000000000000000
30/06/2017;27;1.000000000000000
30/06/2017;28;1.000000000000000
30/06/2017;29;1.000000000000000
01/07/2017;11;1.000000000000000
01/07/2017;13;1.000000000000000
01/07/2017;14;1.000000000000000
01/07/2017;15;1.000000000000000
01/07/2017;16;1.000000000000000
01/07/2017;17;1.000000000000000
01/07/2017;18;1.000000000000000
01/07/2017;19;1.000000000000000
01/07/2017;20;1.000000000000000
01/07/2017;21;1.000000000000000
01/07/2017;22;1.000000000000000
01/07/2017;23;1.000000000000000
01/07/2017;24;0.977580264980687
01/07/2017;25;1.000000000000000
01/07/2017;26;1.000000000000000
01/07/2017;27;1.000000000000000
01/07/2017;28;1.000000000000000
01/07/2017;29;1.000000000000000
02/07/2017;11;1.000000000000000
02/07/2017;13;1.000000000000000
02/07/2017;14;1.000000000000000
02/07/2017;15;1.000000000000000
02/07/2017;16;1.000000000000000
02/07/2017;17;1.000000000000000
02/07/2017;18;1.000000000000000
02/07/2017;19;1.000000000000000
02/07/2017;20;1.000000000000000
02/07/2017;21;1.000000000000000
02/07/2017;22;1.000000000000000
02/07/2017;23;1.000000000000000
02/07/2017;24;0.998001366332519
02/07/2017;25;1.000000000000000
02/07/2017;26;1.000000000000000
02/07/2017;27;1.000000000000000
02/07/2017;28;1.000000000000000
02/07/2017;29;1.000000000000000
03/07/2017;11;1.000000000000000
03/07/2017;13;1.000000000000000
03/07/2017;14;1.000000000000000
03/07/2017;15;1.000000000000000
03/07/2017;16;1.000000000000000
03/07/2017;17;1.000000000000000
03/07/2017;18;1.000000000000000
03/07/2017;19;1.000000000000000
03/07/2017;20;1.000000000000000
03/07/2017;21;1.000000000000000
03/07/2017;22;1.000000000000000
03/07/2017;23;1.000000000000000
03/07/2017;24;0.998480184053871
03/07/2017;25;1.000000000000000
03/07/2017;26;1.000000000000000
03/07/2017;27;1.000000000000000
03/07/2017;28;1.000000000000000
03/07/2017;29;1.000000000000000
04/07/2017;11;1.000000000000000
04/07/2017;13;1.000000000000000
04/07/2017;14;1.000000000000000
04/07/2017;15;1.000000000000000
04/07/2017;16;1.000000000000000
04/07/2017;17;1.000000000000000
04/07/2017;18;1.000000000000000
04/07/2017;19;1.000000000000000
04/07/2017;20;1.000000000000000
04/07/2017;21;1.000000000000000
04/07/2017;22;1.000000000000000
04/07/2017;23;1.000000000000000
04/07/2017;24;0.998549279549706
04/07/2017;25;1.000000000000000
04/07/2017;26;1.000000000000000
04/07/2017;27;1.000000000000000
04/07/2017;28;1.000000000000000
04/07/2017;29;1.000000000000000
05/07/2017;11;1.000000000000000
05/07/2017;13;1.000000000000000
05/07/2017;14;1.000000000000000
05/07/2017;15;1.000000000000000
05/07/2017;16;1.000000000000000
05/07/2017;17;1.000000000000000
05/07/2017;18;1.000000000000000
05/07/2017;19;1.000000000000000
05/07/2017;20;1.000000000000000
05/07/2017;21;1.000000000000000
05/07/2017;22;1.000000000000000
05/07/2017;23;1.000000000000000
05/07/2017;24;1.000000000000000
05/07/2017;25;1.000000000000000
05/07/2017;26;1.000000000000000
05/07/2017;27;1.000000000000000
05/07/2017;28;1.000000000000000
05/07/2017;29;1.000000000000000
06/07/2017;11;1.000000000000000
06/07/2017;13;1.000000000000000
06/07/2017;14;1.000000000000000
06/07/2017;15;1.000000000000000
06/07/2017;16;1.000000000000000
06/07/2017;17;1.000000000000000
06/07/2017;18;1.000000000000000
06/07/2017;19;1.000000000000000
06/07/2017;20;1.000000000000000
06/07/2017;21;1.000000000000000
06/07/2017;22;1.000000000000000
06/07/2017;23;1.000000000000000
06/07/2017;24;1.000000000000000
06/07/2017;25;1.000000000000000
06/07/2017;26;1.000000000000000
06/07/2017;27;1.000000000000000
06/07/2017;28;1.000000000000000
06/07/2017;29;1.000000000000000
07/07/2017;11;1.000000000000000
07/07/2017;13;1.000000000000000
07/07/2017;14;1.000000000000000
07/07/2017;15;1.000000000000000
07/07/2017;16;1.000000000000000
07/07/2017;17;1.000000000000000
07/07/2017;18;1.000000000000000
07/07/2017;19;1.000000000000000
07/07/2017;20;1.000000000000000
07/07/2017;21;1.000000000000000
07/07/2017;22;1.000000000000000
07/07/2017;23;1.000000000000000
07/07/2017;24;1.000000000000000
07/07/2017;25;1.000000000000000
07/07/2017;26;1.000000000000000
07/07/2017;27;1.000000000000000
07/07/2017;28;1.000000000000000
07/07/2017;29;1.000000000000000
08/07/2017;11;1.000000000000000
08/07/2017;13;1.000000000000000
08/07/2017;14;1.000000000000000
08/07/2017;15;1.000000000000000
08/07/2017;16;1.000000000000000
08/07/2017;17;1.000000000000000
08/07/2017;18;1.000000000000000
08/07/2017;19;1.000000000000000
08/07/2017;20;1.000000000000000
08/07/2017;21;1.000000000000000
08/07/2017;22;1.000000000000000
08/07/2017;23;1.000000000000000
08/07/2017;24;1.000000000000000
08/07/2017;25;1.000000000000000
08/07/2017;26;1.000000000000000
08/07/2017;27;1.000000000000000
08/07/2017;28;1.000000000000000
08/07/2017;29;1.000000000000000
09/07/2017;11;1.000000000000000
09/07/2017;13;1.000000000000000
09/07/2017;14;1.000000000000000
09/07/2017;15;1.000000000000000
09/07/2017;16;1.000000000000000
09/07/2017;17;1.000000000000000
09/07/2017;18;1.000000000000000
09/07/2017;19;1.000000000000000
09/07/2017;20;1.000000000000000
09/07/2017;21;1.000000000000000
09/07/2017;22;1.000000000000000
09/07/2017;23;1.000000000000000
09/07/2017;24;1.000000000000000
09/07/2017;25;1.000000000000000
09/07/2017;26;1.000000000000000
09/07/2017;27;1.000000000000000
09/07/2017;28;1.000000000000000
09/07/2017;29;1.000000000000000
10/07/2017;11;1.000000000000000
10/07/2017;13;1.000000000000000
10/07/2017;14;1.000000000000000
10/07/2017;15;1.000000000000000
10/07/2017;16;1.000000000000000
10/07/2017;17;1.000000000000000
10/07/2017;18;1.000000000000000
10/07/2017;19;1.000000000000000
10/07/2017;20;1.000000000000000
10/07/2017;21;1.000000000000000
10/07/2017;22;1.000000000000000
10/07/2017;23;1.000000000000000
10/07/2017;24;0.996032769036756
10/07/2017;25;1.000000000000000
10/07/2017;26;1.000000000000000
10/07/2017;27;1.000000000000000
10/07/2017;28;1.000000000000000
10/07/2017;29;1.000000000000000
11/07/2017;11;1.000000000000000
11/07/2017;13;1.000000000000000
11/07/2017;14;1.000000000000000
11/07/2017;15;1.000000000000000
11/07/2017;16;1.000000000000000
11/07/2017;17;1.000000000000000
11/07/2017;18;1.000000000000000
11/07/2017;19;1.000000000000000
11/07/2017;20;1.000000000000000
11/07/2017;21;1.000000000000000
11/07/2017;22;1.000000000000000
11/07/2017;23;1.000000000000000
11/07/2017;24;0.988828921497723
11/07/2017;25;1.000000000000000
11/07/2017;26;1.000000000000000
11/07/2017;27;1.000000000000000
11/07/2017;28;1.000000000000000
11/07/2017;29;1.000000000000000
12/07/2017;11;1.000000000000000
12/07/2017;13;1.000000000000000
12/07/2017;14;1.000000000000000
12/07/2017;15;1.000000000000000
12/07/2017;16;1.000000000000000
12/07/2017;17;1.000000000000000
12/07/2017;18;1.000000000000000
12/07/2017;19;1.000000000000000
12/07/2017;20;1.000000000000000
12/07/2017;21;1.000000000000000
12/07/2017;22;1.000000000000000
12/07/2017;23;1.000000000000000
12/07/2017;24;0.997519706823556
12/07/2017;25;1.000000000000000
12/07/2017;26;1.000000000000000
12/07/2017;27;1.000000000000000
12/07/2017;28;1.000000000000000
12/07/2017;29;1.000000000000000
13/07/2017;11;1.000000000000000
13/07/2017;13;1.000000000000000
13/07/2017;14;1.000000000000000
13/07/2017;15;1.000000000000000
13/07/2017;16;1.000000000000000
13/07/2017;17;1.000000000000000
13/07/2017;18;1.000000000000000
13/07/2017;19;1.000000000000000
13/07/2017;20;1.000000000000000
13/07/2017;21;1.000000000000000
13/07/2017;22;1.000000000000000
13/07/2017;23;1.000000000000000
13/07/2017;24;1.000000000000000
13/07/2017;25;1.000000000000000
13/07/2017;26;1.000000000000000
13/07/2017;27;1.000000000000000
13/07/2017;28;1.000000000000000
13/07/2017;29;1.000000000000000
14/07/2017;11;1.000000000000000
14/07/2017;13;1.000000000000000
14/07/2017;14;1.000000000000000
14/07/2017;15;1.000000000000000
14/07/2017;16;1.000000000000000
14/07/2017;17;1.000000000000000
14/07/2017;18;1.000000000000000
14/07/2017;19;1.000000000000000
14/07/2017;20;1.000000000000000
14/07/2017;21;1.000000000000000
14/07/2017;22;1.000000000000000
14/07/2017;23;1.000000000000000
14/07/2017;24;1.000000000000000
14/07/2017;25;1.000000000000000
14/07/2017;26;1.000000000000000
14/07/2017;27;1.000000000000000
14/07/2017;28;1.000000000000000
14/07/2017;29;1.000000000000000
15/07/2017;11;1.000000000000000
15/07/2017;13;1.000000000000000
15/07/2017;14;1.000000000000000
15/07/2017;15;1.000000000000000
15/07/2017;16;1.000000000000000
15/07/2017;17;1.000000000000000
15/07/2017;18;1.000000000000000
15/07/2017;19;1.000000000000000
15/07/2017;20;1.000000000000000
15/07/2017;21;1.000000000000000
15/07/2017;22;1.000000000000000
15/07/2017;23;1.000000000000000
15/07/2017;24;0.994932047748773
15/07/2017;25;1.000000000000000
15/07/2017;26;1.000000000000000
15/07/2017;27;1.000000000000000
15/07/2017;28;1.000000000000000
15/07/2017;29;1.000000000000000
16/07/2017;11;1.000000000000000
16/07/2017;13;1.000000000000000
16/07/2017;14;1.000000000000000
16/07/2017;15;1.000000000000000
16/07/2017;16;1.000000000000000
16/07/2017;17;1.000000000000000
16/07/2017;18;1.000000000000000
16/07/2017;19;1.000000000000000
16/07/2017;20;1.000000000000000
16/07/2017;21;1.000000000000000
16/07/2017;22;1.000000000000000
16/07/2017;23;1.000000000000000
16/07/2017;24;0.923906560167820
16/07/2017;25;1.000000000000000
16/07/2017;26;1.000000000000000
16/07/2017;27;1.000000000000000
16/07/2017;28;1.000000000000000
16/07/2017;29;1.000000000000000
17/07/2017;11;1.000000000000000
17/07/2017;13;1.000000000000000
17/07/2017;14;1.000000000000000
17/07/2017;15;1.000000000000000
17/07/2017;16;1.000000000000000
17/07/2017;17;1.000000000000000
17/07/2017;18;1.000000000000000
17/07/2017;19;1.000000000000000
17/07/2017;20;1.000000000000000
17/07/2017;21;1.000000000000000
17/07/2017;22;1.000000000000000
17/07/2017;23;1.000000000000000
17/07/2017;24;0.966376155136555
17/07/2017;25;1.000000000000000
17/07/2017;26;1.000000000000000
17/07/2017;27;0.936426903372715
17/07/2017;28;1.000000000000000
17/07/2017;29;1.000000000000000
18/07/2017;11;1.000000000000000
18/07/2017;13;1.000000000000000
18/07/2017;14;1.000000000000000
18/07/2017;15;1.000000000000000
18/07/2017;16;1.000000000000000
18/07/2017;17;1.000000000000000
18/07/2017;18;1.000000000000000
18/07/2017;19;1.000000000000000
18/07/2017;20;1.000000000000000
18/07/2017;21;1.000000000000000
18/07/2017;22;1.000000000000000
18/07/2017;23;1.000000000000000
18/07/2017;24;0.992219785441338
18/07/2017;25;1.000000000000000
18/07/2017;26;1.000000000000000
18/07/2017;27;1.000000000000000
18/07/2017;28;1.000000000000000
18/07/2017;29;1.000000000000000
19/07/2017;11;1.000000000000000
19/07/2017;13;1.000000000000000
19/07/2017;14;1.000000000000000
19/07/2017;15;1.000000000000000
19/07/2017;16;1.000000000000000
19/07/2017;17;1.000000000000000
19/07/2017;18;1.000000000000000
19/07/2017;19;1.000000000000000
19/07/2017;20;1.000000000000000
19/07/2017;21;1.000000000000000
19/07/2017;22;1.000000000000000
19/07/2017;23;1.000000000000000
19/07/2017;24;1.000000000000000
19/07/2017;25;1.000000000000000
19/07/2017;26;1.000000000000000
19/07/2017;27;1.000000000000000
19/07/2017;28;1.000000000000000
19/07/2017;29;1.000000000000000
20/07/2017;11;1.000000000000000
20/07/2017;13;1.000000000000000
20/07/2017;14;1.000000000000000
20/07/2017;15;1.000000000000000
20/07/2017;16;1.000000000000000
20/07/2017;17;1.000000000000000
20/07/2017;18;1.000000000000000
20/07/2017;19;1.000000000000000
20/07/2017;20;1.000000000000000
20/07/2017;21;1.000000000000000
20/07/2017;22;1.000000000000000
20/07/2017;23;1.000000000000000
20/07/2017;24;1.000000000000000
20/07/2017;25;1.000000000000000
20/07/2017;26;1.000000000000000
20/07/2017;27;1.000000000000000
20/07/2017;28;1.000000000000000
20/07/2017;29;1.000000000000000
21/07/2017;11;1.000000000000000
21/07/2017;13;1.000000000000000
21/07/2017;14;1.000000000000000
21/07/2017;15;1.000000000000000
21/07/2017;16;1.000000000000000
21/07/2017;17;1.000000000000000
21/07/2017;18;1.000000000000000
21/07/2017;19;1.000000000000000
21/07/2017;20;1.000000000000000
21/07/2017;21;1.000000000000000
21/07/2017;22;1.000000000000000
21/07/2017;23;1.000000000000000
21/07/2017;24;1.000000000000000
21/07/2017;25;1.000000000000000
21/07/2017;26;1.000000000000000
21/07/2017;27;1.000000000000000
21/07/2017;28;1.000000000000000
21/07/2017;29;1.000000000000000
22/07/2017;11;1.000000000000000
22/07/2017;13;1.000000000000000
22/07/2017;14;1.000000000000000
22/07/2017;15;1.000000000000000
22/07/2017;16;1.000000000000000
22/07/2017;17;1.000000000000000
22/07/2017;18;1.000000000000000
22/07/2017;19;1.000000000000000
22/07/2017;20;1.000000000000000
22/07/2017;21;1.000000000000000
22/07/2017;22;1.000000000000000
22/07/2017;23;1.000000000000000
22/07/2017;24;1.000000000000000
22/07/2017;25;1.000000000000000
22/07/2017;26;1.000000000000000
22/07/2017;27;1.000000000000000
22/07/2017;28;1.000000000000000
22/07/2017;29;1.000000000000000
23/07/2017;11;1.000000000000000
23/07/2017;13;1.000000000000000
23/07/2017;14;1.000000000000000
23/07/2017;15;1.000000000000000
23/07/2017;16;1.000000000000000
23/07/2017;17;1.000000000000000
23/07/2017;18;1.000000000000000
23/07/2017;19;1.000000000000000
23/07/2017;20;1.000000000000000
23/07/2017;21;1.000000000000000
23/07/2017;22;1.000000000000000
23/07/2017;23;1.000000000000000
23/07/2017;24;0.996010410340824
23/07/2017;25;1.000000000000000
23/07/2017;26;1.000000000000000
23/07/2017;27;1.000000000000000
23/07/2017;28;1.000000000000000
23/07/2017;29;1.000000000000000
24/07/2017;11;1.000000000000000
24/07/2017;13;1.000000000000000
24/07/2017;14;1.000000000000000
24/07/2017;15;0.999874877634461
24/07/2017;16;1.000000000000000
24/07/2017;17;1.000000000000000
24/07/2017;18;1.000000000000000
24/07/2017;19;1.000000000000000
24/07/2017;20;1.000000000000000
24/07/2017;21;1.000000000000000
24/07/2017;22;1.000000000000000
24/07/2017;23;1.000000000000000
24/07/2017;24;0.994703826038032
24/07/2017;25;1.000000000000000
24/07/2017;26;1.000000000000000
24/07/2017;27;1.000000000000000
24/07/2017;28;1.000000000000000
24/07/2017;29;1.000000000000000
25/07/2017;11;1.000000000000000
25/07/2017;13;1.000000000000000
25/07/2017;14;1.000000000000000
25/07/2017;15;0.990779406094040
25/07/2017;16;1.000000000000000
25/07/2017;17;1.000000000000000
25/07/2017;18;1.000000000000000
25/07/2017;19;1.000000000000000
25/07/2017;20;1.000000000000000
25/07/2017;21;1.000000000000000
25/07/2017;22;1.000000000000000
25/07/2017;23;1.000000000000000
25/07/2017;24;0.988982420434105
25/07/2017;25;1.000000000000000
25/07/2017;26;1.000000000000000
25/07/2017;27;1.000000000000000
25/07/2017;28;1.000000000000000
25/07/2017;29;1.000000000000000
26/07/2017;11;1.000000000000000
26/07/2017;13;1.000000000000000
26/07/2017;14;1.000000000000000
26/07/2017;15;1.000000000000000
26/07/2017;16;1.000000000000000
26/07/2017;17;1.000000000000000
26/07/2017;18;1.000000000000000
26/07/2017;19;1.000000000000000
26/07/2017;20;1.000000000000000
26/07/2017;21;1.000000000000000
26/07/2017;22;1.000000000000000
26/07/2017;23;1.000000000000000
26/07/2017;24;0.991509265305317
26/07/2017;25;1.000000000000000
26/07/2017;26;1.000000000000000
26/07/2017;27;1.000000000000000
26/07/2017;28;1.000000000000000
26/07/2017;29;1.000000000000000
27/07/2017;11;1.000000000000000
27/07/2017;13;1.000000000000000
27/07/2017;14;1.000000000000000
27/07/2017;15;1.000000000000000
27/07/2017;16;1.000000000000000
27/07/2017;17;1.000000000000000
27/07/2017;18;1.000000000000000
27/07/2017;19;1.000000000000000
27/07/2017;20;1.000000000000000
27/07/2017;21;1.000000000000000
27/07/2017;22;1.000000000000000
27/07/2017;23;1.000000000000000
27/07/2017;24;0.993338918514027
27/07/2017;25;1.000000000000000
27/07/2017;26;1.000000000000000
27/07/2017;27;1.000000000000000
27/07/2017;28;1.000000000000000
27/07/2017;29;1.000000000000000
28/07/2017;11;1.000000000000000
28/07/2017;13;1.000000000000000
28/07/2017;14;1.000000000000000
28/07/2017;15;1.000000000000000
28/07/2017;16;1.000000000000000
28/07/2017;17;1.000000000000000
28/07/2017;18;1.000000000000000
28/07/2017;19;1.000000000000000
28/07/2017;20;1.000000000000000
28/07/2017;21;1.000000000000000
28/07/2017;22;1.000000000000000
28/07/2017;23;1.000000000000000
28/07/2017;24;1.000000000000000
28/07/2017;25;1.000000000000000
28/07/2017;26;1.000000000000000
28/07/2017;27;1.000000000000000
28/07/2017;28;1.000000000000000
28/07/2017;29;1.000000000000000
29/07/2017;11;1.000000000000000
29/07/2017;13;1.000000000000000
29/07/2017;14;1.000000000000000
29/07/2017;15;1.000000000000000
29/07/2017;16;1.000000000000000
29/07/2017;17;1.000000000000000
29/07/2017;18;1.000000000000000
29/07/2017;19;1.000000000000000
29/07/2017;20;1.000000000000000
29/07/2017;21;1.000000000000000
29/07/2017;22;1.000000000000000
29/07/2017;23;1.000000000000000
29/07/2017;24;1.000000000000000
29/07/2017;25;1.000000000000000
29/07/2017;26;1.000000000000000
29/07/2017;27;1.000000000000000
29/07/2017;28;1.000000000000000
29/07/2017;29;1.000000000000000
30/07/2017;11;1.000000000000000
30/07/2017;13;1.000000000000000
30/07/2017;14;1.000000000000000
30/07/2017;15;1.000000000000000
30/07/2017;16;1.000000000000000
30/07/2017;17;1.000000000000000
30/07/2017;18;1.000000000000000
30/07/2017;19;1.000000000000000
30/07/2017;20;1.000000000000000
30/07/2017;21;1.000000000000000
30/07/2017;22;1.000000000000000
30/07/2017;23;1.000000000000000
30/07/2017;24;1.000000000000000
30/07/2017;25;1.000000000000000
30/07/2017;26;1.000000000000000
30/07/2017;27;1.000000000000000
30/07/2017;28;1.000000000000000
30/07/2017;29;1.000000000000000
31/07/2017;11;1.000000000000000
31/07/2017;13;1.000000000000000
31/07/2017;14;1.000000000000000
31/07/2017;15;1.000000000000000
31/07/2017;16;1.000000000000000
31/07/2017;17;1.000000000000000
31/07/2017;18;1.000000000000000
31/07/2017;19;1.000000000000000
31/07/2017;20;1.000000000000000
31/07/2017;21;1.000000000000000
31/07/2017;22;1.000000000000000
31/07/2017;23;1.000000000000000
31/07/2017;24;0.996977902583049
31/07/2017;25;1.000000000000000
31/07/2017;26;1.000000000000000
31/07/2017;27;1.000000000000000
31/07/2017;28;1.000000000000000
31/07/2017;29;1.000000000000000
01/08/2017;11;1.000000000000000
01/08/2017;13;1.000000000000000
01/08/2017;14;1.000000000000000
01/08/2017;15;1.000000000000000
01/08/2017;16;1.000000000000000
01/08/2017;17;1.000000000000000
01/08/2017;18;1.000000000000000
01/08/2017;19;1.000000000000000
01/08/2017;20;1.000000000000000
01/08/2017;21;1.000000000000000
01/08/2017;22;1.000000000000000
01/08/2017;23;1.000000000000000
01/08/2017;24;0.989789230649440
01/08/2017;25;1.000000000000000
01/08/2017;26;1.000000000000000
01/08/2017;27;1.000000000000000
01/08/2017;28;1.000000000000000
01/08/2017;29;1.000000000000000
02/08/2017;11;1.000000000000000
02/08/2017;13;1.000000000000000
02/08/2017;14;1.000000000000000
02/08/2017;15;1.000000000000000
02/08/2017;16;1.000000000000000
02/08/2017;17;1.000000000000000
02/08/2017;18;1.000000000000000
02/08/2017;19;1.000000000000000
02/08/2017;20;1.000000000000000
02/08/2017;21;1.000000000000000
02/08/2017;22;1.000000000000000
02/08/2017;23;1.000000000000000
02/08/2017;24;1.000000000000000
02/08/2017;25;1.000000000000000
02/08/2017;26;1.000000000000000
02/08/2017;27;1.000000000000000
02/08/2017;28;1.000000000000000
02/08/2017;29;1.000000000000000
03/08/2017;11;1.000000000000000
03/08/2017;13;1.000000000000000
03/08/2017;14;1.000000000000000
03/08/2017;15;1.000000000000000
03/08/2017;16;1.000000000000000
03/08/2017;17;1.000000000000000
03/08/2017;18;1.000000000000000
03/08/2017;19;1.000000000000000
03/08/2017;20;1.000000000000000
03/08/2017;21;1.000000000000000
03/08/2017;22;1.000000000000000
03/08/2017;23;1.000000000000000
03/08/2017;24;1.000000000000000
03/08/2017;25;1.000000000000000
03/08/2017;26;1.000000000000000
03/08/2017;27;1.000000000000000
03/08/2017;28;1.000000000000000
03/08/2017;29;1.000000000000000
04/08/2017;11;1.000000000000000
04/08/2017;13;1.000000000000000
04/08/2017;14;1.000000000000000
04/08/2017;15;1.000000000000000
04/08/2017;16;1.000000000000000
04/08/2017;17;1.000000000000000
04/08/2017;18;1.000000000000000
04/08/2017;19;1.000000000000000
04/08/2017;20;1.000000000000000
04/08/2017;21;1.000000000000000
04/08/2017;22;1.000000000000000
04/08/2017;23;1.000000000000000
04/08/2017;24;1.000000000000000
04/08/2017;25;1.000000000000000
04/08/2017;26;1.000000000000000
04/08/2017;27;1.000000000000000
04/08/2017;28;1.000000000000000
04/08/2017;29;1.000000000000000
05/08/2017;11;1.000000000000000
05/08/2017;13;1.000000000000000
05/08/2017;14;1.000000000000000
05/08/2017;15;1.000000000000000
05/08/2017;16;1.000000000000000
05/08/2017;17;1.000000000000000
05/08/2017;18;1.000000000000000
05/08/2017;19;1.000000000000000
05/08/2017;20;1.000000000000000
05/08/2017;21;1.000000000000000
05/08/2017;22;1.000000000000000
05/08/2017;23;1.000000000000000
05/08/2017;24;1.000000000000000
05/08/2017;25;1.000000000000000
05/08/2017;26;1.000000000000000
05/08/2017;27;1.000000000000000
05/08/2017;28;1.000000000000000
05/08/2017;29;1.000000000000000
06/08/2017;11;1.000000000000000
06/08/2017;13;1.000000000000000
06/08/2017;14;1.000000000000000
06/08/2017;15;1.000000000000000
06/08/2017;16;1.000000000000000
06/08/2017;17;1.000000000000000
06/08/2017;18;1.000000000000000
06/08/2017;19;1.000000000000000
06/08/2017;20;1.000000000000000
06/08/2017;21;1.000000000000000
06/08/2017;22;1.000000000000000
06/08/2017;23;1.000000000000000
06/08/2017;24;1.000000000000000
06/08/2017;25;1.000000000000000
06/08/2017;26;1.000000000000000
06/08/2017;27;1.000000000000000
06/08/2017;28;1.000000000000000
06/08/2017;29;1.000000000000000
07/08/2017;11;1.000000000000000
07/08/2017;13;1.000000000000000
07/08/2017;14;1.000000000000000
07/08/2017;15;1.000000000000000
07/08/2017;16;1.000000000000000
07/08/2017;17;1.000000000000000
07/08/2017;18;1.000000000000000
07/08/2017;19;1.000000000000000
07/08/2017;20;1.000000000000000
07/08/2017;21;1.000000000000000
07/08/2017;22;1.000000000000000
07/08/2017;23;1.000000000000000
07/08/2017;24;0.998267850231134
07/08/2017;25;1.000000000000000
07/08/2017;26;1.000000000000000
07/08/2017;27;1.000000000000000
07/08/2017;28;1.000000000000000
07/08/2017;29;1.000000000000000
08/08/2017;11;1.000000000000000
08/08/2017;13;1.000000000000000
08/08/2017;14;1.000000000000000
08/08/2017;15;1.000000000000000
08/08/2017;16;1.000000000000000
08/08/2017;17;1.000000000000000
08/08/2017;18;1.000000000000000
08/08/2017;19;1.000000000000000
08/08/2017;20;1.000000000000000
08/08/2017;21;1.000000000000000
08/08/2017;22;1.000000000000000
08/08/2017;23;1.000000000000000
08/08/2017;24;0.995543633225275
08/08/2017;25;1.000000000000000
08/08/2017;26;1.000000000000000
08/08/2017;27;1.000000000000000
08/08/2017;28;1.000000000000000
08/08/2017;29;1.000000000000000
09/08/2017;11;1.000000000000000
09/08/2017;13;1.000000000000000
09/08/2017;14;1.000000000000000
09/08/2017;15;1.000000000000000
09/08/2017;16;1.000000000000000
09/08/2017;17;1.000000000000000
09/08/2017;18;1.000000000000000
09/08/2017;19;1.000000000000000
09/08/2017;20;1.000000000000000
09/08/2017;21;1.000000000000000
09/08/2017;22;1.000000000000000
09/08/2017;23;1.000000000000000
09/08/2017;24;1.000000000000000
09/08/2017;25;1.000000000000000
09/08/2017;26;1.000000000000000
09/08/2017;27;1.000000000000000
09/08/2017;28;1.000000000000000
09/08/2017;29;1.000000000000000
10/08/2017;11;1.000000000000000
10/08/2017;13;1.000000000000000
10/08/2017;14;1.000000000000000
10/08/2017;15;1.000000000000000
10/08/2017;16;1.000000000000000
10/08/2017;17;1.000000000000000
10/08/2017;18;1.000000000000000
10/08/2017;19;1.000000000000000
10/08/2017;20;1.000000000000000
10/08/2017;21;1.000000000000000
10/08/2017;22;1.000000000000000
10/08/2017;23;1.000000000000000
10/08/2017;24;1.000000000000000
10/08/2017;25;1.000000000000000
10/08/2017;26;1.000000000000000
10/08/2017;27;1.000000000000000
10/08/2017;28;1.000000000000000
10/08/2017;29;1.000000000000000
11/08/2017;11;1.000000000000000
11/08/2017;13;1.000000000000000
11/08/2017;14;1.000000000000000
11/08/2017;15;1.000000000000000
11/08/2017;16;1.000000000000000
11/08/2017;17;1.000000000000000
11/08/2017;18;1.000000000000000
11/08/2017;19;1.000000000000000
11/08/2017;20;1.000000000000000
11/08/2017;21;1.000000000000000
11/08/2017;22;1.000000000000000
11/08/2017;23;1.000000000000000
11/08/2017;24;1.000000000000000
11/08/2017;25;1.000000000000000
11/08/2017;26;1.000000000000000
11/08/2017;27;1.000000000000000
11/08/2017;28;1.000000000000000
11/08/2017;29;1.000000000000000
12/08/2017;11;1.000000000000000
12/08/2017;13;1.000000000000000
12/08/2017;14;1.000000000000000
12/08/2017;15;1.000000000000000
12/08/2017;16;1.000000000000000
12/08/2017;17;1.000000000000000
12/08/2017;18;1.000000000000000
12/08/2017;19;1.000000000000000
12/08/2017;20;1.000000000000000
12/08/2017;21;1.000000000000000
12/08/2017;22;1.000000000000000
12/08/2017;23;1.000000000000000
12/08/2017;24;0.842490501413201
12/08/2017;25;1.000000000000000
12/08/2017;26;1.000000000000000
12/08/2017;27;1.000000000000000
12/08/2017;28;1.000000000000000
12/08/2017;29;1.000000000000000
13/08/2017;11;1.000000000000000
13/08/2017;13;1.000000000000000
13/08/2017;14;1.000000000000000
13/08/2017;15;1.000000000000000
13/08/2017;16;1.000000000000000
13/08/2017;17;1.000000000000000
13/08/2017;18;1.000000000000000
13/08/2017;19;1.000000000000000
13/08/2017;20;1.000000000000000
13/08/2017;21;1.000000000000000
13/08/2017;22;1.000000000000000
13/08/2017;23;1.000000000000000
13/08/2017;24;1.000000000000000
13/08/2017;25;1.000000000000000
13/08/2017;26;1.000000000000000
13/08/2017;27;1.000000000000000
13/08/2017;28;1.000000000000000
13/08/2017;29;1.000000000000000
14/08/2017;11;1.000000000000000
14/08/2017;13;1.000000000000000
14/08/2017;14;1.000000000000000
14/08/2017;15;1.000000000000000
14/08/2017;16;1.000000000000000
14/08/2017;17;1.000000000000000
14/08/2017;18;1.000000000000000
14/08/2017;19;1.000000000000000
14/08/2017;20;1.000000000000000
14/08/2017;21;1.000000000000000
14/08/2017;22;1.000000000000000
14/08/2017;23;1.000000000000000
14/08/2017;24;0.994995001493753
14/08/2017;25;1.000000000000000
14/08/2017;26;1.000000000000000
14/08/2017;27;1.000000000000000
14/08/2017;28;1.000000000000000
14/08/2017;29;1.000000000000000
15/08/2017;11;1.000000000000000
15/08/2017;13;1.000000000000000
15/08/2017;14;1.000000000000000
15/08/2017;15;1.000000000000000
15/08/2017;16;1.000000000000000
15/08/2017;17;1.000000000000000
15/08/2017;18;1.000000000000000
15/08/2017;19;1.000000000000000
15/08/2017;20;1.000000000000000
15/08/2017;21;1.000000000000000
15/08/2017;22;1.000000000000000
15/08/2017;23;1.000000000000000
15/08/2017;24;1.000000000000000
15/08/2017;25;1.000000000000000
15/08/2017;26;1.000000000000000
15/08/2017;27;1.000000000000000
15/08/2017;28;1.000000000000000
15/08/2017;29;1.000000000000000
16/08/2017;11;1.000000000000000
16/08/2017;13;1.000000000000000
16/08/2017;14;1.000000000000000
16/08/2017;15;1.000000000000000
16/08/2017;16;1.000000000000000
16/08/2017;17;1.000000000000000
16/08/2017;18;1.000000000000000
16/08/2017;19;1.000000000000000
16/08/2017;20;1.000000000000000
16/08/2017;21;1.000000000000000
16/08/2017;22;1.000000000000000
16/08/2017;23;1.000000000000000
16/08/2017;24;1.000000000000000
16/08/2017;25;1.000000000000000
16/08/2017;26;1.000000000000000
16/08/2017;27;1.000000000000000
16/08/2017;28;1.000000000000000
16/08/2017;29;1.000000000000000
17/08/2017;11;1.000000000000000
17/08/2017;13;1.000000000000000
17/08/2017;14;1.000000000000000
17/08/2017;15;1.000000000000000
17/08/2017;16;1.000000000000000
17/08/2017;17;1.000000000000000
17/08/2017;18;1.000000000000000
17/08/2017;19;1.000000000000000
17/08/2017;20;1.000000000000000
17/08/2017;21;1.000000000000000
17/08/2017;22;1.000000000000000
17/08/2017;23;1.000000000000000
17/08/2017;24;1.000000000000000
17/08/2017;25;1.000000000000000
17/08/2017;26;1.000000000000000
17/08/2017;27;1.000000000000000
17/08/2017;28;1.000000000000000
17/08/2017;29;1.000000000000000
18/08/2017;11;1.000000000000000
18/08/2017;13;1.000000000000000
18/08/2017;14;1.000000000000000
18/08/2017;15;1.000000000000000
18/08/2017;16;1.000000000000000
18/08/2017;17;1.000000000000000
18/08/2017;18;1.000000000000000
18/08/2017;19;1.000000000000000
18/08/2017;20;1.000000000000000
18/08/2017;21;1.000000000000000
18/08/2017;22;1.000000000000000
18/08/2017;23;1.000000000000000
18/08/2017;24;1.000000000000000
18/08/2017;25;1.000000000000000
18/08/2017;26;1.000000000000000
18/08/2017;27;1.000000000000000
18/08/2017;28;1.000000000000000
18/08/2017;29;1.000000000000000
19/08/2017;11;1.000000000000000
19/08/2017;13;1.000000000000000
19/08/2017;14;1.000000000000000
19/08/2017;15;1.000000000000000
19/08/2017;16;1.000000000000000
19/08/2017;17;1.000000000000000
19/08/2017;18;1.000000000000000
19/08/2017;19;1.000000000000000
19/08/2017;20;1.000000000000000
19/08/2017;21;1.000000000000000
19/08/2017;22;1.000000000000000
19/08/2017;23;1.000000000000000
19/08/2017;24;1.000000000000000
19/08/2017;25;1.000000000000000
19/08/2017;26;1.000000000000000
19/08/2017;27;1.000000000000000
19/08/2017;28;1.000000000000000
19/08/2017;29;1.000000000000000
20/08/2017;11;1.000000000000000
20/08/2017;13;1.000000000000000
20/08/2017;14;1.000000000000000
20/08/2017;15;1.000000000000000
20/08/2017;16;1.000000000000000
20/08/2017;17;1.000000000000000
20/08/2017;18;1.000000000000000
20/08/2017;19;1.000000000000000
20/08/2017;20;1.000000000000000
20/08/2017;21;1.000000000000000
20/08/2017;22;1.000000000000000
20/08/2017;23;1.000000000000000
20/08/2017;24;1.000000000000000
20/08/2017;25;1.000000000000000
20/08/2017;26;1.000000000000000
20/08/2017;27;1.000000000000000
20/08/2017;28;1.000000000000000
20/08/2017;29;1.000000000000000
21/08/2017;11;1.000000000000000
21/08/2017;13;1.000000000000000
21/08/2017;14;1.000000000000000
21/08/2017;15;1.000000000000000
21/08/2017;16;1.000000000000000
21/08/2017;17;1.000000000000000
21/08/2017;18;1.000000000000000
21/08/2017;19;1.000000000000000
21/08/2017;20;1.000000000000000
21/08/2017;21;1.000000000000000
21/08/2017;22;1.000000000000000
21/08/2017;23;1.000000000000000
21/08/2017;24;1.000000000000000
21/08/2017;25;1.000000000000000
21/08/2017;26;1.000000000000000
21/08/2017;27;1.000000000000000
21/08/2017;28;1.000000000000000
21/08/2017;29;1.000000000000000
22/08/2017;11;1.000000000000000
22/08/2017;13;1.000000000000000
22/08/2017;14;1.000000000000000
22/08/2017;15;1.000000000000000
22/08/2017;16;1.000000000000000
22/08/2017;17;1.000000000000000
22/08/2017;18;1.000000000000000
22/08/2017;19;1.000000000000000
22/08/2017;20;1.000000000000000
22/08/2017;21;1.000000000000000
22/08/2017;22;1.000000000000000
22/08/2017;23;1.000000000000000
22/08/2017;24;1.000000000000000
22/08/2017;25;1.000000000000000
22/08/2017;26;1.000000000000000
22/08/2017;27;1.000000000000000
22/08/2017;28;1.000000000000000
22/08/2017;29;1.000000000000000
23/08/2017;11;1.000000000000000
23/08/2017;13;1.000000000000000
23/08/2017;14;1.000000000000000
23/08/2017;15;1.000000000000000
23/08/2017;16;1.000000000000000
23/08/2017;17;1.000000000000000
23/08/2017;18;1.000000000000000
23/08/2017;19;1.000000000000000
23/08/2017;20;1.000000000000000
23/08/2017;21;1.000000000000000
23/08/2017;22;1.000000000000000
23/08/2017;23;1.000000000000000
23/08/2017;24;0.996619971777467
23/08/2017;25;1.000000000000000
23/08/2017;26;1.000000000000000
23/08/2017;27;1.000000000000000
23/08/2017;28;1.000000000000000
23/08/2017;29;1.000000000000000
24/08/2017;11;1.000000000000000
24/08/2017;13;1.000000000000000
24/08/2017;14;1.000000000000000
24/08/2017;15;1.000000000000000
24/08/2017;16;1.000000000000000
24/08/2017;17;1.000000000000000
24/08/2017;18;1.000000000000000
24/08/2017;19;1.000000000000000
24/08/2017;20;1.000000000000000
24/08/2017;21;1.000000000000000
24/08/2017;22;1.000000000000000
24/08/2017;23;1.000000000000000
24/08/2017;24;0.991100576680771
24/08/2017;25;1.000000000000000
24/08/2017;26;1.000000000000000
24/08/2017;27;1.000000000000000
24/08/2017;28;1.000000000000000
24/08/2017;29;1.000000000000000
25/08/2017;11;1.000000000000000
25/08/2017;13;1.000000000000000
25/08/2017;14;1.000000000000000
25/08/2017;15;1.000000000000000
25/08/2017;16;1.000000000000000
25/08/2017;17;1.000000000000000
25/08/2017;18;1.000000000000000
25/08/2017;19;1.000000000000000
25/08/2017;20;1.000000000000000
25/08/2017;21;1.000000000000000
25/08/2017;22;1.000000000000000
25/08/2017;23;1.000000000000000
25/08/2017;24;1.000000000000000
25/08/2017;25;1.000000000000000
25/08/2017;26;1.000000000000000
25/08/2017;27;1.000000000000000
25/08/2017;28;1.000000000000000
25/08/2017;29;1.000000000000000
26/08/2017;11;1.000000000000000
26/08/2017;13;1.000000000000000
26/08/2017;14;1.000000000000000
26/08/2017;15;1.000000000000000
26/08/2017;16;0.988579484575235
26/08/2017;17;1.000000000000000
26/08/2017;18;1.000000000000000
26/08/2017;19;1.000000000000000
26/08/2017;20;1.000000000000000
26/08/2017;21;1.000000000000000
26/08/2017;22;1.000000000000000
26/08/2017;23;1.000000000000000
26/08/2017;24;1.000000000000000
26/08/2017;25;1.000000000000000
26/08/2017;26;1.000000000000000
26/08/2017;27;1.000000000000000
26/08/2017;28;1.000000000000000
26/08/2017;29;1.000000000000000
27/08/2017;11;1.000000000000000
27/08/2017;13;1.000000000000000
27/08/2017;14;1.000000000000000
27/08/2017;15;1.000000000000000
27/08/2017;16;0.979570267726681
27/08/2017;17;1.000000000000000
27/08/2017;18;1.000000000000000
27/08/2017;19;1.000000000000000
27/08/2017;20;1.000000000000000
27/08/2017;21;1.000000000000000
27/08/2017;22;1.000000000000000
27/08/2017;23;1.000000000000000
27/08/2017;24;1.000000000000000
27/08/2017;25;1.000000000000000
27/08/2017;26;1.000000000000000
27/08/2017;27;1.000000000000000
27/08/2017;28;1.000000000000000
27/08/2017;29;1.000000000000000
28/08/2017;11;1.000000000000000
28/08/2017;13;1.000000000000000
28/08/2017;14;1.000000000000000
28/08/2017;15;1.000000000000000
28/08/2017;16;1.000000000000000
28/08/2017;17;1.000000000000000
28/08/2017;18;1.000000000000000
28/08/2017;19;1.000000000000000
28/08/2017;20;1.000000000000000
28/08/2017;21;1.000000000000000
28/08/2017;22;1.000000000000000
28/08/2017;23;1.000000000000000
28/08/2017;24;0.994367765589958
28/08/2017;25;1.000000000000000
28/08/2017;26;1.000000000000000
28/08/2017;27;1.000000000000000
28/08/2017;28;1.000000000000000
28/08/2017;29;1.000000000000000
29/08/2017;11;1.000000000000000
29/08/2017;13;1.000000000000000
29/08/2017;14;1.000000000000000
29/08/2017;15;1.000000000000000
29/08/2017;16;1.000000000000000
29/08/2017;17;1.000000000000000
29/08/2017;18;1.000000000000000
29/08/2017;19;1.000000000000000
29/08/2017;20;1.000000000000000
29/08/2017;21;1.000000000000000
29/08/2017;22;1.000000000000000
29/08/2017;23;1.000000000000000
29/08/2017;24;1.000000000000000
29/08/2017;25;1.000000000000000
29/08/2017;26;1.000000000000000
29/08/2017;27;1.000000000000000
29/08/2017;28;1.000000000000000
29/08/2017;29;1.000000000000000
30/08/2017;11;1.000000000000000
30/08/2017;13;1.000000000000000
30/08/2017;14;1.000000000000000
30/08/2017;15;0.999608364119625
30/08/2017;16;1.000000000000000
30/08/2017;17;1.000000000000000
30/08/2017;18;1.000000000000000
30/08/2017;19;1.000000000000000
30/08/2017;20;1.000000000000000
30/08/2017;21;1.000000000000000
30/08/2017;22;1.000000000000000
30/08/2017;23;1.000000000000000
30/08/2017;24;1.000000000000000
30/08/2017;25;1.000000000000000
30/08/2017;26;1.000000000000000
30/08/2017;27;1.000000000000000
30/08/2017;28;1.000000000000000
30/08/2017;29;1.000000000000000
31/08/2017;11;1.000000000000000
31/08/2017;13;1.000000000000000
31/08/2017;14;1.000000000000000
31/08/2017;15;0.981943464888731
31/08/2017;16;0.998576969392470
31/08/2017;17;1.000000000000000
31/08/2017;18;1.000000000000000
31/08/2017;19;1.000000000000000
31/08/2017;20;1.000000000000000
31/08/2017;21;1.000000000000000
31/08/2017;22;1.000000000000000
31/08/2017;23;1.000000000000000
31/08/2017;24;0.994866518042599
31/08/2017;25;1.000000000000000
31/08/2017;26;1.000000000000000
31/08/2017;27;1.000000000000000
31/08/2017;28;1.000000000000000
31/08/2017;29;1.000000000000000
01/09/2017;11;1.000000000000000
01/09/2017;13;1.000000000000000
01/09/2017;14;1.000000000000000
01/09/2017;15;0.984491323817044
01/09/2017;16;0.996543188012076
01/09/2017;17;1.000000000000000
01/09/2017;18;1.000000000000000
01/09/2017;19;1.000000000000000
01/09/2017;20;1.000000000000000
01/09/2017;21;0.999972567160202
01/09/2017;22;1.000000000000000
01/09/2017;23;1.000000000000000
01/09/2017;24;0.989337194754377
01/09/2017;25;1.000000000000000
01/09/2017;26;1.000000000000000
01/09/2017;27;1.000000000000000
01/09/2017;28;1.000000000000000
01/09/2017;29;1.000000000000000
02/09/2017;11;1.000000000000000
02/09/2017;13;1.162541381248360
02/09/2017;14;1.000000000000000
02/09/2017;15;1.000000000000000
02/09/2017;16;0.990825668747979
02/09/2017;17;1.000000000000000
02/09/2017;18;1.000000000000000
02/09/2017;19;1.000000000000000
02/09/2017;20;1.000000000000000
02/09/2017;21;0.993471728654327
02/09/2017;22;1.000000000000000
02/09/2017;23;1.000000000000000
02/09/2017;24;0.977624282255566
02/09/2017;25;1.000000000000000
02/09/2017;26;1.000000000000000
02/09/2017;27;1.000000000000000
02/09/2017;28;1.000000000000000
02/09/2017;29;1.000000000000000
03/09/2017;11;1.000000000000000
03/09/2017;13;1.885672530940650
03/09/2017;14;1.000000000000000
03/09/2017;15;1.000000000000000
03/09/2017;16;0.983329809515078
03/09/2017;17;1.000000000000000
03/09/2017;18;1.000000000000000
03/09/2017;19;1.000000000000000
03/09/2017;20;1.000000000000000
03/09/2017;21;1.000000000000000
03/09/2017;22;1.000000000000000
03/09/2017;23;1.000000000000000
03/09/2017;24;1.000000000000000
03/09/2017;25;1.000000000000000
03/09/2017;26;1.000000000000000
03/09/2017;27;1.000000000000000
03/09/2017;28;1.000000000000000
03/09/2017;29;1.000000000000000
04/09/2017;11;1.000000000000000
04/09/2017;13;1.000000000000000
04/09/2017;14;1.000000000000000
04/09/2017;15;1.000000000000000
04/09/2017;16;1.000000000000000
04/09/2017;17;1.000000000000000
04/09/2017;18;1.000000000000000
04/09/2017;19;1.000000000000000
04/09/2017;20;1.000000000000000
04/09/2017;21;1.000000000000000
04/09/2017;22;1.000000000000000
04/09/2017;23;1.000000000000000
04/09/2017;24;1.011048211925270
04/09/2017;25;1.000000000000000
04/09/2017;26;1.000000000000000
04/09/2017;27;1.000000000000000
04/09/2017;28;1.000000000000000
04/09/2017;29;1.000000000000000
05/09/2017;11;1.000000000000000
05/09/2017;13;1.000000000000000
05/09/2017;14;1.000000000000000
05/09/2017;15;1.000000000000000
05/09/2017;16;1.000000000000000
05/09/2017;17;1.000000000000000
05/09/2017;18;1.000000000000000
05/09/2017;19;1.000000000000000
05/09/2017;20;1.000000000000000
05/09/2017;21;1.000000000000000
05/09/2017;22;1.000000000000000
05/09/2017;23;1.000000000000000
05/09/2017;24;1.000000000000000
05/09/2017;25;1.000000000000000
05/09/2017;26;1.000000000000000
05/09/2017;27;1.000000000000000
05/09/2017;28;1.000000000000000
05/09/2017;29;1.000000000000000
06/09/2017;11;1.000000000000000
06/09/2017;13;1.000000000000000
06/09/2017;14;1.000000000000000
06/09/2017;15;0.999988362541935
06/09/2017;16;0.998336131442922
06/09/2017;17;1.000000000000000
06/09/2017;18;1.000000000000000
06/09/2017;19;1.000000000000000
06/09/2017;20;1.000000000000000
06/09/2017;21;1.000000000000000
06/09/2017;22;1.000000000000000
06/09/2017;23;1.000000000000000
06/09/2017;24;0.984897557696541
06/09/2017;25;1.000000000000000
06/09/2017;26;1.000000000000000
06/09/2017;27;1.000000000000000
06/09/2017;28;1.000000000000000
06/09/2017;29;1.000000000000000
07/09/2017;11;1.000000000000000
07/09/2017;13;0.997642407052807
07/09/2017;14;1.000000000000000
07/09/2017;15;0.996862811070198
07/09/2017;16;0.994121513088782
07/09/2017;17;1.000000000000000
07/09/2017;18;1.000000000000000
07/09/2017;19;1.000000000000000
07/09/2017;20;1.000000000000000
07/09/2017;21;1.000000000000000
07/09/2017;22;1.000000000000000
07/09/2017;23;1.000000000000000
07/09/2017;24;0.957627517908210
07/09/2017;25;1.000000000000000
07/09/2017;26;1.000000000000000
07/09/2017;27;1.000000000000000
07/09/2017;28;1.000000000000000
07/09/2017;29;1.000000000000000
08/09/2017;11;1.000000000000000
08/09/2017;13;0.981072130021036
08/09/2017;14;1.000000000000000
08/09/2017;15;0.987556138555626
08/09/2017;16;0.994823224587913
08/09/2017;17;1.000000000000000
08/09/2017;18;1.000000000000000
08/09/2017;19;1.000000000000000
08/09/2017;20;1.000000000000000
08/09/2017;21;1.000000000000000
08/09/2017;22;1.000000000000000
08/09/2017;23;1.000000000000000
08/09/2017;24;0.964105028107713
08/09/2017;25;1.000000000000000
08/09/2017;26;1.000000000000000
08/09/2017;27;1.000000000000000
08/09/2017;28;1.000000000000000
08/09/2017;29;1.000000000000000
09/09/2017;11;1.000000000000000
09/09/2017;13;1.000000000000000
09/09/2017;14;1.000000000000000
09/09/2017;15;1.000000000000000
09/09/2017;16;1.000000000000000
09/09/2017;17;1.000000000000000
09/09/2017;18;1.000000000000000
09/09/2017;19;1.000000000000000
09/09/2017;20;1.000000000000000
09/09/2017;21;1.000000000000000
09/09/2017;22;1.000000000000000
09/09/2017;23;1.000000000000000
09/09/2017;24;0.913414534255503
09/09/2017;25;1.000000000000000
09/09/2017;26;1.000000000000000
09/09/2017;27;1.000000000000000
09/09/2017;28;1.000000000000000
09/09/2017;29;1.000000000000000
10/09/2017;11;1.000000000000000
10/09/2017;13;1.690147969581740
10/09/2017;14;1.000000000000000
10/09/2017;15;1.009001042246510
10/09/2017;16;1.000000000000000
10/09/2017;17;1.000000000000000
10/09/2017;18;1.000000000000000
10/09/2017;19;1.000000000000000
10/09/2017;20;1.000000000000000
10/09/2017;21;1.000000000000000
10/09/2017;22;1.000000000000000
10/09/2017;23;1.000000000000000
10/09/2017;24;0.848150463416584
10/09/2017;25;1.000000000000000
10/09/2017;26;1.000000000000000
10/09/2017;27;1.000000000000000
10/09/2017;28;1.000000000000000
10/09/2017;29;1.000000000000000
11/09/2017;11;1.000000000000000
11/09/2017;13;1.565911696423380
11/09/2017;14;1.000000000000000
11/09/2017;15;1.000000000000000
11/09/2017;16;0.993983152276022
11/09/2017;17;1.000000000000000
11/09/2017;18;1.000000000000000
11/09/2017;19;1.000000000000000
11/09/2017;20;1.000000000000000
11/09/2017;21;1.000000000000000
11/09/2017;22;1.000000000000000
11/09/2017;23;1.000000000000000
11/09/2017;24;1.000000000000000
11/09/2017;25;1.000000000000000
11/09/2017;26;1.000000000000000
11/09/2017;27;1.000000000000000
11/09/2017;28;1.000000000000000
11/09/2017;29;1.000000000000000
12/09/2017;11;1.000000000000000
12/09/2017;13;1.000000000000000
12/09/2017;14;1.000000000000000
12/09/2017;15;0.991510523910839
12/09/2017;16;0.987381869689445
12/09/2017;17;1.000000000000000
12/09/2017;18;1.000000000000000
12/09/2017;19;1.000000000000000
12/09/2017;20;1.000000000000000
12/09/2017;21;0.999691489425453
12/09/2017;22;1.000000000000000
12/09/2017;23;1.000000000000000
12/09/2017;24;1.000000000000000
12/09/2017;25;1.000000000000000
12/09/2017;26;1.000000000000000
12/09/2017;27;1.000000000000000
12/09/2017;28;1.000000000000000
12/09/2017;29;1.000000000000000
13/09/2017;11;1.000000000000000
13/09/2017;13;1.000000000000000
13/09/2017;14;1.000000000000000
13/09/2017;15;1.016471144582640
13/09/2017;16;0.976994551359335
13/09/2017;17;1.000000000000000
13/09/2017;18;0.986464854232847
13/09/2017;19;1.000000000000000
13/09/2017;20;1.000000000000000
13/09/2017;21;0.990691414160954
13/09/2017;22;1.000000000000000
13/09/2017;23;1.000000000000000
13/09/2017;24;0.978218130619301
13/09/2017;25;1.000000000000000
13/09/2017;26;1.000000000000000
13/09/2017;27;1.000000000000000
13/09/2017;28;1.000000000000000
13/09/2017;29;1.000000000000000
14/09/2017;11;0.907560072045730
14/09/2017;13;0.979472858838575
14/09/2017;14;0.987803534871851
14/09/2017;15;1.000000000000000
14/09/2017;16;0.954307496283654
14/09/2017;17;1.000000000000000
14/09/2017;18;0.944526587943537
14/09/2017;19;0.993467549749193
14/09/2017;20;1.000000000000000
14/09/2017;21;0.999097721272108
14/09/2017;22;0.957213081699399
14/09/2017;23;1.000000000000000
14/09/2017;24;0.964708752738233
14/09/2017;25;1.000000000000000
14/09/2017;26;1.000000000000000
14/09/2017;27;1.000000000000000
14/09/2017;28;1.000000000000000
14/09/2017;29;1.000000000000000
15/09/2017;11;0.715946444106842
15/09/2017;13;1.312956306095390
15/09/2017;14;0.897413688318254
15/09/2017;15;0.961743702285125
15/09/2017;16;0.971460693039246
15/09/2017;17;0.998174444345868
15/09/2017;18;0.917251831203570
15/09/2017;19;0.942802189417641
15/09/2017;20;0.993140556776301
15/09/2017;21;0.999067556420511
15/09/2017;22;0.908331793085759
15/09/2017;23;0.993719454831247
15/09/2017;24;0.942942140891273
15/09/2017;25;1.000000000000000
15/09/2017;26;1.000000000000000
15/09/2017;27;1.000000000000000
15/09/2017;28;1.000000000000000
15/09/2017;29;1.000000000000000
16/09/2017;11;0.475664234427304
16/09/2017;13;3.385431605763330
16/09/2017;14;0.798888345451401
16/09/2017;15;1.022451272522600
16/09/2017;16;0.975860673105789
16/09/2017;17;0.996800732859302
16/09/2017;18;1.038842695654600
16/09/2017;19;0.932923817507416
16/09/2017;20;0.915658068109936
16/09/2017;21;0.962016376588984
16/09/2017;22;0.862536851403922
16/09/2017;23;0.977415049390565
16/09/2017;24;0.852683962995614
16/09/2017;25;1.000000000000000
16/09/2017;26;1.000000000000000
16/09/2017;27;1.000000000000000
16/09/2017;28;1.000000000000000
16/09/2017;29;1.000000000000000
17/09/2017;11;0.531566735539839
17/09/2017;13;1.811891773747140
17/09/2017;14;1.489881713556540
17/09/2017;15;1.000000000000000
17/09/2017;16;0.975172751769177
17/09/2017;17;1.000000000000000
17/09/2017;18;1.000000000000000
17/09/2017;19;0.905865973053860
17/09/2017;20;0.863699054638575
17/09/2017;21;0.976553393878457
17/09/2017;22;0.833809661471837
17/09/2017;23;0.970269339561087
17/09/2017;24;0.795085595901270
17/09/2017;25;1.000000000000000
17/09/2017;26;0.973055142781214
17/09/2017;27;1.000000000000000
17/09/2017;28;1.000000000000000
17/09/2017;29;1.000000000000000
18/09/2017;11;1.853461099520870
18/09/2017;13;1.643908481481220
18/09/2017;14;1.337150151371520
18/09/2017;15;1.000000000000000
18/09/2017;16;0.951746718330078
18/09/2017;17;1.000000000000000
18/09/2017;18;1.018531927944140
18/09/2017;19;1.122870640591950
18/09/2017;20;0.965390465551842
18/09/2017;21;0.988180661392744
18/09/2017;22;0.913072632073731
18/09/2017;23;0.963996097324334
18/09/2017;24;1.000000000000000
18/09/2017;25;1.000000000000000
18/09/2017;26;0.982043667694775
18/09/2017;27;0.939276633331679
18/09/2017;28;1.000000000000000
18/09/2017;29;1.000000000000000
19/09/2017;11;2.451739456252960
19/09/2017;13;2.341612602929810
19/09/2017;14;0.993776674465447
19/09/2017;15;1.510386345477410
19/09/2017;16;1.293368084885910
19/09/2017;17;1.000000000000000
19/09/2017;18;1.390011578226910
19/09/2017;19;1.362547866541000
19/09/2017;20;0.992273174776016
19/09/2017;21;1.012798930354300
19/09/2017;22;0.864372922879182
19/09/2017;23;0.955303755364565
19/09/2017;24;1.022781500294550
19/09/2017;25;1.000000000000000
19/09/2017;26;0.989164948567503
19/09/2017;27;0.955872886260900
19/09/2017;28;1.000000000000000
19/09/2017;29;1.000000000000000
20/09/2017;11;1.000000000000000
20/09/2017;13;1.755423622506040
20/09/2017;14;0.943721730777425
20/09/2017;15;1.000000000000000
20/09/2017;16;1.647548669350710
20/09/2017;17;1.000000000000000
20/09/2017;18;1.000000000000000
20/09/2017;19;1.000000000000000
20/09/2017;20;0.961678044454648
20/09/2017;21;1.098176373219280
20/09/2017;22;1.246423303247970
20/09/2017;23;1.107370029312130
20/09/2017;24;1.196571456330660
20/09/2017;25;1.000000000000000
20/09/2017;26;0.985390899497854
20/09/2017;27;1.473719852744790
20/09/2017;28;1.000000000000000
20/09/2017;29;1.000000000000000
21/09/2017;11;1.000000000000000
21/09/2017;13;1.218586919822920
21/09/2017;14;0.954306919196574
21/09/2017;15;1.051111223396400
21/09/2017;16;1.338556106398080
21/09/2017;17;1.000000000000000
21/09/2017;18;0.959355114900542
21/09/2017;19;0.897764481190698
21/09/2017;20;0.964394283904703
21/09/2017;21;1.092163054972060
21/09/2017;22;1.521443040541290
21/09/2017;23;0.941363415428104
21/09/2017;24;1.258171096005170
21/09/2017;25;1.000000000000000
21/09/2017;26;0.989614498011005
21/09/2017;27;1.988641291023160
21/09/2017;28;1.000000000000000
21/09/2017;29;0.986058125852162
22/09/2017;11;1.000000000000000
22/09/2017;13;1.000000000000000
22/09/2017;14;0.930603265521985
22/09/2017;15;1.193673918191940
22/09/2017;16;1.000000000000000
22/09/2017;17;1.000000000000000
22/09/2017;18;0.934096743012458
22/09/2017;19;0.877220561731367
22/09/2017;20;0.959554738684589
22/09/2017;21;1.000000000000000
22/09/2017;22;1.000000000000000
22/09/2017;23;0.939517139021153
22/09/2017;24;1.000000000000000
22/09/2017;25;1.000000000000000
22/09/2017;26;0.966089953589719
22/09/2017;27;1.796359307040640
22/09/2017;28;1.000000000000000
22/09/2017;29;0.994782835250673
23/09/2017;11;0.751889179707171
23/09/2017;13;0.667747956502908
23/09/2017;14;0.852812310324511
23/09/2017;15;1.237041153453540
23/09/2017;16;0.956369632217102
23/09/2017;17;0.978277747271479
23/09/2017;18;0.791827778233906
23/09/2017;19;0.902895954133219
23/09/2017;20;0.869341050198325
23/09/2017;21;0.958278337631127
23/09/2017;22;0.726513034928781
23/09/2017;23;0.976247857358167
23/09/2017;24;0.944613210410838
23/09/2017;25;1.000000000000000
23/09/2017;26;0.963065407999203
23/09/2017;27;1.000000000000000
23/09/2017;28;1.000000000000000
23/09/2017;29;1.000000000000000
24/09/2017;11;0.530696065855516
24/09/2017;13;0.504571494347998
24/09/2017;14;0.821912755541487
24/09/2017;15;1.175542917636150
24/09/2017;16;1.079895173553430
24/09/2017;17;0.946020240123935
24/09/2017;18;1.000000000000000
24/09/2017;19;1.192428164506280
24/09/2017;20;0.830702630509389
24/09/2017;21;0.914305012281486
24/09/2017;22;0.787990817678639
24/09/2017;23;0.917534368426904
24/09/2017;24;0.843382111662838
24/09/2017;25;1.000000000000000
24/09/2017;26;0.963937550147325
24/09/2017;27;0.000000000000000
24/09/2017;28;1.000000000000000
24/09/2017;29;1.000000000000000
25/09/2017;11;0.754725847014419
25/09/2017;13;0.801269878230962
25/09/2017;14;0.953788908299603
25/09/2017;15;1.156900427071640
25/09/2017;16;1.000000000000000
25/09/2017;17;0.973000933712773
25/09/2017;18;1.044605711589910
25/09/2017;19;1.000000000000000
25/09/2017;20;0.924259088482809
25/09/2017;21;1.001129714354590
25/09/2017;22;0.892172116332715
25/09/2017;23;0.952196275941046
25/09/2017;24;0.974627393430348
25/09/2017;25;1.000000000000000
25/09/2017;26;1.050501555062730
25/09/2017;27;1.017073117567280
25/09/2017;28;1.000000000000000
25/09/2017;29;1.000000000000000
26/09/2017;11;0.783835350131798
26/09/2017;13;0.820465852973613
26/09/2017;14;0.937289507410902
26/09/2017;15;1.000000000000000
26/09/2017;16;0.968319994984770
26/09/2017;17;1.000000000000000
26/09/2017;18;1.101343227988510
26/09/2017;19;0.900316258073023
26/09/2017;20;0.961658197165256
26/09/2017;21;1.000000000000000
26/09/2017;22;0.888566973746933
26/09/2017;23;1.032645400209800
26/09/2017;24;0.982969629034338
26/09/2017;25;1.000000000000000
26/09/2017;26;0.996671381572760
26/09/2017;27;1.000000000000000
26/09/2017;28;1.000000000000000
26/09/2017;29;1.000000000000000
27/09/2017;11;0.902110636847449
27/09/2017;13;0.727106537667495
27/09/2017;14;0.874064389530041
27/09/2017;15;0.946326322084212
27/09/2017;16;0.940218930640523
27/09/2017;17;1.000000000000000
27/09/2017;18;1.000000000000000
27/09/2017;19;0.876117671919172
27/09/2017;20;0.944852567531543
27/09/2017;21;0.975060546999519
27/09/2017;22;0.869747547785539
27/09/2017;23;0.942834832243149
27/09/2017;24;0.971519852830124
27/09/2017;25;1.000000000000000
27/09/2017;26;0.961105417942248
27/09/2017;27;1.000000000000000
27/09/2017;28;1.000000000000000
27/09/2017;29;0.958765110996385
28/09/2017;11;0.780768400769444
28/09/2017;13;0.743518014530935
28/09/2017;14;0.838201366898156
28/09/2017;15;0.892959377721288
28/09/2017;16;0.972994635966535
28/09/2017;17;0.978822976523943
28/09/2017;18;0.887013155121543
28/09/2017;19;0.857120625128274
28/09/2017;20;0.948247141649526
28/09/2017;21;0.964766594106758
28/09/2017;22;0.792836582233794
28/09/2017;23;0.971501905147543
28/09/2017;24;0.981067250960653
28/09/2017;25;1.000000000000000
28/09/2017;26;0.959934645545066
28/09/2017;27;1.000000000000000
28/09/2017;28;1.000000000000000
28/09/2017;29;0.985464698930919
29/09/2017;11;0.732438183741899
29/09/2017;13;0.746688110757171
29/09/2017;14;0.839902559265448
29/09/2017;15;0.893280742638399
29/09/2017;16;0.981288212064344
29/09/2017;17;0.952200416416047
29/09/2017;18;0.864586354017270
29/09/2017;19;0.795390653138914
29/09/2017;20;0.900566697990597
29/09/2017;21;0.964494353473223
29/09/2017;22;0.739508773638010
29/09/2017;23;0.938627145930164
29/09/2017;24;1.037730755396490
29/09/2017;25;1.000000000000000
29/09/2017;26;0.968504592027827
29/09/2017;27;1.121324924280150
29/09/2017;28;1.000000000000000
29/09/2017;29;0.985118678413189
30/09/2017;11;0.394695647885410
30/09/2017;13;0.375201130748238
30/09/2017;14;0.638528480557761
30/09/2017;15;0.740595151601705
30/09/2017;16;0.912188030283274
30/09/2017;17;0.968956235017869
30/09/2017;18;0.757198870835548
30/09/2017;19;0.752778660950664
30/09/2017;20;0.797036875800003
30/09/2017;21;1.000000000000000
30/09/2017;22;0.625998369096400
30/09/2017;23;1.016998233583490
30/09/2017;24;1.407658459401170
30/09/2017;25;1.000000000000000
30/09/2017;26;0.934705936721319
30/09/2017;27;2.371655402752980
30/09/2017;28;1.000000000000000
30/09/2017;29;0.947664040916619
01/10/2017;11;0.735143959434628
01/10/2017;13;1.000000000000000
01/10/2017;14;1.081519447758220
01/10/2017;15;1.000000000000000
01/10/2017;16;0.889338229384062
01/10/2017;17;0.954838264648731
01/10/2017;18;1.126352569103420
01/10/2017;19;1.000000000000000
01/10/2017;20;0.800207761544427
01/10/2017;21;1.101097506256060
01/10/2017;22;0.247796572725902
01/10/2017;23;1.098504909875740
01/10/2017;24;1.000000000000000
01/10/2017;25;1.000000000000000
01/10/2017;26;1.156200424550280
01/10/2017;27;1.000000000000000
01/10/2017;28;1.000000000000000
01/10/2017;29;0.983698987295938
02/10/2017;11;0.824401447901017
02/10/2017;13;1.170575046606000
02/10/2017;14;1.000000000000000
02/10/2017;15;1.044953087655330
02/10/2017;16;0.941625468892235
02/10/2017;17;0.920765001635235
02/10/2017;18;1.000000000000000
02/10/2017;19;0.974148018536843
02/10/2017;20;1.000000000000000
02/10/2017;21;1.073316475425710
02/10/2017;22;0.823939046218568
02/10/2017;23;1.005738885762080
02/10/2017;24;1.001521652415040
02/10/2017;25;1.000000000000000
02/10/2017;26;1.042984505066590
02/10/2017;27;1.108365575247890
02/10/2017;28;1.000000000000000
02/10/2017;29;1.000000000000000
03/10/2017;11;0.817333418608416
03/10/2017;13;1.128329298288200
03/10/2017;14;0.944308187222683
03/10/2017;15;1.099060955363830
03/10/2017;16;1.077753811894470
03/10/2017;17;0.953760026840491
03/10/2017;18;1.000000000000000
03/10/2017;19;0.944516206613031
03/10/2017;20;1.000000000000000
03/10/2017;21;1.000000000000000
03/10/2017;22;0.865239184884636
03/10/2017;23;0.986615691469575
03/10/2017;24;0.988170196637047
03/10/2017;25;1.000000000000000
03/10/2017;26;0.994760083948500
03/10/2017;27;1.000000000000000
03/10/2017;28;1.000000000000000
03/10/2017;29;1.000000000000000
04/10/2017;11;1.025990516963410
04/10/2017;13;1.000000000000000
04/10/2017;14;1.077239932633990
04/10/2017;15;1.000000000000000
04/10/2017;16;1.000000000000000
04/10/2017;17;0.955616128205921
04/10/2017;18;0.949060113263368
04/10/2017;19;0.862132594905444
04/10/2017;20;0.985202131353776
04/10/2017;21;0.962462070662971
04/10/2017;22;0.747271017951929
04/10/2017;23;0.980918503069057
04/10/2017;24;0.919882941290616
04/10/2017;25;1.000000000000000
04/10/2017;26;0.973845029754157
04/10/2017;27;0.903402136450245
04/10/2017;28;1.000000000000000
04/10/2017;29;1.000000000000000
05/10/2017;11;1.000000000000000
05/10/2017;13;0.905339859729197
05/10/2017;14;1.000000000000000
05/10/2017;15;0.993042722368926
05/10/2017;16;0.888844209099718
05/10/2017;17;0.908395150891397
05/10/2017;18;0.835066753792419
05/10/2017;19;0.806492163291489
05/10/2017;20;0.931959427510004
05/10/2017;21;0.945838761389615
05/10/2017;22;0.658093220285239
05/10/2017;23;0.927769261869171
05/10/2017;24;0.879341171262685
05/10/2017;25;0.923581753016641
05/10/2017;26;0.948515981847700
05/10/2017;27;0.905732541397314
05/10/2017;28;1.000000000000000
05/10/2017;29;1.000000000000000
06/10/2017;11;0.758295374949975
06/10/2017;13;0.683471590602337
06/10/2017;14;0.879549997596093
06/10/2017;15;0.961220172075275
06/10/2017;16;0.880155954064902
06/10/2017;17;0.904158271068118
06/10/2017;18;0.780223672954457
06/10/2017;19;0.848673684200828
06/10/2017;20;0.906609165681637
06/10/2017;21;0.938053646233507
06/10/2017;22;0.667184771671561
06/10/2017;23;0.931982315526924
06/10/2017;24;0.878681914555016
06/10/2017;25;0.956294128392743
06/10/2017;26;0.909981412656688
06/10/2017;27;0.869621561850133
06/10/2017;28;1.000000000000000
06/10/2017;29;0.974152185938634
07/10/2017;11;1.074231581745720
07/10/2017;13;1.000000000000000
07/10/2017;14;1.061880370375710
07/10/2017;15;1.071184302945580
07/10/2017;16;1.057347626561240
07/10/2017;17;0.934789590740507
07/10/2017;18;1.000000000000000
07/10/2017;19;1.166019515214670
07/10/2017;20;1.116237464015120
07/10/2017;21;1.000000000000000
07/10/2017;22;1.643002150769230
07/10/2017;23;1.162175655333920
07/10/2017;24;1.408728299210170
07/10/2017;25;1.000000000000000
07/10/2017;26;1.208131728804130
07/10/2017;27;1.710060616032190
07/10/2017;28;1.000000000000000
07/10/2017;29;0.949802438598523
08/10/2017;11;1.000000000000000
08/10/2017;13;1.435839696957720
08/10/2017;14;1.000000000000000
08/10/2017;15;1.315475300744290
08/10/2017;16;1.000000000000000
08/10/2017;17;0.969596976930822
08/10/2017;18;1.000000000000000
08/10/2017;19;1.381618889734480
08/10/2017;20;2.276612319637780
08/10/2017;21;1.191045342219060
08/10/2017;22;5.229270587611250
08/10/2017;23;1.188551988988230
08/10/2017;24;1.959093590271190
08/10/2017;25;1.000000000000000
08/10/2017;26;1.477572050030150
08/10/2017;27;2.725591113757350
08/10/2017;28;1.000000000000000
08/10/2017;29;1.171682714669390
09/10/2017;11;0.761014631089062
09/10/2017;13;1.064694016034300
09/10/2017;14;1.152831242785560
09/10/2017;15;1.083362197617230
09/10/2017;16;1.024375500975820
09/10/2017;17;0.975853295344102
09/10/2017;18;1.000000000000000
09/10/2017;19;1.144771139619020
09/10/2017;20;1.000000000000000
09/10/2017;21;1.055708867715840
09/10/2017;22;1.000000000000000
09/10/2017;23;0.967222546725384
09/10/2017;24;1.158332633774040
09/10/2017;25;0.932997967046271
09/10/2017;26;1.136056230569400
09/10/2017;27;1.523688806320890
09/10/2017;28;0.871837106050147
09/10/2017;29;1.000000000000000
10/10/2017;11;0.680728526593765
10/10/2017;13;1.000000000000000
10/10/2017;14;1.338849510776360
10/10/2017;15;1.120080282419470
10/10/2017;16;0.988404296614337
10/10/2017;17;0.890003783399904
10/10/2017;18;0.950463067874132
10/10/2017;19;0.862904042964015
10/10/2017;20;0.899537042210867
10/10/2017;21;1.054046390542970
10/10/2017;22;0.747881963333558
10/10/2017;23;1.035475546559950
10/10/2017;24;1.000000000000000
10/10/2017;25;0.966798684060109
10/10/2017;26;1.117013255884260
10/10/2017;27;1.305606986392000
10/10/2017;28;0.874759152751751
10/10/2017;29;0.970563658251515
11/10/2017;11;0.615919142227126
11/10/2017;13;0.880516989436786
11/10/2017;14;1.000000000000000
11/10/2017;15;1.063719160195190
11/10/2017;16;1.000000000000000
11/10/2017;17;0.810800478692123
11/10/2017;18;0.845833690676768
11/10/2017;19;0.832036832636390
11/10/2017;20;0.860311698122134
11/10/2017;21;1.034884601053100
11/10/2017;22;0.671786594855421
11/10/2017;23;0.992782138643238
11/10/2017;24;1.000000000000000
11/10/2017;25;1.000000000000000
11/10/2017;26;0.954439663869740
11/10/2017;27;1.000000000000000
11/10/2017;28;0.971714267812240
11/10/2017;29;0.981047902417886
12/10/2017;11;0.547349258510046
12/10/2017;13;0.883804459348755
12/10/2017;14;0.830144697301619
12/10/2017;15;0.985041823215992
12/10/2017;16;0.965562413880238
12/10/2017;17;0.816304760093026
12/10/2017;18;0.784979367861807
12/10/2017;19;0.758102910785953
12/10/2017;20;0.908763130477888
12/10/2017;21;1.000000000000000
12/10/2017;22;0.591411589697681
12/10/2017;23;0.997125355909767
12/10/2017;24;0.975216056794248
12/10/2017;25;1.000000000000000
12/10/2017;26;1.016408774914610
12/10/2017;27;0.849466106399726
12/10/2017;28;1.000000000000000
12/10/2017;29;0.995635627027170
13/10/2017;11;0.537815595662068
13/10/2017;13;0.644237768674470
13/10/2017;14;0.705125448775984
13/10/2017;15;0.855501590572823
13/10/2017;16;0.922090692025559
13/10/2017;17;0.816710496898609
13/10/2017;18;0.699068185954911
13/10/2017;19;0.683290006203236
13/10/2017;20;0.855217664522426
13/10/2017;21;0.944708388027838
13/10/2017;22;0.511683724908964
13/10/2017;23;0.870359110482814
13/10/2017;24;0.914273466778993
13/10/2017;25;0.937412585396784
13/10/2017;26;1.081069788334140
13/10/2017;27;0.843346178931251
13/10/2017;28;1.000000000000000
13/10/2017;29;0.974152185938634
14/10/2017;11;0.467383685270184
14/10/2017;13;0.484408141916213
14/10/2017;14;0.523987103438037
14/10/2017;15;0.908639941151437
14/10/2017;16;1.013408683819170
14/10/2017;17;0.752031507617838
14/10/2017;18;0.484321050044553
14/10/2017;19;0.768839924942649
14/10/2017;20;0.700490473308043
14/10/2017;21;0.891202070423607
14/10/2017;22;0.312824758158410
14/10/2017;23;0.829134430460460
14/10/2017;24;0.857413043728428
14/10/2017;25;0.813453451579950
14/10/2017;26;0.965377237557642
14/10/2017;27;0.783073848655254
14/10/2017;28;0.891249455337553
14/10/2017;29;0.839048490607084
15/10/2017;11;0.432987664647856
15/10/2017;13;0.344871431384713
15/10/2017;14;0.519212341867130
15/10/2017;15;0.888730070624071
15/10/2017;16;1.037193757949590
15/10/2017;17;0.747794723682012
15/10/2017;18;0.412308140589498
15/10/2017;19;0.768690781765059
15/10/2017;20;0.689956055693317
15/10/2017;21;0.926153746727288
15/10/2017;22;0.172538720131276
15/10/2017;23;1.008858277386770
15/10/2017;24;0.752950377802129
15/10/2017;25;0.742221183128952
15/10/2017;26;1.000000000000000
15/10/2017;27;0.676109823612516
15/10/2017;28;0.770413086756397
15/10/2017;29;0.832159035575012
16/10/2017;11;0.471351625099713
16/10/2017;13;0.393246709646603
16/10/2017;14;0.615982610683263
16/10/2017;15;0.879323180973557
16/10/2017;16;0.997139387109165
16/10/2017;17;0.743500889417284
16/10/2017;18;0.596232806411439
16/10/2017;19;0.809490536714517
16/10/2017;20;0.814943030561267
16/10/2017;21;0.958833637719747
16/10/2017;22;0.558869896357450
16/10/2017;23;0.935259302118713
16/10/2017;24;0.802765591955232
16/10/2017;25;0.866766863655840
16/10/2017;26;1.049968995336170
16/10/2017;27;0.803539159829237
16/10/2017;28;0.892237528783615
16/10/2017;29;0.914132127667986
17/10/2017;11;0.461852470829755
17/10/2017;13;0.437058730467604
17/10/2017;14;0.561362703676216
17/10/2017;15;0.817593002943251
17/10/2017;16;0.970910053356604
17/10/2017;17;0.705195362321812
17/10/2017;18;0.628153691832332
17/10/2017;19;0.913377299764493
17/10/2017;20;0.835326938017989
17/10/2017;21;0.956427559284576
17/10/2017;22;0.462568500641944
17/10/2017;23;0.871830424213320
17/10/2017;24;0.775485788699499
17/10/2017;25;0.817783769596067
17/10/2017;26;1.050302419223340
17/10/2017;27;0.767426101859091
17/10/2017;28;0.792208023657824
17/10/2017;29;0.877481158030305
18/10/2017;11;0.457004776929324
18/10/2017;13;0.608296361136882
18/10/2017;14;0.570825119286845
18/10/2017;15;0.880806271136729
18/10/2017;16;0.982319848595720
18/10/2017;17;0.675173559838452
18/10/2017;18;0.724746109049420
18/10/2017;19;1.000000000000000
18/10/2017;20;0.828072431472477
18/10/2017;21;1.000000000000000
18/10/2017;22;0.401116895641365
18/10/2017;23;0.978748403769781
18/10/2017;24;0.782207042822502
18/10/2017;25;0.782282270541384
18/10/2017;26;1.056088720596450
18/10/2017;27;0.702080254173273
18/10/2017;28;0.772897800086016
18/10/2017;29;0.811102519362902
19/10/2017;11;0.579969178694929
19/10/2017;13;1.000000000000000
19/10/2017;14;0.709016770829629
19/10/2017;15;1.022195852922970
19/10/2017;16;0.971566825113352
19/10/2017;17;0.693178187318074
19/10/2017;18;1.000000000000000
19/10/2017;19;1.113346620927430
19/10/2017;20;0.809151863846803
19/10/2017;21;1.087212610209180
19/10/2017;22;0.488736449958180
19/10/2017;23;1.059367970319740
19/10/2017;24;0.804082362185012
19/10/2017;25;0.823557356813959
19/10/2017;26;0.991548593845732
19/10/2017;27;0.692156869276223
19/10/2017;28;0.808669443233678
19/10/2017;29;0.843530414955359
20/10/2017;11;1.000000000000000
20/10/2017;13;1.277165938837510
20/10/2017;14;0.841899126867459
20/10/2017;15;1.187417654279340
20/10/2017;16;1.025924925236750
20/10/2017;17;0.757786804979060
20/10/2017;18;1.000000000000000
20/10/2017;19;1.000000000000000
20/10/2017;20;0.792634325374437
20/10/2017;21;1.000000000000000
20/10/2017;22;0.534427497213797
20/10/2017;23;0.961125356065511
20/10/2017;24;1.000000000000000
20/10/2017;25;0.827415589820231
20/10/2017;26;0.947143656635931
20/10/2017;27;1.000000000000000
20/10/2017;28;0.882655961246838
20/10/2017;29;0.943058551803238
21/10/2017;11;1.067567225296100
21/10/2017;13;1.000000000000000
21/10/2017;14;0.809677862878249
21/10/2017;15;1.000000000000000
21/10/2017;16;1.000000000000000
21/10/2017;17;0.643813259280352
21/10/2017;18;0.858350399143983
21/10/2017;19;0.756853110018979
21/10/2017;20;0.551942890595753
21/10/2017;21;0.833157424322857
21/10/2017;22;0.473740466233934
21/10/2017;23;0.982082452141951
21/10/2017;24;0.912600597769693
21/10/2017;25;0.875386037398857
21/10/2017;26;1.000000000000000
21/10/2017;27;1.000000000000000
21/10/2017;28;0.965280874356914
21/10/2017;29;0.958881032208881
22/10/2017;11;0.727436900847670
22/10/2017;13;0.705865251923960
22/10/2017;14;1.000000000000000
22/10/2017;15;0.730850018509176
22/10/2017;16;0.862032693022165
22/10/2017;17;0.574449911789442
22/10/2017;18;0.730233515618340
22/10/2017;19;0.543687958670200
22/10/2017;20;0.466656706881298
22/10/2017;21;0.665912196559829
22/10/2017;22;0.346391623533193
22/10/2017;23;0.805032403122240
22/10/2017;24;0.767037613067157
22/10/2017;25;0.858100559150588
22/10/2017;26;0.772420591245511
22/10/2017;27;0.849318529544194
22/10/2017;28;1.000000000000000
22/10/2017;29;0.837070426395753
23/10/2017;11;0.422002561174059
23/10/2017;13;0.624576844873549
23/10/2017;14;0.927186011706698
23/10/2017;15;1.000000000000000
23/10/2017;16;0.887851999648163
23/10/2017;17;0.607710056937183
23/10/2017;18;0.814622401331274
23/10/2017;19;1.000000000000000
23/10/2017;20;1.000000000000000
23/10/2017;21;1.000000000000000
23/10/2017;22;1.000000000000000
23/10/2017;23;0.981877071070762
23/10/2017;24;1.069828314333230
23/10/2017;25;0.889335508562480
23/10/2017;26;0.865088369397175
23/10/2017;27;1.122764903744440
23/10/2017;28;0.948351867218968
23/10/2017;29;0.922745816058250
24/10/2017;11;0.600355428134652
24/10/2017;13;0.771261223041114
24/10/2017;14;0.783348646900077
24/10/2017;15;1.079411620441940
24/10/2017;16;1.030461938361880
24/10/2017;17;0.633859800267144
24/10/2017;18;0.922285383824533
24/10/2017;19;1.290929410915520
24/10/2017;20;1.354372273139630
24/10/2017;21;1.068799358748300
24/10/2017;22;1.619217990986170
24/10/2017;23;1.033219392708190
24/10/2017;24;1.304702086399550
24/10/2017;25;1.219305824917690
24/10/2017;26;1.000000000000000
24/10/2017;27;1.547245419898630
24/10/2017;28;1.205855361157210
24/10/2017;29;0.892458817379923
25/10/2017;11;0.869831395353217
25/10/2017;13;1.000000000000000
25/10/2017;14;0.770282207098726
25/10/2017;15;1.079336130480330
25/10/2017;16;1.000000000000000
25/10/2017;17;0.665512692266565
25/10/2017;18;0.970834446257281
25/10/2017;19;1.382173299371290
25/10/2017;20;1.347273393973300
25/10/2017;21;1.071430273328260
25/10/2017;22;1.714130551694390
25/10/2017;23;0.961826841203276
25/10/2017;24;1.294770097984110
25/10/2017;25;1.000000000000000
25/10/2017;26;0.895825941575175
25/10/2017;27;1.600434141102010
25/10/2017;28;1.000000000000000
25/10/2017;29;0.885997185577585
26/10/2017;11;0.919884672249996
26/10/2017;13;0.947637331969996
26/10/2017;14;0.890195837688341
26/10/2017;15;1.090711536161750
26/10/2017;16;1.000000000000000
26/10/2017;17;0.761875524078351
26/10/2017;18;0.874365214318613
26/10/2017;19;1.330740438855690
26/10/2017;20;1.178404074740010
26/10/2017;21;1.000000000000000
26/10/2017;22;1.541822709414560
26/10/2017;23;0.977667912095767
26/10/2017;24;1.000000000000000
26/10/2017;25;0.898004869033107
26/10/2017;26;0.929374492538773
26/10/2017;27;1.277282688502600
26/10/2017;28;0.952753775219276
26/10/2017;29;1.177090259238600
27/10/2017;11;0.873543868234223
27/10/2017;13;0.733357099788169
27/10/2017;14;0.770490282970716
27/10/2017;15;1.089580900076340
27/10/2017;16;1.052026312517060
27/10/2017;17;0.793693392054793
27/10/2017;18;0.849438975953076
27/10/2017;19;1.224934634780850
27/10/2017;20;1.259332534553230
27/10/2017;21;1.009947888138910
27/10/2017;22;1.614259095078050
27/10/2017;23;1.065026557691630
27/10/2017;24;0.914404497838070
27/10/2017;25;0.852507306383163
27/10/2017;26;0.967920298027587
27/10/2017;27;1.000000000000000
27/10/2017;28;0.837699150802239
27/10/2017;29;0.983583379688864
28/10/2017;11;0.849103523878013
28/10/2017;13;0.682828075485443
28/10/2017;14;0.755285148644766
28/10/2017;15;1.178246098417460
28/10/2017;16;1.055853463048230
28/10/2017;17;0.580880288212867
28/10/2017;18;0.911543650061012
28/10/2017;19;1.168184673581240
28/10/2017;20;1.391070773982570
28/10/2017;21;1.238974960279440
28/10/2017;22;1.000000000000000
28/10/2017;23;1.096771730148710
28/10/2017;24;1.000000000000000
28/10/2017;25;0.763407842520878
28/10/2017;26;0.879310386412610
28/10/2017;27;1.245691427961350
28/10/2017;28;0.767437270547154
28/10/2017;29;1.014907584376320
29/10/2017;11;0.908229915389970
29/10/2017;13;0.728902913840079
29/10/2017;14;0.740976861418262
29/10/2017;15;1.413774566272040
29/10/2017;16;1.082335916692690
29/10/2017;17;0.629293792594944
29/10/2017;18;0.810760155972686
29/10/2017;19;1.103890711359880
29/10/2017;20;1.257590212705000
29/10/2017;21;1.000000000000000
29/10/2017;22;1.000000000000000
29/10/2017;23;1.038932769324550
29/10/2017;24;1.259033321988420
29/10/2017;25;1.167173593360960
29/10/2017;26;0.914224012482469
29/10/2017;27;1.565625300244920
29/10/2017;28;0.797263582880812
29/10/2017;29;1.000000000000000
30/10/2017;11;0.878185294800522
30/10/2017;13;0.623135732138257
30/10/2017;14;0.710568585870700
30/10/2017;15;1.000000000000000
30/10/2017;16;0.936839711083646
30/10/2017;17;0.760981610125329
30/10/2017;18;1.000000000000000
30/10/2017;19;1.000000000000000
30/10/2017;20;1.000000000000000
30/10/2017;21;0.951064405861501
30/10/2017;22;1.241900758970480
30/10/2017;23;1.029583211446640
30/10/2017;24;1.088668792804740
30/10/2017;25;1.000000000000000
30/10/2017;26;0.998696825563870
30/10/2017;27;1.215586524469280
30/10/2017;28;0.857912510801250
30/10/2017;29;0.816331843904490
31/10/2017;11;0.789136418340266
31/10/2017;13;0.728012134395011
31/10/2017;14;1.000000000000000
31/10/2017;15;0.911274646046136
31/10/2017;16;1.000000000000000
31/10/2017;17;0.670842042274220
31/10/2017;18;1.029531000988100
31/10/2017;19;0.929009338580168
31/10/2017;20;0.958909855908155
31/10/2017;21;1.001480640948640
31/10/2017;22;0.812502135363993
31/10/2017;23;0.976751138642091
31/10/2017;24;1.000000000000000
31/10/2017;25;0.849919115696837
31/10/2017;26;1.012816136953210
31/10/2017;27;1.136788917375020
31/10/2017;28;0.755390853780625
31/10/2017;29;0.800804317543143
01/11/2017;11;0.834939892920518
01/11/2017;13;0.897859971955976
01/11/2017;14;1.072717282145760
01/11/2017;15;1.081145968876160
01/11/2017;16;0.998161299117022
01/11/2017;17;0.864558377827929
01/11/2017;18;1.049245941449200
01/11/2017;19;1.088780968381930
01/11/2017;20;1.069994028898510
01/11/2017;21;1.097561542725710
01/11/2017;22;1.001385671322220
01/11/2017;23;1.037617666012460
01/11/2017;24;1.084131221781270
01/11/2017;25;1.069078698007390
01/11/2017;26;1.066555323080450
01/11/2017;27;1.206431786150560
01/11/2017;28;0.862936550514531
01/11/2017;29;0.929776077354126
02/11/2017;11;1.000000000000000
02/11/2017;13;1.060424083423250
02/11/2017;14;1.159093856886520
02/11/2017;15;1.164074353189460
02/11/2017;16;1.064716119183950
02/11/2017;17;1.000000000000000
02/11/2017;18;1.057626334024860
02/11/2017;19;1.328650007422860
02/11/2017;20;1.244404527378150
02/11/2017;21;1.147168832252250
02/11/2017;22;1.200508870777740
02/11/2017;23;1.129676506041750
02/11/2017;24;1.098781266557680
02/11/2017;25;1.198778301997480
02/11/2017;26;1.164454341296790
02/11/2017;27;1.254260636244900
02/11/2017;28;0.942795001428184
02/11/2017;29;0.877745787350408
03/11/2017;11;1.000000000000000
03/11/2017;13;0.959985094437416
03/11/2017;14;1.116086454240290
03/11/2017;15;1.098941782994300
03/11/2017;16;1.000000000000000
03/11/2017;17;0.958547503513485
03/11/2017;18;0.995542399397336
03/11/2017;19;1.321793352904780
03/11/2017;20;1.182162179486140
03/11/2017;21;1.088282519547220
03/11/2017;22;1.000000000000000
03/11/2017;23;1.112116406461470
03/11/2017;24;1.062577163192600
03/11/2017;25;1.000000000000000
03/11/2017;26;1.103166867976160
03/11/2017;27;1.140211155364160
03/11/2017;28;0.952674320316013
03/11/2017;29;1.026988805118610
04/11/2017;11;0.902992042630167
04/11/2017;13;0.812220331948540
04/11/2017;14;1.065602004988720
04/11/2017;15;1.074032747433760
04/11/2017;16;0.937011468529276
04/11/2017;17;1.000000000000000
04/11/2017;18;1.012018229071450
04/11/2017;19;1.000000000000000
04/11/2017;20;1.122741809684300
04/11/2017;21;1.071778934628530
04/11/2017;22;1.042670367639760
04/11/2017;23;1.074242989793720
04/11/2017;24;1.114361157333510
04/11/2017;25;0.910011712527052
04/11/2017;26;1.064084186731800
04/11/2017;27;1.115399725801400
04/11/2017;28;0.985114856651797
04/11/2017;29;1.169587166785440
05/11/2017;11;1.000000000000000
05/11/2017;13;1.000000000000000
05/11/2017;14;1.100335080331140
05/11/2017;15;0.975316161544793
05/11/2017;16;0.945270864231198
05/11/2017;17;1.176469419421150
05/11/2017;18;1.131502666078270
05/11/2017;19;1.145567787296630
05/11/2017;20;1.230526389156030
05/11/2017;21;1.098518649517320
05/11/2017;22;1.178177178630890
05/11/2017;23;1.099374186673900
05/11/2017;24;1.086078232205180
05/11/2017;25;1.156115449082820
05/11/2017;26;1.120032187193500
05/11/2017;27;1.215606143024200
05/11/2017;28;0.989285916948793
05/11/2017;29;1.207560123727190
06/11/2017;11;1.239897145436180
06/11/2017;13;1.225898284783960
06/11/2017;14;1.088739493904420
06/11/2017;15;1.000000000000000
06/11/2017;16;1.056072572936190
06/11/2017;17;1.348069338440450
06/11/2017;18;1.305238876809570
06/11/2017;19;1.199020561074390
06/11/2017;20;1.133364799608700
06/11/2017;21;1.061868878711160
06/11/2017;22;1.158141761564730
06/11/2017;23;1.037134655958700
06/11/2017;24;1.055812579793130
06/11/2017;25;1.146385220435720
06/11/2017;26;1.000000000000000
06/11/2017;27;1.210948438886710
06/11/2017;28;0.997677077645100
06/11/2017;29;1.000000000000000
07/11/2017;11;1.203109255596070
07/11/2017;13;1.305940181734960
07/11/2017;14;1.080705664145930
07/11/2017;15;1.144794823838210
07/11/2017;16;1.285315787571010
07/11/2017;17;1.327588419199680
07/11/2017;18;1.300270572761630
07/11/2017;19;1.156734445524060
07/11/2017;20;1.133976815950470
07/11/2017;21;1.050493943635370
07/11/2017;22;1.196420716580570
07/11/2017;23;1.031726080879500
07/11/2017;24;1.172569917575460
07/11/2017;25;1.140480286100970
07/11/2017;26;1.000000000000000
07/11/2017;27;1.241275966221240
07/11/2017;28;1.140754991324610
07/11/2017;29;1.094025683129470
08/11/2017;11;1.114039536667690
08/11/2017;13;1.187799087110630
08/11/2017;14;1.066424334011610
08/11/2017;15;1.172914953675370
08/11/2017;16;1.000000000000000
08/11/2017;17;1.289683711090160
08/11/2017;18;1.212183764456900
08/11/2017;19;1.237129401724670
08/11/2017;20;1.246954718590900
08/11/2017;21;1.069370974933180
08/11/2017;22;1.296084622234060
08/11/2017;23;1.067251313635080
08/11/2017;24;1.204436908448660
08/11/2017;25;1.277674751446510
08/11/2017;26;1.029261360854070
08/11/2017;27;1.203831841429880
08/11/2017;28;1.179262663039950
08/11/2017;29;1.104051959785600
09/11/2017;11;1.120415923926530
09/11/2017;13;1.159209255365160
09/11/2017;14;1.024542312704300
09/11/2017;15;1.000000000000000
09/11/2017;16;1.045848512164820
09/11/2017;17;1.273782804575460
09/11/2017;18;1.174032614371790
09/11/2017;19;1.144038574597660
09/11/2017;20;1.162812544301410
09/11/2017;21;1.096932163844740
09/11/2017;22;1.222100334559820
09/11/2017;23;1.097367571468350
09/11/2017;24;1.138285206198670
09/11/2017;25;1.200086881364360
09/11/2017;26;1.083862178429270
09/11/2017;27;1.103668093556300
09/11/2017;28;1.074660864768440
09/11/2017;29;1.049498990226170
10/11/2017;11;1.124447088384400
10/11/2017;13;1.166131906722650
10/11/2017;14;1.057911019358490
10/11/2017;15;1.028806477525970
10/11/2017;16;1.000000000000000
10/11/2017;17;1.180044243149180
10/11/2017;18;1.119691986465450
10/11/2017;19;1.072291205524640
10/11/2017;20;1.000000000000000
10/11/2017;21;1.048620393652210
10/11/2017;22;1.000000000000000
10/11/2017;23;1.059065401210960
10/11/2017;24;1.145923721287400
10/11/2017;25;1.000000000000000
10/11/2017;26;1.063554687060250
10/11/2017;27;1.107256299721040
10/11/2017;28;0.967733687673365
10/11/2017;29;1.000000000000000
11/11/2017;11;1.156593210144600
11/11/2017;13;1.312395906518540
11/11/2017;14;1.145633912023110
11/11/2017;15;1.243974058906550
11/11/2017;16;1.045349210620050
11/11/2017;17;1.160652298314930
11/11/2017;18;1.164968792510710
11/11/2017;19;1.080736828480350
11/11/2017;20;1.114020067636690
11/11/2017;21;1.080184693862270
11/11/2017;22;0.989027112489713
11/11/2017;23;1.036050134023120
11/11/2017;24;1.179709330263930
11/11/2017;25;1.000000000000000
11/11/2017;26;1.107481578341250
11/11/2017;27;1.173247775720740
11/11/2017;28;1.000000000000000
11/11/2017;29;0.875108164390694
12/11/2017;11;1.325467443523000
12/11/2017;13;1.425778110188980
12/11/2017;14;1.227714349848630
12/11/2017;15;1.351044907701530
12/11/2017;16;1.136371735333170
12/11/2017;17;1.186627897241610
12/11/2017;18;1.324238009913820
12/11/2017;19;1.192681101288670
12/11/2017;20;1.246431753890150
12/11/2017;21;1.000000000000000
12/11/2017;22;1.026060277625800
12/11/2017;23;1.076846551298470
12/11/2017;24;1.000000000000000
12/11/2017;25;1.091971655966400
12/11/2017;26;1.064918520426570
12/11/2017;27;1.119226606475390
12/11/2017;28;0.864299762014620
12/11/2017;29;0.776981100649121
13/11/2017;11;1.000000000000000
13/11/2017;13;1.275809234778240
13/11/2017;14;1.142184014221490
13/11/2017;15;1.306433266795000
13/11/2017;16;1.312891990146550
13/11/2017;17;1.196556787879820
13/11/2017;18;1.460861437702980
13/11/2017;19;1.239451421947660
13/11/2017;20;1.138970877114640
13/11/2017;21;1.103805425633890
13/11/2017;22;1.046682616817470
13/11/2017;23;0.985658132105374
13/11/2017;24;0.989185902584650
13/11/2017;25;1.000000000000000
13/11/2017;26;0.960110672386376
13/11/2017;27;1.025149219699130
13/11/2017;28;0.823542712073810
13/11/2017;29;0.824516226424192
14/11/2017;11;1.054067587765720
14/11/2017;13;1.181441376745190
14/11/2017;14;1.000000000000000
14/11/2017;15;1.233300549451630
14/11/2017;16;1.386251394876250
14/11/2017;17;1.291038754004180
14/11/2017;18;1.392979473330270
14/11/2017;19;1.343396331959260
14/11/2017;20;1.235915457321270
14/11/2017;21;1.191220481290590
14/11/2017;22;1.195363411089450
14/11/2017;23;1.046271322237200
14/11/2017;24;1.168964463643610
14/11/2017;25;1.126580871704330
14/11/2017;26;1.000000000000000
14/11/2017;27;1.125490855934090
14/11/2017;28;1.000000000000000
14/11/2017;29;1.000000000000000
15/11/2017;11;1.152447937011180
15/11/2017;13;1.144671898520880
15/11/2017;14;1.034587879869410
15/11/2017;15;1.112021934363960
15/11/2017;16;1.252452856745210
15/11/2017;17;1.234004713706060
15/11/2017;18;1.237640861804750
15/11/2017;19;1.232247480624060
15/11/2017;20;1.223377921479330
15/11/2017;21;1.000000000000000
15/11/2017;22;1.299175023798190
15/11/2017;23;1.123864648791370
15/11/2017;24;1.188980372068360
15/11/2017;25;1.292823677010420
15/11/2017;26;1.000000000000000
15/11/2017;27;1.138385131927460
15/11/2017;28;1.111873753813490
15/11/2017;29;1.092803540182350
16/11/2017;11;1.168314311792350
16/11/2017;13;1.061989135500570
16/11/2017;14;1.000000000000000
16/11/2017;15;1.066147245589810
16/11/2017;16;1.233139540551980
16/11/2017;17;1.000000000000000
16/11/2017;18;1.138876194708550
16/11/2017;19;1.114604217425380
16/11/2017;20;1.176158138300360
16/11/2017;21;1.025856953651760
16/11/2017;22;1.199088235570300
16/11/2017;23;1.049537954902600
16/11/2017;24;1.102849652376720
16/11/2017;25;1.111632066704400
16/11/2017;26;1.000000000000000
16/11/2017;27;1.088682905672660
16/11/2017;28;1.174413412672250
16/11/2017;29;1.125847949433190
17/11/2017;11;1.124722114201800
17/11/2017;13;1.027777489870780
17/11/2017;14;0.986758202431832
17/11/2017;15;1.068685466895200
17/11/2017;16;1.179841232160960
17/11/2017;17;0.965513267919441
17/11/2017;18;1.090324544772670
17/11/2017;19;1.000000000000000
17/11/2017;20;1.000000000000000
17/11/2017;21;1.072308706711310
17/11/2017;22;1.118443951931030
17/11/2017;23;1.047828304012920
17/11/2017;24;1.115833542926890
17/11/2017;25;1.000000000000000
17/11/2017;26;1.000000000000000
17/11/2017;27;1.112721685281830
17/11/2017;28;1.179246319639390
17/11/2017;29;1.083535044586300
18/11/2017;11;1.000000000000000
18/11/2017;13;1.051614106100710
18/11/2017;14;1.014159653356660
18/11/2017;15;1.000000000000000
18/11/2017;16;1.000000000000000
18/11/2017;17;0.935904568289650
18/11/2017;18;1.000000000000000
18/11/2017;19;0.937875306274460
18/11/2017;20;1.015732792596760
18/11/2017;21;1.000000000000000
18/11/2017;22;1.094024898824830
18/11/2017;23;1.017728139844740
18/11/2017;24;1.146874449890490
18/11/2017;25;1.066324712197090
18/11/2017;26;1.000000000000000
18/11/2017;27;1.153628628865460
18/11/2017;28;1.129886901148860
18/11/2017;29;1.022545852351930
19/11/2017;11;0.969263207776035
19/11/2017;13;1.063167166735660
19/11/2017;14;1.032211096570980
19/11/2017;15;1.110463119037670
19/11/2017;16;1.072997082088980
19/11/2017;17;1.000000000000000
19/11/2017;18;1.014181899222710
19/11/2017;19;1.040462269147200
19/11/2017;20;1.178149804846630
19/11/2017;21;1.043274283385210
19/11/2017;22;1.224419890832220
19/11/2017;23;1.049067603722140
19/11/2017;24;1.172574848929090
19/11/2017;25;1.260658975703570
19/11/2017;26;1.021068756334030
19/11/2017;27;1.209639273056590
19/11/2017;28;1.116729097998430
19/11/2017;29;1.062424995816730
20/11/2017;11;1.033700039008420
20/11/2017;13;1.107008310077450
20/11/2017;14;1.055452055414850
20/11/2017;15;1.168176534605640
20/11/2017;16;1.127006155312050
20/11/2017;17;1.065457774155270
20/11/2017;18;1.071373449548110
20/11/2017;19;1.231766224594000
20/11/2017;20;1.190107454810180
20/11/2017;21;1.093550887973920
20/11/2017;22;1.273683293929070
20/11/2017;23;1.083408877590070
20/11/2017;24;1.182747581902770
20/11/2017;25;1.307844083201370
20/11/2017;26;1.100391391324980
20/11/2017;27;1.240850134472780
20/11/2017;28;1.184575305876790
20/11/2017;29;1.020621709693830
21/11/2017;11;1.000000000000000
21/11/2017;13;0.978154366489231
21/11/2017;14;1.052549381200900
21/11/2017;15;1.154879492172690
21/11/2017;16;1.085001042244510
21/11/2017;17;0.943138640462942
21/11/2017;18;1.106455705627010
21/11/2017;19;1.236382723892680
21/11/2017;20;1.149296718608220
21/11/2017;21;1.130086723967810
21/11/2017;22;1.215172248420800
21/11/2017;23;1.103478342716890
21/11/2017;24;1.181548214577170
21/11/2017;25;1.416262165725310
21/11/2017;26;1.236999592388010
21/11/2017;27;1.292359428336820
21/11/2017;28;1.193434633120970
21/11/2017;29;1.038346815739260
22/11/2017;11;0.983872813871265
22/11/2017;13;0.923792652710432
22/11/2017;14;1.024161827031280
22/11/2017;15;1.200067706576170
22/11/2017;16;1.000000000000000
22/11/2017;17;0.802835280917495
22/11/2017;18;1.098302323788850
22/11/2017;19;1.142436156631610
22/11/2017;20;1.000000000000000
22/11/2017;21;1.080930741142850
22/11/2017;22;1.000000000000000
22/11/2017;23;1.117700241491330
22/11/2017;24;1.000000000000000
22/11/2017;25;1.330212841538930
22/11/2017;26;1.225166139370350
22/11/2017;27;1.223761412897040
22/11/2017;28;1.233918662774210
22/11/2017;29;1.143278410755100
23/11/2017;11;0.888082317759739
23/11/2017;13;0.917989993990751
23/11/2017;14;1.031308701034120
23/11/2017;15;1.118570289587820
23/11/2017;16;0.984866368926870
23/11/2017;17;0.807863576003950
23/11/2017;18;1.066311685415360
23/11/2017;19;1.000000000000000
23/11/2017;20;0.947928642139760
23/11/2017;21;0.932876466252501
23/11/2017;22;0.934737017411995
23/11/2017;23;1.062676655461880
23/11/2017;24;0.931902782544260
23/11/2017;25;1.000000000000000
23/11/2017;26;1.000000000000000
23/11/2017;27;1.000000000000000
23/11/2017;28;1.086044835674190
23/11/2017;29;1.111633596158960
24/11/2017;11;1.000000000000000
24/11/2017;13;0.914150376742314
24/11/2017;14;1.045912065926510
24/11/2017;15;1.048544298270820
24/11/2017;16;0.970169603521627
24/11/2017;17;0.834026983285136
24/11/2017;18;1.000000000000000
24/11/2017;19;0.959760840418429
24/11/2017;20;0.892414627005168
24/11/2017;21;1.000000000000000
24/11/2017;22;0.900590432592004
24/11/2017;23;1.017839822795050
24/11/2017;24;0.922371846495069
24/11/2017;25;1.000087967971530
24/11/2017;26;1.031780863976440
24/11/2017;27;1.009622206195530
24/11/2017;28;1.089662904274510
24/11/2017;29;1.071729111326650
25/11/2017;11;1.000000000000000
25/11/2017;13;0.930684484428240
25/11/2017;14;1.000000000000000
25/11/2017;15;0.986224400468207
25/11/2017;16;0.910570688765195
25/11/2017;17;0.817836225053493
25/11/2017;18;0.817574042827950
25/11/2017;19;0.891348477958878
25/11/2017;20;0.831489367108150
25/11/2017;21;0.942293981421469
25/11/2017;22;0.852283915746729
25/11/2017;23;1.000000000000000
25/11/2017;24;0.911582978212118
25/11/2017;25;1.027536911627020
25/11/2017;26;1.076453437742260
25/11/2017;27;1.000000000000000
25/11/2017;28;1.113585556984220
25/11/2017;29;1.063804455446430
26/11/2017;11;0.965347308481254
26/11/2017;13;0.858142125692841
26/11/2017;14;0.929775145092465
26/11/2017;15;0.959399755958745
26/11/2017;16;1.016565115671740
26/11/2017;17;0.857895632072081
26/11/2017;18;0.837578677677714
26/11/2017;19;1.000000000000000
26/11/2017;20;0.835850310326526
26/11/2017;21;0.893078724700708
26/11/2017;22;0.825941304520511
26/11/2017;23;0.861223530652154
26/11/2017;24;0.786889892433350
26/11/2017;25;0.817565345850629
26/11/2017;26;0.948424653557672
26/11/2017;27;0.901882236404205
26/11/2017;28;1.000000000000000
26/11/2017;29;0.978347987324258
27/11/2017;11;1.055612366032060
27/11/2017;13;1.006521795037960
27/11/2017;14;1.001558855480650
27/11/2017;15;1.100143114994140
27/11/2017;16;1.171882608303570
27/11/2017;17;1.026862677983490
27/11/2017;18;1.110835607537050
27/11/2017;19;1.100583956939660
27/11/2017;20;1.025623994655620
27/11/2017;21;0.957058211461557
27/11/2017;22;1.000000000000000
27/11/2017;23;1.000000000000000
27/11/2017;24;1.000000000000000
27/11/2017;25;1.000000000000000
27/11/2017;26;1.000000000000000
27/11/2017;27;1.021268360693300
27/11/2017;28;1.000000000000000
27/11/2017;29;0.893223163615247
28/11/2017;11;1.145454965294730
28/11/2017;13;1.156426480759050
28/11/2017;14;1.134590750753700
28/11/2017;15;1.243654381553470
28/11/2017;16;1.158105616924950
28/11/2017;17;1.092044327698050
28/11/2017;18;1.111374736364450
28/11/2017;19;1.287381843923290
28/11/2017;20;1.182423475264970
28/11/2017;21;1.027112252263050
28/11/2017;22;1.232122710772540
28/11/2017;23;1.057768895128870
28/11/2017;24;1.175534870599020
28/11/2017;25;1.308758534881000
28/11/2017;26;1.196655512242020
28/11/2017;27;1.213747076981320
28/11/2017;28;1.148771285821780
28/11/2017;29;1.006683097233270
29/11/2017;11;1.165500141630690
29/11/2017;13;1.115086559000500
29/11/2017;14;1.090451353892700
29/11/2017;15;1.177695839921470
29/11/2017;16;1.066900204758860
29/11/2017;17;1.169983435997020
29/11/2017;18;1.121708870704690
29/11/2017;19;1.300967286109570
29/11/2017;20;1.000000000000000
29/11/2017;21;1.000000000000000
29/11/2017;22;1.000000000000000
29/11/2017;23;1.066404815741550
29/11/2017;24;1.000000000000000
29/11/2017;25;1.000000000000000
29/11/2017;26;1.265756853663800
29/11/2017;27;1.151517160946110
29/11/2017;28;1.198795758223250
29/11/2017;29;1.161262722327260
30/11/2017;11;1.120892901392940
30/11/2017;13;1.000000000000000
30/11/2017;14;0.987450162156166
30/11/2017;15;1.072338217562840
30/11/2017;16;1.076569211215300
30/11/2017;17;1.164524765845830
30/11/2017;18;1.117390476508710
30/11/2017;19;1.063249721085850
30/11/2017;20;1.003361714731400
30/11/2017;21;1.000000000000000
30/11/2017;22;1.022532295297940
30/11/2017;23;0.973829434883870
30/11/2017;24;0.969947990285068
30/11/2017;25;0.979193427943710
30/11/2017;26;1.000000000000000
30/11/2017;27;1.000000000000000
30/11/2017;28;0.923816561641451
30/11/2017;29;0.994428848832780
01/12/2017;11;1.262021227913090
01/12/2017;13;1.027682158519120
01/12/2017;14;1.037837565925480
01/12/2017;15;1.129456984322720
01/12/2017;16;1.172012087108060
01/12/2017;17;1.144848664139840
01/12/2017;18;1.289614119536370
01/12/2017;19;1.145173154032960
01/12/2017;20;1.126745765519770
01/12/2017;21;1.106025530738280
01/12/2017;22;1.102414033856190
01/12/2017;23;1.027571284579780
01/12/2017;24;1.093674680489570
01/12/2017;25;1.015964785357090
01/12/2017;26;1.010686037828210
01/12/2017;27;1.098934075085680
01/12/2017;28;1.000000000000000
01/12/2017;29;0.933961879826841
02/12/2017;11;1.334711672544710
02/12/2017;13;1.102040766289330
02/12/2017;14;1.136814424896460
02/12/2017;15;1.148066932656050
02/12/2017;16;1.229329267893690
02/12/2017;17;1.222653870819590
02/12/2017;18;1.223681683998640
02/12/2017;19;1.277100763963290
02/12/2017;20;1.223402974516040
02/12/2017;21;1.223544365047650
02/12/2017;22;1.160703502297650
02/12/2017;23;1.150414682556380
02/12/2017;24;1.284238403467210
02/12/2017;25;1.196241352465850
02/12/2017;26;1.184982173774760
02/12/2017;27;1.225941145409410
02/12/2017;28;1.121543610425020
02/12/2017;29;1.000000000000000
03/12/2017;11;1.264720485217950
03/12/2017;13;1.155530478663120
03/12/2017;14;1.139531408141260
03/12/2017;15;1.141597833019800
03/12/2017;16;1.218045140436350
03/12/2017;17;1.221169442117930
03/12/2017;18;1.102160404884850
03/12/2017;19;1.203454786567000
03/12/2017;20;1.103200565344240
03/12/2017;21;1.120359408796530
03/12/2017;22;1.144152610474160
03/12/2017;23;1.117163311708060
03/12/2017;24;1.260819285772520
03/12/2017;25;1.222429673282250
03/12/2017;26;1.199376529310640
03/12/2017;27;1.205155232515710
03/12/2017;28;1.133435820142100
03/12/2017;29;1.098017595844430
04/12/2017;11;1.183873781161950
04/12/2017;13;1.181870970768330
04/12/2017;14;1.083090089873190
04/12/2017;15;1.206926826856960
04/12/2017;16;1.187516936156480
04/12/2017;17;1.129666556147450
04/12/2017;18;1.131304388551930
04/12/2017;19;1.135771870940750
04/12/2017;20;1.109034110639310
04/12/2017;21;1.097666776828610
04/12/2017;22;1.146871907759960
04/12/2017;23;1.089007607412940
04/12/2017;24;1.195453981817790
04/12/2017;25;1.173449199971900
04/12/2017;26;1.191854624390740
04/12/2017;27;1.172088651737110
04/12/2017;28;1.126434608920090
04/12/2017;29;1.095791061484330
05/12/2017;11;1.090218588734250
05/12/2017;13;1.147273581182770
05/12/2017;14;1.025031432090830
05/12/2017;15;1.237141736102360
05/12/2017;16;1.316189735717310
05/12/2017;17;1.056693341033520
05/12/2017;18;1.151409625314500
05/12/2017;19;1.168989487049990
05/12/2017;20;1.185455815490680
05/12/2017;21;1.126562616647530
05/12/2017;22;1.198881278020880
05/12/2017;23;1.104575062745200
05/12/2017;24;1.229497342643480
05/12/2017;25;1.232285458045350
05/12/2017;26;1.185920659790980
05/12/2017;27;1.202292642276170
05/12/2017;28;1.140839589780900
05/12/2017;29;1.111302516632120
06/12/2017;11;1.045783915057170
06/12/2017;13;1.073488555020810
06/12/2017;14;1.009195201053190
06/12/2017;15;1.216669967941560
06/12/2017;16;1.280439826805020
06/12/2017;17;1.000000000000000
06/12/2017;18;1.073338705917620
06/12/2017;19;1.159816024539560
06/12/2017;20;1.188309143399390
06/12/2017;21;1.110084468315170
06/12/2017;22;1.200735852334740
06/12/2017;23;1.155095495461040
06/12/2017;24;1.122280442950130
06/12/2017;25;1.238902944758790
06/12/2017;26;1.121868008107590
06/12/2017;27;1.168061948782530
06/12/2017;28;1.118283961506020
06/12/2017;29;1.108834187838690
07/12/2017;11;1.027126043807180
07/12/2017;13;0.997484258277181
07/12/2017;14;1.013537200712640
07/12/2017;15;1.155561627789830
07/12/2017;16;1.094133384211390
07/12/2017;17;0.918258835272524
07/12/2017;18;0.988898015067792
07/12/2017;19;1.103364510838200
07/12/2017;20;1.112771240635170
07/12/2017;21;1.000000000000000
07/12/2017;22;1.120308389229950
07/12/2017;23;1.079703071385890
07/12/2017;24;1.065568540679400
07/12/2017;25;1.198143124126020
07/12/2017;26;1.162536008123240
07/12/2017;27;1.108296314912880
07/12/2017;28;1.098887084628710
07/12/2017;29;1.095663682141470
08/12/2017;11;1.039450337116840
08/12/2017;13;0.969353003505554
08/12/2017;14;1.031895396411650
08/12/2017;15;1.110208067722570
08/12/2017;16;1.040417716593780
08/12/2017;17;0.886904535574409
08/12/2017;18;1.078337421816020
08/12/2017;19;1.000000000000000
08/12/2017;20;1.000000000000000
08/12/2017;21;0.992704387556654
08/12/2017;22;1.035616385698100
08/12/2017;23;1.028768007725910
08/12/2017;24;1.083639276294120
08/12/2017;25;1.132489498869950
08/12/2017;26;1.168216615858360
08/12/2017;27;1.080982601209990
08/12/2017;28;1.061194747919760
08/12/2017;29;1.097783375498520
09/12/2017;11;1.023446262418900
09/12/2017;13;0.936279734217209
09/12/2017;14;0.990149776611488
09/12/2017;15;1.000000000000000
09/12/2017;16;1.064435480014050
09/12/2017;17;1.047591999113230
09/12/2017;18;1.084853415080570
09/12/2017;19;1.000000000000000
09/12/2017;20;1.000557791694360
09/12/2017;21;1.031604957843370
09/12/2017;22;1.007816207129470
09/12/2017;23;0.997807064437832
09/12/2017;24;1.000000000000000
09/12/2017;25;1.000000000000000
09/12/2017;26;1.000000000000000
09/12/2017;27;1.000000000000000
09/12/2017;28;1.031803305819230
09/12/2017;29;1.088935758919230
10/12/2017;11;1.111436508718790
10/12/2017;13;1.000000000000000
10/12/2017;14;1.015196294376110
10/12/2017;15;1.087419787823730
10/12/2017;16;1.178464902836990
10/12/2017;17;1.208431869257770
10/12/2017;18;0.979308846851097
10/12/2017;19;1.112194219367620
10/12/2017;20;1.084366837270230
10/12/2017;21;1.095563624078110
10/12/2017;22;1.059897075180860
10/12/2017;23;1.000000000000000
10/12/2017;24;1.117092280980360
10/12/2017;25;1.000000000000000
10/12/2017;26;1.050177931786340
10/12/2017;27;1.051444324709080
10/12/2017;28;1.041609314893870
10/12/2017;29;1.000000000000000
11/12/2017;11;1.260954956793370
11/12/2017;13;1.095999587530800
11/12/2017;14;1.114488180930100
11/12/2017;15;1.000000000000000
11/12/2017;16;1.129235669358790
11/12/2017;17;1.186239784703900
11/12/2017;18;1.088520746596810
11/12/2017;19;1.000000000000000
11/12/2017;20;1.000000000000000
11/12/2017;21;0.897409499900886
11/12/2017;22;0.979772232732741
11/12/2017;23;0.911589471850354
11/12/2017;24;1.000000000000000
11/12/2017;25;0.989935808699581
11/12/2017;26;1.000000000000000
11/12/2017;27;1.000000000000000
11/12/2017;28;1.000000000000000
11/12/2017;29;1.001837695041040
12/12/2017;11;1.224807667004000
12/12/2017;13;1.064589451496290
12/12/2017;14;1.000000000000000
12/12/2017;15;0.829313513286609
12/12/2017;16;0.895488053666928
12/12/2017;17;0.995784703274297
12/12/2017;18;1.000000000000000
12/12/2017;19;0.862243726393623
12/12/2017;20;0.775153984102186
12/12/2017;21;0.669711608962220
12/12/2017;22;0.790237575157411
12/12/2017;23;0.734530770133230
12/12/2017;24;0.797781991935025
12/12/2017;25;0.799743676238342
12/12/2017;26;0.891910748651910
12/12/2017;27;0.854180712280403
12/12/2017;28;0.966103548077380
12/12/2017;29;1.000000000000000
13/12/2017;11;1.125590913006620
13/12/2017;13;1.008394942539390
13/12/2017;14;0.938348595267930
13/12/2017;15;0.830115826578455
13/12/2017;16;0.802709082671382
13/12/2017;17;0.901317437302284
13/12/2017;18;0.868373427080891
13/12/2017;19;0.829336151013732
13/12/2017;20;0.781173665086629
13/12/2017;21;0.696628251967554
13/12/2017;22;0.766803589554972
13/12/2017;23;0.829824062501706
13/12/2017;24;0.760798082440290
13/12/2017;25;0.770532016262360
13/12/2017;26;0.818832809762179
13/12/2017;27;0.781903971275312
13/12/2017;28;0.881979375852346
13/12/2017;29;0.967978591486375
14/12/2017;11;1.081615854148140
14/12/2017;13;0.989257813768911
14/12/2017;14;0.945268260840475
14/12/2017;15;0.930789401875674
14/12/2017;16;0.890097462848481
14/12/2017;17;0.889341847494767
14/12/2017;18;1.000000000000000
14/12/2017;19;0.865985880343135
14/12/2017;20;0.904606715339629
14/12/2017;21;0.829112050115439
14/12/2017;22;0.884952330862592
14/12/2017;23;0.877217724815294
14/12/2017;24;0.847004075361427
14/12/2017;25;0.870252327576207
14/12/2017;26;0.904638434435817
14/12/2017;27;0.864411840022939
14/12/2017;28;1.000000000000000
14/12/2017;29;0.967554042862156
15/12/2017;11;1.000000000000000
15/12/2017;13;1.000931320813460
15/12/2017;14;1.000000000000000
15/12/2017;15;0.949322810669149
15/12/2017;16;0.898221415602493
15/12/2017;17;0.834576431286052
15/12/2017;18;1.009556941651320
15/12/2017;19;0.889579474393052
15/12/2017;20;0.888681911745678
15/12/2017;21;0.782179651353811
15/12/2017;22;0.898047426378071
15/12/2017;23;0.789225928544910
15/12/2017;24;0.833658509290879
15/12/2017;25;0.933886699346071
15/12/2017;26;0.945507544776751
15/12/2017;27;0.893710836269275
15/12/2017;28;1.000000000000000
15/12/2017;29;0.984701526210814
16/12/2017;11;1.038669941462340
16/12/2017;13;1.035502364255320
16/12/2017;14;0.992995936450491
16/12/2017;15;0.925077215887478
16/12/2017;16;0.923323677379385
16/12/2017;17;1.000000000000000
16/12/2017;18;1.020961968534790
16/12/2017;19;1.000000000000000
16/12/2017;20;0.866615702225129
16/12/2017;21;0.777552685727487
16/12/2017;22;0.895174057455316
16/12/2017;23;0.831752139597637
16/12/2017;24;0.814817695480496
16/12/2017;25;0.888918600681397
16/12/2017;26;0.894199819430621
16/12/2017;27;0.891899272619280
16/12/2017;28;0.983629165808615
16/12/2017;29;0.980132425487687
17/12/2017;11;1.094685102067430
17/12/2017;13;1.000000000000000
17/12/2017;14;0.970519416896398
17/12/2017;15;1.000000000000000
17/12/2017;16;0.991096410335587
17/12/2017;17;1.030673081083340
17/12/2017;18;1.020995207568640
17/12/2017;19;1.039301235754360
17/12/2017;20;1.008174481148940
17/12/2017;21;0.952646569944258
17/12/2017;22;1.037506842454170
17/12/2017;23;1.000000000000000
17/12/2017;24;1.019115522157140
17/12/2017;25;1.011428450379340
17/12/2017;26;1.053104600217890
17/12/2017;27;1.000000000000000
17/12/2017;28;1.000000000000000
17/12/2017;29;1.000000000000000
18/12/2017;11;1.110031856463920
18/12/2017;13;1.026300913729980
18/12/2017;14;1.013936708741260
18/12/2017;15;1.055249462316170
18/12/2017;16;1.024020414439660
18/12/2017;17;1.057801108433670
18/12/2017;18;1.059439133642760
18/12/2017;19;1.050917436098680
18/12/2017;20;1.045036696862340
18/12/2017;21;1.000000000000000
18/12/2017;22;1.095028279906620
18/12/2017;23;1.016775557270800
18/12/2017;24;1.144559127249090
18/12/2017;25;1.106559333178330
18/12/2017;26;1.143985276177360
18/12/2017;27;1.083136397206210
18/12/2017;28;1.153243183009130
18/12/2017;29;1.056991668465160
19/12/2017;11;1.144008160049650
19/12/2017;13;1.057887503866270
19/12/2017;14;1.089770905430070
19/12/2017;15;1.040052151865160
19/12/2017;16;1.081611992626350
19/12/2017;17;1.099749923199430
19/12/2017;18;1.109544872098830
19/12/2017;19;1.078124111066950
19/12/2017;20;1.077976950846210
19/12/2017;21;1.000000000000000
19/12/2017;22;1.117486609777880
19/12/2017;23;1.022597179478490
19/12/2017;24;1.157568641724250
19/12/2017;25;1.075746714145600
19/12/2017;26;1.176190434882140
19/12/2017;27;1.104956170012500
19/12/2017;28;1.230187426626570
19/12/2017;29;1.165859904157370
20/12/2017;11;1.176017687568350
20/12/2017;13;1.058314509880000
20/12/2017;14;1.065926880929170
20/12/2017;15;1.032844669394200
20/12/2017;16;1.085615784905350
20/12/2017;17;1.086867514495540
20/12/2017;18;1.078873530541840
20/12/2017;19;1.088359916061970
20/12/2017;20;1.117658155897090
20/12/2017;21;1.012521893857330
20/12/2017;22;1.168002908140320
20/12/2017;23;1.082608413654680
20/12/2017;24;1.208148468550170
20/12/2017;25;1.125280354421840
20/12/2017;26;1.254393124344270
20/12/2017;27;1.165934611865240
20/12/2017;28;1.234351977311440
20/12/2017;29;1.163864734605610
21/12/2017;11;1.124281483789830
21/12/2017;13;1.101014375946390
21/12/2017;14;1.035197422204340
21/12/2017;15;1.079676819953300
21/12/2017;16;1.087199633190590
21/12/2017;17;1.079298972705970
21/12/2017;18;1.085878097798600
21/12/2017;19;1.052318501303400
21/12/2017;20;1.096994169753190
21/12/2017;21;1.046780223081770
21/12/2017;22;1.216092303873760
21/12/2017;23;1.120671804762550
21/12/2017;24;1.263798338702720
21/12/2017;25;1.207912385528880
21/12/2017;26;1.220643114843630
21/12/2017;27;1.221081779790140
21/12/2017;28;1.264828167348390
21/12/2017;29;1.076457550562510
22/12/2017;11;1.122352204797970
22/12/2017;13;1.106604122476160
22/12/2017;14;1.042861828552580
22/12/2017;15;1.123480316421950
22/12/2017;16;1.123216304928790
22/12/2017;17;1.074726616658550
22/12/2017;18;1.138227075719700
22/12/2017;19;1.067605394020600
22/12/2017;20;1.076599175575200
22/12/2017;21;1.072607750770750
22/12/2017;22;1.188110755971680
22/12/2017;23;1.053468302852070
22/12/2017;24;1.235099512541690
22/12/2017;25;1.170753347652980
22/12/2017;26;1.000000000000000
22/12/2017;27;1.158327264970740
22/12/2017;28;1.224055159951930
22/12/2017;29;1.069203057370590
23/12/2017;11;1.000000000000000
23/12/2017;13;1.055901756856450
23/12/2017;14;1.032663656807310
23/12/2017;15;1.113839601828540
23/12/2017;16;1.136035059658210
23/12/2017;17;1.072193161409710
23/12/2017;18;1.000000000000000
23/12/2017;19;1.166520048234210
23/12/2017;20;1.000000000000000
23/12/2017;21;1.000000000000000
23/12/2017;22;1.088140583461500
23/12/2017;23;1.055542702157550
23/12/2017;24;1.152148494900340
23/12/2017;25;1.000000000000000
23/12/2017;26;0.980710039143707
23/12/2017;27;1.108403418204830
23/12/2017;28;1.144379702917220
23/12/2017;29;1.137750382802090
24/12/2017;11;0.934043280963362
24/12/2017;13;1.027812544256360
24/12/2017;14;0.919439564680866
24/12/2017;15;1.114050090403220
24/12/2017;16;1.132276949696230
24/12/2017;17;1.095580290426400
24/12/2017;18;0.933774791220435
24/12/2017;19;1.280944657229280
24/12/2017;20;1.061047769082450
24/12/2017;21;1.056460417902340
24/12/2017;22;1.049215606669730
24/12/2017;23;1.122659673164400
24/12/2017;24;1.000000000000000
24/12/2017;25;1.038989528976180
24/12/2017;26;1.000000000000000
24/12/2017;27;1.079758183369290
24/12/2017;28;1.111657774740550
24/12/2017;29;1.079766850212600
25/12/2017;11;1.015579373983840
25/12/2017;13;1.041757222876010
25/12/2017;14;1.000000000000000
25/12/2017;15;1.195863798344610
25/12/2017;16;1.177516852567820
25/12/2017;17;1.000000000000000
25/12/2017;18;1.020584286663400
25/12/2017;19;1.271353709481280
25/12/2017;20;1.142170628333930
25/12/2017;21;1.117886906743930
25/12/2017;22;1.109529512254750
25/12/2017;23;1.095227902450400
25/12/2017;24;0.975729881215829
25/12/2017;25;1.144161718729230
25/12/2017;26;1.034422633877170
25/12/2017;27;1.000000000000000
25/12/2017;28;1.071186783154750
25/12/2017;29;1.070624188374860
26/12/2017;11;1.026184516806810
26/12/2017;13;1.000000000000000
26/12/2017;14;1.060402280444250
26/12/2017;15;1.143810581113720
26/12/2017;16;1.113124067367910
26/12/2017;17;0.936183806093778
26/12/2017;18;1.054356188712100
26/12/2017;19;1.000000000000000
26/12/2017;20;1.000000000000000
26/12/2017;21;1.000000000000000
26/12/2017;22;1.000000000000000
26/12/2017;23;1.043150424897350
26/12/2017;24;1.003984743626130
26/12/2017;25;1.000000000000000
26/12/2017;26;1.102417391288530
26/12/2017;27;1.017435024160870
26/12/2017;28;1.035183156682970
26/12/2017;29;1.000000000000000
27/12/2017;11;0.962940604363347
27/12/2017;13;0.931399577816651
27/12/2017;14;1.000000000000000
27/12/2017;15;0.942276472431532
27/12/2017;16;0.922388131066018
27/12/2017;17;0.949181119769193
27/12/2017;18;0.881921545910027
27/12/2017;19;0.859890255696082
27/12/2017;20;0.920699513399489
27/12/2017;21;0.914697388182155
27/12/2017;22;0.913038583492011
27/12/2017;23;1.000000000000000
27/12/2017;24;0.950051557479614
27/12/2017;25;0.901349942469895
27/12/2017;26;1.000000000000000
27/12/2017;27;1.000000000000000
27/12/2017;28;1.042468738778440
27/12/2017;29;1.000000000000000
28/12/2017;11;0.923212690545284
28/12/2017;13;0.853617560942170
28/12/2017;14;0.964744665594377
28/12/2017;15;0.865106073561546
28/12/2017;16;0.861862106719459
28/12/2017;17;1.009551971507120
28/12/2017;18;0.909026730676029
28/12/2017;19;0.871792935941300
28/12/2017;20;1.000000000000000
28/12/2017;21;0.856596553592981
28/12/2017;22;1.000000000000000
28/12/2017;23;0.919209657970104
28/12/2017;24;1.004824417784210
28/12/2017;25;1.000000000000000
28/12/2017;26;0.911883784071914
28/12/2017;27;1.000000000000000
28/12/2017;28;1.000000000000000
28/12/2017;29;1.000000000000000
29/12/2017;11;1.030989752985980
29/12/2017;13;0.856350822716310
29/12/2017;14;1.000000000000000
29/12/2017;15;0.848487024670533
29/12/2017;16;0.926425426114605
29/12/2017;17;1.061059943286320
29/12/2017;18;0.898553500132545
29/12/2017;19;0.967874639168100
29/12/2017;20;1.019044169825620
29/12/2017;21;0.910527455020387
29/12/2017;22;1.063891307657270
29/12/2017;23;1.000000000000000
29/12/2017;24;1.123436588939820
29/12/2017;25;1.052243772245440
29/12/2017;26;1.000000000000000
29/12/2017;27;1.040601330815280
29/12/2017;28;1.032495407088630
29/12/2017;29;1.003488927195360
30/12/2017;11;1.045319984544850
30/12/2017;13;0.939958166328687
30/12/2017;14;1.068186061949530
30/12/2017;15;1.000000000000000
30/12/2017;16;1.013147466602840
30/12/2017;17;1.000000000000000
30/12/2017;18;0.911677879493693
30/12/2017;19;1.002760800910360
30/12/2017;20;1.069480277025210
30/12/2017;21;0.981300738140488
30/12/2017;22;1.069420685377120
30/12/2017;23;1.062168118121320
30/12/2017;24;1.108043917575100
30/12/2017;25;1.120958357326320
30/12/2017;26;1.121714926372680
30/12/2017;27;1.032799761413890
30/12/2017;28;1.053995148144830
30/12/2017;29;1.000000000000000
31/12/2017;11;1.055519052474030
31/12/2017;13;1.014633803510300
31/12/2017;14;1.063983123380010
31/12/2017;15;1.061837026180640
31/12/2017;16;1.091669912341450
31/12/2017;17;0.995207998470303
31/12/2017;18;0.989400649735352
31/12/2017;19;0.976518216752953
31/12/2017;20;1.000000000000000
31/12/2017;21;1.006332992801320
31/12/2017;22;0.960370695185413
31/12/2017;23;1.000000000000000
31/12/2017;24;0.950935483448771
31/12/2017;25;1.136682239098760
31/12/2017;26;1.068763241985380
31/12/2017;27;0.977550312407788
31/12/2017;28;0.955699428132869
31/12/2017;29;0.956182870947597
01/01/2018;11;0.987676702625662
01/01/2018;13;0.974355571160157
01/01/2018;14;0.987058249545028
01/01/2018;15;0.955561009114836
01/01/2018;16;1.000000000000000
01/01/2018;17;0.972913428183505
01/01/2018;18;1.012138858505950
01/01/2018;19;0.865001528148468
01/01/2018;20;0.908677896622281
01/01/2018;21;0.980173516021203
01/01/2018;22;0.885276919820005
01/01/2018;23;0.921492219103757
01/01/2018;24;0.848889299061985
01/01/2018;25;1.000000000000000
01/01/2018;26;1.035440886691470
01/01/2018;27;0.896306651247824
01/01/2018;28;0.910957162647089
01/01/2018;29;0.960261182657367
02/01/2018;11;0.847688739196175
02/01/2018;13;0.854210225044357
02/01/2018;14;0.917928283784565
02/01/2018;15;0.895267110880702
02/01/2018;16;0.932968851147364
02/01/2018;17;0.937858359987387
02/01/2018;18;0.916870127952943
02/01/2018;19;0.814946250566206
02/01/2018;20;0.863668434664824
02/01/2018;21;0.922287355874741
02/01/2018;22;0.909832231212316
02/01/2018;23;0.923493642035148
02/01/2018;24;0.874947863913199
02/01/2018;25;0.919807167345494
02/01/2018;26;1.017600561946810
02/01/2018;27;0.910799509257435
02/01/2018;28;0.906358129912744
02/01/2018;29;0.939174913816122
03/01/2018;11;0.838025830862136
03/01/2018;13;0.867477604885071
03/01/2018;14;1.000000000000000
03/01/2018;15;1.000000000000000
03/01/2018;16;0.948573202708961
03/01/2018;17;0.910511858060391
03/01/2018;18;0.901625221224550
03/01/2018;19;1.000000000000000
03/01/2018;20;1.000000000000000
03/01/2018;21;0.923571254986970
03/01/2018;22;1.042266151036510
03/01/2018;23;1.025232454933620
03/01/2018;24;1.000000000000000
03/01/2018;25;1.021728498272080
03/01/2018;26;0.980724879707786
03/01/2018;27;1.000000000000000
03/01/2018;28;0.965597623622636
03/01/2018;29;0.965768377883865
04/01/2018;11;0.773226527450120
04/01/2018;13;0.891173436635282
04/01/2018;14;0.994901713720424
04/01/2018;15;1.000000000000000
04/01/2018;16;0.959941699284568
04/01/2018;17;0.853286376486546
04/01/2018;18;0.865886439547432
04/01/2018;19;1.054050530481710
04/01/2018;20;1.000000000000000
04/01/2018;21;0.877873392833809
04/01/2018;22;1.000000000000000
04/01/2018;23;0.983627309604431
04/01/2018;24;0.925661811130107
04/01/2018;25;1.000000000000000
04/01/2018;26;0.913018537575042
04/01/2018;27;0.963607369247079
04/01/2018;28;0.974190984980329
04/01/2018;29;0.930587828520883
05/01/2018;11;1.000000000000000
05/01/2018;13;0.918047663989215
05/01/2018;14;1.000000000000000
05/01/2018;15;0.918848656076294
05/01/2018;16;0.874086653494907
05/01/2018;17;0.800622939138801
05/01/2018;18;0.918526591830174
05/01/2018;19;0.931843398398127
05/01/2018;20;0.903241147192958
05/01/2018;21;0.875541561781612
05/01/2018;22;0.897722659611998
05/01/2018;23;0.910236503143493
05/01/2018;24;0.830963681545005
05/01/2018;25;0.920465990144551
05/01/2018;26;0.888371697171058
05/01/2018;27;0.884463275189101
05/01/2018;28;0.889708725474633
05/01/2018;29;0.862009963277879
06/01/2018;11;0.898778717344173
06/01/2018;13;0.904436383678362
06/01/2018;14;0.955175574136853
06/01/2018;15;0.841674168460700
06/01/2018;16;0.788874065142016
06/01/2018;17;0.793018548960403
06/01/2018;18;0.944031588407080
06/01/2018;19;0.811332165345601
06/01/2018;20;0.820825335728770
06/01/2018;21;0.829797672427829
06/01/2018;22;0.855783281541187
06/01/2018;23;1.000000000000000
06/01/2018;24;0.770060668392945
06/01/2018;25;0.853198424607587
06/01/2018;26;0.883765693488075
06/01/2018;27;0.873718171158475
06/01/2018;28;0.893363898869609
06/01/2018;29;0.921356195292088
07/01/2018;11;0.729957267770490
07/01/2018;13;0.801637138133588
07/01/2018;14;0.895637337511689
07/01/2018;15;0.731293108673859
07/01/2018;16;0.748673180548446
07/01/2018;17;0.847754600681061
07/01/2018;18;0.791562272319177
07/01/2018;19;0.839410512829508
07/01/2018;20;0.803382962610926
07/01/2018;21;0.774667757722703
07/01/2018;22;0.812732014454488
07/01/2018;23;1.028821465431860
07/01/2018;24;0.763045684869870
07/01/2018;25;0.832060407471389
07/01/2018;26;0.867961740511151
07/01/2018;27;0.850274271291127
07/01/2018;28;0.915134982535028
07/01/2018;29;0.983926687039518
08/01/2018;11;0.654854298823839
08/01/2018;13;0.742591137076790
08/01/2018;14;0.891892904043735
08/01/2018;15;0.646967601822914
08/01/2018;16;0.702254924913793
08/01/2018;17;0.816149434098102
08/01/2018;18;0.715657833998643
08/01/2018;19;0.919039023824570
08/01/2018;20;0.868071026727340
08/01/2018;21;0.834805357110825
08/01/2018;22;0.751874579088416
08/01/2018;23;0.993094701268675
08/01/2018;24;0.810569082320889
08/01/2018;25;0.858228210501557
08/01/2018;26;0.867788291346179
08/01/2018;27;0.830729875562027
08/01/2018;28;0.770053362623078
08/01/2018;29;0.894399427880953
09/01/2018;11;0.632605115909470
09/01/2018;13;0.678863273485578
09/01/2018;14;0.892525419592950
09/01/2018;15;0.619468813910578
09/01/2018;16;0.673812260667785
09/01/2018;17;0.767372932488316
09/01/2018;18;0.644817103318818
09/01/2018;19;0.911281057158551
09/01/2018;20;0.823323047815053
09/01/2018;21;0.803524121200681
09/01/2018;22;0.690410188185975
09/01/2018;23;0.893640016893599
09/01/2018;24;0.791575521788381
09/01/2018;25;0.796625239675130
09/01/2018;26;0.789431337405001
09/01/2018;27;0.801289028442880
09/01/2018;28;0.808451862639657
09/01/2018;29;0.866712729279323
10/01/2018;11;0.739373872029854
10/01/2018;13;0.735196980225896
10/01/2018;14;0.918501695868174
10/01/2018;15;0.762347528022554
10/01/2018;16;0.789821317404588
10/01/2018;17;0.819948193743912
10/01/2018;18;0.689813264573368
10/01/2018;19;0.949158794386518
10/01/2018;20;1.000000000000000
10/01/2018;21;0.823342896554922
10/01/2018;22;0.857174386157841
10/01/2018;23;0.877312008883573
10/01/2018;24;0.854324470662297
10/01/2018;25;0.832277686434383
10/01/2018;26;0.810314318325041
10/01/2018;27;0.836864070953352
10/01/2018;28;1.000000000000000
10/01/2018;29;0.881784112052345
11/01/2018;11;0.904272715939454
11/01/2018;13;0.817327745771258
11/01/2018;14;1.000000000000000
11/01/2018;15;0.872809367344677
11/01/2018;16;1.000000000000000
11/01/2018;17;1.000000000000000
11/01/2018;18;0.815540683264583
11/01/2018;19;0.981124909700719
11/01/2018;20;1.010388235251800
11/01/2018;21;1.000000000000000
11/01/2018;22;0.983480949092650
11/01/2018;23;1.000000000000000
11/01/2018;24;1.000000000000000
11/01/2018;25;1.006281536861730
11/01/2018;26;1.000000000000000
11/01/2018;27;1.000000000000000
11/01/2018;28;0.997524238277905
11/01/2018;29;0.922271820413316
12/01/2018;11;0.938538186451652
12/01/2018;13;0.829165153184115
12/01/2018;14;0.967371635171822
12/01/2018;15;0.857276383656421
12/01/2018;16;0.967134367204244
12/01/2018;17;0.991315350515898
12/01/2018;18;0.835705943592611
12/01/2018;19;0.946873081806386
12/01/2018;20;0.950942143514910
12/01/2018;21;0.950845988810415
12/01/2018;22;0.950425903350465
12/01/2018;23;1.039237089445610
12/01/2018;24;0.975567702433604
12/01/2018;25;1.000000000000000
12/01/2018;26;1.046054506427570
12/01/2018;27;1.000000000000000
12/01/2018;28;1.000000000000000
12/01/2018;29;1.000000000000000
13/01/2018;11;0.885958811875462
13/01/2018;13;0.883916480998281
13/01/2018;14;0.955978967865206
13/01/2018;15;0.809748209872638
13/01/2018;16;0.934219548796953
13/01/2018;17;0.983083722509289
13/01/2018;18;0.883011914877076
13/01/2018;19;0.880017881920099
13/01/2018;20;0.901257668783775
13/01/2018;21;0.909730651416429
13/01/2018;22;1.000000000000000
13/01/2018;23;0.974164385184561
13/01/2018;24;1.000000000000000
13/01/2018;25;0.959628856113624
13/01/2018;26;1.000000000000000
13/01/2018;27;1.002518484856310
13/01/2018;28;1.029159851371560
13/01/2018;29;1.000000000000000
14/01/2018;11;0.939299595383494
14/01/2018;13;1.000000000000000
14/01/2018;14;1.046363097670700
14/01/2018;15;0.881366195931885
14/01/2018;16;1.000000000000000
14/01/2018;17;0.982006118718628
14/01/2018;18;1.000000000000000
14/01/2018;19;0.929242005822648
14/01/2018;20;0.977162536303158
14/01/2018;21;0.954815661128461
14/01/2018;22;1.015820208459310
14/01/2018;23;0.951650724716080
14/01/2018;24;1.040340439883420
14/01/2018;25;0.960985080359769
14/01/2018;26;1.000000000000000
14/01/2018;27;1.040395210343780
14/01/2018;28;1.041014570193610
14/01/2018;29;1.000000000000000
15/01/2018;11;0.950175513508235
15/01/2018;13;1.024970749424930
15/01/2018;14;1.044279273598030
15/01/2018;15;1.000000000000000
15/01/2018;16;1.013438423493420
15/01/2018;17;1.004523434551450
15/01/2018;18;1.084566191286100
15/01/2018;19;1.020750247602760
15/01/2018;20;1.019036084647750
15/01/2018;21;0.929460161229878
15/01/2018;22;1.000000000000000
15/01/2018;23;1.000703091185350
15/01/2018;24;1.020177430947650
15/01/2018;25;1.000000000000000
15/01/2018;26;1.054541469696590
15/01/2018;27;1.031570775465440
15/01/2018;28;1.033763318578010
15/01/2018;29;1.009264796562520
16/01/2018;11;0.880491921246044
16/01/2018;13;0.948978793454742
16/01/2018;14;1.001907005481710
16/01/2018;15;0.993767673237200
16/01/2018;16;1.024637136061850
16/01/2018;17;0.983035064427687
16/01/2018;18;1.000000000000000
16/01/2018;19;1.000000000000000
16/01/2018;20;0.991600120213373
16/01/2018;21;0.880927866795277
16/01/2018;22;0.920307352062020
16/01/2018;23;0.971843180872725
16/01/2018;24;0.950519849397440
16/01/2018;25;0.974634667247428
16/01/2018;26;1.000000000000000
16/01/2018;27;0.973370937192740
16/01/2018;28;0.982818278435726
16/01/2018;29;1.000000000000000
17/01/2018;11;0.841266459088725
17/01/2018;13;0.932977595518380
17/01/2018;14;0.986480307942687
17/01/2018;15;0.918284881568278
17/01/2018;16;1.000000000000000
17/01/2018;17;0.899635192975730
17/01/2018;18;0.893514282551504
17/01/2018;19;0.782504593772785
17/01/2018;20;0.827966676034032
17/01/2018;21;0.785545944195670
17/01/2018;22;0.827916673609995
17/01/2018;23;0.788130512904027
17/01/2018;24;0.817333360068806
17/01/2018;25;0.882508829046113
17/01/2018;26;0.889477650243662
17/01/2018;27;0.888262903726403
17/01/2018;28;0.911090146995307
17/01/2018;29;0.972202649885749
18/01/2018;11;0.837626130731423
18/01/2018;13;0.917728858441678
18/01/2018;14;0.960276589044363
18/01/2018;15;0.882508358348983
18/01/2018;16;0.971588453733027
18/01/2018;17;0.925269850693600
18/01/2018;18;0.795891405931594
18/01/2018;19;1.000000000000000
18/01/2018;20;1.000000000000000
18/01/2018;21;0.801539987451519
18/01/2018;22;1.000000000000000
18/01/2018;23;0.833060266540219
18/01/2018;24;1.000000000000000
18/01/2018;25;1.000000000000000
18/01/2018;26;0.843826195324332
18/01/2018;27;1.000000000000000
18/01/2018;28;0.869892963174450
18/01/2018;29;0.898487809674518
19/01/2018;11;0.800954281887777
19/01/2018;13;0.850948177774505
19/01/2018;14;0.954964900237999
19/01/2018;15;0.930156948357594
19/01/2018;16;0.954018661554334
19/01/2018;17;0.922498617356568
19/01/2018;18;0.827669953098583
19/01/2018;19;1.000000000000000
19/01/2018;20;0.984454079412913
19/01/2018;21;0.858704190735536
19/01/2018;22;0.945800318485045
19/01/2018;23;0.861962489408274
19/01/2018;24;0.906103985896056
19/01/2018;25;1.000000000000000
19/01/2018;26;1.020092515271290
19/01/2018;27;0.968194636861745
19/01/2018;28;1.000000000000000
19/01/2018;29;1.000000000000000
20/01/2018;11;0.823361495244695
20/01/2018;13;0.915565635610952
20/01/2018;14;0.961863531345947
20/01/2018;15;0.960189192250041
20/01/2018;16;1.000000000000000
20/01/2018;17;0.882100191795831
20/01/2018;18;0.935773786045722
20/01/2018;19;0.864453131903182
20/01/2018;20;0.877769424268708
20/01/2018;21;0.843664370298660
20/01/2018;22;0.904377364732557
20/01/2018;23;0.837034594604410
20/01/2018;24;0.834924098231272
20/01/2018;25;0.908539555224746
20/01/2018;26;1.000000000000000
20/01/2018;27;0.913321416845438
20/01/2018;28;1.007213319804490
20/01/2018;29;1.028138417215510
21/01/2018;11;0.819488746150811
21/01/2018;13;0.910779459723219
21/01/2018;14;0.946188743308925
21/01/2018;15;0.966613154432295
21/01/2018;16;0.987918116608400
21/01/2018;17;0.892398259702900
21/01/2018;18;0.918578005898126
21/01/2018;19;0.902940264562882
21/01/2018;20;0.915969441199067
21/01/2018;21;0.918190461420088
21/01/2018;22;0.935647554248198
21/01/2018;23;1.000000000000000
21/01/2018;24;0.872648890236717
21/01/2018;25;0.926964921062653
21/01/2018;26;1.000000000000000
21/01/2018;27;0.940731359591757
21/01/2018;28;1.004224499363700
21/01/2018;29;1.020215780719700
22/01/2018;11;0.823890839877280
22/01/2018;13;0.892231995883349
22/01/2018;14;0.932689989623943
22/01/2018;15;1.000000000000000
22/01/2018;16;0.967081874797961
22/01/2018;17;0.881759866878802
22/01/2018;18;1.000000000000000
22/01/2018;19;1.000000000000000
22/01/2018;20;1.000000000000000
22/01/2018;21;1.000000000000000
22/01/2018;22;1.000000000000000
22/01/2018;23;1.033675516425390
22/01/2018;24;0.939459473740882
22/01/2018;25;0.946613335897853
22/01/2018;26;1.000000000000000
22/01/2018;27;1.000000000000000
22/01/2018;28;0.997521060125379
22/01/2018;29;1.000000000000000
23/01/2018;11;0.851529923885211
23/01/2018;13;0.958737865153316
23/01/2018;14;0.916831092755381
23/01/2018;15;0.980838954129278
23/01/2018;16;0.956701028473519
23/01/2018;17;0.879680089546205
23/01/2018;18;0.984079063591034
23/01/2018;19;0.978221300876093
23/01/2018;20;0.992854755809162
23/01/2018;21;1.000000000000000
23/01/2018;22;0.963599809884171
23/01/2018;23;1.000000000000000
23/01/2018;24;0.955369883561208
23/01/2018;25;0.937301110155201
23/01/2018;26;1.039833271085170
23/01/2018;27;1.000000000000000
23/01/2018;28;0.947430529723418
23/01/2018;29;0.951468522846541
24/01/2018;11;0.883805260282609
24/01/2018;13;0.932187596123023
24/01/2018;14;0.895645261833377
24/01/2018;15;0.961135666973176
24/01/2018;16;0.926708079801051
24/01/2018;17;0.910409507999192
24/01/2018;18;0.888276644875231
24/01/2018;19;0.941528313487321
24/01/2018;20;0.937379064635121
24/01/2018;21;0.938587431017081
24/01/2018;22;0.952966765281540
24/01/2018;23;1.000000000000000
24/01/2018;24;0.940428586092346
24/01/2018;25;0.917284312506505
24/01/2018;26;1.000000000000000
24/01/2018;27;1.001193566336180
24/01/2018;28;1.000000000000000
24/01/2018;29;1.001780991295500
25/01/2018;11;1.000000000000000
25/01/2018;13;0.886612010432414
25/01/2018;14;1.000000000000000
25/01/2018;15;0.983329765474529
25/01/2018;16;0.942359019832235
25/01/2018;17;0.884470706730120
25/01/2018;18;0.882542034454292
25/01/2018;19;0.971397049430334
25/01/2018;20;0.941077819045933
25/01/2018;21;0.958739292887423
25/01/2018;22;0.975773219750950
25/01/2018;23;1.048595665187900
25/01/2018;24;0.912679559025465
25/01/2018;25;1.000000000000000
25/01/2018;26;1.011717264813480
25/01/2018;27;1.000000000000000
25/01/2018;28;1.062438098042820
25/01/2018;29;1.000000000000000
26/01/2018;11;0.928227010040435
26/01/2018;13;0.879832057981344
26/01/2018;14;0.939338021664378
26/01/2018;15;0.893347981248638
26/01/2018;16;0.872607163808913
26/01/2018;17;0.822813340080336
26/01/2018;18;0.917749889424571
26/01/2018;19;0.920366787053832
26/01/2018;20;0.913103007631810
26/01/2018;21;0.935335147175981
26/01/2018;22;0.939914785439420
26/01/2018;23;1.075693001005010
26/01/2018;24;0.872164915597961
26/01/2018;25;0.997924583628217
26/01/2018;26;1.000000000000000
26/01/2018;27;0.988152477392060
26/01/2018;28;1.030835828777580
26/01/2018;29;1.000000000000000
27/01/2018;11;0.764887069998210
27/01/2018;13;0.807273657978066
27/01/2018;14;0.823124333749509
27/01/2018;15;0.836254053343007
27/01/2018;16;0.803844082100284
27/01/2018;17;0.879456461952037
27/01/2018;18;0.808852469082983
27/01/2018;19;0.847981960774664
27/01/2018;20;0.852832905744533
27/01/2018;21;0.889543437364657
27/01/2018;22;0.866477189603663
27/01/2018;23;0.994941246816188
27/01/2018;24;0.858284718765693
27/01/2018;25;0.904405689126913
27/01/2018;26;0.966288526242879
27/01/2018;27;0.984026348188884
27/01/2018;28;0.962929992418872
27/01/2018;29;0.987551199380637
28/01/2018;11;0.715824580490767
28/01/2018;13;0.805695372130702
28/01/2018;14;0.775336864087471
28/01/2018;15;0.881833934867330
28/01/2018;16;0.807963036854465
28/01/2018;17;0.878306135203592
28/01/2018;18;0.710453662001190
28/01/2018;19;0.784712975311549
28/01/2018;20;0.851710440809035
28/01/2018;21;0.829299495612628
28/01/2018;22;0.851806590493710
28/01/2018;23;0.865991171874231
28/01/2018;24;0.856653690193650
28/01/2018;25;0.836722593735465
28/01/2018;26;0.883954707632531
28/01/2018;27;0.942076644125196
28/01/2018;28;0.909882563935099
28/01/2018;29;0.904730009046489
29/01/2018;11;0.732331485916152
29/01/2018;13;0.884424229825666
29/01/2018;14;0.745231219975235
29/01/2018;15;0.921578787640364
29/01/2018;16;0.853982307780891
29/01/2018;17;0.841629061172511
29/01/2018;18;0.754393289440849
29/01/2018;19;0.859860759350977
29/01/2018;20;0.941252543378282
29/01/2018;21;0.905105563209317
29/01/2018;22;0.915185924365724
29/01/2018;23;0.896129857678014
29/01/2018;24;0.834243820853543
29/01/2018;25;0.888830204149150
29/01/2018;26;0.867642335332840
29/01/2018;27;0.919937950604834
29/01/2018;28;0.947505548366994
29/01/2018;29;0.942790255074652
30/01/2018;11;0.722424065170183
30/01/2018;13;0.918516182366037
30/01/2018;14;0.740650098786250
30/01/2018;15;0.915644891306888
30/01/2018;16;0.901968311872071
30/01/2018;17;0.836941927467366
30/01/2018;18;0.893778653613133
30/01/2018;19;0.849275359094004
30/01/2018;20;1.000000000000000
30/01/2018;21;0.990234138067863
30/01/2018;22;1.000000000000000
30/01/2018;23;0.951636339703852
30/01/2018;24;0.854643745098716
30/01/2018;25;0.939692614539489
30/01/2018;26;1.000000000000000
30/01/2018;27;0.929961526941315
30/01/2018;28;1.000000000000000
30/01/2018;29;0.963875275761159
31/01/2018;11;0.751921154102666
31/01/2018;13;0.905449474561547
31/01/2018;14;0.836584831968323
31/01/2018;15;0.912390832504683
31/01/2018;16;0.904525262445713
31/01/2018;17;0.851472116176978
31/01/2018;18;0.872885063576971
31/01/2018;19;0.876344728725314
31/01/2018;20;1.000000000000000
31/01/2018;21;0.977480165500497
31/01/2018;22;1.023200832121450
31/01/2018;23;0.980061989929280
31/01/2018;24;0.946075033191797
31/01/2018;25;1.006396130699270
31/01/2018;26;1.028350808422040
31/01/2018;27;1.000000000000000
31/01/2018;28;1.034318619428970
31/01/2018;29;0.985167464646214
01/02/2018;11;0.759334021088055
01/02/2018;13;0.842521909573458
01/02/2018;14;0.871460440652165
01/02/2018;15;0.892971490648316
01/02/2018;16;0.879444329828693
01/02/2018;17;0.856571518377038
01/02/2018;18;0.726015241224140
01/02/2018;19;0.871868864200696
01/02/2018;20;0.971463801639334
01/02/2018;21;0.871117333376059
01/02/2018;22;0.961624919278491
01/02/2018;23;0.934473542037795
01/02/2018;24;0.934817590148591
01/02/2018;25;1.000000000000000
01/02/2018;26;0.996636568929961
01/02/2018;27;0.990402520138246
01/02/2018;28;1.098333669766510
01/02/2018;29;0.998120595213277
02/02/2018;11;0.808903896818104
02/02/2018;13;0.847703911685392
02/02/2018;14;0.894541920476119
02/02/2018;15;0.864500071662113
02/02/2018;16;0.825643138287018
02/02/2018;17;0.893926243603093
02/02/2018;18;0.693690267981414
02/02/2018;19;0.873027263649928
02/02/2018;20;0.918799981658558
02/02/2018;21;0.808337761663957
02/02/2018;22;0.849477876765099
02/02/2018;23;0.850184261374528
02/02/2018;24;0.863068444698839
02/02/2018;25;0.924728651172839
02/02/2018;26;0.885524000299716
02/02/2018;27;0.910915572725079
02/02/2018;28;1.000000000000000
02/02/2018;29;0.977743737976808
03/02/2018;11;0.873901030068465
03/02/2018;13;0.905390309199902
03/02/2018;14;0.965241822753505
03/02/2018;15;1.000000000000000
03/02/2018;16;1.000000000000000
03/02/2018;17;0.969661252583605
03/02/2018;18;1.000000000000000
03/02/2018;19;1.000000000000000
03/02/2018;20;1.000000000000000
03/02/2018;21;1.000000000000000
03/02/2018;22;0.850630523653563
03/02/2018;23;0.845639491486261
03/02/2018;24;0.863576670414734
03/02/2018;25;0.896785575958405
03/02/2018;26;0.812646316265952
03/02/2018;27;0.868602852894849
03/02/2018;28;0.868194392687865
03/02/2018;29;0.904318709704910
04/02/2018;11;0.935764578848827
04/02/2018;13;1.000000000000000
04/02/2018;14;1.035124817644580
04/02/2018;15;0.987958869165080
04/02/2018;16;1.010043036909420
04/02/2018;17;1.053567741120450
04/02/2018;18;1.046795737003730
04/02/2018;19;1.121150069182860
04/02/2018;20;1.108471242252700
04/02/2018;21;1.051345167435310
04/02/2018;22;1.000000000000000
04/02/2018;23;1.000000000000000
04/02/2018;24;1.000000000000000
04/02/2018;25;1.016867549804960
04/02/2018;26;1.000000000000000
04/02/2018;27;1.000000000000000
04/02/2018;28;1.000000000000000
04/02/2018;29;0.923641274761968
05/02/2018;11;0.964743383701816
05/02/2018;13;0.973023725299973
05/02/2018;14;1.048240303039320
05/02/2018;15;0.958048627907138
05/02/2018;16;1.031446168020250
05/02/2018;17;1.092211828872810
05/02/2018;18;0.996158422027871
05/02/2018;19;1.096240812063610
05/02/2018;20;1.151383921926640
05/02/2018;21;1.065776958781580
05/02/2018;22;1.000000000000000
05/02/2018;23;1.000000000000000
05/02/2018;24;1.065124516408600
05/02/2018;25;1.000000000000000
05/02/2018;26;1.077262613642350
05/02/2018;27;1.096165978381590
05/02/2018;28;1.075983845221530
05/02/2018;29;1.000000000000000
06/02/2018;11;1.007450591090950
06/02/2018;13;0.949737210461283
06/02/2018;14;1.031980624117520
06/02/2018;15;1.000000000000000
06/02/2018;16;1.054568280954290
06/02/2018;17;1.119696297513950
06/02/2018;18;0.979585105040605
06/02/2018;19;1.000000000000000
06/02/2018;20;1.091668515542610
06/02/2018;21;1.049377048922220
06/02/2018;22;0.941027110415973
06/02/2018;23;1.017824231111940
06/02/2018;24;1.077979468191550
06/02/2018;25;0.988946936725158
06/02/2018;26;1.000000000000000
06/02/2018;27;1.061983429518950
06/02/2018;28;1.000000000000000
06/02/2018;29;0.996683018674698
07/02/2018;11;0.934831258028133
07/02/2018;13;0.950428853127362
07/02/2018;14;1.000000000000000
07/02/2018;15;1.000000000000000
07/02/2018;16;1.067036576458040
07/02/2018;17;1.108969613969030
07/02/2018;18;1.070279394459000
07/02/2018;19;0.990924759480932
07/02/2018;20;1.049271675285200
07/02/2018;21;1.018121882620720
07/02/2018;22;0.947825569402618
07/02/2018;23;1.000000000000000
07/02/2018;24;1.000000000000000
07/02/2018;25;0.950149121288208
07/02/2018;26;0.912872219026693
07/02/2018;27;0.942163999489642
07/02/2018;28;0.914199284168188
07/02/2018;29;0.945968370476338
08/02/2018;11;0.862791243174315
08/02/2018;13;0.946339454303573
08/02/2018;14;0.954573315788296
08/02/2018;15;0.949554308688923
08/02/2018;16;1.000000000000000
08/02/2018;17;1.000000000000000
08/02/2018;18;1.000000000000000
08/02/2018;19;0.976746591686783
08/02/2018;20;1.019033119875850
08/02/2018;21;0.995951423392870
08/02/2018;22;0.981612787686382
08/02/2018;23;0.969450984563134
08/02/2018;24;0.980053448610943
08/02/2018;25;0.931309772850291
08/02/2018;26;0.822465760744935
08/02/2018;27;0.918475999395552
08/02/2018;28;0.888069212022283
08/02/2018;29;0.916752952195199
09/02/2018;11;0.832272035542367
09/02/2018;13;0.890812108657706
09/02/2018;14;0.942971924851830
09/02/2018;15;0.888761176161490
09/02/2018;16;0.913460596100340
09/02/2018;17;1.000000000000000
09/02/2018;18;0.835144555000448
09/02/2018;19;1.000000000000000
09/02/2018;20;1.036575523104270
09/02/2018;21;0.962626706593882
09/02/2018;22;1.000000000000000
09/02/2018;23;0.972203351543533
09/02/2018;24;0.979912142888731
09/02/2018;25;0.957461164324585
09/02/2018;26;0.897361122941855
09/02/2018;27;0.951900889848847
09/02/2018;28;0.963338597275552
09/02/2018;29;0.930652422280723
10/02/2018;11;0.820019804588508
10/02/2018;13;0.857132881403470
10/02/2018;14;0.940186617538902
10/02/2018;15;0.893979879018584
10/02/2018;16;0.935455807350556
10/02/2018;17;1.015289392849770
10/02/2018;18;0.891026562541840
10/02/2018;19;1.057566707055090
10/02/2018;20;1.068001528459780
10/02/2018;21;1.000000000000000
10/02/2018;22;1.000000000000000
10/02/2018;23;1.000000000000000
10/02/2018;24;1.010862520711600
10/02/2018;25;0.956730086901177
10/02/2018;26;0.944612548750444
10/02/2018;27;0.971189048118078
10/02/2018;28;1.048659805684620
10/02/2018;29;0.973173968268704
11/02/2018;11;0.865105737479191
11/02/2018;13;0.922526280763130
11/02/2018;14;1.000000000000000
11/02/2018;15;0.944162388431753
11/02/2018;16;1.003866588365980
11/02/2018;17;0.986345747811603
11/02/2018;18;0.910975708553197
11/02/2018;19;1.000000000000000
11/02/2018;20;1.086722847115820
11/02/2018;21;1.000000000000000
11/02/2018;22;1.016291566887810
11/02/2018;23;1.014134185314850
11/02/2018;24;1.056862732191470
11/02/2018;25;1.005109165913230
11/02/2018;26;0.991780803428176
11/02/2018;27;1.021279120776420
11/02/2018;28;1.103169591677960
11/02/2018;29;0.959073297909310
12/02/2018;11;0.892895152504998
12/02/2018;13;0.950965819625913
12/02/2018;14;1.014478483863930
12/02/2018;15;1.000000000000000
12/02/2018;16;1.049104345186920
12/02/2018;17;0.965247990971651
12/02/2018;18;1.000000000000000
12/02/2018;19;1.000000000000000
12/02/2018;20;1.085687113417040
12/02/2018;21;1.004733037876760
12/02/2018;22;1.050708476685620
12/02/2018;23;1.012306033414860
12/02/2018;24;1.057795788804410
12/02/2018;25;1.028405427468970
12/02/2018;26;1.016349924214180
12/02/2018;27;1.051129770513710
12/02/2018;28;1.086004215387960
12/02/2018;29;0.971800289024109
13/02/2018;11;0.941768877555155
13/02/2018;13;0.956747215212685
13/02/2018;14;1.010942647145350
13/02/2018;15;0.951614256964576
13/02/2018;16;1.058652666814160
13/02/2018;17;1.004000477638750
13/02/2018;18;1.022872881294450
13/02/2018;19;1.000000000000000
13/02/2018;20;1.091381638789770
13/02/2018;21;1.043068072918770
13/02/2018;22;1.000000000000000
13/02/2018;23;1.022276913924460
13/02/2018;24;1.000000000000000
13/02/2018;25;0.978708852632576
13/02/2018;26;0.978861869091361
13/02/2018;27;1.000000000000000
13/02/2018;28;1.000000000000000
13/02/2018;29;0.982828391396161
14/02/2018;11;0.973379283529314
14/02/2018;13;1.008267704944980
14/02/2018;14;1.060602270788290
14/02/2018;15;1.000000000000000
14/02/2018;16;1.086952127803130
14/02/2018;17;1.056105619568540
14/02/2018;18;1.044341902971210
14/02/2018;19;1.046931520441320
14/02/2018;20;1.131362410655690
14/02/2018;21;1.047532679376270
14/02/2018;22;1.059640749729140
14/02/2018;23;1.059690347644120
14/02/2018;24;1.043876177304360
14/02/2018;25;1.019749208641060
14/02/2018;26;1.000000000000000
14/02/2018;27;1.023791660896780
14/02/2018;28;1.042226209095760
14/02/2018;29;1.000000000000000
15/02/2018;11;0.970686553827694
15/02/2018;13;1.037062508413960
15/02/2018;14;1.119671215269220
15/02/2018;15;1.110245082986860
15/02/2018;16;1.135060288789400
15/02/2018;17;1.083915239223920
15/02/2018;18;1.082414312440350
15/02/2018;19;1.108835038611880
15/02/2018;20;1.180167443180470
15/02/2018;21;1.070706333548140
15/02/2018;22;1.107579698402640
15/02/2018;23;1.086217042746720
15/02/2018;24;1.141648076994690
15/02/2018;25;1.118811877182560
15/02/2018;26;1.033683305815830
15/02/2018;27;1.089780686466280
15/02/2018;28;1.125293649970370
15/02/2018;29;1.015721430316360
16/02/2018;11;1.003953481615880
16/02/2018;13;1.053185219733910
16/02/2018;14;1.000000000000000
16/02/2018;15;1.138493250411490
16/02/2018;16;1.183427722568870
16/02/2018;17;1.000000000000000
16/02/2018;18;1.040010737779020
16/02/2018;19;1.091657506722120
16/02/2018;20;1.134618498822940
16/02/2018;21;1.060573445422270
16/02/2018;22;1.085007990965730
16/02/2018;23;1.021248093399830
16/02/2018;24;1.107208428504720
16/02/2018;25;1.113485289785650
16/02/2018;26;1.059191353077290
16/02/2018;27;1.128297679719550
16/02/2018;28;1.161170039871510
16/02/2018;29;1.023492035035980
17/02/2018;11;1.022510889044280
17/02/2018;13;1.063879235358450
17/02/2018;14;0.962659198461505
17/02/2018;15;1.115073258427450
17/02/2018;16;1.143238217190850
17/02/2018;17;1.032679770669060
17/02/2018;18;1.042237362321780
17/02/2018;19;1.086024611897630
17/02/2018;20;1.149797977936170
17/02/2018;21;1.099352472103380
17/02/2018;22;1.068305719271380
17/02/2018;23;1.027827116477820
17/02/2018;24;1.073836156031130
17/02/2018;25;1.118129087339220
17/02/2018;26;1.100520523920980
17/02/2018;27;1.113705604773680
17/02/2018;28;1.137020451298390
17/02/2018;29;1.030566237718060
18/02/2018;11;1.088831806958020
18/02/2018;13;1.037420677344990
18/02/2018;14;0.967230610316177
18/02/2018;15;1.047149568075300
18/02/2018;16;1.069609348267790
18/02/2018;17;1.075090924205870
18/02/2018;18;1.074884647587260
18/02/2018;19;1.043153788138670
18/02/2018;20;1.098358848673340
18/02/2018;21;1.043021902735880
18/02/2018;22;1.000000000000000
18/02/2018;23;1.000000000000000
18/02/2018;24;0.968977737363184
18/02/2018;25;1.000000000000000
18/02/2018;26;1.000000000000000
18/02/2018;27;1.068019910469540
18/02/2018;28;1.087714705917050
18/02/2018;29;1.000000000000000
19/02/2018;11;1.000000000000000
19/02/2018;13;1.022324964768200
19/02/2018;14;1.000000000000000
19/02/2018;15;1.020418602623590
19/02/2018;16;1.121476912574600
19/02/2018;17;1.092822821044240
19/02/2018;18;1.096174291972430
19/02/2018;19;1.055628460335590
19/02/2018;20;1.043793330592430
19/02/2018;21;1.028020330326540
19/02/2018;22;1.000635334731730
19/02/2018;23;1.000000000000000
19/02/2018;24;1.000000000000000
19/02/2018;25;0.981929260952830
19/02/2018;26;0.958663157079649
19/02/2018;27;1.000000000000000
19/02/2018;28;1.000000000000000
19/02/2018;29;0.967725065360054
20/02/2018;11;0.974982977941458
20/02/2018;13;1.021150031493590
20/02/2018;14;1.014688990188870
20/02/2018;15;1.068110278385270
20/02/2018;16;1.162514007030740
20/02/2018;17;1.125509035136650
20/02/2018;18;1.161368201999250
20/02/2018;19;1.065493568385630
20/02/2018;20;1.113015916814560
20/02/2018;21;1.059413437281610
20/02/2018;22;1.000000000000000
20/02/2018;23;1.044087649119440
20/02/2018;24;1.055550535840910
20/02/2018;25;1.000000000000000
20/02/2018;26;0.981326777308890
20/02/2018;27;1.006765884849420
20/02/2018;28;1.003917567712010
20/02/2018;29;0.966785013340185
21/02/2018;11;0.940125539424615
21/02/2018;13;1.029148312623910
21/02/2018;14;1.013876356473780
21/02/2018;15;1.072078578867980
21/02/2018;16;1.117420637502740
21/02/2018;17;1.120250739158030
21/02/2018;18;1.172004728379360
21/02/2018;19;1.069370712123740
21/02/2018;20;1.156239564939030
21/02/2018;21;1.087561040151070
21/02/2018;22;0.990789933243965
21/02/2018;23;1.083893286953670
21/02/2018;24;1.129816497666830
21/02/2018;25;1.039520020081480
21/02/2018;26;1.000000000000000
21/02/2018;27;1.056704502661870
21/02/2018;28;1.050357125819940
21/02/2018;29;0.976552549719835
22/02/2018;11;0.928046159737087
22/02/2018;13;1.017998360163790
22/02/2018;14;1.013242412296060
22/02/2018;15;1.052034027276860
22/02/2018;16;1.074533226016680
22/02/2018;17;1.085877855321250
22/02/2018;18;1.130031099280320
22/02/2018;19;1.080672508075320
22/02/2018;20;1.155229743380530
22/02/2018;21;1.107055588617020
22/02/2018;22;1.025483457680770
22/02/2018;23;1.100130527619820
22/02/2018;24;1.180272584652330
22/02/2018;25;1.099573660354430
22/02/2018;26;1.039307244436600
22/02/2018;27;1.155675516546190
22/02/2018;28;1.099531704433440
22/02/2018;29;0.978024481054201
23/02/2018;11;1.069096938487960
23/02/2018;13;1.013243027481490
23/02/2018;14;1.020246514244150
23/02/2018;15;1.080240206059590
23/02/2018;16;1.112170171869290
23/02/2018;17;1.091254394426420
23/02/2018;18;1.201737899283860
23/02/2018;19;1.094535702735190
23/02/2018;20;1.181963469996740
23/02/2018;21;1.114249847164930
23/02/2018;22;1.119470488067560
23/02/2018;23;1.108298139145420
23/02/2018;24;1.204213324632500
23/02/2018;25;1.103866296469790
23/02/2018;26;1.053819436318370
23/02/2018;27;1.153970738489800
23/02/2018;28;1.124673929478910
23/02/2018;29;1.000000000000000
24/02/2018;11;1.230330650397230
24/02/2018;13;1.079956627498470
24/02/2018;14;1.000000000000000
24/02/2018;15;1.104905314633580
24/02/2018;16;1.178187642546130
24/02/2018;17;1.101103829283950
24/02/2018;18;1.355241220840250
24/02/2018;19;1.101316564173230
24/02/2018;20;1.222728530151160
24/02/2018;21;1.061748208325350
24/02/2018;22;1.111938212651550
24/02/2018;23;1.099556454347620
24/02/2018;24;1.114030842025300
24/02/2018;25;1.000000000000000
24/02/2018;26;0.959597249842472
24/02/2018;27;1.000000000000000
24/02/2018;28;1.000000000000000
24/02/2018;29;1.000000000000000
25/02/2018;11;1.224699608179290
25/02/2018;13;1.063467128611080
25/02/2018;14;0.914781901279594
25/02/2018;15;0.992326655550771
25/02/2018;16;1.134250684629890
25/02/2018;17;1.116171137034740
25/02/2018;18;1.277222078746700
25/02/2018;19;1.000000000000000
25/02/2018;20;1.130339854847290
25/02/2018;21;0.958968018467514
25/02/2018;22;1.000000000000000
25/02/2018;23;1.000000000000000
25/02/2018;24;0.966249853619498
25/02/2018;25;0.944825769366108
25/02/2018;26;0.864556157798884
25/02/2018;27;1.000000000000000
25/02/2018;28;1.000000000000000
25/02/2018;29;0.969702364624574
26/02/2018;11;1.466334527723810
26/02/2018;13;1.178998822347830
26/02/2018;14;1.168042094865870
26/02/2018;15;1.176543511172260
26/02/2018;16;1.423562440187110
26/02/2018;17;1.362479803108910
26/02/2018;18;1.532544912024290
26/02/2018;19;1.130693725728770
26/02/2018;20;1.171146899545140
26/02/2018;21;1.038279377247440
26/02/2018;22;1.168385934689100
26/02/2018;23;1.000028121765560
26/02/2018;24;1.044497740488930
26/02/2018;25;1.089021679098830
26/02/2018;26;1.033650438112630
26/02/2018;27;1.076840341435800
26/02/2018;28;1.082321391998040
26/02/2018;29;0.954895664228661
27/02/2018;11;1.678653804426250
27/02/2018;13;1.347057097321850
27/02/2018;14;1.476521444012570
27/02/2018;15;1.414911090253340
27/02/2018;16;1.664418576140380
27/02/2018;17;1.528191902731810
27/02/2018;18;1.803189402508880
27/02/2018;19;1.372138488333960
27/02/2018;20;1.507593008408590
27/02/2018;21;1.294222256610410
27/02/2018;22;1.379337977876360
27/02/2018;23;1.229722432340980
27/02/2018;24;1.207101393301170
27/02/2018;25;1.241493946106310
27/02/2018;26;1.247826981288930
27/02/2018;27;1.245402461367610
27/02/2018;28;1.162739906975540
27/02/2018;29;1.006871881563140
28/02/2018;11;1.709360111628830
28/02/2018;13;1.392694052935110
28/02/2018;14;1.493871903697500
28/02/2018;15;1.462153019102200
28/02/2018;16;1.630817329847170
28/02/2018;17;1.458256301787560
28/02/2018;18;1.824907237122940
28/02/2018;19;1.344705357271580
28/02/2018;20;1.552545227602750
28/02/2018;21;1.359952650652340
28/02/2018;22;1.383364490192760
28/02/2018;23;1.308669987229120
28/02/2018;24;1.366507787990600
28/02/2018;25;1.340399543098800
28/02/2018;26;1.486374555324360
28/02/2018;27;1.300617064425090
28/02/2018;28;1.196493261990410
28/02/2018;29;1.035336924214710
01/03/2018;11;1.793032351808160
01/03/2018;13;1.498204843520760
01/03/2018;14;1.500986781592110
01/03/2018;15;1.595949616033940
01/03/2018;16;1.687553043426110
01/03/2018;17;1.596067629146590
01/03/2018;18;1.930479254454790
01/03/2018;19;1.407967895208050
01/03/2018;20;1.546010017390310
01/03/2018;21;1.470584796752960
01/03/2018;22;1.293979175135640
01/03/2018;23;1.405075632001700
01/03/2018;24;1.552513361407180
01/03/2018;25;1.351519391257640
01/03/2018;26;1.509007680284530
01/03/2018;27;1.365325200616970
01/03/2018;28;1.164777548726870
01/03/2018;29;1.000000000000000
02/03/2018;11;1.781187818373640
02/03/2018;13;1.537753152724250
02/03/2018;14;1.363677565853890
02/03/2018;15;1.561127250161800
02/03/2018;16;1.510718324458790
02/03/2018;17;1.551796347965910
02/03/2018;18;1.854107014916220
02/03/2018;19;1.322668401278060
02/03/2018;20;1.341082261730980
02/03/2018;21;1.423137314276960
02/03/2018;22;1.000000000000000
02/03/2018;23;1.258927010370860
02/03/2018;24;1.000000000000000
02/03/2018;25;0.994832066670971
02/03/2018;26;1.000000000000000
02/03/2018;27;1.000000000000000
02/03/2018;28;0.981885023834283
02/03/2018;29;0.901103020661580
03/03/2018;11;1.554399348839820
03/03/2018;13;1.469212417379700
03/03/2018;14;1.198635999003810
03/03/2018;15;1.429393821445530
03/03/2018;16;1.324471860701700
03/03/2018;17;1.378914940564840
03/03/2018;18;1.702085189348940
03/03/2018;19;1.175378616834700
03/03/2018;20;1.124359230416390
03/03/2018;21;1.354552781545820
03/03/2018;22;0.940751751394837
03/03/2018;23;1.059097203858460
03/03/2018;24;1.000000000000000
03/03/2018;25;0.839530463753538
03/03/2018;26;0.825203129786292
03/03/2018;27;1.000000000000000
03/03/2018;28;0.809416764725847
03/03/2018;29;0.820411510682995
04/03/2018;11;1.438195715739390
04/03/2018;13;1.328533548369560
04/03/2018;14;1.000000000000000
04/03/2018;15;1.310514068614750
04/03/2018;16;1.177352436190500
04/03/2018;17;1.180059417768680
04/03/2018;18;1.604458775043300
04/03/2018;19;1.071839524270990
04/03/2018;20;1.076563284880280
04/03/2018;21;1.197559715566430
04/03/2018;22;0.952781778648244
04/03/2018;23;1.011541774064270
04/03/2018;24;1.038030451714860
04/03/2018;25;0.962211472290690
04/03/2018;26;0.904826515705762
04/03/2018;27;1.000000000000000
04/03/2018;28;0.845110128341542
04/03/2018;29;0.834439926150735
05/03/2018;11;1.230148151565640
05/03/2018;13;1.170889067131420
05/03/2018;14;0.988068143012094
05/03/2018;15;1.201980506176090
05/03/2018;16;1.146976405794490
05/03/2018;17;1.140082794585210
05/03/2018;18;1.502227534490450
05/03/2018;19;1.024069017638420
05/03/2018;20;1.043347773346610
05/03/2018;21;1.113236138213390
05/03/2018;22;0.988026045140133
05/03/2018;23;1.000000000000000
05/03/2018;24;0.983584925066356
05/03/2018;25;0.940231543756865
05/03/2018;26;0.910994349431558
05/03/2018;27;0.969423538391707
05/03/2018;28;0.905627232024639
05/03/2018;29;0.860172073962656
06/03/2018;11;1.000000000000000
06/03/2018;13;1.000000000000000
06/03/2018;14;1.022082429541050
06/03/2018;15;1.104791089523150
06/03/2018;16;1.225206652005110
06/03/2018;17;1.082728648984280
06/03/2018;18;1.280385994898210
06/03/2018;19;0.994061905544612
06/03/2018;20;1.062597504453050
06/03/2018;21;1.140418478758470
06/03/2018;22;0.982335549876462
06/03/2018;23;1.001404176209070
06/03/2018;24;0.879002754033084
06/03/2018;25;0.927508977673969
06/03/2018;26;0.878416453427807
06/03/2018;27;0.922149595219593
06/03/2018;28;0.931254358859646
06/03/2018;29;0.865122564614484
07/03/2018;11;0.891618266114488
07/03/2018;13;1.001279986983350
07/03/2018;14;1.054447544042540
07/03/2018;15;1.000000000000000
07/03/2018;16;1.147787716928780
07/03/2018;17;0.967441506324396
07/03/2018;18;0.998450001481025
07/03/2018;19;0.950006639044568
07/03/2018;20;1.000000000000000
07/03/2018;21;0.963070400166810
07/03/2018;22;0.937223957193795
07/03/2018;23;0.951530374632632
07/03/2018;24;0.792946911979983
07/03/2018;25;0.913710454552124
07/03/2018;26;0.825836338430908
07/03/2018;27;0.871645115001541
07/03/2018;28;0.894063099004331
07/03/2018;29;0.867358774199211
08/03/2018;11;0.848404848235298
08/03/2018;13;0.946152144264466
08/03/2018;14;1.061345469363690
08/03/2018;15;0.993098382144159
08/03/2018;16;0.979217426895096
08/03/2018;17;0.950941055374150
08/03/2018;18;0.816640156845707
08/03/2018;19;0.902786780367304
08/03/2018;20;0.990019277927953
08/03/2018;21;0.864798235267993
08/03/2018;22;0.935486516155759
08/03/2018;23;0.886929325502386
08/03/2018;24;0.765668359218630
08/03/2018;25;0.903460248684551
08/03/2018;26;0.852798322831770
08/03/2018;27;0.881732987633348
08/03/2018;28;0.874903189083954
08/03/2018;29;0.887111381413636
09/03/2018;11;0.874867088005558
09/03/2018;13;0.908398729725695
09/03/2018;14;1.042055884212500
09/03/2018;15;1.019595107943160
09/03/2018;16;0.945202335400673
09/03/2018;17;0.966329249110302
09/03/2018;18;0.779950954280898
09/03/2018;19;0.890460364230826
09/03/2018;20;1.000000000000000
09/03/2018;21;0.885267690010822
09/03/2018;22;0.976541547027515
09/03/2018;23;0.912864268987579
09/03/2018;24;0.792265785020332
09/03/2018;25;0.942515245085924
09/03/2018;26;0.899985115606443
09/03/2018;27;0.921276282495940
09/03/2018;28;0.912902064302078
09/03/2018;29;0.889622477866693
10/03/2018;11;0.851412180116391
10/03/2018;13;0.889993850742924
10/03/2018;14;1.017111316381930
10/03/2018;15;0.960210744592875
10/03/2018;16;0.947799806203302
10/03/2018;17;0.972437965390432
10/03/2018;18;0.780014104212608
10/03/2018;19;0.924762899567090
10/03/2018;20;1.024743864359050
10/03/2018;21;0.844984041135025
10/03/2018;22;0.945682240643282
10/03/2018;23;0.903439173420057
10/03/2018;24;0.773653061954762
10/03/2018;25;0.923335997317757
10/03/2018;26;0.890169682095934
10/03/2018;27;0.918708652479905
10/03/2018;28;0.882590861199256
10/03/2018;29;0.871352604035648
11/03/2018;11;1.000000000000000
11/03/2018;13;0.932165309636335
11/03/2018;14;1.014561180939680
11/03/2018;15;0.880599937684583
11/03/2018;16;0.912053149996885
11/03/2018;17;0.978160424490468
11/03/2018;18;0.829796870879935
11/03/2018;19;0.939307752979804
11/03/2018;20;0.954484520506025
11/03/2018;21;0.826572076728441
11/03/2018;22;0.827753142817604
11/03/2018;23;0.891390231845903
11/03/2018;24;0.687342564150727
11/03/2018;25;0.815662211517792
11/03/2018;26;0.847351724573773
11/03/2018;27;0.782444690175256
11/03/2018;28;0.689050687220727
11/03/2018;29;0.767927989068695
12/03/2018;11;1.000000000000000
12/03/2018;13;0.965018550991722
12/03/2018;14;1.064605659577790
12/03/2018;15;0.853574095961126
12/03/2018;16;0.878427057622164
12/03/2018;17;0.954179044410415
12/03/2018;18;0.850206819135888
12/03/2018;19;0.878432565997310
12/03/2018;20;0.896567485793944
12/03/2018;21;0.808033420997007
12/03/2018;22;0.781027739366468
12/03/2018;23;0.839524732693713
12/03/2018;24;0.719065133014139
12/03/2018;25;0.802901844735417
12/03/2018;26;0.771090404579391
12/03/2018;27;0.752467775394632
12/03/2018;28;0.769699728845517
12/03/2018;29;0.784656027425362
13/03/2018;11;0.865324490046399
13/03/2018;13;0.908237844612820
13/03/2018;14;1.000000000000000
13/03/2018;15;0.844299417117130
13/03/2018;16;0.899507838133053
13/03/2018;17;0.928273089042672
13/03/2018;18;0.830195816758018
13/03/2018;19;0.876838648671046
13/03/2018;20;0.942249541416712
13/03/2018;21;0.735229558710354
13/03/2018;22;0.837642834319268
13/03/2018;23;0.829741837428192
13/03/2018;24;0.773588832935302
13/03/2018;25;0.883325967344573
13/03/2018;26;0.772254480882555
13/03/2018;27;0.823930943057242
13/03/2018;28;0.833771769595909
13/03/2018;29;0.836770735103775
14/03/2018;11;0.820335221895036
14/03/2018;13;0.894086766638375
14/03/2018;14;1.029989177717260
14/03/2018;15;0.837863556308506
14/03/2018;16;0.960762970059880
14/03/2018;17;0.945073055783562
14/03/2018;18;0.850108654529273
14/03/2018;19;0.863889356514971
14/03/2018;20;1.000000000000000
14/03/2018;21;0.766834888611047
14/03/2018;22;0.894304756874563
14/03/2018;23;0.860821904569207
14/03/2018;24;0.874503062864510
14/03/2018;25;0.915194661339260
14/03/2018;26;0.852721206607159
14/03/2018;27;0.912062888266449
14/03/2018;28;0.907079222751455
14/03/2018;29;0.884022934468410
15/03/2018;11;1.007338000666550
15/03/2018;13;1.000633345104100
15/03/2018;14;1.082424709494360
15/03/2018;15;0.884242820952140
15/03/2018;16;0.954760821772666
15/03/2018;17;0.964025995461944
15/03/2018;18;1.000000000000000
15/03/2018;19;1.000000000000000
15/03/2018;20;1.043345625422920
15/03/2018;21;0.807934338095760
15/03/2018;22;1.000000000000000
15/03/2018;23;0.880732597600887
15/03/2018;24;0.965112559746703
15/03/2018;25;0.969954689355139
15/03/2018;26;0.909345394089727
15/03/2018;27;0.974402576991498
15/03/2018;28;0.978843934735802
15/03/2018;29;0.920435103721016
16/03/2018;11;1.000000000000000
16/03/2018;13;1.000000000000000
16/03/2018;14;1.063983181488830
16/03/2018;15;0.878504368133629
16/03/2018;16;0.939845432717564
16/03/2018;17;1.000000000000000
16/03/2018;18;0.926542325999749
16/03/2018;19;1.000000000000000
16/03/2018;20;1.000000000000000
16/03/2018;21;0.800402270309907
16/03/2018;22;0.924526727822333
16/03/2018;23;0.822496756586440
16/03/2018;24;0.880493947651469
16/03/2018;25;0.894402025236761
16/03/2018;26;0.877752451042256
16/03/2018;27;0.899302743874237
16/03/2018;28;0.821174673335174
16/03/2018;29;0.822457461206898
17/03/2018;11;1.038373992946220
17/03/2018;13;1.000000000000000
17/03/2018;14;1.042620352433570
17/03/2018;15;0.861172207577396
17/03/2018;16;0.971415535672699
17/03/2018;17;1.017340114696680
17/03/2018;18;0.850908688129027
17/03/2018;19;0.904988238407149
17/03/2018;20;0.927495763066860
17/03/2018;21;0.755508575363471
17/03/2018;22;0.805910633500217
17/03/2018;23;0.803061077058855
17/03/2018;24;0.784756878339498
17/03/2018;25;0.754892825710678
17/03/2018;26;0.817249424101207
17/03/2018;27;0.807672632036267
17/03/2018;28;0.676288246649475
17/03/2018;29;0.729833175872060
18/03/2018;11;1.268509564605320
18/03/2018;13;1.173976771700880
18/03/2018;14;1.123785421971730
18/03/2018;15;1.020558479673180
18/03/2018;16;1.084015821372480
18/03/2018;17;1.135890561757040
18/03/2018;18;1.099547603211100
18/03/2018;19;1.000000000000000
18/03/2018;20;1.046993391500980
18/03/2018;21;1.000000000000000
18/03/2018;22;1.000000000000000
18/03/2018;23;0.914835506634391
18/03/2018;24;1.007573379374580
18/03/2018;25;1.000000000000000
18/03/2018;26;0.880615967692248
18/03/2018;27;1.000000000000000
18/03/2018;28;0.820284101259555
18/03/2018;29;0.847640815877853
19/03/2018;11;1.465575371191240
19/03/2018;13;1.520070981146430
19/03/2018;14;1.230077372173040
19/03/2018;15;1.342353010588090
19/03/2018;16;1.364620829619890
19/03/2018;17;1.260158950630900
19/03/2018;18;1.601133419784830
19/03/2018;19;1.210936014209940
19/03/2018;20;1.209202951389970
19/03/2018;21;1.120444032247060
19/03/2018;22;1.078537726979200
19/03/2018;23;0.985038534173618
19/03/2018;24;1.205811200258120
19/03/2018;25;1.120184913840610
19/03/2018;26;0.961294348455538
19/03/2018;27;1.122120570006420
19/03/2018;28;1.000000000000000
19/03/2018;29;0.958434306064587
20/03/2018;11;1.419517143435070
20/03/2018;13;1.506685842935500
20/03/2018;14;1.286923353322980
20/03/2018;15;1.424432429499890
20/03/2018;16;1.514515040272010
20/03/2018;17;1.281500451959970
20/03/2018;18;1.585719656652670
20/03/2018;19;1.259394763525610
20/03/2018;20;1.238160970944510
20/03/2018;21;1.180931537232570
20/03/2018;22;1.117861438114150
20/03/2018;23;1.035139824578020
20/03/2018;24;1.213813656851690
20/03/2018;25;1.118955244031930
20/03/2018;26;0.951587839790235
20/03/2018;27;1.118924904766810
20/03/2018;28;1.030317165733990
20/03/2018;29;0.965568887620844
21/03/2018;11;1.457570699067970
21/03/2018;13;1.374905845595430
21/03/2018;14;1.365565719576440
21/03/2018;15;1.343171149981970
21/03/2018;16;1.414368906319530
21/03/2018;17;1.330503673052920
21/03/2018;18;1.413970947273780
21/03/2018;19;1.205827097746450
21/03/2018;20;1.264183236248540
21/03/2018;21;1.263956599282510
21/03/2018;22;1.136236779742480
21/03/2018;23;1.167677851220180
21/03/2018;24;1.312711634447600
21/03/2018;25;1.143192514895100
21/03/2018;26;0.953670156540249
21/03/2018;27;1.178111487415970
21/03/2018;28;1.006784237586280
21/03/2018;29;0.981354499767979
22/03/2018;11;1.443911610961080
22/03/2018;13;1.413927609394480
22/03/2018;14;1.430128870811890
22/03/2018;15;1.411547414682290
22/03/2018;16;1.421764170195730
22/03/2018;17;1.358968979287870
22/03/2018;18;1.511071261790810
22/03/2018;19;1.281772524333970
22/03/2018;20;1.359406857759260
22/03/2018;21;1.295663108192180
22/03/2018;22;1.157999464403210
22/03/2018;23;1.243177246467850
22/03/2018;24;1.471972647432710
22/03/2018;25;1.246949041278390
22/03/2018;26;1.071546216439140
22/03/2018;27;1.332674916657260
22/03/2018;28;1.065360704552600
22/03/2018;29;1.000000000000000
23/03/2018;11;1.266640461216810
23/03/2018;13;1.429534403289740
23/03/2018;14;1.334345805273030
23/03/2018;15;1.430357309064820
23/03/2018;16;1.451085142733540
23/03/2018;17;1.309115798519000
23/03/2018;18;1.594241210720720
23/03/2018;19;1.284160535386700
23/03/2018;20;1.391063174077030
23/03/2018;21;1.269292642440820
23/03/2018;22;1.236434860197740
23/03/2018;23;1.212367572425070
23/03/2018;24;1.551652670916090
23/03/2018;25;1.371827395994830
23/03/2018;26;1.320466528928300
23/03/2018;27;1.466029542089660
23/03/2018;28;1.233397353379920
23/03/2018;29;1.013142001346600
24/03/2018;11;1.316343767858030
24/03/2018;13;1.406541426697100
24/03/2018;14;1.373908098884230
24/03/2018;15;1.330763657047740
24/03/2018;16;1.342225096887350
24/03/2018;17;1.245251746975140
24/03/2018;18;1.477534257320440
24/03/2018;19;1.256896763040900
24/03/2018;20;1.456918582475550
24/03/2018;21;1.328897580482030
24/03/2018;22;1.314438079320400
24/03/2018;23;1.219242065780280
24/03/2018;24;1.595762216906150
24/03/2018;25;1.380147011159400
24/03/2018;26;1.444455380509080
24/03/2018;27;1.467112485690420
24/03/2018;28;1.305030777725810
24/03/2018;29;1.056914270448170
25/03/2018;11;1.234872171211560
25/03/2018;13;1.265840989257880
25/03/2018;14;1.318134382964170
25/03/2018;15;1.220292191657850
25/03/2018;16;1.209584646400970
25/03/2018;17;1.203918267887120
25/03/2018;18;1.415781974955390
25/03/2018;19;1.248163345721080
25/03/2018;20;1.401152761657050
25/03/2018;21;1.329802427735400
25/03/2018;22;1.200350531812050
25/03/2018;23;1.149989959318690
25/03/2018;24;1.548926047646290
25/03/2018;25;1.299709553696930
25/03/2018;26;1.336298323403640
25/03/2018;27;1.414463572377780
25/03/2018;28;1.288710651371960
25/03/2018;29;1.077641089421970
26/03/2018;11;1.062498865607020
26/03/2018;13;1.169188380113910
26/03/2018;14;1.162750513105430
26/03/2018;15;1.156040309299710
26/03/2018;16;1.128723749272250
26/03/2018;17;1.129254078597100
26/03/2018;18;1.315164756113880
26/03/2018;19;1.124044104868950
26/03/2018;20;1.262945300797660
26/03/2018;21;1.182215859568970
26/03/2018;22;1.078330262700840
26/03/2018;23;1.096788850276810
26/03/2018;24;1.353523742347920
26/03/2018;25;1.170255307718700
26/03/2018;26;1.201457674072960
26/03/2018;27;1.324185473861800
26/03/2018;28;1.147119279551570
26/03/2018;29;1.055872093135090
27/03/2018;11;0.962026869035203
27/03/2018;13;1.104207514412490
27/03/2018;14;1.164119731492570
27/03/2018;15;1.000000000000000
27/03/2018;16;1.091615441788460
27/03/2018;17;1.089532282498360
27/03/2018;18;1.000000000000000
27/03/2018;19;1.016551242760310
27/03/2018;20;1.164505973210070
27/03/2018;21;1.136800081534360
27/03/2018;22;1.099846931343570
27/03/2018;23;1.057598291300710
27/03/2018;24;1.190034504327410
27/03/2018;25;1.105661128948840
27/03/2018;26;1.082912778330880
27/03/2018;27;1.243474632906320
27/03/2018;28;1.080969118559900
27/03/2018;29;1.020689603487170
28/03/2018;11;1.018157831435060
28/03/2018;13;1.094688112103630
28/03/2018;14;1.222231414792880
28/03/2018;15;1.046558638459840
28/03/2018;16;1.100505287259920
28/03/2018;17;1.083879392819790
28/03/2018;18;1.028700351294730
28/03/2018;19;1.034406921575650
28/03/2018;20;1.136113363113610
28/03/2018;21;1.106710167355500
28/03/2018;22;1.054437456488220
28/03/2018;23;1.000000000000000
28/03/2018;24;1.075500844118180
28/03/2018;25;1.120884593102020
28/03/2018;26;1.124514543237740
28/03/2018;27;1.194223444171000
28/03/2018;28;1.138803215611490
28/03/2018;29;1.049822262797890
29/03/2018;11;1.000000000000000
29/03/2018;13;1.091783219104830
29/03/2018;14;1.161890004507100
29/03/2018;15;1.094519165457680
29/03/2018;16;1.127619984982250
29/03/2018;17;1.000000000000000
29/03/2018;18;1.000000000000000
29/03/2018;19;0.998975885955041
29/03/2018;20;1.088302508491820
29/03/2018;21;1.000000000000000
29/03/2018;22;0.980681928496633
29/03/2018;23;0.963568097362012
29/03/2018;24;1.019324466762840
29/03/2018;25;1.085403533779610
29/03/2018;26;1.085041141191900
29/03/2018;27;1.134039953421850
29/03/2018;28;1.069498781514070
29/03/2018;29;1.000000000000000
30/03/2018;11;1.165844993544830
30/03/2018;13;1.038891557733660
30/03/2018;14;1.184381066504900
30/03/2018;15;1.000000000000000
30/03/2018;16;1.000000000000000
30/03/2018;17;1.000000000000000
30/03/2018;18;0.893609316753925
30/03/2018;19;0.876022470408184
30/03/2018;20;1.032438030713170
30/03/2018;21;0.956718808996590
30/03/2018;22;0.927844128181788
30/03/2018;23;0.896045473177865
30/03/2018;24;1.000000000000000
30/03/2018;25;0.949623422872371
30/03/2018;26;1.000000000000000
30/03/2018;27;1.065561004279710
30/03/2018;28;0.876222695517901
30/03/2018;29;0.873078074398615
31/03/2018;11;1.444998499408120
31/03/2018;13;1.143575428961720
31/03/2018;14;1.398555287828320
31/03/2018;15;1.012302720975610
31/03/2018;16;0.964928389796666
31/03/2018;17;1.096396166846450
31/03/2018;18;1.000831920145880
31/03/2018;19;1.000000000000000
31/03/2018;20;1.053337272761510
31/03/2018;21;0.985295822044016
31/03/2018;22;0.958394137682642
31/03/2018;23;0.931531305368474
31/03/2018;24;0.956396631399257
31/03/2018;25;0.873006508350272
31/03/2018;26;0.954515553464097
31/03/2018;27;1.000000000000000
31/03/2018;28;0.787327272952210
31/03/2018;29;0.776863370175533
01/04/2018;11;1.367710377732260
01/04/2018;13;1.300001750506170
01/04/2018;14;1.874331369175970
01/04/2018;15;1.052050266969750
01/04/2018;16;1.110203209204110
01/04/2018;17;1.213230961557240
01/04/2018;18;1.156259361021940
01/04/2018;19;1.158091142838470
01/04/2018;20;1.287578317209110
01/04/2018;21;1.056800574290780
01/04/2018;22;1.094418656028090
01/04/2018;23;1.035409819074070
01/04/2018;24;1.292481015003640
01/04/2018;25;1.000232794250400
01/04/2018;26;1.000000000000000
01/04/2018;27;1.415619343546270
01/04/2018;28;1.000000000000000
01/04/2018;29;0.809381502666803
02/04/2018;11;1.102679980439550
02/04/2018;13;1.240405424652040
02/04/2018;14;1.615674637272170
02/04/2018;15;1.140853581007540
02/04/2018;16;1.242932782971910
02/04/2018;17;1.198715970279780
02/04/2018;18;1.000000000000000
02/04/2018;19;1.238603035478090
02/04/2018;20;1.310994383916270
02/04/2018;21;1.000000000000000
02/04/2018;22;1.288269720632870
02/04/2018;23;1.000000000000000
02/04/2018;24;1.315069180169910
02/04/2018;25;1.311858813625580
02/04/2018;26;1.079276353752480
02/04/2018;27;1.443548486677310
02/04/2018;28;1.262385583761890
02/04/2018;29;1.000000000000000
03/04/2018;11;1.234149560352640
03/04/2018;13;1.330141062910280
03/04/2018;14;1.605449333727770
03/04/2018;15;1.129319945195860
03/04/2018;16;1.142233318677000
03/04/2018;17;1.228550610252390
03/04/2018;18;0.952262392121311
03/04/2018;19;1.000000000000000
03/04/2018;20;1.238098493423780
03/04/2018;21;1.000000000000000
03/04/2018;22;1.000000000000000
03/04/2018;23;0.946797585191215
03/04/2018;24;1.000000000000000
03/04/2018;25;1.000000000000000
03/04/2018;26;1.000000000000000
03/04/2018;27;1.167407713242950
03/04/2018;28;1.217293736827210
03/04/2018;29;1.028986027993550
04/04/2018;11;1.341388184979700
04/04/2018;13;1.393363915731530
04/04/2018;14;1.673748536583210
04/04/2018;15;1.147572682614940
04/04/2018;16;1.099735385339150
04/04/2018;17;1.272161056089590
04/04/2018;18;0.939800953160449
04/04/2018;19;1.032720049293730
04/04/2018;20;1.142031510227520
04/04/2018;21;0.977560348793620
04/04/2018;22;0.956869292636331
04/04/2018;23;0.925147573278236
04/04/2018;24;0.879956508517514
04/04/2018;25;0.897939108639571
04/04/2018;26;0.858794544028455
04/04/2018;27;1.037814174882400
04/04/2018;28;1.000000000000000
04/04/2018;29;0.956173308075258
05/04/2018;11;1.188745785087050
05/04/2018;13;1.000000000000000
05/04/2018;14;1.403458721323450
05/04/2018;15;1.000000000000000
05/04/2018;16;1.000000000000000
05/04/2018;17;1.233305640306450
05/04/2018;18;0.953985892223042
05/04/2018;19;1.000000000000000
05/04/2018;20;1.163660325721390
05/04/2018;21;0.911124591059906
05/04/2018;22;0.900644003788110
05/04/2018;23;0.905843697935242
05/04/2018;24;0.815547889062059
05/04/2018;25;0.782696935078655
05/04/2018;26;0.914693120165383
05/04/2018;27;0.996622558825073
05/04/2018;28;0.948686923643572
05/04/2018;29;0.888201025921819
06/04/2018;11;0.970813860102360
06/04/2018;13;0.913136297235243
06/04/2018;14;1.258462181697490
06/04/2018;15;0.917595997247053
06/04/2018;16;0.954924496997789
06/04/2018;17;1.070828172517080
06/04/2018;18;0.958244117353347
06/04/2018;19;0.853042097908908
06/04/2018;20;1.085277893681130
06/04/2018;21;0.837811310340718
06/04/2018;22;0.779891852747491
06/04/2018;23;0.798912068751425
06/04/2018;24;0.795892519330463
06/04/2018;25;0.732807301819074
06/04/2018;26;0.938923437948807
06/04/2018;27;1.045742184673500
06/04/2018;28;1.028789610634320
06/04/2018;29;0.896978967547842
07/04/2018;11;0.881430059195527
07/04/2018;13;0.919231977062168
07/04/2018;14;1.224930519252210
07/04/2018;15;0.904596664327250
07/04/2018;16;0.890044480549172
07/04/2018;17;0.853269329678287
07/04/2018;18;0.921235562142508
07/04/2018;19;0.719342706467074
07/04/2018;20;1.043470716388190
07/04/2018;21;1.000000000000000
07/04/2018;22;0.761583150380770
07/04/2018;23;0.913440101322585
07/04/2018;24;0.819548722160490
07/04/2018;25;0.654526967470065
07/04/2018;26;0.964046665200581
07/04/2018;27;1.000000000000000
07/04/2018;28;1.000000000000000
07/04/2018;29;0.793891152503888
08/04/2018;11;0.848932542458016
08/04/2018;13;0.796305072769513
08/04/2018;14;0.997693803703635
08/04/2018;15;0.932056864272563
08/04/2018;16;0.881786744770194
08/04/2018;17;0.621744935210598
08/04/2018;18;0.936751857976946
08/04/2018;19;0.555131696594510
08/04/2018;20;0.979014999779244
08/04/2018;21;0.987780228471621
08/04/2018;22;0.667146815245483
08/04/2018;23;0.957217152298911
08/04/2018;24;0.814714350260776
08/04/2018;25;0.630109386015486
08/04/2018;26;0.933353980074219
08/04/2018;27;0.888256393301834
08/04/2018;28;0.722316188660635
08/04/2018;29;0.768129461177964
09/04/2018;11;1.156412704194260
09/04/2018;13;1.000000000000000
09/04/2018;14;1.037087967485320
09/04/2018;15;0.823235696916396
09/04/2018;16;0.824768783526718
09/04/2018;17;1.000000000000000
09/04/2018;18;1.047563199588000
09/04/2018;19;1.000000000000000
09/04/2018;20;1.044101387226830
09/04/2018;21;0.971755367337997
09/04/2018;22;1.000000000000000
09/04/2018;23;0.911501546497103
09/04/2018;24;0.851148381528333
09/04/2018;25;0.744630089033367
09/04/2018;26;0.870067814711292
09/04/2018;27;0.867832640443415
09/04/2018;28;0.841712578338803
09/04/2018;29;0.763949077138405
10/04/2018;11;1.472381986790020
10/04/2018;13;1.271828129931430
10/04/2018;14;1.247105202726410
10/04/2018;15;0.735925339683017
10/04/2018;16;0.789442276260068
10/04/2018;17;1.176477562849920
10/04/2018;18;1.119597721763170
10/04/2018;19;1.000000000000000
10/04/2018;20;1.206941187564060
10/04/2018;21;0.912542958399180
10/04/2018;22;0.981957462647194
10/04/2018;23;0.851451809218681
10/04/2018;24;0.912507540358060
10/04/2018;25;1.000000000000000
10/04/2018;26;0.842786050668293
10/04/2018;27;0.936304506901271
10/04/2018;28;1.000000000000000
10/04/2018;29;0.850963627225990
11/04/2018;11;1.496062482271610
11/04/2018;13;1.517465931232710
11/04/2018;14;1.576011349501150
11/04/2018;15;0.834605051105383
11/04/2018;16;0.857608653926704
11/04/2018;17;1.333413271664560
11/04/2018;18;1.182049396732920
11/04/2018;19;1.058191962069040
11/04/2018;20;1.159824759828620
11/04/2018;21;0.865349905473513
11/04/2018;22;0.825585526513358
11/04/2018;23;0.909851793964040
11/04/2018;24;0.902201469180767
11/04/2018;25;0.916097123228114
11/04/2018;26;0.835765315410294
11/04/2018;27;0.931474095014232
11/04/2018;28;0.884504073525298
11/04/2018;29;0.785490837637830
12/04/2018;11;1.634817113110970
12/04/2018;13;1.497891316334230
12/04/2018;14;1.802576732935890
12/04/2018;15;1.000000000000000
12/04/2018;16;1.000000000000000
12/04/2018;17;1.319567100733190
12/04/2018;18;1.000000000000000
12/04/2018;19;1.000000000000000
12/04/2018;20;1.135426408965260
12/04/2018;21;0.926444480719971
12/04/2018;22;0.754788046259782
12/04/2018;23;0.912455935229044
12/04/2018;24;0.820007624663965
12/04/2018;25;0.800895458536357
12/04/2018;26;0.801903798740578
12/04/2018;27;0.787063349656243
12/04/2018;28;0.646722902137530
12/04/2018;29;0.663131608927545
13/04/2018;11;1.725457381305560
13/04/2018;13;1.536009761983810
13/04/2018;14;1.903200166544590
13/04/2018;15;0.992696010010778
13/04/2018;16;1.000000000000000
13/04/2018;17;1.246811199885290
13/04/2018;18;1.000000000000000
13/04/2018;19;1.000000000000000
13/04/2018;20;1.143119611485590
13/04/2018;21;0.887651776677349
13/04/2018;22;0.821778284472385
13/04/2018;23;0.911817875620951
13/04/2018;24;0.793240303738487
13/04/2018;25;0.824197512815462
13/04/2018;26;0.806664220031924
13/04/2018;27;0.709203073563485
13/04/2018;28;0.637720064260473
13/04/2018;29;0.695689514228449
14/04/2018;11;1.442601808880560
14/04/2018;13;1.626386763308920
14/04/2018;14;1.775650286805340
14/04/2018;15;0.866828641444975
14/04/2018;16;0.943580181109365
14/04/2018;17;1.000000000000000
14/04/2018;18;1.085941722751250
14/04/2018;19;0.939654041567652
14/04/2018;20;1.147806053658220
14/04/2018;21;0.856976076237042
14/04/2018;22;0.667633063511132
14/04/2018;23;0.926012539855424
14/04/2018;24;0.870899898596790
14/04/2018;25;0.722382912678653
14/04/2018;26;0.864752385416458
14/04/2018;27;0.812271591494738
14/04/2018;28;0.599810769135983
14/04/2018;29;0.661511812153657
15/04/2018;11;1.000000000000000
15/04/2018;13;1.000000000000000
15/04/2018;14;1.250358587847770
15/04/2018;15;0.702001412006118
15/04/2018;16;0.827412208990314
15/04/2018;17;0.739883183207543
15/04/2018;18;1.000000000000000
15/04/2018;19;0.555991607844787
15/04/2018;20;0.931968125524488
15/04/2018;21;0.935543141047935
15/04/2018;22;0.440576318455928
15/04/2018;23;0.889442454620355
15/04/2018;24;0.902017804854097
15/04/2018;25;0.675889212816842
15/04/2018;26;0.918911636251584
15/04/2018;27;0.747577935250672
15/04/2018;28;0.545849906504135
15/04/2018;29;0.613210004455863
16/04/2018;11;0.759874876369736
16/04/2018;13;0.822123288700828
16/04/2018;14;0.934065856976465
16/04/2018;15;0.625598456302296
16/04/2018;16;0.723652293058645
16/04/2018;17;0.641164566442785
16/04/2018;18;0.821531751878612
16/04/2018;19;0.602470660555038
16/04/2018;20;0.770326359851725
16/04/2018;21;0.921594951145947
16/04/2018;22;0.578153062072091
16/04/2018;23;0.831576834298736
16/04/2018;24;0.886858965065053
16/04/2018;25;0.764242640595335
16/04/2018;26;0.852401788373208
16/04/2018;27;0.867181572293001
16/04/2018;28;0.798175615520488
16/04/2018;29;0.683308555837335
17/04/2018;11;0.468499989044994
17/04/2018;13;0.499449975486564
17/04/2018;14;0.744572878972966
17/04/2018;15;0.636539705066858
17/04/2018;16;0.752826966809532
17/04/2018;17;0.727744347933934
17/04/2018;18;0.619518581884166
17/04/2018;19;0.594875691516718
17/04/2018;20;0.756909040781375
17/04/2018;21;0.852480536409740
17/04/2018;22;0.631933197210702
17/04/2018;23;0.914417364249628
17/04/2018;24;0.814909783589943
17/04/2018;25;0.778124896489280
17/04/2018;26;0.846035873958776
17/04/2018;27;0.957717593862217
17/04/2018;28;0.759943202676174
17/04/2018;29;0.756327686512135
18/04/2018;11;0.446312319055309
18/04/2018;13;0.468725507391733
18/04/2018;14;0.691863787485785
18/04/2018;15;0.609055654827771
18/04/2018;16;0.739761062030218
18/04/2018;17;0.737415766541644
18/04/2018;18;0.629783380771452
18/04/2018;19;0.590261947038533
18/04/2018;20;0.738550815449691
18/04/2018;21;0.829880500136195
18/04/2018;22;0.627644789577914
18/04/2018;23;0.810140888813747
18/04/2018;24;0.857671231697560
18/04/2018;25;0.784624197846341
18/04/2018;26;0.840069739282784
18/04/2018;27;0.909447227155409
18/04/2018;28;0.771086959611980
18/04/2018;29;0.791290147088569
19/04/2018;11;0.383642573508747
19/04/2018;13;0.407625593432626
19/04/2018;14;0.636234334714878
19/04/2018;15;0.581240649772860
19/04/2018;16;0.693896703766988
19/04/2018;17;0.589195867211451
19/04/2018;18;0.587646052628610
19/04/2018;19;0.552334940764865
19/04/2018;20;0.707737264029353
19/04/2018;21;0.768980113677503
19/04/2018;22;0.574272054393095
19/04/2018;23;0.778555518792577
19/04/2018;24;0.811333786005151
19/04/2018;25;0.755142976271973
19/04/2018;26;0.779642020430944
19/04/2018;27;0.809704521886628
19/04/2018;28;0.705960368015643
19/04/2018;29;0.723658770019327
20/04/2018;11;0.385163325272277
20/04/2018;13;0.389876284566024
20/04/2018;14;0.633152671231286
20/04/2018;15;0.570119901597119
20/04/2018;16;0.691633291326043
20/04/2018;17;0.580464836999046
20/04/2018;18;0.540061858024309
20/04/2018;19;0.561696708717676
20/04/2018;20;0.656679745481874
20/04/2018;21;0.731210912960483
20/04/2018;22;0.528632231661672
20/04/2018;23;0.767793091942665
20/04/2018;24;0.681226389930291
20/04/2018;25;0.742032102892516
20/04/2018;26;0.746053525727408
20/04/2018;27;0.718632752756951
20/04/2018;28;0.665969580487288
20/04/2018;29;0.690158616446901
21/04/2018;11;0.409219227903900
21/04/2018;13;0.325106582338138
21/04/2018;14;0.614468598120615
21/04/2018;15;0.498399364071079
21/04/2018;16;0.685936083633872
21/04/2018;17;0.598126506233075
21/04/2018;18;0.456335899600196
21/04/2018;19;0.570303718307267
21/04/2018;20;0.579672046440695
21/04/2018;21;0.610008218016998
21/04/2018;22;0.498504207254107
21/04/2018;23;0.744465747795558
21/04/2018;24;0.572873293271966
21/04/2018;25;0.692571381153639
21/04/2018;26;0.705662737558188
21/04/2018;27;0.720711126334471
21/04/2018;28;0.563468353282708
21/04/2018;29;0.618032120530932
22/04/2018;11;0.518167205609725
22/04/2018;13;0.414040214732645
22/04/2018;14;0.715244602706152
22/04/2018;15;0.531076629242318
22/04/2018;16;0.686893324948327
22/04/2018;17;0.580755775552829
22/04/2018;18;0.553889206359245
22/04/2018;19;0.563966651488536
22/04/2018;20;0.647022537262182
22/04/2018;21;0.636501482661500
22/04/2018;22;0.501762191631426
22/04/2018;23;0.821913181931130
22/04/2018;24;0.598911086160146
22/04/2018;25;0.686392119462331
22/04/2018;26;0.681723547549243
22/04/2018;27;0.801595980867870
22/04/2018;28;0.484479704562838
22/04/2018;29;0.590835389359065
23/04/2018;11;0.675076583031411
23/04/2018;13;0.640253944488184
23/04/2018;14;0.822206164845314
23/04/2018;15;0.633040374788816
23/04/2018;16;0.723819902021198
23/04/2018;17;0.612953509571439
23/04/2018;18;0.687697068695678
23/04/2018;19;0.631324122762921
23/04/2018;20;0.803124743292451
23/04/2018;21;0.848783385826639
23/04/2018;22;0.576313318103963
23/04/2018;23;0.886630463088720
23/04/2018;24;0.764443131911491
23/04/2018;25;0.813734148090328
23/04/2018;26;0.806668608676559
23/04/2018;27;0.852907986910147
23/04/2018;28;0.668831380442837
23/04/2018;29;0.678147164804245
24/04/2018;11;0.618586917963490
24/04/2018;13;0.609182303509948
24/04/2018;14;0.811011023221798
24/04/2018;15;0.636350362070474
24/04/2018;16;0.722424988164842
24/04/2018;17;0.701416201306365
24/04/2018;18;0.630807673862756
24/04/2018;19;0.632528296430060
24/04/2018;20;0.796760046376379
24/04/2018;21;0.862794148888121
24/04/2018;22;0.637518127798893
24/04/2018;23;0.852138236803709
24/04/2018;24;0.749327888908845
24/04/2018;25;0.851390294606798
24/04/2018;26;0.830703137183057
24/04/2018;27;0.788576316582941
24/04/2018;28;0.753906718668701
24/04/2018;29;0.740788611805333
25/04/2018;11;0.575748307495246
25/04/2018;13;0.604994673271938
25/04/2018;14;0.811893005252055
25/04/2018;15;0.665596146414578
25/04/2018;16;0.729278835717315
25/04/2018;17;0.750931316296941
25/04/2018;18;0.678029807997466
25/04/2018;19;0.666040328928389
25/04/2018;20;0.841607680347532
25/04/2018;21;0.829319322034880
25/04/2018;22;0.691533963106642
25/04/2018;23;0.827830676330334
25/04/2018;24;0.700963695035464
25/04/2018;25;0.863304751319752
25/04/2018;26;0.816280198610549
25/04/2018;27;0.688440636707481
25/04/2018;28;0.763442072819041
25/04/2018;29;0.753066426983941
26/04/2018;11;0.530948184377626
26/04/2018;13;0.570918076060546
26/04/2018;14;0.813222312268095
26/04/2018;15;0.702597120297656
26/04/2018;16;0.785592032101622
26/04/2018;17;0.740330741058672
26/04/2018;18;0.727293593788601
26/04/2018;19;0.687195117527541
26/04/2018;20;0.843069490760139
26/04/2018;21;0.835223964859999
26/04/2018;22;0.706949225802099
26/04/2018;23;0.836388093512014
26/04/2018;24;0.736363668676719
26/04/2018;25;0.836937829124050
26/04/2018;26;0.824221146316481
26/04/2018;27;0.727601812307933
26/04/2018;28;0.762928989401097
26/04/2018;29;0.739343151232151
27/04/2018;11;0.483932422128443
27/04/2018;13;0.546350082975304
27/04/2018;14;0.757080259665408
27/04/2018;15;0.743289640430582
27/04/2018;16;0.840188333845855
27/04/2018;17;0.729696805509455
27/04/2018;18;0.739956700632260
27/04/2018;19;0.747435935504642
27/04/2018;20;0.889554648828472
27/04/2018;21;0.863186375221857
27/04/2018;22;0.773941147547338
27/04/2018;23;0.866177983897607
27/04/2018;24;0.771080754753183
27/04/2018;25;0.924500725881533
27/04/2018;26;0.850433025864213
27/04/2018;27;0.759337664423135
27/04/2018;28;0.805268893441948
27/04/2018;29;0.724031249051320
28/04/2018;11;0.404799124946940
28/04/2018;13;0.404459014169630
28/04/2018;14;0.626762669621548
28/04/2018;15;0.699384219901575
28/04/2018;16;0.809459068153481
28/04/2018;17;0.684231366997713
28/04/2018;18;0.599562333649525
28/04/2018;19;0.703108643865930
28/04/2018;20;0.856793338695416
28/04/2018;21;0.816979113070563
28/04/2018;22;0.695840556594792
28/04/2018;23;0.860382840932918
28/04/2018;24;0.658423516443866
28/04/2018;25;0.918568477104655
28/04/2018;26;0.839302756542141
28/04/2018;27;0.747384557038931
28/04/2018;28;0.794338093237549
28/04/2018;29;0.721395596721073
29/04/2018;11;0.397100059873527
29/04/2018;13;0.415890369519007
29/04/2018;14;0.683449413503430
29/04/2018;15;0.676869771094268
29/04/2018;16;0.803616124584770
29/04/2018;17;0.690429032046734
29/04/2018;18;0.556427254224859
29/04/2018;19;0.617145052109941
29/04/2018;20;0.703267769512533
29/04/2018;21;0.739110740105703
29/04/2018;22;0.593778199408629
29/04/2018;23;0.819981677380689
29/04/2018;24;0.623007653287377
29/04/2018;25;0.817237176562859
29/04/2018;26;0.796324973204935
29/04/2018;27;0.677316994810775
29/04/2018;28;0.804213049039858
29/04/2018;29;0.729825527418859
30/04/2018;11;0.503875788702956
30/04/2018;13;0.632374471663064
30/04/2018;14;0.823751571257430
30/04/2018;15;0.742028304612464
30/04/2018;16;0.839166092325559
30/04/2018;17;0.828639270763340
30/04/2018;18;0.707578288283471
30/04/2018;19;0.666413672983544
30/04/2018;20;0.831252949259956
30/04/2018;21;0.844885959000486
30/04/2018;22;0.682470376765926
30/04/2018;23;0.818357209750619
30/04/2018;24;0.773545320929103
30/04/2018;25;0.895143084954070
30/04/2018;26;0.830298591937450
30/04/2018;27;0.737630542403337
30/04/2018;28;0.884494095998139
30/04/2018;29;0.768922780524246
01/05/2018;11;1.000000000000000
01/05/2018;13;1.000000000000000
01/05/2018;14;1.054638477546700
01/05/2018;15;1.000000000000000
01/05/2018;16;0.859860481226110
01/05/2018;17;1.000000000000000
01/05/2018;18;1.000000000000000
01/05/2018;19;1.000000000000000
01/05/2018;20;1.041930351473270
01/05/2018;21;0.833616065351360
01/05/2018;22;1.000000000000000
01/05/2018;23;0.851541890148259
01/05/2018;24;1.000000000000000
01/05/2018;25;0.913110378657835
01/05/2018;26;0.771323957716785
01/05/2018;27;0.698062199515300
01/05/2018;28;0.825863140622974
01/05/2018;29;0.700319272679013
02/05/2018;11;1.354825529043270
02/05/2018;13;1.439802569649420
02/05/2018;14;1.446853341286820
02/05/2018;15;0.947674711151927
02/05/2018;16;0.924133192720936
02/05/2018;17;1.312589997283340
02/05/2018;18;1.219190980334030
02/05/2018;19;0.986784712880855
02/05/2018;20;1.372296217964670
02/05/2018;21;0.921653227009968
02/05/2018;22;0.932582191441032
02/05/2018;23;0.830828984008253
02/05/2018;24;0.994138874366724
02/05/2018;25;0.904978829310905
02/05/2018;26;0.814930923449958
02/05/2018;27;0.815473006369650
02/05/2018;28;0.734806971794448
02/05/2018;29;0.709684165357700
03/05/2018;11;1.629923210079860
03/05/2018;13;1.665666097498440
03/05/2018;14;1.000000000000000
03/05/2018;15;0.791386349276503
03/05/2018;16;0.882939381250318
03/05/2018;17;1.000000000000000
03/05/2018;18;1.284950756324220
03/05/2018;19;0.674347799038007
03/05/2018;20;1.000000000000000
03/05/2018;21;0.933457772825397
03/05/2018;22;0.572134181052417
03/05/2018;23;0.908887652299841
03/05/2018;24;1.000000000000000
03/05/2018;25;0.898084157686837
03/05/2018;26;0.849943684648061
03/05/2018;27;1.000000000000000
03/05/2018;28;1.046115728296070
03/05/2018;29;0.890828043198060
04/05/2018;11;1.000000000000000
04/05/2018;13;1.000000000000000
04/05/2018;14;0.882346430218992
04/05/2018;15;0.823139262995915
04/05/2018;16;0.898033149472869
04/05/2018;17;0.756729151122534
04/05/2018;18;1.000000000000000
04/05/2018;19;0.690650539727500
04/05/2018;20;0.809380044743342
04/05/2018;21;0.944766865222008
04/05/2018;22;0.587207273854075
04/05/2018;23;0.823138619610383
04/05/2018;24;0.953434627037308
04/05/2018;25;0.896294483078507
04/05/2018;26;0.826722490045071
04/05/2018;27;1.105285977805090
04/05/2018;28;0.940368103059802
04/05/2018;29;0.816699588322929
05/05/2018;11;0.478472431789375
05/05/2018;13;0.433136541715621
05/05/2018;14;0.665766216521588
05/05/2018;15;0.680143430270742
05/05/2018;16;0.861145036330426
05/05/2018;17;0.602843433105623
05/05/2018;18;0.587910055985781
05/05/2018;19;0.648275280411496
05/05/2018;20;0.634302398017583
05/05/2018;21;0.693680410109891
05/05/2018;22;0.466314571230115
05/05/2018;23;0.759610267329694
05/05/2018;24;0.839744017747860
05/05/2018;25;0.942347994316780
05/05/2018;26;0.753409167358921
05/05/2018;27;1.177473083441080
05/05/2018;28;0.778780000947760
05/05/2018;29;0.698201521421725
06/05/2018;11;0.443401265221904
06/05/2018;13;0.399794218762945
06/05/2018;14;0.740951361126317
06/05/2018;15;0.646757302387331
06/05/2018;16;0.864107586083854
06/05/2018;17;0.646518195286846
06/05/2018;18;0.542075458253674
06/05/2018;19;0.522242203815295
06/05/2018;20;0.617428940252542
06/05/2018;21;0.601101756719841
06/05/2018;22;0.392045941436259
06/05/2018;23;0.746676518025042
06/05/2018;24;0.880925827160292
06/05/2018;25;1.000000000000000
06/05/2018;26;0.683689817532575
06/05/2018;27;1.438364723470720
06/05/2018;28;0.691094046703055
06/05/2018;29;0.654624723404352
07/05/2018;11;0.602006569860839
07/05/2018;13;0.606216924940550
07/05/2018;14;0.936436848685799
07/05/2018;15;0.786962109446840
07/05/2018;16;0.870394608058464
07/05/2018;17;0.704013857166326
07/05/2018;18;0.772145932766155
07/05/2018;19;0.632963126152639
07/05/2018;20;0.834462453468674
07/05/2018;21;0.838652497318327
07/05/2018;22;0.622528594862648
07/05/2018;23;0.815640170229756
07/05/2018;24;0.927482271755058
07/05/2018;25;1.000000000000000
07/05/2018;26;0.812447014363480
07/05/2018;27;1.000000000000000
07/05/2018;28;0.756481355725156
07/05/2018;29;0.740125215904077
08/05/2018;11;0.712723875660011
08/05/2018;13;0.694332712628122
08/05/2018;14;0.958656638232823
08/05/2018;15;0.819199738343104
08/05/2018;16;0.881510081759083
08/05/2018;17;0.715708919429292
08/05/2018;18;0.841861846222682
08/05/2018;19;0.685175932967694
08/05/2018;20;0.900344839301210
08/05/2018;21;0.887583170768095
08/05/2018;22;0.663460850837485
08/05/2018;23;0.844701149489525
08/05/2018;24;0.890001056653458
08/05/2018;25;1.000000000000000
08/05/2018;26;0.836213080660291
08/05/2018;27;1.000000000000000
08/05/2018;28;0.889261020432437
08/05/2018;29;0.791106580453411
09/05/2018;11;0.747796474652092
09/05/2018;13;0.771941610839626
09/05/2018;14;1.000000000000000
09/05/2018;15;0.856365463034214
09/05/2018;16;0.923192344878510
09/05/2018;17;0.771129663618014
09/05/2018;18;0.868299546427708
09/05/2018;19;0.746622693313866
09/05/2018;20;0.925715648450630
09/05/2018;21;0.904981488517369
09/05/2018;22;0.654631758213768
09/05/2018;23;0.835402095871621
09/05/2018;24;0.894205867240797
09/05/2018;25;1.000000000000000
09/05/2018;26;0.843357042948560
09/05/2018;27;1.114611762498790
09/05/2018;28;0.979987676943996
09/05/2018;29;0.752995290809492
10/05/2018;11;0.707079114652084
10/05/2018;13;0.799996784326807
10/05/2018;14;1.000000000000000
10/05/2018;15;0.896076948224934
10/05/2018;16;0.954919266115382
10/05/2018;17;0.861947657706345
10/05/2018;18;0.883993444035326
10/05/2018;19;0.864455286954737
10/05/2018;20;0.891792843120579
10/05/2018;21;0.928303380064853
10/05/2018;22;0.738242792837726
10/05/2018;23;0.900943439603245
10/05/2018;24;0.972203432955527
10/05/2018;25;1.000000000000000
10/05/2018;26;0.917024273267552
10/05/2018;27;1.156870631748950
10/05/2018;28;0.807051742209099
10/05/2018;29;0.777225525789299
11/05/2018;11;0.671038929194971
11/05/2018;13;0.741456120113078
11/05/2018;14;0.994618126647971
11/05/2018;15;0.887457526908423
11/05/2018;16;0.939344784026431
11/05/2018;17;0.898206322808234
11/05/2018;18;0.915480166135424
11/05/2018;19;0.954504261398190
11/05/2018;20;1.000000000000000
11/05/2018;21;0.967655913410849
11/05/2018;22;0.955812326872960
11/05/2018;23;0.959544738199598
11/05/2018;24;1.000000000000000
11/05/2018;25;1.000000000000000
11/05/2018;26;0.984164269066808
11/05/2018;27;1.000000000000000
11/05/2018;28;0.901041524271518
11/05/2018;29;0.863159564596201
12/05/2018;11;0.512984133887154
12/05/2018;13;0.626644388618459
12/05/2018;14;0.865121993657182
12/05/2018;15;0.810997478589782
12/05/2018;16;0.962067371297530
12/05/2018;17;0.918835944864112
12/05/2018;18;0.855362813622573
12/05/2018;19;0.929598795852637
12/05/2018;20;1.000000000000000
12/05/2018;21;0.957421113151225
12/05/2018;22;0.967627035164661
12/05/2018;23;0.928984350823854
12/05/2018;24;1.000000000000000
12/05/2018;25;1.000000000000000
12/05/2018;26;0.961672671944843
12/05/2018;27;0.836966099825660
12/05/2018;28;0.988153056519418
12/05/2018;29;0.922161416468627
13/05/2018;11;0.584190340214842
13/05/2018;13;0.681927774010278
13/05/2018;14;0.822313639368135
13/05/2018;15;0.824024822552289
13/05/2018;16;0.882390854488333
13/05/2018;17;0.876137809023643
13/05/2018;18;0.751413737206729
13/05/2018;19;0.832367358678345
13/05/2018;20;0.974382051869991
13/05/2018;21;0.977844683822691
13/05/2018;22;0.953827135616946
13/05/2018;23;0.922191973422396
13/05/2018;24;0.952760610185628
13/05/2018;25;1.000000000000000
13/05/2018;26;0.980819470055003
13/05/2018;27;0.644528727870503
13/05/2018;28;1.000000000000000
13/05/2018;29;0.924558185350512
14/05/2018;11;1.575287376937590
14/05/2018;13;1.167479793342770
14/05/2018;14;1.313843420466050
14/05/2018;15;0.833986272781279
14/05/2018;16;0.844429343558745
14/05/2018;17;1.568013518588260
14/05/2018;18;1.000000000000000
14/05/2018;19;1.337781368071330
14/05/2018;20;1.183254185507850
14/05/2018;21;0.969331775984175
14/05/2018;22;1.270318214471480
14/05/2018;23;0.864185933499418
14/05/2018;24;0.959625546146268
14/05/2018;25;0.939945928448043
14/05/2018;26;0.925168475698384
14/05/2018;27;1.072613511285190
14/05/2018;28;1.000000000000000
14/05/2018;29;0.965307009563193
15/05/2018;11;1.000000000000000
15/05/2018;13;2.050849412107020
15/05/2018;14;2.092024202350350
15/05/2018;15;1.021758554550400
15/05/2018;16;1.024571040856210
15/05/2018;17;2.215536609713730
15/05/2018;18;1.166429941280630
15/05/2018;19;1.584173501009250
15/05/2018;20;1.640236594893110
15/05/2018;21;1.000000000000000
15/05/2018;22;1.798470018721080
15/05/2018;23;1.003673276945110
15/05/2018;24;1.180549725788230
15/05/2018;25;0.970221542482823
15/05/2018;26;0.909754191982813
15/05/2018;27;1.586312359209230
15/05/2018;28;1.332414476647450
15/05/2018;29;0.963987684433730
16/05/2018;11;0.607103961129514
16/05/2018;13;1.000000000000000
16/05/2018;14;1.643292654325880
16/05/2018;15;1.284431555203300
16/05/2018;16;1.096549286508260
16/05/2018;17;1.862613489143830
16/05/2018;18;1.153583608735400
16/05/2018;19;1.492624407738240
16/05/2018;20;1.693058909087740
16/05/2018;21;1.038830307553380
16/05/2018;22;1.753641966595040
16/05/2018;23;0.952731652939898
16/05/2018;24;1.332779281806160
16/05/2018;25;1.000000000000000
16/05/2018;26;1.000000000000000
16/05/2018;27;1.612204793701680
16/05/2018;28;1.224027895917720
16/05/2018;29;1.028817711341960
17/05/2018;11;0.718685600942432
17/05/2018;13;0.884653033036922
17/05/2018;14;1.000000000000000
17/05/2018;15;1.000000000000000
17/05/2018;16;0.942364714800543
17/05/2018;17;1.000000000000000
17/05/2018;18;1.000000000000000
17/05/2018;19;1.219388991514860
17/05/2018;20;1.381267162714850
17/05/2018;21;0.998573598125164
17/05/2018;22;1.000000000000000
17/05/2018;23;0.865619526149379
17/05/2018;24;1.000000000000000
17/05/2018;25;1.000000000000000
17/05/2018;26;0.894618934507140
17/05/2018;27;1.229554887405650
17/05/2018;28;0.986679643492799
17/05/2018;29;0.890110597361954
18/05/2018;11;0.777027970912480
18/05/2018;13;0.897185499280841
18/05/2018;14;0.845978055093263
18/05/2018;15;0.829385442173062
18/05/2018;16;0.862142418054745
18/05/2018;17;0.881161246177915
18/05/2018;18;0.927228204127426
18/05/2018;19;0.864139905441750
18/05/2018;20;1.000000000000000
18/05/2018;21;0.978212973415945
18/05/2018;22;0.779183966027392
18/05/2018;23;0.850684885725445
18/05/2018;24;0.925024676293403
18/05/2018;25;1.000000000000000
18/05/2018;26;0.852716761689519
18/05/2018;27;1.141234426033900
18/05/2018;28;0.896236533704267
18/05/2018;29;0.759552420005486
19/05/2018;11;0.599830144686299
19/05/2018;13;0.660556954682344
19/05/2018;14;0.899747814179757
19/05/2018;15;0.812551173396300
19/05/2018;16;0.900905499356028
19/05/2018;17;0.828799881603177
19/05/2018;18;0.773979722957786
19/05/2018;19;0.747167174922171
19/05/2018;20;0.792622469200477
19/05/2018;21;0.861956050723694
19/05/2018;22;0.582832089437547
19/05/2018;23;0.892801576367858
19/05/2018;24;1.000000000000000
19/05/2018;25;1.000000000000000
19/05/2018;26;0.889777926098059
19/05/2018;27;1.431738115755120
19/05/2018;28;0.741906665379668
19/05/2018;29;0.720963688307516
20/05/2018;11;0.549886262357513
20/05/2018;13;0.653873744772950
20/05/2018;14;0.987865499853890
20/05/2018;15;0.903827286507711
20/05/2018;16;0.939473130642607
20/05/2018;17;0.911655151332402
20/05/2018;18;0.758659946993924
20/05/2018;19;0.653311470953738
20/05/2018;20;0.846294986869490
20/05/2018;21;0.861736379044571
20/05/2018;22;0.700790557006420
20/05/2018;23;0.863082973431217
20/05/2018;24;1.000000000000000
20/05/2018;25;1.000000000000000
20/05/2018;26;0.871389405389630
20/05/2018;27;1.000000000000000
20/05/2018;28;0.772014313870710
20/05/2018;29;0.784662180069427
21/05/2018;11;0.717103981759451
21/05/2018;13;0.799289645114077
21/05/2018;14;0.919140573208436
21/05/2018;15;0.916996641973606
21/05/2018;16;0.968162628165837
21/05/2018;17;0.889753142844158
21/05/2018;18;0.889500435343124
21/05/2018;19;0.744535780824655
21/05/2018;20;0.910994224314907
21/05/2018;21;0.961892813245202
21/05/2018;22;0.844104981269743
21/05/2018;23;0.961931648839042
21/05/2018;24;0.907295288866611
21/05/2018;25;1.000000000000000
21/05/2018;26;0.935321920304385
21/05/2018;27;0.743215076740904
21/05/2018;28;0.928776886443375
21/05/2018;29;0.941568822116496
22/05/2018;11;0.720562145371941
22/05/2018;13;0.743317965419796
22/05/2018;14;0.882283802176995
22/05/2018;15;0.910985383757562
22/05/2018;16;0.943250287108229
22/05/2018;17;0.866218735670981
22/05/2018;18;0.883586828844241
22/05/2018;19;0.780844808694366
22/05/2018;20;0.933679624898482
22/05/2018;21;0.966460774714543
22/05/2018;22;0.773157776696312
22/05/2018;23;0.950891422923568
22/05/2018;24;0.841146645641213
22/05/2018;25;1.000000000000000
22/05/2018;26;0.961855388975989
22/05/2018;27;0.794272575206021
22/05/2018;28;0.958490064211391
22/05/2018;29;0.955015641640652
23/05/2018;11;0.903055302818332
23/05/2018;13;0.892866094356265
23/05/2018;14;1.000000000000000
23/05/2018;15;0.906881026195770
23/05/2018;16;0.908011635077309
23/05/2018;17;0.978093571170138
23/05/2018;18;0.901695902575572
23/05/2018;19;0.801409237007860
23/05/2018;20;0.907825982600224
23/05/2018;21;0.948387105756461
23/05/2018;22;0.769848661589638
23/05/2018;23;0.889502559549540
23/05/2018;24;0.870728521482133
23/05/2018;25;1.000000000000000
23/05/2018;26;0.939304847968218
23/05/2018;27;0.828930397028346
23/05/2018;28;0.992548188603012
23/05/2018;29;0.953522578547621
24/05/2018;11;0.940810118900574
24/05/2018;13;0.926459997512996
24/05/2018;14;0.982955828401316
24/05/2018;15;0.936182263250651
24/05/2018;16;0.916838878057898
24/05/2018;17;0.912149562673003
24/05/2018;18;0.917179786330975
24/05/2018;19;0.813971885534801
24/05/2018;20;0.961087806783663
24/05/2018;21;0.961779658507028
24/05/2018;22;0.838000470922171
24/05/2018;23;0.942041385711442
24/05/2018;24;0.880841887805098
24/05/2018;25;1.000000000000000
24/05/2018;26;0.952152763891959
24/05/2018;27;0.795147292179473
24/05/2018;28;1.000000000000000
24/05/2018;29;0.988150122971369
25/05/2018;11;0.798157933498144
25/05/2018;13;0.735868106267100
25/05/2018;14;0.896589178568488
25/05/2018;15;0.881321570223722
25/05/2018;16;0.915055822817739
25/05/2018;17;0.807401457389024
25/05/2018;18;0.875668412919682
25/05/2018;19;0.792030189700765
25/05/2018;20;0.984644734779455
25/05/2018;21;0.969120958180506
25/05/2018;22;0.844245848587530
25/05/2018;23;0.983232392272365
25/05/2018;24;0.888684177980375
25/05/2018;25;1.000000000000000
25/05/2018;26;0.954410907180403
25/05/2018;27;0.812364341355701
25/05/2018;28;1.000000000000000
25/05/2018;29;0.945729704191788
26/05/2018;11;0.687872268412332
26/05/2018;13;0.606999757129136
26/05/2018;14;0.856534509904250
26/05/2018;15;0.862894363414742
26/05/2018;16;0.927477192035233
26/05/2018;17;0.798615235655286
26/05/2018;18;0.805964252014689
26/05/2018;19;0.791147839367248
26/05/2018;20;0.871289728737937
26/05/2018;21;0.955778748836035
26/05/2018;22;0.707785330998861
26/05/2018;23;0.929273733173042
26/05/2018;24;0.706750383277797
26/05/2018;25;1.000000000000000
26/05/2018;26;0.955577411493707
26/05/2018;27;0.754148562977491
26/05/2018;28;1.000000000000000
26/05/2018;29;0.971936897328389
27/05/2018;11;0.836815873325865
27/05/2018;13;0.757893963980871
27/05/2018;14;0.916330579858418
27/05/2018;15;0.937548685099597
27/05/2018;16;0.959005108147946
27/05/2018;17;0.868219010991348
27/05/2018;18;0.905968376314863
27/05/2018;19;0.831194389013722
27/05/2018;20;0.863542265185283
27/05/2018;21;0.889510489065814
27/05/2018;22;0.712780166814802
27/05/2018;23;0.950451313080120
27/05/2018;24;0.625439038135604
27/05/2018;25;1.000000000000000
27/05/2018;26;0.945228805323321
27/05/2018;27;0.720017216626836
27/05/2018;28;0.889198938414426
27/05/2018;29;0.905538280640310
28/05/2018;11;1.000000000000000
28/05/2018;13;0.986899711339836
28/05/2018;14;1.000000000000000
28/05/2018;15;0.981610189020998
28/05/2018;16;0.991874894787899
28/05/2018;17;0.906703565617056
28/05/2018;18;0.959755098554632
28/05/2018;19;0.919288133853458
28/05/2018;20;0.961723812839223
28/05/2018;21;0.981558451269220
28/05/2018;22;0.936489452195894
28/05/2018;23;0.928759763771353
28/05/2018;24;0.893552626676488
28/05/2018;25;1.000000000000000
28/05/2018;26;0.973916452676676
28/05/2018;27;0.884453639314958
28/05/2018;28;0.984844542691425
28/05/2018;29;0.968884796414969
29/05/2018;11;0.933573326059321
29/05/2018;13;0.971058450380412
29/05/2018;14;1.000000000000000
29/05/2018;15;0.987410974173556
29/05/2018;16;0.990066610143580
29/05/2018;17;0.915461736844626
29/05/2018;18;0.971445710195864
29/05/2018;19;0.937790612224584
29/05/2018;20;0.971422212726142
29/05/2018;21;0.979406792629463
29/05/2018;22;0.959187508678552
29/05/2018;23;0.971664150651716
29/05/2018;24;0.902336808254507
29/05/2018;25;1.000000000000000
29/05/2018;26;0.982091987550488
29/05/2018;27;0.834967592582027
29/05/2018;28;1.000000000000000
29/05/2018;29;0.989737017502839
30/05/2018;11;0.898474913939498
30/05/2018;13;0.942304701064815
30/05/2018;14;0.995820252878510
30/05/2018;15;0.993011385628372
30/05/2018;16;0.966492443125210
30/05/2018;17;0.901941361007950
30/05/2018;18;0.961620323111816
30/05/2018;19;0.889460858853429
30/05/2018;20;0.987766983566076
30/05/2018;21;0.992300005419920
30/05/2018;22;0.885524351836425
30/05/2018;23;0.969107207722837
30/05/2018;24;0.903726204475805
30/05/2018;25;1.000000000000000
30/05/2018;26;0.976784707852195
30/05/2018;27;0.855768287882611
30/05/2018;28;1.000000000000000
30/05/2018;29;0.994850711682216
31/05/2018;11;1.000000000000000
31/05/2018;13;0.861824136387967
31/05/2018;14;0.956409882129695
31/05/2018;15;0.947618341184878
31/05/2018;16;0.900495633019611
31/05/2018;17;0.891594705319190
31/05/2018;18;0.938967942326569
31/05/2018;19;0.896959615083893
31/05/2018;20;0.946471636700926
31/05/2018;21;0.975410184299403
31/05/2018;22;0.844154737208933
31/05/2018;23;0.963189439590394
31/05/2018;24;0.900279000532654
31/05/2018;25;1.000000000000000
31/05/2018;26;0.993185999314704
31/05/2018;27;0.892366830461794
31/05/2018;28;1.000000000000000
31/05/2018;29;0.982311681022027
01/06/2018;11;0.888106527426925
01/06/2018;13;0.913987089321921
01/06/2018;14;1.000000000000000
01/06/2018;15;0.909500395267344
01/06/2018;16;0.916133614241391
01/06/2018;17;0.898242512309129
01/06/2018;18;0.960087984366697
01/06/2018;19;0.904502562065735
01/06/2018;20;0.942583323638248
01/06/2018;21;0.979542791592463
01/06/2018;22;0.896155773661934
01/06/2018;23;0.947449724499029
01/06/2018;24;0.839767456846004
01/06/2018;25;1.000000000000000
01/06/2018;26;0.991176897999718
01/06/2018;27;0.868894516607604
01/06/2018;28;1.000000000000000
01/06/2018;29;0.992642952698276
02/06/2018;11;0.729985847484408
02/06/2018;13;0.925515747168850
02/06/2018;14;1.000000000000000
02/06/2018;15;0.929687143551741
02/06/2018;16;0.967787334140703
02/06/2018;17;0.933386694442879
02/06/2018;18;0.954400033444506
02/06/2018;19;0.940624397537604
02/06/2018;20;0.932836559333222
02/06/2018;21;0.961723220860805
02/06/2018;22;0.924129384026033
02/06/2018;23;0.933906739849219
02/06/2018;24;0.585491068629683
02/06/2018;25;1.000000000000000
02/06/2018;26;0.972517065370843
02/06/2018;27;0.852497444713359
02/06/2018;28;1.000000000000000
02/06/2018;29;1.000000000000000
03/06/2018;11;1.000000000000000
03/06/2018;13;1.000000000000000
03/06/2018;14;1.000000000000000
03/06/2018;15;0.972397818403994
03/06/2018;16;0.980316565475091
03/06/2018;17;0.969224051480257
03/06/2018;18;1.000000000000000
03/06/2018;19;0.658405857800118
03/06/2018;20;0.973242071665358
03/06/2018;21;0.995729868582152
03/06/2018;22;0.847677078152520
03/06/2018;23;0.980139715960792
03/06/2018;24;0.573061763791379
03/06/2018;25;1.000000000000000
03/06/2018;26;0.957606204973925
03/06/2018;27;0.161984138704088
03/06/2018;28;1.000000000000000
03/06/2018;29;1.000000000000000
04/06/2018;11;1.000000000000000
04/06/2018;13;1.000000000000000
04/06/2018;14;1.000000000000000
04/06/2018;15;1.000000000000000
04/06/2018;16;0.998052868152155
04/06/2018;17;1.000000000000000
04/06/2018;18;1.000000000000000
04/06/2018;19;1.000000000000000
04/06/2018;20;0.968236009358623
04/06/2018;21;0.997550489866532
04/06/2018;22;0.931774850067532
04/06/2018;23;0.999939310874583
04/06/2018;24;0.897536531074312
04/06/2018;25;1.000000000000000
04/06/2018;26;0.981293999518873
04/06/2018;27;0.951958211586431
04/06/2018;28;1.000000000000000
04/06/2018;29;1.000000000000000
05/06/2018;11;1.000000000000000
05/06/2018;13;1.000000000000000
05/06/2018;14;1.000000000000000
05/06/2018;15;1.000000000000000
05/06/2018;16;1.000000000000000
05/06/2018;17;1.000000000000000
05/06/2018;18;1.000000000000000
05/06/2018;19;1.000000000000000
05/06/2018;20;1.000000000000000
05/06/2018;21;0.991321868795753
05/06/2018;22;1.000000000000000
05/06/2018;23;1.000000000000000
05/06/2018;24;0.921987578363083
05/06/2018;25;1.000000000000000
05/06/2018;26;0.995626391130055
05/06/2018;27;0.956104240293763
05/06/2018;28;1.000000000000000
05/06/2018;29;1.000000000000000
06/06/2018;11;1.000000000000000
06/06/2018;13;1.000000000000000
06/06/2018;14;1.000000000000000
06/06/2018;15;1.000000000000000
06/06/2018;16;1.000000000000000
06/06/2018;17;1.000000000000000
06/06/2018;18;1.000000000000000
06/06/2018;19;1.000000000000000
06/06/2018;20;1.000000000000000
06/06/2018;21;0.997374931602466
06/06/2018;22;1.000000000000000
06/06/2018;23;1.000000000000000
06/06/2018;24;0.958887510422844
06/06/2018;25;1.000000000000000
06/06/2018;26;1.000000000000000
06/06/2018;27;1.000000000000000
06/06/2018;28;1.000000000000000
06/06/2018;29;1.000000000000000
07/06/2018;11;1.000000000000000
07/06/2018;13;0.996231524390564
07/06/2018;14;1.000000000000000
07/06/2018;15;1.000000000000000
07/06/2018;16;1.000000000000000
07/06/2018;17;1.000000000000000
07/06/2018;18;1.000000000000000
07/06/2018;19;1.000000000000000
07/06/2018;20;1.000000000000000
07/06/2018;21;1.000000000000000
07/06/2018;22;1.000000000000000
07/06/2018;23;1.000000000000000
07/06/2018;24;1.000000000000000
07/06/2018;25;1.000000000000000
07/06/2018;26;1.000000000000000
07/06/2018;27;1.000000000000000
07/06/2018;28;1.000000000000000
07/06/2018;29;1.000000000000000
08/06/2018;11;1.000000000000000
08/06/2018;13;0.970625554569827
08/06/2018;14;1.000000000000000
08/06/2018;15;1.000000000000000
08/06/2018;16;1.000000000000000
08/06/2018;17;1.000000000000000
08/06/2018;18;1.000000000000000
08/06/2018;19;1.000000000000000
08/06/2018;20;1.000000000000000
08/06/2018;21;1.000000000000000
08/06/2018;22;1.000000000000000
08/06/2018;23;1.000000000000000
08/06/2018;24;1.000000000000000
08/06/2018;25;1.000000000000000
08/06/2018;26;1.000000000000000
08/06/2018;27;1.000000000000000
08/06/2018;28;1.000000000000000
08/06/2018;29;1.000000000000000
09/06/2018;11;1.000000000000000
09/06/2018;13;1.000000000000000
09/06/2018;14;1.000000000000000
09/06/2018;15;1.000000000000000
09/06/2018;16;1.000000000000000
09/06/2018;17;1.000000000000000
09/06/2018;18;1.000000000000000
09/06/2018;19;1.000000000000000
09/06/2018;20;1.000000000000000
09/06/2018;21;1.000000000000000
09/06/2018;22;1.000000000000000
09/06/2018;23;1.000000000000000
09/06/2018;24;1.000000000000000
09/06/2018;25;1.000000000000000
09/06/2018;26;1.000000000000000
09/06/2018;27;1.000000000000000
09/06/2018;28;1.000000000000000
09/06/2018;29;1.000000000000000
10/06/2018;11;1.000000000000000
10/06/2018;13;1.000000000000000
10/06/2018;14;1.000000000000000
10/06/2018;15;1.000000000000000
10/06/2018;16;1.000000000000000
10/06/2018;17;0.990343986633835
10/06/2018;18;1.000000000000000
10/06/2018;19;1.000000000000000
10/06/2018;20;1.000000000000000
10/06/2018;21;1.000000000000000
10/06/2018;22;1.000000000000000
10/06/2018;23;1.000000000000000
10/06/2018;24;0.986385899954025
10/06/2018;25;1.000000000000000
10/06/2018;26;1.000000000000000
10/06/2018;27;1.000000000000000
10/06/2018;28;1.000000000000000
10/06/2018;29;1.000000000000000
11/06/2018;11;1.000000000000000
11/06/2018;13;1.000000000000000
11/06/2018;14;1.000000000000000
11/06/2018;15;1.000000000000000
11/06/2018;16;1.000000000000000
11/06/2018;17;0.988384313196579
11/06/2018;18;1.000000000000000
11/06/2018;19;1.000000000000000
11/06/2018;20;1.000000000000000
11/06/2018;21;1.000000000000000
11/06/2018;22;1.000000000000000
11/06/2018;23;1.000000000000000
11/06/2018;24;0.989279826217905
11/06/2018;25;1.000000000000000
11/06/2018;26;1.000000000000000
11/06/2018;27;1.000000000000000
11/06/2018;28;1.000000000000000
11/06/2018;29;1.000000000000000
12/06/2018;11;1.000000000000000
12/06/2018;13;1.000000000000000
12/06/2018;14;0.995160479486914
12/06/2018;15;1.000000000000000
12/06/2018;16;1.000000000000000
12/06/2018;17;1.000000000000000
12/06/2018;18;1.000000000000000
12/06/2018;19;1.000000000000000
12/06/2018;20;1.000000000000000
12/06/2018;21;1.000000000000000
12/06/2018;22;1.000000000000000
12/06/2018;23;1.000000000000000
12/06/2018;24;0.983965417233576
12/06/2018;25;1.000000000000000
12/06/2018;26;1.000000000000000
12/06/2018;27;1.000000000000000
12/06/2018;28;1.000000000000000
12/06/2018;29;1.000000000000000
13/06/2018;11;1.000000000000000
13/06/2018;13;1.062291716848900
13/06/2018;14;0.949731189112542
13/06/2018;15;1.000000000000000
13/06/2018;16;1.000000000000000
13/06/2018;17;1.000000000000000
13/06/2018;18;1.000000000000000
13/06/2018;19;1.000000000000000
13/06/2018;20;1.000000000000000
13/06/2018;21;1.000000000000000
13/06/2018;22;1.000000000000000
13/06/2018;23;1.000000000000000
13/06/2018;24;0.987727101982782
13/06/2018;25;1.000000000000000
13/06/2018;26;1.000000000000000
13/06/2018;27;1.000000000000000
13/06/2018;28;1.000000000000000
13/06/2018;29;1.000000000000000
14/06/2018;11;1.000000000000000
14/06/2018;13;1.317048035401110
14/06/2018;14;1.000000000000000
14/06/2018;15;1.000000000000000
14/06/2018;16;1.000000000000000
14/06/2018;17;1.000000000000000
14/06/2018;18;1.000000000000000
14/06/2018;19;1.000000000000000
14/06/2018;20;1.000000000000000
14/06/2018;21;1.000000000000000
14/06/2018;22;1.000000000000000
14/06/2018;23;1.000000000000000
14/06/2018;24;1.000000000000000
14/06/2018;25;1.000000000000000
14/06/2018;26;1.000000000000000
14/06/2018;27;1.000000000000000
14/06/2018;28;1.000000000000000
14/06/2018;29;1.000000000000000
15/06/2018;11;1.000000000000000
15/06/2018;13;1.000000000000000
15/06/2018;14;1.000000000000000
15/06/2018;15;1.000000000000000
15/06/2018;16;1.000000000000000
15/06/2018;17;1.000000000000000
15/06/2018;18;1.000000000000000
15/06/2018;19;1.000000000000000
15/06/2018;20;1.000000000000000
15/06/2018;21;1.000000000000000
15/06/2018;22;1.000000000000000
15/06/2018;23;1.000000000000000
15/06/2018;24;1.045086542413370
15/06/2018;25;1.000000000000000
15/06/2018;26;1.000000000000000
15/06/2018;27;1.000000000000000
15/06/2018;28;1.000000000000000
15/06/2018;29;1.000000000000000
16/06/2018;11;1.000000000000000
16/06/2018;13;1.000000000000000
16/06/2018;14;1.000000000000000
16/06/2018;15;1.000000000000000
16/06/2018;16;1.000000000000000
16/06/2018;17;1.000000000000000
16/06/2018;18;0.997366700989065
16/06/2018;19;1.000000000000000
16/06/2018;20;1.000000000000000
16/06/2018;21;1.000000000000000
16/06/2018;22;1.000000000000000
16/06/2018;23;1.000000000000000
16/06/2018;24;1.000000000000000
16/06/2018;25;1.000000000000000
16/06/2018;26;1.000000000000000
16/06/2018;27;1.000000000000000
16/06/2018;28;1.000000000000000
16/06/2018;29;1.000000000000000
17/06/2018;11;1.000000000000000
17/06/2018;13;1.000000000000000
17/06/2018;14;1.000000000000000
17/06/2018;15;1.000000000000000
17/06/2018;16;1.000000000000000
17/06/2018;17;1.000000000000000
17/06/2018;18;0.996832940946150
17/06/2018;19;1.000000000000000
17/06/2018;20;1.000000000000000
17/06/2018;21;1.000000000000000
17/06/2018;22;1.000000000000000
17/06/2018;23;1.000000000000000
17/06/2018;24;0.897294457798761
17/06/2018;25;1.000000000000000
17/06/2018;26;1.000000000000000
17/06/2018;27;1.000000000000000
17/06/2018;28;1.000000000000000
17/06/2018;29;1.000000000000000
18/06/2018;11;1.000000000000000
18/06/2018;13;1.000000000000000
18/06/2018;14;1.000000000000000
18/06/2018;15;1.000000000000000
18/06/2018;16;1.000000000000000
18/06/2018;17;1.000000000000000
18/06/2018;18;1.000000000000000
18/06/2018;19;1.000000000000000
18/06/2018;20;1.000000000000000
18/06/2018;21;1.000000000000000
18/06/2018;22;1.000000000000000
18/06/2018;23;1.000000000000000
18/06/2018;24;0.970062163140746
18/06/2018;25;1.000000000000000
18/06/2018;26;1.000000000000000
18/06/2018;27;1.000000000000000
18/06/2018;28;1.000000000000000
18/06/2018;29;1.000000000000000
19/06/2018;11;1.000000000000000
19/06/2018;13;1.000000000000000
19/06/2018;14;1.000000000000000
19/06/2018;15;1.000000000000000
19/06/2018;16;1.000000000000000
19/06/2018;17;1.000000000000000
19/06/2018;18;1.000000000000000
19/06/2018;19;1.000000000000000
19/06/2018;20;1.000000000000000
19/06/2018;21;1.000000000000000
19/06/2018;22;1.000000000000000
19/06/2018;23;1.000000000000000
19/06/2018;24;0.948654359902105
19/06/2018;25;1.000000000000000
19/06/2018;26;1.000000000000000
19/06/2018;27;1.000000000000000
19/06/2018;28;1.000000000000000
19/06/2018;29;1.000000000000000
20/06/2018;11;1.000000000000000
20/06/2018;13;0.971033684773517
20/06/2018;14;0.989856059324430
20/06/2018;15;0.998324401359580
20/06/2018;16;1.000000000000000
20/06/2018;17;1.000000000000000
20/06/2018;18;0.970857694739955
20/06/2018;19;1.000000000000000
20/06/2018;20;1.000000000000000
20/06/2018;21;1.000000000000000
20/06/2018;22;1.000000000000000
20/06/2018;23;1.000000000000000
20/06/2018;24;0.986964575919670
20/06/2018;25;1.000000000000000
20/06/2018;26;1.000000000000000
20/06/2018;27;1.000000000000000
20/06/2018;28;1.000000000000000
20/06/2018;29;1.000000000000000
21/06/2018;11;1.000000000000000
21/06/2018;13;0.846073922758055
21/06/2018;14;0.926975205116988
21/06/2018;15;0.967192648668162
21/06/2018;16;0.998576073022844
21/06/2018;17;1.000000000000000
21/06/2018;18;0.950246806735559
21/06/2018;19;0.943632610949328
21/06/2018;20;0.991636951537637
21/06/2018;21;0.999705240019394
21/06/2018;22;0.984376063537888
21/06/2018;23;0.966451066926154
21/06/2018;24;0.964792712029450
21/06/2018;25;1.000000000000000
21/06/2018;26;1.000000000000000
21/06/2018;27;1.000000000000000
21/06/2018;28;1.000000000000000
21/06/2018;29;1.000000000000000
22/06/2018;11;1.000000000000000
22/06/2018;13;1.000000000000000
22/06/2018;14;1.000000000000000
22/06/2018;15;0.990773505421937
22/06/2018;16;0.997348721067631
22/06/2018;17;1.000000000000000
22/06/2018;18;0.979332122544233
22/06/2018;19;0.975046801654835
22/06/2018;20;0.965548071180287
22/06/2018;21;0.990103839827608
22/06/2018;22;0.981015798510597
22/06/2018;23;0.988266318327389
22/06/2018;24;0.912726580461035
22/06/2018;25;1.000000000000000
22/06/2018;26;1.000000000000000
22/06/2018;27;0.951072778882978
22/06/2018;28;1.000000000000000
22/06/2018;29;1.000000000000000
23/06/2018;11;1.000000000000000
23/06/2018;13;1.000000000000000
23/06/2018;14;1.000000000000000
23/06/2018;15;1.000000000000000
23/06/2018;16;0.990238286091636
23/06/2018;17;1.000000000000000
23/06/2018;18;1.000000000000000
23/06/2018;19;1.000000000000000
23/06/2018;20;1.000000000000000
23/06/2018;21;1.000000000000000
23/06/2018;22;1.000000000000000
23/06/2018;23;0.994675143159705
23/06/2018;24;0.802946124304385
23/06/2018;25;1.000000000000000
23/06/2018;26;0.997518229537922
23/06/2018;27;0.903764268955021
23/06/2018;28;1.000000000000000
23/06/2018;29;1.000000000000000
24/06/2018;11;1.000000000000000
24/06/2018;13;1.000000000000000
24/06/2018;14;1.000000000000000
24/06/2018;15;1.000000000000000
24/06/2018;16;0.982428710353910
24/06/2018;17;1.000000000000000
24/06/2018;18;1.000000000000000
24/06/2018;19;1.000000000000000
24/06/2018;20;1.000000000000000
24/06/2018;21;1.000000000000000
24/06/2018;22;1.000000000000000
24/06/2018;23;0.999994622068323
24/06/2018;24;1.000000000000000
24/06/2018;25;1.000000000000000
24/06/2018;26;0.984262666729544
24/06/2018;27;0.369804745721347
24/06/2018;28;1.000000000000000
24/06/2018;29;1.000000000000000
25/06/2018;11;1.000000000000000
25/06/2018;13;1.000000000000000
25/06/2018;14;1.000000000000000
25/06/2018;15;1.000000000000000
25/06/2018;16;1.000000000000000
25/06/2018;17;1.000000000000000
25/06/2018;18;1.000000000000000
25/06/2018;19;1.000000000000000
25/06/2018;20;1.000000000000000
25/06/2018;21;1.000000000000000
25/06/2018;22;1.000000000000000
25/06/2018;23;1.000000000000000
25/06/2018;24;1.063514273890530
25/06/2018;25;1.000000000000000
25/06/2018;26;0.997446684889500
25/06/2018;27;1.000000000000000
25/06/2018;28;1.000000000000000
25/06/2018;29;1.000000000000000
26/06/2018;11;1.000000000000000
26/06/2018;13;1.000000000000000
26/06/2018;14;1.000000000000000
26/06/2018;15;1.000000000000000
26/06/2018;16;1.000000000000000
26/06/2018;17;1.000000000000000
26/06/2018;18;1.000000000000000
26/06/2018;19;1.000000000000000
26/06/2018;20;1.000000000000000
26/06/2018;21;1.000000000000000
26/06/2018;22;1.000000000000000
26/06/2018;23;1.000000000000000
26/06/2018;24;1.071382560817320
26/06/2018;25;1.000000000000000
26/06/2018;26;1.000000000000000
26/06/2018;27;1.000000000000000
26/06/2018;28;1.000000000000000
26/06/2018;29;1.000000000000000
27/06/2018;11;1.000000000000000
27/06/2018;13;1.000000000000000
27/06/2018;14;1.000000000000000
27/06/2018;15;1.000000000000000
27/06/2018;16;1.000000000000000
27/06/2018;17;1.000000000000000
27/06/2018;18;1.000000000000000
27/06/2018;19;1.000000000000000
27/06/2018;20;1.000000000000000
27/06/2018;21;1.000000000000000
27/06/2018;22;1.000000000000000
27/06/2018;23;1.000000000000000
27/06/2018;24;1.049735821261040
27/06/2018;25;1.000000000000000
27/06/2018;26;1.000000000000000
27/06/2018;27;1.000000000000000
27/06/2018;28;1.000000000000000
27/06/2018;29;1.000000000000000
28/06/2018;11;1.000000000000000
28/06/2018;13;0.997016302278691
28/06/2018;14;1.000000000000000
28/06/2018;15;1.000000000000000
28/06/2018;16;0.998397276868430
28/06/2018;17;1.000000000000000
28/06/2018;18;0.988330977641652
28/06/2018;19;1.000000000000000
28/06/2018;20;1.000000000000000
28/06/2018;21;1.000000000000000
28/06/2018;22;1.000000000000000
28/06/2018;23;1.000000000000000
28/06/2018;24;1.054606919150770
28/06/2018;25;1.000000000000000
28/06/2018;26;1.000000000000000
28/06/2018;27;1.000000000000000
28/06/2018;28;1.000000000000000
28/06/2018;29;1.000000000000000
29/06/2018;11;1.000000000000000
29/06/2018;13;0.976357574612044
29/06/2018;14;1.000000000000000
29/06/2018;15;1.000000000000000
29/06/2018;16;0.997018226607305
29/06/2018;17;1.000000000000000
29/06/2018;18;0.984429061790242
29/06/2018;19;1.000000000000000
29/06/2018;20;1.000000000000000
29/06/2018;21;1.000000000000000
29/06/2018;22;1.000000000000000
29/06/2018;23;1.000000000000000
29/06/2018;24;1.000000000000000
29/06/2018;25;1.000000000000000
29/06/2018;26;1.000000000000000
29/06/2018;27;1.000000000000000
29/06/2018;28;1.000000000000000
29/06/2018;29;1.000000000000000
30/06/2018;11;1.000000000000000
30/06/2018;13;1.000000000000000
30/06/2018;14;1.000000000000000
30/06/2018;15;1.000000000000000
30/06/2018;16;1.000000000000000
30/06/2018;17;1.000000000000000
30/06/2018;18;1.000000000000000
30/06/2018;19;1.000000000000000
30/06/2018;20;1.000000000000000
30/06/2018;21;1.000000000000000
30/06/2018;22;1.000000000000000
30/06/2018;23;1.000000000000000
30/06/2018;24;0.930204994190014
30/06/2018;25;1.000000000000000
30/06/2018;26;1.000000000000000
30/06/2018;27;1.000000000000000
30/06/2018;28;1.000000000000000
30/06/2018;29;1.000000000000000
01/07/2018;11;1.000000000000000
01/07/2018;13;1.000000000000000
01/07/2018;14;1.000000000000000
01/07/2018;15;1.000000000000000
01/07/2018;16;1.000000000000000
01/07/2018;17;1.000000000000000
01/07/2018;18;1.000000000000000
01/07/2018;19;1.000000000000000
01/07/2018;20;1.000000000000000
01/07/2018;21;1.000000000000000
01/07/2018;22;1.000000000000000
01/07/2018;23;1.000000000000000
01/07/2018;24;0.969399208551378
01/07/2018;25;1.000000000000000
01/07/2018;26;1.000000000000000
01/07/2018;27;1.000000000000000
01/07/2018;28;1.000000000000000
01/07/2018;29;1.000000000000000
02/07/2018;11;1.000000000000000
02/07/2018;13;1.000000000000000
02/07/2018;14;1.000000000000000
02/07/2018;15;1.000000000000000
02/07/2018;16;1.000000000000000
02/07/2018;17;1.000000000000000
02/07/2018;18;1.000000000000000
02/07/2018;19;1.000000000000000
02/07/2018;20;1.000000000000000
02/07/2018;21;1.000000000000000
02/07/2018;22;1.000000000000000
02/07/2018;23;1.000000000000000
02/07/2018;24;0.999621823499672
02/07/2018;25;1.000000000000000
02/07/2018;26;1.000000000000000
02/07/2018;27;1.000000000000000
02/07/2018;28;1.000000000000000
02/07/2018;29;1.000000000000000
03/07/2018;11;1.000000000000000
03/07/2018;13;1.000000000000000
03/07/2018;14;1.000000000000000
03/07/2018;15;1.000000000000000
03/07/2018;16;1.000000000000000
03/07/2018;17;1.000000000000000
03/07/2018;18;1.000000000000000
03/07/2018;19;1.000000000000000
03/07/2018;20;1.000000000000000
03/07/2018;21;1.000000000000000
03/07/2018;22;1.000000000000000
03/07/2018;23;1.000000000000000
03/07/2018;24;0.998459475885228
03/07/2018;25;1.000000000000000
03/07/2018;26;1.000000000000000
03/07/2018;27;1.000000000000000
03/07/2018;28;1.000000000000000
03/07/2018;29;1.000000000000000
04/07/2018;11;1.000000000000000
04/07/2018;13;1.000000000000000
04/07/2018;14;1.000000000000000
04/07/2018;15;1.000000000000000
04/07/2018;16;1.000000000000000
04/07/2018;17;1.000000000000000
04/07/2018;18;1.000000000000000
04/07/2018;19;1.000000000000000
04/07/2018;20;1.000000000000000
04/07/2018;21;1.000000000000000
04/07/2018;22;1.000000000000000
04/07/2018;23;1.000000000000000
04/07/2018;24;0.998513081967688
04/07/2018;25;1.000000000000000
04/07/2018;26;1.000000000000000
04/07/2018;27;1.000000000000000
04/07/2018;28;1.000000000000000
04/07/2018;29;1.000000000000000
05/07/2018;11;1.000000000000000
05/07/2018;13;1.000000000000000
05/07/2018;14;1.000000000000000
05/07/2018;15;1.000000000000000
05/07/2018;16;1.000000000000000
05/07/2018;17;1.000000000000000
05/07/2018;18;1.000000000000000
05/07/2018;19;1.000000000000000
05/07/2018;20;1.000000000000000
05/07/2018;21;1.000000000000000
05/07/2018;22;1.000000000000000
05/07/2018;23;1.000000000000000
05/07/2018;24;1.000000000000000
05/07/2018;25;1.000000000000000
05/07/2018;26;1.000000000000000
05/07/2018;27;1.000000000000000
05/07/2018;28;1.000000000000000
05/07/2018;29;1.000000000000000
06/07/2018;11;1.000000000000000
06/07/2018;13;1.000000000000000
06/07/2018;14;1.000000000000000
06/07/2018;15;1.000000000000000
06/07/2018;16;1.000000000000000
06/07/2018;17;1.000000000000000
06/07/2018;18;1.000000000000000
06/07/2018;19;1.000000000000000
06/07/2018;20;1.000000000000000
06/07/2018;21;1.000000000000000
06/07/2018;22;1.000000000000000
06/07/2018;23;1.000000000000000
06/07/2018;24;1.000000000000000
06/07/2018;25;1.000000000000000
06/07/2018;26;1.000000000000000
06/07/2018;27;1.000000000000000
06/07/2018;28;1.000000000000000
06/07/2018;29;1.000000000000000
07/07/2018;11;1.000000000000000
07/07/2018;13;1.000000000000000
07/07/2018;14;1.000000000000000
07/07/2018;15;1.000000000000000
07/07/2018;16;1.000000000000000
07/07/2018;17;1.000000000000000
07/07/2018;18;1.000000000000000
07/07/2018;19;1.000000000000000
07/07/2018;20;1.000000000000000
07/07/2018;21;1.000000000000000
07/07/2018;22;1.000000000000000
07/07/2018;23;1.000000000000000
07/07/2018;24;1.000000000000000
07/07/2018;25;1.000000000000000
07/07/2018;26;1.000000000000000
07/07/2018;27;1.000000000000000
07/07/2018;28;1.000000000000000
07/07/2018;29;1.000000000000000
08/07/2018;11;1.000000000000000
08/07/2018;13;1.000000000000000
08/07/2018;14;1.000000000000000
08/07/2018;15;1.000000000000000
08/07/2018;16;1.000000000000000
08/07/2018;17;1.000000000000000
08/07/2018;18;1.000000000000000
08/07/2018;19;1.000000000000000
08/07/2018;20;1.000000000000000
08/07/2018;21;1.000000000000000
08/07/2018;22;1.000000000000000
08/07/2018;23;1.000000000000000
08/07/2018;24;1.000000000000000
08/07/2018;25;1.000000000000000
08/07/2018;26;1.000000000000000
08/07/2018;27;1.000000000000000
08/07/2018;28;1.000000000000000
08/07/2018;29;1.000000000000000
09/07/2018;11;1.000000000000000
09/07/2018;13;1.000000000000000
09/07/2018;14;1.000000000000000
09/07/2018;15;1.000000000000000
09/07/2018;16;1.000000000000000
09/07/2018;17;1.000000000000000
09/07/2018;18;1.000000000000000
09/07/2018;19;1.000000000000000
09/07/2018;20;1.000000000000000
09/07/2018;21;1.000000000000000
09/07/2018;22;1.000000000000000
09/07/2018;23;1.000000000000000
09/07/2018;24;1.000000000000000
09/07/2018;25;1.000000000000000
09/07/2018;26;1.000000000000000
09/07/2018;27;1.000000000000000
09/07/2018;28;1.000000000000000
09/07/2018;29;1.000000000000000
10/07/2018;11;1.000000000000000
10/07/2018;13;1.000000000000000
10/07/2018;14;1.000000000000000
10/07/2018;15;1.000000000000000
10/07/2018;16;1.000000000000000
10/07/2018;17;1.000000000000000
10/07/2018;18;1.000000000000000
10/07/2018;19;1.000000000000000
10/07/2018;20;1.000000000000000
10/07/2018;21;1.000000000000000
10/07/2018;22;1.000000000000000
10/07/2018;23;1.000000000000000
10/07/2018;24;0.995978848047248
10/07/2018;25;1.000000000000000
10/07/2018;26;1.000000000000000
10/07/2018;27;1.000000000000000
10/07/2018;28;1.000000000000000
10/07/2018;29;1.000000000000000
11/07/2018;11;1.000000000000000
11/07/2018;13;1.000000000000000
11/07/2018;14;1.000000000000000
11/07/2018;15;1.000000000000000
11/07/2018;16;1.000000000000000
11/07/2018;17;1.000000000000000
11/07/2018;18;1.000000000000000
11/07/2018;19;1.000000000000000
11/07/2018;20;1.000000000000000
11/07/2018;21;1.000000000000000
11/07/2018;22;1.000000000000000
11/07/2018;23;1.000000000000000
11/07/2018;24;0.988552967229174
11/07/2018;25;1.000000000000000
11/07/2018;26;1.000000000000000
11/07/2018;27;1.000000000000000
11/07/2018;28;1.000000000000000
11/07/2018;29;1.000000000000000
12/07/2018;11;1.000000000000000
12/07/2018;13;1.000000000000000
12/07/2018;14;1.000000000000000
12/07/2018;15;1.000000000000000
12/07/2018;16;1.000000000000000
12/07/2018;17;1.000000000000000
12/07/2018;18;1.000000000000000
12/07/2018;19;1.000000000000000
12/07/2018;20;1.000000000000000
12/07/2018;21;1.000000000000000
12/07/2018;22;1.000000000000000
12/07/2018;23;1.000000000000000
12/07/2018;24;0.997446240346822
12/07/2018;25;1.000000000000000
12/07/2018;26;1.000000000000000
12/07/2018;27;1.000000000000000
12/07/2018;28;1.000000000000000
12/07/2018;29;1.000000000000000
13/07/2018;11;1.000000000000000
13/07/2018;13;1.000000000000000
13/07/2018;14;1.000000000000000
13/07/2018;15;1.000000000000000
13/07/2018;16;1.000000000000000
13/07/2018;17;1.000000000000000
13/07/2018;18;1.000000000000000
13/07/2018;19;1.000000000000000
13/07/2018;20;1.000000000000000
13/07/2018;21;1.000000000000000
13/07/2018;22;1.000000000000000
13/07/2018;23;1.000000000000000
13/07/2018;24;1.000000000000000
13/07/2018;25;1.000000000000000
13/07/2018;26;1.000000000000000
13/07/2018;27;1.000000000000000
13/07/2018;28;1.000000000000000
13/07/2018;29;1.000000000000000
14/07/2018;11;1.000000000000000
14/07/2018;13;1.000000000000000
14/07/2018;14;1.000000000000000
14/07/2018;15;1.000000000000000
14/07/2018;16;1.000000000000000
14/07/2018;17;1.000000000000000
14/07/2018;18;1.000000000000000
14/07/2018;19;1.000000000000000
14/07/2018;20;1.000000000000000
14/07/2018;21;1.000000000000000
14/07/2018;22;1.000000000000000
14/07/2018;23;1.000000000000000
14/07/2018;24;1.000000000000000
14/07/2018;25;1.000000000000000
14/07/2018;26;1.000000000000000
14/07/2018;27;1.000000000000000
14/07/2018;28;1.000000000000000
14/07/2018;29;1.000000000000000
15/07/2018;11;1.000000000000000
15/07/2018;13;1.000000000000000
15/07/2018;14;1.000000000000000
15/07/2018;15;1.000000000000000
15/07/2018;16;1.000000000000000
15/07/2018;17;1.000000000000000
15/07/2018;18;1.000000000000000
15/07/2018;19;1.000000000000000
15/07/2018;20;1.000000000000000
15/07/2018;21;1.000000000000000
15/07/2018;22;1.000000000000000
15/07/2018;23;1.000000000000000
15/07/2018;24;0.993037635579485
15/07/2018;25;1.000000000000000
15/07/2018;26;1.000000000000000
15/07/2018;27;1.000000000000000
15/07/2018;28;1.000000000000000
15/07/2018;29;1.000000000000000
16/07/2018;11;1.000000000000000
16/07/2018;13;1.000000000000000
16/07/2018;14;1.000000000000000
16/07/2018;15;1.000000000000000
16/07/2018;16;1.000000000000000
16/07/2018;17;1.000000000000000
16/07/2018;18;1.000000000000000
16/07/2018;19;1.000000000000000
16/07/2018;20;1.000000000000000
16/07/2018;21;1.000000000000000
16/07/2018;22;1.000000000000000
16/07/2018;23;1.000000000000000
16/07/2018;24;0.984679573989492
16/07/2018;25;1.000000000000000
16/07/2018;26;1.000000000000000
16/07/2018;27;1.000000000000000
16/07/2018;28;1.000000000000000
16/07/2018;29;1.000000000000000
17/07/2018;11;1.000000000000000
17/07/2018;13;1.000000000000000
17/07/2018;14;1.000000000000000
17/07/2018;15;1.000000000000000
17/07/2018;16;1.000000000000000
17/07/2018;17;1.000000000000000
17/07/2018;18;1.000000000000000
17/07/2018;19;1.000000000000000
17/07/2018;20;1.000000000000000
17/07/2018;21;1.000000000000000
17/07/2018;22;1.000000000000000
17/07/2018;23;1.000000000000000
17/07/2018;24;0.965932939980499
17/07/2018;25;1.000000000000000
17/07/2018;26;1.000000000000000
17/07/2018;27;0.938455811238378
17/07/2018;28;1.000000000000000
17/07/2018;29;1.000000000000000
18/07/2018;11;1.000000000000000
18/07/2018;13;1.000000000000000
18/07/2018;14;1.000000000000000
18/07/2018;15;1.000000000000000
18/07/2018;16;1.000000000000000
18/07/2018;17;1.000000000000000
18/07/2018;18;1.000000000000000
18/07/2018;19;1.000000000000000
18/07/2018;20;1.000000000000000
18/07/2018;21;1.000000000000000
18/07/2018;22;1.000000000000000
18/07/2018;23;1.000000000000000
18/07/2018;24;0.992026918808076
18/07/2018;25;1.000000000000000
18/07/2018;26;1.000000000000000
18/07/2018;27;1.000000000000000
18/07/2018;28;1.000000000000000
18/07/2018;29;1.000000000000000
19/07/2018;11;1.000000000000000
19/07/2018;13;1.000000000000000
19/07/2018;14;1.000000000000000
19/07/2018;15;1.000000000000000
19/07/2018;16;1.000000000000000
19/07/2018;17;1.000000000000000
19/07/2018;18;1.000000000000000
19/07/2018;19;1.000000000000000
19/07/2018;20;1.000000000000000
19/07/2018;21;1.000000000000000
19/07/2018;22;1.000000000000000
19/07/2018;23;1.000000000000000
19/07/2018;24;1.000000000000000
19/07/2018;25;1.000000000000000
19/07/2018;26;1.000000000000000
19/07/2018;27;1.000000000000000
19/07/2018;28;1.000000000000000
19/07/2018;29;1.000000000000000
20/07/2018;11;1.000000000000000
20/07/2018;13;1.000000000000000
20/07/2018;14;1.000000000000000
20/07/2018;15;1.000000000000000
20/07/2018;16;1.000000000000000
20/07/2018;17;1.000000000000000
20/07/2018;18;1.000000000000000
20/07/2018;19;1.000000000000000
20/07/2018;20;1.000000000000000
20/07/2018;21;1.000000000000000
20/07/2018;22;1.000000000000000
20/07/2018;23;1.000000000000000
20/07/2018;24;1.000000000000000
20/07/2018;25;1.000000000000000
20/07/2018;26;1.000000000000000
20/07/2018;27;1.000000000000000
20/07/2018;28;1.000000000000000
20/07/2018;29;1.000000000000000
21/07/2018;11;1.000000000000000
21/07/2018;13;1.000000000000000
21/07/2018;14;1.000000000000000
21/07/2018;15;1.000000000000000
21/07/2018;16;1.000000000000000
21/07/2018;17;1.000000000000000
21/07/2018;18;1.000000000000000
21/07/2018;19;1.000000000000000
21/07/2018;20;1.000000000000000
21/07/2018;21;1.000000000000000
21/07/2018;22;1.000000000000000
21/07/2018;23;1.000000000000000
21/07/2018;24;1.000000000000000
21/07/2018;25;1.000000000000000
21/07/2018;26;1.000000000000000
21/07/2018;27;1.000000000000000
21/07/2018;28;1.000000000000000
21/07/2018;29;1.000000000000000
22/07/2018;11;1.000000000000000
22/07/2018;13;1.000000000000000
22/07/2018;14;1.000000000000000
22/07/2018;15;1.000000000000000
22/07/2018;16;1.000000000000000
22/07/2018;17;1.000000000000000
22/07/2018;18;1.000000000000000
22/07/2018;19;1.000000000000000
22/07/2018;20;1.000000000000000
22/07/2018;21;1.000000000000000
22/07/2018;22;1.000000000000000
22/07/2018;23;1.000000000000000
22/07/2018;24;1.000000000000000
22/07/2018;25;1.000000000000000
22/07/2018;26;1.000000000000000
22/07/2018;27;1.000000000000000
22/07/2018;28;1.000000000000000
22/07/2018;29;1.000000000000000
23/07/2018;11;1.000000000000000
23/07/2018;13;1.000000000000000
23/07/2018;14;1.000000000000000
23/07/2018;15;1.000000000000000
23/07/2018;16;1.000000000000000
23/07/2018;17;1.000000000000000
23/07/2018;18;1.000000000000000
23/07/2018;19;1.000000000000000
23/07/2018;20;1.000000000000000
23/07/2018;21;1.000000000000000
23/07/2018;22;1.000000000000000
23/07/2018;23;1.000000000000000
23/07/2018;24;0.999243876747226
23/07/2018;25;1.000000000000000
23/07/2018;26;1.000000000000000
23/07/2018;27;1.000000000000000
23/07/2018;28;1.000000000000000
23/07/2018;29;1.000000000000000
24/07/2018;11;1.000000000000000
24/07/2018;13;1.000000000000000
24/07/2018;14;1.000000000000000
24/07/2018;15;0.999875604817897
24/07/2018;16;1.000000000000000
24/07/2018;17;1.000000000000000
24/07/2018;18;1.000000000000000
24/07/2018;19;1.000000000000000
24/07/2018;20;1.000000000000000
24/07/2018;21;1.000000000000000
24/07/2018;22;1.000000000000000
24/07/2018;23;1.000000000000000
24/07/2018;24;0.994631939942385
24/07/2018;25;1.000000000000000
24/07/2018;26;1.000000000000000
24/07/2018;27;1.000000000000000
24/07/2018;28;1.000000000000000
24/07/2018;29;1.000000000000000
25/07/2018;11;1.000000000000000
25/07/2018;13;1.000000000000000
25/07/2018;14;1.000000000000000
25/07/2018;15;0.990501468949202
25/07/2018;16;1.000000000000000
25/07/2018;17;1.000000000000000
25/07/2018;18;1.000000000000000
25/07/2018;19;1.000000000000000
25/07/2018;20;1.000000000000000
25/07/2018;21;1.000000000000000
25/07/2018;22;1.000000000000000
25/07/2018;23;1.000000000000000
25/07/2018;24;0.988710214690253
25/07/2018;25;1.000000000000000
25/07/2018;26;1.000000000000000
25/07/2018;27;1.000000000000000
25/07/2018;28;1.000000000000000
25/07/2018;29;1.000000000000000
26/07/2018;11;1.000000000000000
26/07/2018;13;1.000000000000000
26/07/2018;14;1.000000000000000
26/07/2018;15;1.000000000000000
26/07/2018;16;1.000000000000000
26/07/2018;17;1.000000000000000
26/07/2018;18;1.000000000000000
26/07/2018;19;1.000000000000000
26/07/2018;20;1.000000000000000
26/07/2018;21;1.000000000000000
26/07/2018;22;1.000000000000000
26/07/2018;23;1.000000000000000
26/07/2018;24;0.991259329052089
26/07/2018;25;1.000000000000000
26/07/2018;26;1.000000000000000
26/07/2018;27;1.000000000000000
26/07/2018;28;1.000000000000000
26/07/2018;29;1.000000000000000
27/07/2018;11;1.000000000000000
27/07/2018;13;1.000000000000000
27/07/2018;14;1.000000000000000
27/07/2018;15;1.000000000000000
27/07/2018;16;1.000000000000000
27/07/2018;17;1.000000000000000
27/07/2018;18;1.000000000000000
27/07/2018;19;1.000000000000000
27/07/2018;20;1.000000000000000
27/07/2018;21;1.000000000000000
27/07/2018;22;1.000000000000000
27/07/2018;23;1.000000000000000
27/07/2018;24;0.992703317961768
27/07/2018;25;1.000000000000000
27/07/2018;26;1.000000000000000
27/07/2018;27;1.000000000000000
27/07/2018;28;1.000000000000000
27/07/2018;29;1.000000000000000
28/07/2018;11;1.000000000000000
28/07/2018;13;1.000000000000000
28/07/2018;14;1.000000000000000
28/07/2018;15;1.000000000000000
28/07/2018;16;1.000000000000000
28/07/2018;17;1.000000000000000
28/07/2018;18;1.000000000000000
28/07/2018;19;1.000000000000000
28/07/2018;20;1.000000000000000
28/07/2018;21;1.000000000000000
28/07/2018;22;1.000000000000000
28/07/2018;23;1.000000000000000
28/07/2018;24;1.000000000000000
28/07/2018;25;1.000000000000000
28/07/2018;26;1.000000000000000
28/07/2018;27;1.000000000000000
28/07/2018;28;1.000000000000000
28/07/2018;29;1.000000000000000
29/07/2018;11;1.000000000000000
29/07/2018;13;1.000000000000000
29/07/2018;14;1.000000000000000
29/07/2018;15;1.000000000000000
29/07/2018;16;1.000000000000000
29/07/2018;17;1.000000000000000
29/07/2018;18;1.000000000000000
29/07/2018;19;1.000000000000000
29/07/2018;20;1.000000000000000
29/07/2018;21;1.000000000000000
29/07/2018;22;1.000000000000000
29/07/2018;23;1.000000000000000
29/07/2018;24;1.000000000000000
29/07/2018;25;1.000000000000000
29/07/2018;26;1.000000000000000
29/07/2018;27;1.000000000000000
29/07/2018;28;1.000000000000000
29/07/2018;29;1.000000000000000
30/07/2018;11;1.000000000000000
30/07/2018;13;1.000000000000000
30/07/2018;14;1.000000000000000
30/07/2018;15;1.000000000000000
30/07/2018;16;1.000000000000000
30/07/2018;17;1.000000000000000
30/07/2018;18;1.000000000000000
30/07/2018;19;1.000000000000000
30/07/2018;20;1.000000000000000
30/07/2018;21;1.000000000000000
30/07/2018;22;1.000000000000000
30/07/2018;23;1.000000000000000
30/07/2018;24;1.000000000000000
30/07/2018;25;1.000000000000000
30/07/2018;26;1.000000000000000
30/07/2018;27;1.000000000000000
30/07/2018;28;1.000000000000000
30/07/2018;29;1.000000000000000
31/07/2018;11;1.000000000000000
31/07/2018;13;1.000000000000000
31/07/2018;14;1.000000000000000
31/07/2018;15;1.000000000000000
31/07/2018;16;1.000000000000000
31/07/2018;17;1.000000000000000
31/07/2018;18;1.000000000000000
31/07/2018;19;1.000000000000000
31/07/2018;20;1.000000000000000
31/07/2018;21;1.000000000000000
31/07/2018;22;1.000000000000000
31/07/2018;23;1.000000000000000
31/07/2018;24;0.996936787957895
31/07/2018;25;1.000000000000000
31/07/2018;26;1.000000000000000
31/07/2018;27;1.000000000000000
31/07/2018;28;1.000000000000000
31/07/2018;29;1.000000000000000
01/08/2018;11;1.000000000000000
01/08/2018;13;1.000000000000000
01/08/2018;14;1.000000000000000
01/08/2018;15;1.000000000000000
01/08/2018;16;1.000000000000000
01/08/2018;17;1.000000000000000
01/08/2018;18;1.000000000000000
01/08/2018;19;1.000000000000000
01/08/2018;20;1.000000000000000
01/08/2018;21;1.000000000000000
01/08/2018;22;1.000000000000000
01/08/2018;23;1.000000000000000
01/08/2018;24;0.989454444671768
01/08/2018;25;1.000000000000000
01/08/2018;26;1.000000000000000
01/08/2018;27;1.000000000000000
01/08/2018;28;1.000000000000000
01/08/2018;29;1.000000000000000
02/08/2018;11;1.000000000000000
02/08/2018;13;1.000000000000000
02/08/2018;14;1.000000000000000
02/08/2018;15;1.000000000000000
02/08/2018;16;1.000000000000000
02/08/2018;17;1.000000000000000
02/08/2018;18;1.000000000000000
02/08/2018;19;1.000000000000000
02/08/2018;20;1.000000000000000
02/08/2018;21;1.000000000000000
02/08/2018;22;1.000000000000000
02/08/2018;23;1.000000000000000
02/08/2018;24;1.000000000000000
02/08/2018;25;1.000000000000000
02/08/2018;26;1.000000000000000
02/08/2018;27;1.000000000000000
02/08/2018;28;1.000000000000000
02/08/2018;29;1.000000000000000
03/08/2018;11;1.000000000000000
03/08/2018;13;1.000000000000000
03/08/2018;14;1.000000000000000
03/08/2018;15;1.000000000000000
03/08/2018;16;1.000000000000000
03/08/2018;17;1.000000000000000
03/08/2018;18;1.000000000000000
03/08/2018;19;1.000000000000000
03/08/2018;20;1.000000000000000
03/08/2018;21;1.000000000000000
03/08/2018;22;1.000000000000000
03/08/2018;23;1.000000000000000
03/08/2018;24;1.000000000000000
03/08/2018;25;1.000000000000000
03/08/2018;26;1.000000000000000
03/08/2018;27;1.000000000000000
03/08/2018;28;1.000000000000000
03/08/2018;29;1.000000000000000
04/08/2018;11;1.000000000000000
04/08/2018;13;1.000000000000000
04/08/2018;14;1.000000000000000
04/08/2018;15;1.000000000000000
04/08/2018;16;1.000000000000000
04/08/2018;17;1.000000000000000
04/08/2018;18;1.000000000000000
04/08/2018;19;1.000000000000000
04/08/2018;20;1.000000000000000
04/08/2018;21;1.000000000000000
04/08/2018;22;1.000000000000000
04/08/2018;23;1.000000000000000
04/08/2018;24;1.000000000000000
04/08/2018;25;1.000000000000000
04/08/2018;26;1.000000000000000
04/08/2018;27;1.000000000000000
04/08/2018;28;1.000000000000000
04/08/2018;29;1.000000000000000
05/08/2018;11;1.000000000000000
05/08/2018;13;1.000000000000000
05/08/2018;14;1.000000000000000
05/08/2018;15;1.000000000000000
05/08/2018;16;1.000000000000000
05/08/2018;17;1.000000000000000
05/08/2018;18;1.000000000000000
05/08/2018;19;1.000000000000000
05/08/2018;20;1.000000000000000
05/08/2018;21;1.000000000000000
05/08/2018;22;1.000000000000000
05/08/2018;23;1.000000000000000
05/08/2018;24;1.000000000000000
05/08/2018;25;1.000000000000000
05/08/2018;26;1.000000000000000
05/08/2018;27;1.000000000000000
05/08/2018;28;1.000000000000000
05/08/2018;29;1.000000000000000
06/08/2018;11;1.000000000000000
06/08/2018;13;1.000000000000000
06/08/2018;14;1.000000000000000
06/08/2018;15;1.000000000000000
06/08/2018;16;1.000000000000000
06/08/2018;17;1.000000000000000
06/08/2018;18;1.000000000000000
06/08/2018;19;1.000000000000000
06/08/2018;20;1.000000000000000
06/08/2018;21;1.000000000000000
06/08/2018;22;1.000000000000000
06/08/2018;23;1.000000000000000
06/08/2018;24;1.000000000000000
06/08/2018;25;1.000000000000000
06/08/2018;26;1.000000000000000
06/08/2018;27;1.000000000000000
06/08/2018;28;1.000000000000000
06/08/2018;29;1.000000000000000
07/08/2018;11;1.000000000000000
07/08/2018;13;1.000000000000000
07/08/2018;14;1.000000000000000
07/08/2018;15;1.000000000000000
07/08/2018;16;1.000000000000000
07/08/2018;17;1.000000000000000
07/08/2018;18;1.000000000000000
07/08/2018;19;1.000000000000000
07/08/2018;20;1.000000000000000
07/08/2018;21;1.000000000000000
07/08/2018;22;1.000000000000000
07/08/2018;23;1.000000000000000
07/08/2018;24;0.998236806685139
07/08/2018;25;1.000000000000000
07/08/2018;26;1.000000000000000
07/08/2018;27;1.000000000000000
07/08/2018;28;1.000000000000000
07/08/2018;29;1.000000000000000
08/08/2018;11;1.000000000000000
08/08/2018;13;1.000000000000000
08/08/2018;14;1.000000000000000
08/08/2018;15;1.000000000000000
08/08/2018;16;1.000000000000000
08/08/2018;17;1.000000000000000
08/08/2018;18;1.000000000000000
08/08/2018;19;1.000000000000000
08/08/2018;20;1.000000000000000
08/08/2018;21;1.000000000000000
08/08/2018;22;1.000000000000000
08/08/2018;23;1.000000000000000
08/08/2018;24;0.995396642447189
08/08/2018;25;1.000000000000000
08/08/2018;26;1.000000000000000
08/08/2018;27;1.000000000000000
08/08/2018;28;1.000000000000000
08/08/2018;29;1.000000000000000
09/08/2018;11;1.000000000000000
09/08/2018;13;1.000000000000000
09/08/2018;14;1.000000000000000
09/08/2018;15;1.000000000000000
09/08/2018;16;1.000000000000000
09/08/2018;17;1.000000000000000
09/08/2018;18;1.000000000000000
09/08/2018;19;1.000000000000000
09/08/2018;20;1.000000000000000
09/08/2018;21;1.000000000000000
09/08/2018;22;1.000000000000000
09/08/2018;23;1.000000000000000
09/08/2018;24;1.000000000000000
09/08/2018;25;1.000000000000000
09/08/2018;26;1.000000000000000
09/08/2018;27;1.000000000000000
09/08/2018;28;1.000000000000000
09/08/2018;29;1.000000000000000
10/08/2018;11;1.000000000000000
10/08/2018;13;1.000000000000000
10/08/2018;14;1.000000000000000
10/08/2018;15;1.000000000000000
10/08/2018;16;1.000000000000000
10/08/2018;17;1.000000000000000
10/08/2018;18;1.000000000000000
10/08/2018;19;1.000000000000000
10/08/2018;20;1.000000000000000
10/08/2018;21;1.000000000000000
10/08/2018;22;1.000000000000000
10/08/2018;23;1.000000000000000
10/08/2018;24;1.000000000000000
10/08/2018;25;1.000000000000000
10/08/2018;26;1.000000000000000
10/08/2018;27;1.000000000000000
10/08/2018;28;1.000000000000000
10/08/2018;29;1.000000000000000
11/08/2018;11;1.000000000000000
11/08/2018;13;1.000000000000000
11/08/2018;14;1.000000000000000
11/08/2018;15;1.000000000000000
11/08/2018;16;1.000000000000000
11/08/2018;17;1.000000000000000
11/08/2018;18;1.000000000000000
11/08/2018;19;1.000000000000000
11/08/2018;20;1.000000000000000
11/08/2018;21;1.000000000000000
11/08/2018;22;1.000000000000000
11/08/2018;23;1.000000000000000
11/08/2018;24;1.000000000000000
11/08/2018;25;1.000000000000000
11/08/2018;26;1.000000000000000
11/08/2018;27;1.000000000000000
11/08/2018;28;1.000000000000000
11/08/2018;29;1.000000000000000
12/08/2018;11;1.000000000000000
12/08/2018;13;1.000000000000000
12/08/2018;14;1.000000000000000
12/08/2018;15;1.000000000000000
12/08/2018;16;1.000000000000000
12/08/2018;17;1.000000000000000
12/08/2018;18;1.000000000000000
12/08/2018;19;1.000000000000000
12/08/2018;20;1.000000000000000
12/08/2018;21;1.000000000000000
12/08/2018;22;1.000000000000000
12/08/2018;23;1.000000000000000
12/08/2018;24;1.000000000000000
12/08/2018;25;1.000000000000000
12/08/2018;26;1.000000000000000
12/08/2018;27;1.000000000000000
12/08/2018;28;1.000000000000000
12/08/2018;29;1.000000000000000
13/08/2018;11;1.000000000000000
13/08/2018;13;1.000000000000000
13/08/2018;14;1.000000000000000
13/08/2018;15;1.000000000000000
13/08/2018;16;1.000000000000000
13/08/2018;17;1.000000000000000
13/08/2018;18;1.000000000000000
13/08/2018;19;1.000000000000000
13/08/2018;20;1.000000000000000
13/08/2018;21;1.000000000000000
13/08/2018;22;1.000000000000000
13/08/2018;23;1.000000000000000
13/08/2018;24;0.983628571593251
13/08/2018;25;1.000000000000000
13/08/2018;26;1.000000000000000
13/08/2018;27;1.000000000000000
13/08/2018;28;1.000000000000000
13/08/2018;29;1.000000000000000
14/08/2018;11;1.000000000000000
14/08/2018;13;1.000000000000000
14/08/2018;14;1.000000000000000
14/08/2018;15;1.000000000000000
14/08/2018;16;1.000000000000000
14/08/2018;17;1.000000000000000
14/08/2018;18;1.000000000000000
14/08/2018;19;1.000000000000000
14/08/2018;20;1.000000000000000
14/08/2018;21;1.000000000000000
14/08/2018;22;1.000000000000000
14/08/2018;23;1.000000000000000
14/08/2018;24;0.994905601367461
14/08/2018;25;1.000000000000000
14/08/2018;26;1.000000000000000
14/08/2018;27;1.000000000000000
14/08/2018;28;1.000000000000000
14/08/2018;29;1.000000000000000
15/08/2018;11;1.000000000000000
15/08/2018;13;1.000000000000000
15/08/2018;14;1.000000000000000
15/08/2018;15;1.000000000000000
15/08/2018;16;1.000000000000000
15/08/2018;17;1.000000000000000
15/08/2018;18;1.000000000000000
15/08/2018;19;1.000000000000000
15/08/2018;20;1.000000000000000
15/08/2018;21;1.000000000000000
15/08/2018;22;1.000000000000000
15/08/2018;23;1.000000000000000
15/08/2018;24;1.000000000000000
15/08/2018;25;1.000000000000000
15/08/2018;26;1.000000000000000
15/08/2018;27;1.000000000000000
15/08/2018;28;1.000000000000000
15/08/2018;29;1.000000000000000
16/08/2018;11;1.000000000000000
16/08/2018;13;1.000000000000000
16/08/2018;14;1.000000000000000
16/08/2018;15;1.000000000000000
16/08/2018;16;1.000000000000000
16/08/2018;17;1.000000000000000
16/08/2018;18;1.000000000000000
16/08/2018;19;1.000000000000000
16/08/2018;20;1.000000000000000
16/08/2018;21;1.000000000000000
16/08/2018;22;1.000000000000000
16/08/2018;23;1.000000000000000
16/08/2018;24;1.000000000000000
16/08/2018;25;1.000000000000000
16/08/2018;26;1.000000000000000
16/08/2018;27;1.000000000000000
16/08/2018;28;1.000000000000000
16/08/2018;29;1.000000000000000
17/08/2018;11;1.000000000000000
17/08/2018;13;1.000000000000000
17/08/2018;14;1.000000000000000
17/08/2018;15;1.000000000000000
17/08/2018;16;1.000000000000000
17/08/2018;17;1.000000000000000
17/08/2018;18;1.000000000000000
17/08/2018;19;1.000000000000000
17/08/2018;20;1.000000000000000
17/08/2018;21;1.000000000000000
17/08/2018;22;1.000000000000000
17/08/2018;23;1.000000000000000
17/08/2018;24;1.000000000000000
17/08/2018;25;1.000000000000000
17/08/2018;26;1.000000000000000
17/08/2018;27;1.000000000000000
17/08/2018;28;1.000000000000000
17/08/2018;29;1.000000000000000
18/08/2018;11;1.000000000000000
18/08/2018;13;1.000000000000000
18/08/2018;14;1.000000000000000
18/08/2018;15;1.000000000000000
18/08/2018;16;1.000000000000000
18/08/2018;17;1.000000000000000
18/08/2018;18;1.000000000000000
18/08/2018;19;1.000000000000000
18/08/2018;20;1.000000000000000
18/08/2018;21;1.000000000000000
18/08/2018;22;1.000000000000000
18/08/2018;23;1.000000000000000
18/08/2018;24;1.000000000000000
18/08/2018;25;1.000000000000000
18/08/2018;26;1.000000000000000
18/08/2018;27;1.000000000000000
18/08/2018;28;1.000000000000000
18/08/2018;29;1.000000000000000
19/08/2018;11;1.000000000000000
19/08/2018;13;1.000000000000000
19/08/2018;14;1.000000000000000
19/08/2018;15;1.000000000000000
19/08/2018;16;1.000000000000000
19/08/2018;17;1.000000000000000
19/08/2018;18;1.000000000000000
19/08/2018;19;1.000000000000000
19/08/2018;20;1.000000000000000
19/08/2018;21;1.000000000000000
19/08/2018;22;1.000000000000000
19/08/2018;23;1.000000000000000
19/08/2018;24;1.000000000000000
19/08/2018;25;1.000000000000000
19/08/2018;26;1.000000000000000
19/08/2018;27;1.000000000000000
19/08/2018;28;1.000000000000000
19/08/2018;29;1.000000000000000
20/08/2018;11;1.000000000000000
20/08/2018;13;1.000000000000000
20/08/2018;14;1.000000000000000
20/08/2018;15;1.000000000000000
20/08/2018;16;1.000000000000000
20/08/2018;17;1.000000000000000
20/08/2018;18;1.000000000000000
20/08/2018;19;1.000000000000000
20/08/2018;20;1.000000000000000
20/08/2018;21;1.000000000000000
20/08/2018;22;1.000000000000000
20/08/2018;23;1.000000000000000
20/08/2018;24;1.000000000000000
20/08/2018;25;1.000000000000000
20/08/2018;26;1.000000000000000
20/08/2018;27;1.000000000000000
20/08/2018;28;1.000000000000000
20/08/2018;29;1.000000000000000
21/08/2018;11;1.000000000000000
21/08/2018;13;1.000000000000000
21/08/2018;14;1.000000000000000
21/08/2018;15;1.000000000000000
21/08/2018;16;1.000000000000000
21/08/2018;17;1.000000000000000
21/08/2018;18;1.000000000000000
21/08/2018;19;1.000000000000000
21/08/2018;20;1.000000000000000
21/08/2018;21;1.000000000000000
21/08/2018;22;1.000000000000000
21/08/2018;23;1.000000000000000
21/08/2018;24;1.000000000000000
21/08/2018;25;1.000000000000000
21/08/2018;26;1.000000000000000
21/08/2018;27;1.000000000000000
21/08/2018;28;1.000000000000000
21/08/2018;29;1.000000000000000
22/08/2018;11;1.000000000000000
22/08/2018;13;1.000000000000000
22/08/2018;14;1.000000000000000
22/08/2018;15;1.000000000000000
22/08/2018;16;1.000000000000000
22/08/2018;17;1.000000000000000
22/08/2018;18;1.000000000000000
22/08/2018;19;1.000000000000000
22/08/2018;20;1.000000000000000
22/08/2018;21;1.000000000000000
22/08/2018;22;1.000000000000000
22/08/2018;23;1.000000000000000
22/08/2018;24;1.000000000000000
22/08/2018;25;1.000000000000000
22/08/2018;26;1.000000000000000
22/08/2018;27;1.000000000000000
22/08/2018;28;1.000000000000000
22/08/2018;29;1.000000000000000
23/08/2018;11;1.000000000000000
23/08/2018;13;1.000000000000000
23/08/2018;14;1.000000000000000
23/08/2018;15;1.000000000000000
23/08/2018;16;1.000000000000000
23/08/2018;17;1.000000000000000
23/08/2018;18;1.000000000000000
23/08/2018;19;1.000000000000000
23/08/2018;20;1.000000000000000
23/08/2018;21;1.000000000000000
23/08/2018;22;1.000000000000000
23/08/2018;23;1.000000000000000
23/08/2018;24;0.996486039552671
23/08/2018;25;1.000000000000000
23/08/2018;26;1.000000000000000
23/08/2018;27;1.000000000000000
23/08/2018;28;1.000000000000000
23/08/2018;29;1.000000000000000
24/08/2018;11;1.000000000000000
24/08/2018;13;1.000000000000000
24/08/2018;14;1.000000000000000
24/08/2018;15;1.000000000000000
24/08/2018;16;1.000000000000000
24/08/2018;17;1.000000000000000
24/08/2018;18;1.000000000000000
24/08/2018;19;1.000000000000000
24/08/2018;20;1.000000000000000
24/08/2018;21;1.000000000000000
24/08/2018;22;1.000000000000000
24/08/2018;23;1.000000000000000
24/08/2018;24;0.989928456950661
24/08/2018;25;1.000000000000000
24/08/2018;26;1.000000000000000
24/08/2018;27;1.000000000000000
24/08/2018;28;1.000000000000000
24/08/2018;29;1.000000000000000
25/08/2018;11;1.000000000000000
25/08/2018;13;1.000000000000000
25/08/2018;14;1.000000000000000
25/08/2018;15;1.000000000000000
25/08/2018;16;1.000000000000000
25/08/2018;17;1.000000000000000
25/08/2018;18;1.000000000000000
25/08/2018;19;1.000000000000000
25/08/2018;20;1.000000000000000
25/08/2018;21;1.000000000000000
25/08/2018;22;1.000000000000000
25/08/2018;23;1.000000000000000
25/08/2018;24;1.000000000000000
25/08/2018;25;1.000000000000000
25/08/2018;26;1.000000000000000
25/08/2018;27;1.000000000000000
25/08/2018;28;1.000000000000000
25/08/2018;29;1.000000000000000
26/08/2018;11;1.000000000000000
26/08/2018;13;1.000000000000000
26/08/2018;14;1.000000000000000
26/08/2018;15;1.000000000000000
26/08/2018;16;1.130537977881310
26/08/2018;17;1.000000000000000
26/08/2018;18;1.000000000000000
26/08/2018;19;1.000000000000000
26/08/2018;20;1.000000000000000
26/08/2018;21;1.000000000000000
26/08/2018;22;1.000000000000000
26/08/2018;23;1.000000000000000
26/08/2018;24;1.000000000000000
26/08/2018;25;1.000000000000000
26/08/2018;26;1.000000000000000
26/08/2018;27;1.000000000000000
26/08/2018;28;1.000000000000000
26/08/2018;29;1.000000000000000
27/08/2018;11;1.000000000000000
27/08/2018;13;1.000000000000000
27/08/2018;14;1.000000000000000
27/08/2018;15;1.000000000000000
27/08/2018;16;1.165773201857450
27/08/2018;17;1.000000000000000
27/08/2018;18;1.000000000000000
27/08/2018;19;1.000000000000000
27/08/2018;20;1.000000000000000
27/08/2018;21;1.000000000000000
27/08/2018;22;1.000000000000000
27/08/2018;23;1.000000000000000
27/08/2018;24;1.020860191013930
27/08/2018;25;1.000000000000000
27/08/2018;26;1.000000000000000
27/08/2018;27;1.000000000000000
27/08/2018;28;1.000000000000000
27/08/2018;29;1.000000000000000
28/08/2018;11;1.000000000000000
28/08/2018;13;1.000000000000000
28/08/2018;14;1.000000000000000
28/08/2018;15;1.000000000000000
28/08/2018;16;1.000000000000000
28/08/2018;17;1.000000000000000
28/08/2018;18;1.000000000000000
28/08/2018;19;1.000000000000000
28/08/2018;20;1.000000000000000
28/08/2018;21;1.000000000000000
28/08/2018;22;1.000000000000000
28/08/2018;23;1.000000000000000
28/08/2018;24;1.055315829930500
28/08/2018;25;1.000000000000000
28/08/2018;26;1.000000000000000
28/08/2018;27;1.000000000000000
28/08/2018;28;1.000000000000000
28/08/2018;29;1.000000000000000
29/08/2018;11;1.000000000000000
29/08/2018;13;1.000000000000000
29/08/2018;14;1.000000000000000
29/08/2018;15;1.000000000000000
29/08/2018;16;1.000000000000000
29/08/2018;17;1.000000000000000
29/08/2018;18;1.000000000000000
29/08/2018;19;1.000000000000000
29/08/2018;20;1.000000000000000
29/08/2018;21;1.000000000000000
29/08/2018;22;1.000000000000000
29/08/2018;23;1.000000000000000
29/08/2018;24;1.000000000000000
29/08/2018;25;1.000000000000000
29/08/2018;26;1.000000000000000
29/08/2018;27;1.000000000000000
29/08/2018;28;1.000000000000000
29/08/2018;29;1.000000000000000
30/08/2018;11;1.000000000000000
30/08/2018;13;1.000000000000000
30/08/2018;14;1.000000000000000
30/08/2018;15;0.999598831198557
30/08/2018;16;1.000000000000000
30/08/2018;17;1.000000000000000
30/08/2018;18;1.000000000000000
30/08/2018;19;1.000000000000000
30/08/2018;20;1.000000000000000
30/08/2018;21;1.000000000000000
30/08/2018;22;1.000000000000000
30/08/2018;23;1.000000000000000
30/08/2018;24;1.000000000000000
30/08/2018;25;1.000000000000000
30/08/2018;26;1.000000000000000
30/08/2018;27;1.000000000000000
30/08/2018;28;1.000000000000000
30/08/2018;29;1.000000000000000
31/08/2018;11;1.000000000000000
31/08/2018;13;1.000000000000000
31/08/2018;14;1.000000000000000
31/08/2018;15;0.980675547238244
31/08/2018;16;0.998574867118345
31/08/2018;17;1.000000000000000
31/08/2018;18;1.000000000000000
31/08/2018;19;1.000000000000000
31/08/2018;20;1.000000000000000
31/08/2018;21;1.000000000000000
31/08/2018;22;1.000000000000000
31/08/2018;23;1.000000000000000
31/08/2018;24;0.994187491678106
31/08/2018;25;1.000000000000000
31/08/2018;26;1.000000000000000
31/08/2018;27;1.000000000000000
31/08/2018;28;1.000000000000000
31/08/2018;29;1.000000000000000
01/09/2018;11;1.000000000000000
01/09/2018;13;1.000000000000000
01/09/2018;14;1.000000000000000
01/09/2018;15;0.972200284389024
01/09/2018;16;0.995982353819138
01/09/2018;17;1.000000000000000
01/09/2018;18;1.000000000000000
01/09/2018;19;1.000000000000000
01/09/2018;20;1.000000000000000
01/09/2018;21;0.999939366123682
01/09/2018;22;1.000000000000000
01/09/2018;23;1.000000000000000
01/09/2018;24;0.966025719512597
01/09/2018;25;1.000000000000000
01/09/2018;26;1.000000000000000
01/09/2018;27;1.000000000000000
01/09/2018;28;1.000000000000000
01/09/2018;29;1.000000000000000
02/09/2018;11;1.000000000000000
02/09/2018;13;0.988463416482303
02/09/2018;14;1.000000000000000
02/09/2018;15;1.000000000000000
02/09/2018;16;0.990825668747979
02/09/2018;17;1.000000000000000
02/09/2018;18;1.000000000000000
02/09/2018;19;1.000000000000000
02/09/2018;20;1.000000000000000
02/09/2018;21;0.991107032543089
02/09/2018;22;1.000000000000000
02/09/2018;23;1.000000000000000
02/09/2018;24;0.969538995523933
02/09/2018;25;1.000000000000000
02/09/2018;26;1.000000000000000
02/09/2018;27;1.000000000000000
02/09/2018;28;1.000000000000000
02/09/2018;29;1.000000000000000
03/09/2018;11;1.000000000000000
03/09/2018;13;0.979819456219809
03/09/2018;14;1.000000000000000
03/09/2018;15;1.000000000000000
03/09/2018;16;0.986024916005259
03/09/2018;17;1.000000000000000
03/09/2018;18;1.000000000000000
03/09/2018;19;1.000000000000000
03/09/2018;20;1.000000000000000
03/09/2018;21;1.000000000000000
03/09/2018;22;1.000000000000000
03/09/2018;23;1.000000000000000
03/09/2018;24;0.971584219168580
03/09/2018;25;1.000000000000000
03/09/2018;26;1.000000000000000
03/09/2018;27;1.000000000000000
03/09/2018;28;1.000000000000000
03/09/2018;29;1.000000000000000
04/09/2018;11;1.000000000000000
04/09/2018;13;1.000000000000000
04/09/2018;14;1.000000000000000
04/09/2018;15;1.000000000000000
04/09/2018;16;1.000000000000000
04/09/2018;17;1.000000000000000
04/09/2018;18;1.000000000000000
04/09/2018;19;1.000000000000000
04/09/2018;20;1.000000000000000
04/09/2018;21;1.000000000000000
04/09/2018;22;1.000000000000000
04/09/2018;23;1.000000000000000
04/09/2018;24;0.964604200790433
04/09/2018;25;1.000000000000000
04/09/2018;26;1.000000000000000
04/09/2018;27;1.000000000000000
04/09/2018;28;1.000000000000000
04/09/2018;29;1.000000000000000
05/09/2018;11;1.000000000000000
05/09/2018;13;1.000000000000000
05/09/2018;14;1.000000000000000
05/09/2018;15;1.000000000000000
05/09/2018;16;1.000000000000000
05/09/2018;17;1.000000000000000
05/09/2018;18;1.000000000000000
05/09/2018;19;1.000000000000000
05/09/2018;20;1.000000000000000
05/09/2018;21;1.000000000000000
05/09/2018;22;1.000000000000000
05/09/2018;23;1.000000000000000
05/09/2018;24;0.998497897385465
05/09/2018;25;1.000000000000000
05/09/2018;26;1.000000000000000
05/09/2018;27;1.000000000000000
05/09/2018;28;1.000000000000000
05/09/2018;29;1.000000000000000
06/09/2018;11;1.000000000000000
06/09/2018;13;1.000000000000000
06/09/2018;14;1.000000000000000
06/09/2018;15;0.999988104625642
06/09/2018;16;0.998329826441748
06/09/2018;17;1.000000000000000
06/09/2018;18;1.000000000000000
06/09/2018;19;1.000000000000000
06/09/2018;20;1.000000000000000
06/09/2018;21;1.000000000000000
06/09/2018;22;1.000000000000000
06/09/2018;23;1.000000000000000
06/09/2018;24;0.984456938489588
06/09/2018;25;1.000000000000000
06/09/2018;26;1.000000000000000
06/09/2018;27;1.000000000000000
06/09/2018;28;1.000000000000000
06/09/2018;29;1.000000000000000
07/09/2018;11;1.000000000000000
07/09/2018;13;0.997502737577498
07/09/2018;14;1.000000000000000
07/09/2018;15;0.996660349895129
07/09/2018;16;0.994110224488656
07/09/2018;17;1.000000000000000
07/09/2018;18;1.000000000000000
07/09/2018;19;1.000000000000000
07/09/2018;20;1.000000000000000
07/09/2018;21;1.000000000000000
07/09/2018;22;1.000000000000000
07/09/2018;23;1.000000000000000
07/09/2018;24;0.953751571058946
07/09/2018;25;1.000000000000000
07/09/2018;26;1.000000000000000
07/09/2018;27;1.000000000000000
07/09/2018;28;1.000000000000000
07/09/2018;29;1.000000000000000
08/09/2018;11;1.000000000000000
08/09/2018;13;0.933438383373265
08/09/2018;14;1.000000000000000
08/09/2018;15;0.977638876934694
08/09/2018;16;0.993985027308085
08/09/2018;17;1.000000000000000
08/09/2018;18;1.000000000000000
08/09/2018;19;1.000000000000000
08/09/2018;20;1.000000000000000
08/09/2018;21;1.000000000000000
08/09/2018;22;1.000000000000000
08/09/2018;23;1.000000000000000
08/09/2018;24;0.891670195624660
08/09/2018;25;1.000000000000000
08/09/2018;26;1.000000000000000
08/09/2018;27;1.000000000000000
08/09/2018;28;1.000000000000000
08/09/2018;29;1.000000000000000
09/09/2018;11;1.000000000000000
09/09/2018;13;1.000000000000000
09/09/2018;14;1.000000000000000
09/09/2018;15;1.000000000000000
09/09/2018;16;1.000000000000000
09/09/2018;17;1.000000000000000
09/09/2018;18;1.000000000000000
09/09/2018;19;1.000000000000000
09/09/2018;20;1.000000000000000
09/09/2018;21;1.000000000000000
09/09/2018;22;1.000000000000000
09/09/2018;23;1.000000000000000
09/09/2018;24;0.884860149718344
09/09/2018;25;1.000000000000000
09/09/2018;26;1.000000000000000
09/09/2018;27;1.000000000000000
09/09/2018;28;1.000000000000000
09/09/2018;29;1.000000000000000
10/09/2018;11;1.000000000000000
10/09/2018;13;0.991907059423599
10/09/2018;14;1.000000000000000
10/09/2018;15;0.999954619992922
10/09/2018;16;1.000000000000000
10/09/2018;17;1.000000000000000
10/09/2018;18;1.000000000000000
10/09/2018;19;1.000000000000000
10/09/2018;20;1.000000000000000
10/09/2018;21;1.000000000000000
10/09/2018;22;1.000000000000000
10/09/2018;23;1.000000000000000
10/09/2018;24;0.967028427761850
10/09/2018;25;1.000000000000000
10/09/2018;26;1.000000000000000
10/09/2018;27;0.956125408428736
10/09/2018;28;1.000000000000000
10/09/2018;29;1.000000000000000
11/09/2018;11;1.000000000000000
11/09/2018;13;0.941565076348795
11/09/2018;14;1.000000000000000
11/09/2018;15;0.994315714596567
11/09/2018;16;0.993975817152188
11/09/2018;17;1.000000000000000
11/09/2018;18;1.000000000000000
11/09/2018;19;1.000000000000000
11/09/2018;20;1.000000000000000
11/09/2018;21;1.000000000000000
11/09/2018;22;1.000000000000000
11/09/2018;23;1.000000000000000
11/09/2018;24;0.953281620433878
11/09/2018;25;1.000000000000000
11/09/2018;26;1.000000000000000
11/09/2018;27;1.000000000000000
11/09/2018;28;1.000000000000000
11/09/2018;29;1.000000000000000
12/09/2018;11;1.000000000000000
12/09/2018;13;1.000000000000000
12/09/2018;14;1.000000000000000
12/09/2018;15;0.991252891502757
12/09/2018;16;0.987114653835809
12/09/2018;17;1.000000000000000
12/09/2018;18;1.000000000000000
12/09/2018;19;1.000000000000000
12/09/2018;20;1.000000000000000
12/09/2018;21;0.999699861299093
12/09/2018;22;1.000000000000000
12/09/2018;23;1.000000000000000
12/09/2018;24;0.967411318745852
12/09/2018;25;1.000000000000000
12/09/2018;26;1.000000000000000
12/09/2018;27;1.000000000000000
12/09/2018;28;1.000000000000000
12/09/2018;29;1.000000000000000
13/09/2018;11;1.000000000000000
13/09/2018;13;1.000000000000000
13/09/2018;14;1.000000000000000
13/09/2018;15;0.987812693602602
13/09/2018;16;0.976909245858391
13/09/2018;17;1.000000000000000
13/09/2018;18;0.986109873333588
13/09/2018;19;1.000000000000000
13/09/2018;20;1.000000000000000
13/09/2018;21;0.990480660247846
13/09/2018;22;1.000000000000000
13/09/2018;23;1.000000000000000
13/09/2018;24;0.977587071403026
13/09/2018;25;1.000000000000000
13/09/2018;26;1.000000000000000
13/09/2018;27;1.000000000000000
13/09/2018;28;1.000000000000000
13/09/2018;29;1.000000000000000
14/09/2018;11;0.900235394489138
14/09/2018;13;0.978280216228488
14/09/2018;14;0.986381719061972
14/09/2018;15;0.954360898705551
14/09/2018;16;0.954223272460108
14/09/2018;17;1.000000000000000
14/09/2018;18;0.937927860328487
14/09/2018;19;0.994175042712994
14/09/2018;20;1.000000000000000
14/09/2018;21;0.999012755996819
14/09/2018;22;0.952966001462943
14/09/2018;23;1.000000000000000
14/09/2018;24;0.961454476799055
14/09/2018;25;1.000000000000000
14/09/2018;26;1.000000000000000
14/09/2018;27;1.000000000000000
14/09/2018;28;1.000000000000000
14/09/2018;29;1.000000000000000
15/09/2018;11;0.540576238637223
15/09/2018;13;0.564941777287840
15/09/2018;14;0.812591390758713
15/09/2018;15;0.876791550559733
15/09/2018;16;0.966965364663408
15/09/2018;17;0.997795749814689
15/09/2018;18;0.816436997881573
15/09/2018;19;0.934604605483426
15/09/2018;20;0.983422276804130
15/09/2018;21;0.997941306506338
15/09/2018;22;0.858407069984435
15/09/2018;23;0.992236016926736
15/09/2018;24;0.835105487433349
15/09/2018;25;1.000000000000000
15/09/2018;26;1.000000000000000
15/09/2018;27;1.000000000000000
15/09/2018;28;1.000000000000000
15/09/2018;29;1.000000000000000
16/09/2018;11;0.441097148824966
16/09/2018;13;0.437949940364039
16/09/2018;14;0.823423529693451
16/09/2018;15;0.913086391405600
16/09/2018;16;0.975860673105789
16/09/2018;17;0.996635150561466
16/09/2018;18;0.871827383763132
16/09/2018;19;0.902440609813691
16/09/2018;20;0.888025561341756
16/09/2018;21;0.948844489082348
16/09/2018;22;0.833809661471837
16/09/2018;23;0.977415049390565
16/09/2018;24;0.808304872880723
16/09/2018;25;1.000000000000000
16/09/2018;26;1.000000000000000
16/09/2018;27;1.000000000000000
16/09/2018;28;1.000000000000000
16/09/2018;29;1.000000000000000
17/09/2018;11;0.762249404660265
17/09/2018;13;0.920003818939222
17/09/2018;14;0.943916819562222
17/09/2018;15;0.964806134923149
17/09/2018;16;0.979158676941643
17/09/2018;17;1.000000000000000
17/09/2018;18;0.970994115719048
17/09/2018;19;0.937384261702173
17/09/2018;20;0.956935077580875
17/09/2018;21;0.992653079126289
17/09/2018;22;0.923964051353913
17/09/2018;23;0.975334665362735
17/09/2018;24;0.953214724361375
17/09/2018;25;1.000000000000000
17/09/2018;26;0.986646942625670
17/09/2018;27;0.964342620331196
17/09/2018;28;1.000000000000000
17/09/2018;29;1.000000000000000
18/09/2018;11;0.825692826671087
18/09/2018;13;0.885481152245401
18/09/2018;14;0.903097003155893
18/09/2018;15;0.961240755649654
18/09/2018;16;0.951690395411344
18/09/2018;17;1.000000000000000
18/09/2018;18;0.984470082167203
18/09/2018;19;0.957599753606591
18/09/2018;20;0.965631284080297
18/09/2018;21;0.988331670901720
18/09/2018;22;0.908324466705428
18/09/2018;23;0.965655124907571
18/09/2018;24;0.953797690491000
18/09/2018;25;1.000000000000000
18/09/2018;26;0.983021148396078
18/09/2018;27;0.941102304347439
18/09/2018;28;1.000000000000000
18/09/2018;29;1.000000000000000
19/09/2018;11;0.876416171778146
19/09/2018;13;0.827011970171741
19/09/2018;14;0.993603077574455
19/09/2018;15;0.902392113877127
19/09/2018;16;0.921031549000343
19/09/2018;17;1.000000000000000
19/09/2018;18;0.958515946722596
19/09/2018;19;0.946199950496130
19/09/2018;20;0.992082594929804
19/09/2018;21;0.989904605811489
19/09/2018;22;0.861278963414321
19/09/2018;23;0.954473952160069
19/09/2018;24;0.950334239360450
19/09/2018;25;1.000000000000000
19/09/2018;26;0.989295290697039
19/09/2018;27;0.955346687159383
19/09/2018;28;1.000000000000000
19/09/2018;29;1.000000000000000
20/09/2018;11;1.000000000000000
20/09/2018;13;0.922945502565810
20/09/2018;14;0.942074182410803
20/09/2018;15;0.909911161560136
20/09/2018;16;0.928534116804633
20/09/2018;17;1.000000000000000
20/09/2018;18;0.939402080399420
20/09/2018;19;0.957461448375565
20/09/2018;20;0.963251576647481
20/09/2018;21;0.978749801944000
20/09/2018;22;0.795772850992690
20/09/2018;23;0.956453043793700
20/09/2018;24;0.893506566745511
20/09/2018;25;1.000000000000000
20/09/2018;26;0.985824864944384
20/09/2018;27;0.881218869877451
20/09/2018;28;1.000000000000000
20/09/2018;29;1.000000000000000
21/09/2018;11;1.000000000000000
21/09/2018;13;0.933423537431526
21/09/2018;14;0.949181093126007
21/09/2018;15;0.916844196682861
21/09/2018;16;0.954464009183188
21/09/2018;17;1.000000000000000
21/09/2018;18;0.942774968402869
21/09/2018;19;0.907875884728808
21/09/2018;20;0.961741889928793
21/09/2018;21;0.970378131606452
21/09/2018;22;0.748398727772503
21/09/2018;23;0.932833651794579
21/09/2018;24;0.815734784287749
21/09/2018;25;1.000000000000000
21/09/2018;26;0.988519731221995
21/09/2018;27;0.801078140089489
21/09/2018;28;1.000000000000000
21/09/2018;29;0.985118678413189
22/09/2018;11;1.000000000000000
22/09/2018;13;0.630597627415555
22/09/2018;14;0.869224335829491
22/09/2018;15;0.835016899921142
22/09/2018;16;0.961800192276085
22/09/2018;17;1.000000000000000
22/09/2018;18;0.822746089284248
22/09/2018;19;0.861009475236311
22/09/2018;20;0.906722094946975
22/09/2018;21;0.911662184355246
22/09/2018;22;0.665411154417318
22/09/2018;23;0.926182358506739
22/09/2018;24;0.603978224693001
22/09/2018;25;1.000000000000000
22/09/2018;26;0.950353625069075
22/09/2018;27;0.691629340343588
22/09/2018;28;1.000000000000000
22/09/2018;29;0.991833129778830
23/09/2018;11;0.725004465856819
23/09/2018;13;0.667747956502908
23/09/2018;14;0.871824376082552
23/09/2018;15;0.891865204248701
23/09/2018;16;0.956369632217102
23/09/2018;17;0.977175435101050
23/09/2018;18;0.791827778233906
23/09/2018;19;0.860802502104414
23/09/2018;20;0.829361815795784
23/09/2018;21;0.928778400058098
23/09/2018;22;0.679908614537381
23/09/2018;23;0.976247857358167
23/09/2018;24;0.615617861418689
23/09/2018;25;1.000000000000000
23/09/2018;26;0.949989493048532
23/09/2018;27;0.000000000000000
23/09/2018;28;1.000000000000000
23/09/2018;29;1.000000000000000
24/09/2018;11;0.761615218071609
24/09/2018;13;0.815054539689236
24/09/2018;14;0.906798898197336
24/09/2018;15;0.930826747265347
24/09/2018;16;0.969764479489478
24/09/2018;17;0.955128527614665
24/09/2018;18;0.857007499582147
24/09/2018;19;0.822160065489951
24/09/2018;20;0.945074330097131
24/09/2018;21;0.971918641960658
24/09/2018;22;0.900020499964190
24/09/2018;23;0.930944904417211
24/09/2018;24;0.889826789512972
24/09/2018;25;1.000000000000000
24/09/2018;26;0.982043667694775
24/09/2018;27;0.925550441794779
24/09/2018;28;1.000000000000000
24/09/2018;29;1.000000000000000
25/09/2018;11;0.749044453036379
25/09/2018;13;0.789115606175222
25/09/2018;14;0.952254083443361
25/09/2018;15;1.015469286057270
25/09/2018;16;1.050576460935080
25/09/2018;17;0.972911107240184
25/09/2018;18;1.000000000000000
25/09/2018;19;0.859159483522091
25/09/2018;20;0.924763801100701
25/09/2018;21;1.000000000000000
25/09/2018;22;0.886424324377952
25/09/2018;23;1.046402111217340
25/09/2018;24;1.000000000000000
25/09/2018;25;1.000000000000000
25/09/2018;26;0.973632477770014
25/09/2018;27;1.157054391288580
25/09/2018;28;1.000000000000000
25/09/2018;29;1.000000000000000
26/09/2018;11;0.789772157605015
26/09/2018;13;1.082688768350210
26/09/2018;14;1.247923886432770
26/09/2018;15;1.644422645394330
26/09/2018;16;1.281919830360750
26/09/2018;17;1.000000000000000
26/09/2018;18;1.196371893508850
26/09/2018;19;0.901630376798724
26/09/2018;20;0.960742382629802
26/09/2018;21;1.123545185851900
26/09/2018;22;0.834780475216914
26/09/2018;23;1.004642539072680
26/09/2018;24;1.398660678494870
26/09/2018;25;1.000000000000000
26/09/2018;26;0.992163131494654
26/09/2018;27;2.098182844457010
26/09/2018;28;1.000000000000000
26/09/2018;29;1.000000000000000
27/09/2018;11;0.896856310276332
27/09/2018;13;1.505598146949430
27/09/2018;14;1.000000000000000
27/09/2018;15;1.572026025587970
27/09/2018;16;1.233776540093480
27/09/2018;17;1.000000000000000
27/09/2018;18;1.154530816835070
27/09/2018;19;0.874136453759298
27/09/2018;20;0.947078949739432
27/09/2018;21;1.267392898825560
27/09/2018;22;0.816361640752262
27/09/2018;23;1.148728159923920
27/09/2018;24;1.383497715232160
27/09/2018;25;1.000000000000000
27/09/2018;26;0.971505146949024
27/09/2018;27;2.121650248881560
27/09/2018;28;1.000000000000000
27/09/2018;29;0.960034782051337
28/09/2018;11;0.765987608122912
28/09/2018;13;1.000000000000000
28/09/2018;14;0.822473809757407
28/09/2018;15;1.000000000000000
28/09/2018;16;1.000000000000000
28/09/2018;17;0.978393087491862
28/09/2018;18;0.939844153595591
28/09/2018;19;0.870672758130463
28/09/2018;20;0.944461162476279
28/09/2018;21;1.193535807264810
28/09/2018;22;0.776089961509969
28/09/2018;23;1.000000000000000
28/09/2018;24;1.000000000000000
28/09/2018;25;1.000000000000000
28/09/2018;26;0.969949107072851
28/09/2018;27;1.707214817240780
28/09/2018;28;1.000000000000000
28/09/2018;29;0.984485893648425
29/09/2018;11;0.561006631136339
29/09/2018;13;0.443680615339612
29/09/2018;14;0.722245582909219
29/09/2018;15;0.821788186028710
29/09/2018;16;0.978306283670359
29/09/2018;17;0.942831048452968
29/09/2018;18;0.719246823851585
29/09/2018;19;0.771193332180510
29/09/2018;20;0.787725596147231
29/09/2018;21;1.000000000000000
29/09/2018;22;0.634623836325152
29/09/2018;23;0.925301678715367
29/09/2018;24;0.783942221049988
29/09/2018;25;1.000000000000000
29/09/2018;26;0.922394756902279
29/09/2018;27;1.000000000000000
29/09/2018;28;1.000000000000000
29/09/2018;29;0.976832257561943
30/09/2018;11;0.361950842028559
30/09/2018;13;0.343198118958616
30/09/2018;14;0.674660143535230
30/09/2018;15;1.000000000000000
30/09/2018;16;0.912188030283274
30/09/2018;17;0.967396660358144
30/09/2018;18;0.820037081001827
30/09/2018;19;0.669435769156531
30/09/2018;20;0.741512118836427
30/09/2018;21;1.000000000000000
30/09/2018;22;0.572347899816309
30/09/2018;23;0.936882069854115
30/09/2018;24;1.000000000000000
30/09/2018;25;1.000000000000000
30/09/2018;26;0.893470119079029
30/09/2018;27;0.000000000000000
30/09/2018;28;1.000000000000000
30/09/2018;29;0.934936528341098
01/10/2018;11;1.153062171026690
01/10/2018;13;1.011510603407950
01/10/2018;14;1.251125688580200
01/10/2018;15;1.397566288568060
01/10/2018;16;1.000000000000000
01/10/2018;17;0.960616466974926
01/10/2018;18;1.241083438955720
01/10/2018;19;0.862267345100497
01/10/2018;20;0.932680037406662
01/10/2018;21;1.000000000000000
01/10/2018;22;0.731278025000836
01/10/2018;23;0.939714102374550
01/10/2018;24;1.012311134048320
01/10/2018;25;1.000000000000000
01/10/2018;26;0.973305513012449
01/10/2018;27;0.917817301865302
01/10/2018;28;1.000000000000000
01/10/2018;29;0.990506472322670
02/10/2018;11;1.720866110014330
02/10/2018;13;1.625248196985530
02/10/2018;14;1.000000000000000
02/10/2018;15;1.478481945476750
02/10/2018;16;1.114497715084490
02/10/2018;17;0.920577103491047
02/10/2018;18;1.367116220049880
02/10/2018;19;1.169345674725170
02/10/2018;20;1.000000000000000
02/10/2018;21;1.010950914216300
02/10/2018;22;0.810693704666400
02/10/2018;23;0.998996604473192
02/10/2018;24;1.051004142126860
02/10/2018;25;1.000000000000000
02/10/2018;26;0.995920463290106
02/10/2018;27;0.980028902988211
02/10/2018;28;1.000000000000000
02/10/2018;29;1.000000000000000
03/10/2018;11;1.000000000000000
03/10/2018;13;1.569382587369590
03/10/2018;14;1.168883641005840
03/10/2018;15;1.310100831289820
03/10/2018;16;1.000000000000000
03/10/2018;17;0.954967366190129
03/10/2018;18;1.285702160351210
03/10/2018;19;1.300715457202110
03/10/2018;20;1.000000000000000
03/10/2018;21;1.118229091702160
03/10/2018;22;0.860430654336011
03/10/2018;23;1.056541923835950
03/10/2018;24;1.104420246759080
03/10/2018;25;1.000000000000000
03/10/2018;26;0.994824471355458
03/10/2018;27;1.150917183567690
03/10/2018;28;1.000000000000000
03/10/2018;29;1.000000000000000
04/10/2018;11;0.753388098162073
04/10/2018;13;1.000000000000000
04/10/2018;14;1.000000000000000
04/10/2018;15;1.000000000000000
04/10/2018;16;0.952977567954915
04/10/2018;17;0.956653958266962
04/10/2018;18;1.000000000000000
04/10/2018;19;0.958779765478464
04/10/2018;20;0.985820657867999
04/10/2018;21;1.179660413774000
04/10/2018;22;0.751369371809390
04/10/2018;23;0.982515508687046
04/10/2018;24;1.111118956730870
04/10/2018;25;1.000000000000000
04/10/2018;26;0.974624894625589
04/10/2018;27;1.000000000000000
04/10/2018;28;1.000000000000000
04/10/2018;29;1.000000000000000
05/10/2018;11;0.707697225115759
05/10/2018;13;1.000000000000000
05/10/2018;14;0.876542447887821
05/10/2018;15;0.900822857321934
05/10/2018;16;0.888673935733049
05/10/2018;17;0.907081102228422
05/10/2018;18;1.044127084884320
05/10/2018;19;0.818914058289172
05/10/2018;20;0.927101530459510
05/10/2018;21;1.097520483354720
05/10/2018;22;0.621599541597327
05/10/2018;23;0.925487419321427
05/10/2018;24;1.155676936134460
05/10/2018;25;0.918458120438758
05/10/2018;26;0.943249593786651
05/10/2018;27;0.901859085902485
05/10/2018;28;1.000000000000000
05/10/2018;29;1.000000000000000
06/10/2018;11;0.719651285947613
06/10/2018;13;0.930455618661370
06/10/2018;14;0.836134147094544
06/10/2018;15;0.940101989245613
06/10/2018;16;0.865341246361407
06/10/2018;17;0.891260243155823
06/10/2018;18;1.138194160976490
06/10/2018;19;0.835301031950948
06/10/2018;20;0.800417912723545
06/10/2018;21;1.000000000000000
06/10/2018;22;0.419225412483293
06/10/2018;23;0.918418171193853
06/10/2018;24;1.000000000000000
06/10/2018;25;0.927685856498134
06/10/2018;26;0.870732816138700
06/10/2018;27;0.828990460917824
06/10/2018;28;1.000000000000000
06/10/2018;29;0.962345786778756
07/10/2018;11;0.726258840542972
07/10/2018;13;0.681421561489044
07/10/2018;14;0.843551619686705
07/10/2018;15;0.952351952398160
07/10/2018;16;0.873983451560924
07/10/2018;17;0.932528133693020
07/10/2018;18;0.916081811521143
07/10/2018;19;0.858797996120630
07/10/2018;20;0.736049030395421
07/10/2018;21;1.001861344154800
07/10/2018;22;0.363549721110907
07/10/2018;23;0.909409518551121
07/10/2018;24;0.895428440178903
07/10/2018;25;1.000000000000000
07/10/2018;26;0.838003110122836
07/10/2018;27;0.853179124979047
07/10/2018;28;1.000000000000000
07/10/2018;29;0.940009186559658
08/10/2018;11;0.850244530402420
08/10/2018;13;0.809330408718551
08/10/2018;14;0.897808629478279
08/10/2018;15;0.821101724397387
08/10/2018;16;0.859980443135737
08/10/2018;17;0.973539210148967
08/10/2018;18;0.801679878767733
08/10/2018;19;0.806343636517196
08/10/2018;20;0.908520893922081
08/10/2018;21;1.000000000000000
08/10/2018;22;0.758133219193128
08/10/2018;23;0.920174104660571
08/10/2018;24;0.918184400513723
08/10/2018;25;1.000000000000000
08/10/2018;26;0.904408441419276
08/10/2018;27;0.884622855937929
08/10/2018;28;1.000000000000000
08/10/2018;29;0.964401755100760
09/10/2018;11;0.758965078457481
09/10/2018;13;0.712269975146183
09/10/2018;14;0.883605359752680
09/10/2018;15;0.776673716569500
09/10/2018;16;0.840134296168869
09/10/2018;17;0.975792599261987
09/10/2018;18;0.763558645059354
09/10/2018;19;0.777217130749880
09/10/2018;20;0.887686828476798
09/10/2018;21;0.912887288169429
09/10/2018;22;0.696606103334539
09/10/2018;23;0.889297297904933
09/10/2018;24;0.909453642350463
09/10/2018;25;0.936278508309641
09/10/2018;26;0.858997370843741
09/10/2018;27;0.852802691882541
09/10/2018;28;0.873466961069949
09/10/2018;29;0.958805171133124
10/10/2018;11;0.683564275565013
10/10/2018;13;0.674933876125176
10/10/2018;14;0.846126918332172
10/10/2018;15;0.776868776939862
10/10/2018;16;0.852412648613230
10/10/2018;17;0.892688515443495
10/10/2018;18;0.775073306375845
10/10/2018;19;0.777227875427076
10/10/2018;20;0.897308374042865
10/10/2018;21;0.881309032131700
10/10/2018;22;0.740143535399102
10/10/2018;23;0.876823283496309
10/10/2018;24;0.886455026047393
10/10/2018;25;0.967628841218500
10/10/2018;26;0.862573458604023
10/10/2018;27;0.824812390672889
10/10/2018;28;0.875835076009872
10/10/2018;29;0.970989025859760
11/10/2018;11;1.000000000000000
11/10/2018;13;0.697622416454528
11/10/2018;14;0.852256637222935
11/10/2018;15;0.776153527140805
11/10/2018;16;0.813829962092390
11/10/2018;17;0.814567458374430
11/10/2018;18;0.760994427092213
11/10/2018;19;0.759409865595750
11/10/2018;20;0.865437442656571
11/10/2018;21;0.929663668501375
11/10/2018;22;0.676579246954466
11/10/2018;23;0.955372738830447
11/10/2018;24;0.862358937244641
11/10/2018;25;1.000000000000000
11/10/2018;26;0.954755481741317
11/10/2018;27;0.836283670078267
11/10/2018;28;0.971466337861605
11/10/2018;29;0.981580712198641
12/10/2018;11;0.936946877713494
12/10/2018;13;0.799306020187794
12/10/2018;14;0.820309284405333
12/10/2018;15;0.737820051893961
12/10/2018;16;0.796800603238077
12/10/2018;17;0.813940271055011
12/10/2018;18;0.736252493247509
12/10/2018;19;0.718852299873274
12/10/2018;20;0.902422487003494
12/10/2018;21;0.900486514578236
12/10/2018;22;0.552638832304719
12/10/2018;23;0.877685540438043
12/10/2018;24;0.865429971145685
12/10/2018;25;1.000000000000000
12/10/2018;26;0.973908688247461
12/10/2018;27;0.843679686124678
12/10/2018;28;1.000000000000000
12/10/2018;29;0.995372204749459
13/10/2018;11;0.487734400770827
13/10/2018;13;0.437533571788867
13/10/2018;14;0.625601065020895
13/10/2018;15;0.615334128726466
13/10/2018;16;0.758904045758459
13/10/2018;17;0.794716016907330
13/10/2018;18;0.556805788322630
13/10/2018;19;0.652199694510365
13/10/2018;20;0.709326371059371
13/10/2018;21;0.817890055252138
13/10/2018;22;0.273946652020242
13/10/2018;23;0.899131914315815
13/10/2018;24;0.829191816356776
13/10/2018;25;0.897766412643502
13/10/2018;26;0.923872455805958
13/10/2018;27;1.000000000000000
13/10/2018;28;1.000000000000000
13/10/2018;29;0.962345786778756
14/10/2018;11;0.461011975499721
14/10/2018;13;0.501025389193507
14/10/2018;14;0.541683060459510
14/10/2018;15;0.594436390836418
14/10/2018;16;0.737262493904058
14/10/2018;17;0.745159945474080
14/10/2018;18;0.518051336036639
14/10/2018;19;0.602200132691673
14/10/2018;20;0.631981561743974
14/10/2018;21;0.944175334968599
14/10/2018;22;0.166449031340748
14/10/2018;23;0.981257518591855
14/10/2018;24;0.899712201447800
14/10/2018;25;0.790284310402071
14/10/2018;26;0.937269339740280
14/10/2018;27;1.319664869190260
14/10/2018;28;0.842224793914615
14/10/2018;29;0.811926353571019
15/10/2018;11;0.501950615714611
15/10/2018;13;0.590197091765385
15/10/2018;14;0.619373129708020
15/10/2018;15;0.709357434970251
15/10/2018;16;0.758676134401062
15/10/2018;17;0.725522569728517
15/10/2018;18;0.690454100557709
15/10/2018;19;0.637876229783122
15/10/2018;20;0.879677523132412
15/10/2018;21;0.973492574749702
15/10/2018;22;0.633564637373246
15/10/2018;23;0.982419242871145
15/10/2018;24;1.004927786312990
15/10/2018;25;0.854525689190996
15/10/2018;26;0.866457305950750
15/10/2018;27;1.000000000000000
15/10/2018;28;0.890778275986079
15/10/2018;29;0.894841332801437
16/10/2018;11;0.468533358356169
16/10/2018;13;0.464799029116548
16/10/2018;14;0.610812537695560
16/10/2018;15;0.725714423866533
16/10/2018;16;0.753563427132341
16/10/2018;17;0.661589836059677
16/10/2018;18;0.779260838540994
16/10/2018;19;0.607947368163192
16/10/2018;20;0.816002115993089
16/10/2018;21;0.912639397610158
16/10/2018;22;0.536879530310386
16/10/2018;23;0.859706548295757
16/10/2018;24;0.975117072947273
16/10/2018;25;0.872848262303193
16/10/2018;26;0.821578538516332
16/10/2018;27;0.806053396517958
16/10/2018;28;0.893640984934003
16/10/2018;29;0.917513520180794
17/10/2018;11;0.465127165752117
17/10/2018;13;0.365603879684592
17/10/2018;14;0.716179005852902
17/10/2018;15;0.636214989800084
17/10/2018;16;0.713034309744607
17/10/2018;17;0.660807495008792
17/10/2018;18;0.742632585513913
17/10/2018;19;0.621409851718025
17/10/2018;20;0.832013762087667
17/10/2018;21;0.841481971617399
17/10/2018;22;0.452478078615718
17/10/2018;23;0.847319313504340
17/10/2018;24;0.845477724340449
17/10/2018;25;1.153740858258720
17/10/2018;26;0.819248351200736
17/10/2018;27;0.766327406912056
17/10/2018;28;0.793827563935681
17/10/2018;29;0.855672710908474
18/10/2018;11;0.451681246352543
18/10/2018;13;0.334234532129901
18/10/2018;14;0.765154412544141
18/10/2018;15;0.615023391882506
18/10/2018;16;0.673934560149629
18/10/2018;17;0.633790755185043
18/10/2018;18;0.583278275423205
18/10/2018;19;0.620185909688472
18/10/2018;20;0.834024698246839
18/10/2018;21;0.826520315620906
18/10/2018;22;0.406372437433761
18/10/2018;23;0.819665925583971
18/10/2018;24;0.814176179186687
18/10/2018;25;1.000000000000000
18/10/2018;26;0.813732914557287
18/10/2018;27;0.706640071974775
18/10/2018;28;0.771315768937725
18/10/2018;29;0.807830375162059
19/10/2018;11;0.420077155605961
19/10/2018;13;0.320866018897123
19/10/2018;14;0.527328085636343
19/10/2018;15;0.568311908708048
19/10/2018;16;0.684527376998094
19/10/2018;17;0.661045180936615
19/10/2018;18;0.533679478259197
19/10/2018;19;0.705486076368971
19/10/2018;20;0.797692188975737
19/10/2018;21;0.815423757117022
19/10/2018;22;0.392103588952934
19/10/2018;23;0.882299112386181
19/10/2018;24;0.837587562941810
19/10/2018;25;0.813084604264710
19/10/2018;26;0.816711970256008
19/10/2018;27;0.682016871785812
19/10/2018;28;0.802691761962544
19/10/2018;29;0.835679351730890
20/10/2018;11;0.373396600100897
20/10/2018;13;0.211940225189588
20/10/2018;14;0.420623611381710
20/10/2018;15;0.430363194998434
20/10/2018;16;0.654086967648623
20/10/2018;17;0.730541382596960
20/10/2018;18;0.378643283691003
20/10/2018;19;0.656914186925141
20/10/2018;20;0.619728433118223
20/10/2018;21;0.722967776175919
20/10/2018;22;0.230012070710019
20/10/2018;23;0.859529225428650
20/10/2018;24;0.822273599181730
20/10/2018;25;0.737596008891260
20/10/2018;26;0.788681959998335
20/10/2018;27;0.638521160209379
20/10/2018;28;0.829476526560111
20/10/2018;29;0.918590083759703
21/10/2018;11;0.378923676388040
21/10/2018;13;0.342347185218382
21/10/2018;14;0.435808050459167
21/10/2018;15;0.484178821788108
21/10/2018;16;0.684158733132910
21/10/2018;17;0.635226652931338
21/10/2018;18;0.493452112000290
21/10/2018;19;0.550721652926022
21/10/2018;20;0.479655184461790
21/10/2018;21;1.000000000000000
21/10/2018;22;0.118768100994254
21/10/2018;23;0.955599858718416
21/10/2018;24;1.000000000000000
21/10/2018;25;0.858571590793186
21/10/2018;26;0.710001493914727
21/10/2018;27;1.000000000000000
21/10/2018;28;0.947627947211501
21/10/2018;29;0.950906797420375
22/10/2018;11;0.601125633994806
22/10/2018;13;0.780595922883425
22/10/2018;14;1.000000000000000
22/10/2018;15;1.000000000000000
22/10/2018;16;1.000000000000000
22/10/2018;17;0.777694228160081
22/10/2018;18;1.000000000000000
22/10/2018;19;1.000000000000000
22/10/2018;20;1.000000000000000
22/10/2018;21;1.093769948495390
22/10/2018;22;1.240947741660500
22/10/2018;23;1.141480712730230
22/10/2018;24;1.312169258888970
22/10/2018;25;1.408588281582920
22/10/2018;26;1.008719371865290
22/10/2018;27;1.381953701874200
22/10/2018;28;1.000000000000000
22/10/2018;29;0.898143013709409
23/10/2018;11;0.884336146105308
23/10/2018;13;1.045156066774920
23/10/2018;14;1.271247666529380
23/10/2018;15;1.000000000000000
23/10/2018;16;0.997284499354211
23/10/2018;17;0.826055446205575
23/10/2018;18;1.000000000000000
23/10/2018;19;0.719523060707329
23/10/2018;20;1.000000000000000
23/10/2018;21;1.000000000000000
23/10/2018;22;1.000000000000000
23/10/2018;23;0.998869570808744
23/10/2018;24;1.343352204336910
23/10/2018;25;1.000000000000000
23/10/2018;26;1.000000000000000
23/10/2018;27;1.390005853393070
23/10/2018;28;0.949066230911597
23/10/2018;29;0.925815536924338
24/10/2018;11;0.725068324920729
24/10/2018;13;0.831247549225718
24/10/2018;14;0.960651361712601
24/10/2018;15;1.000000000000000
24/10/2018;16;0.869964399260187
24/10/2018;17;0.650335685303426
24/10/2018;18;0.793305642390508
24/10/2018;19;1.000000000000000
24/10/2018;20;1.000000000000000
24/10/2018;21;0.942081471376423
24/10/2018;22;1.000000000000000
24/10/2018;23;0.814429480601559
24/10/2018;24;0.973031400928520
24/10/2018;25;0.857790826418586
24/10/2018;26;0.857733779397178
24/10/2018;27;1.114297208524700
24/10/2018;28;0.849198562585215
24/10/2018;29;0.893875776317388
25/10/2018;11;0.424265623274072
25/10/2018;13;0.348009841260770
25/10/2018;14;0.550956109372475
25/10/2018;15;0.992187771060097
25/10/2018;16;0.923734701986853
25/10/2018;17;0.665278823664397
25/10/2018;18;0.694993739490074
25/10/2018;19;0.989432589072291
25/10/2018;20;1.000000000000000
25/10/2018;21;0.902687532309425
25/10/2018;22;1.000000000000000
25/10/2018;23;0.977199192518091
25/10/2018;24;0.855506521604673
25/10/2018;25;0.883239768728148
25/10/2018;26;0.947225530506879
25/10/2018;27;0.975238395661324
25/10/2018;28;0.905367255786579
25/10/2018;29;0.888872607882952
26/10/2018;11;0.412608991095607
26/10/2018;13;0.472058264247593
26/10/2018;14;0.498232102043344
26/10/2018;15;0.866267474543755
26/10/2018;16;1.007876339593410
26/10/2018;17;0.676348099825350
26/10/2018;18;0.841898791641844
26/10/2018;19;0.688433039282438
26/10/2018;20;0.770152734465584
26/10/2018;21;0.801226431078888
26/10/2018;22;0.481563200479486
26/10/2018;23;0.928574146368824
26/10/2018;24;0.877887597662997
26/10/2018;25;0.891368079175183
26/10/2018;26;0.868767096747140
26/10/2018;27;0.821665404607215
26/10/2018;28;0.951004937557759
26/10/2018;29;0.838759584240734
27/10/2018;11;0.524342450793545
27/10/2018;13;0.602987918537470
27/10/2018;14;0.606116049770222
27/10/2018;15;0.634902773790652
27/10/2018;16;0.901968259035660
27/10/2018;17;0.685063905771191
27/10/2018;18;0.580214750369517
27/10/2018;19;0.555765830945365
27/10/2018;20;0.516039242016966
27/10/2018;21;0.704182377651958
27/10/2018;22;0.182300537803347
27/10/2018;23;0.786854238595259
27/10/2018;24;0.663789797062286
27/10/2018;25;0.772150382769080
27/10/2018;26;0.699186138365311
27/10/2018;27;0.533201213436686
27/10/2018;28;0.769466954655265
27/10/2018;29;0.748888120376427
28/10/2018;11;0.803859296515389
28/10/2018;13;0.512015951371688
28/10/2018;14;1.000000000000000
28/10/2018;15;0.475507992753293
28/10/2018;16;0.659175111120420
28/10/2018;17;0.571785629307412
28/10/2018;18;0.301151806009371
28/10/2018;19;0.446476218479727
28/10/2018;20;0.380376015981478
28/10/2018;21;0.469935043135963
28/10/2018;22;0.069781686230333
28/10/2018;23;0.768119068626399
28/10/2018;24;0.564533321403720
28/10/2018;25;0.736039966151021
28/10/2018;26;0.607003965746305
28/10/2018;27;0.398100714592395
28/10/2018;28;0.682298979829246
28/10/2018;29;0.729853802003011
29/10/2018;11;0.918637613990809
29/10/2018;13;0.472992344751537
29/10/2018;14;1.094551436796150
29/10/2018;15;0.502396224769969
29/10/2018;16;0.667436967700350
29/10/2018;17;0.718122342383604
29/10/2018;18;0.484359201165869
29/10/2018;19;0.505703907719325
29/10/2018;20;0.630511122214287
29/10/2018;21;0.731926378922250
29/10/2018;22;0.308597848856905
29/10/2018;23;0.782494655116345
29/10/2018;24;0.704765636275494
29/10/2018;25;0.781366197980614
29/10/2018;26;0.743434726952003
29/10/2018;27;0.553585909187421
29/10/2018;28;0.905282564909619
29/10/2018;29;0.761277385211141
30/10/2018;11;1.065179640299810
30/10/2018;13;0.581926247298523
30/10/2018;14;0.989279245006664
30/10/2018;15;0.624979036483551
30/10/2018;16;0.712122102281616
30/10/2018;17;1.022391751312890
30/10/2018;18;0.607161854508251
30/10/2018;19;0.745983588601919
30/10/2018;20;0.708606090191774
30/10/2018;21;0.722445060589369
30/10/2018;22;0.556852010733893
30/10/2018;23;0.771587714528709
30/10/2018;24;0.788271643349184
30/10/2018;25;0.770475042447483
30/10/2018;26;0.713312606797647
30/10/2018;27;0.682285671334761
30/10/2018;28;0.859692704702146
30/10/2018;29;0.754621829917274
31/10/2018;11;1.178014273676320
31/10/2018;13;0.783782188877473
31/10/2018;14;1.000000000000000
31/10/2018;15;0.790445243957758
31/10/2018;16;0.857016468030772
31/10/2018;17;1.196712312517360
31/10/2018;18;0.801694708951132
31/10/2018;19;0.897256257515360
31/10/2018;20;0.950230812226625
31/10/2018;21;1.000000000000000
31/10/2018;22;1.000000000000000
31/10/2018;23;0.957732950507758
31/10/2018;24;0.949700428639043
31/10/2018;25;0.853228039101771
31/10/2018;26;0.851283436193859
31/10/2018;27;0.936351118692042
31/10/2018;28;1.233969041611930
31/10/2018;29;1.086572573139020
01/11/2018;11;1.135010057434130
01/11/2018;13;0.962975387556939
01/11/2018;14;1.007338161084630
01/11/2018;15;0.890383373509641
01/11/2018;16;0.921316171597265
01/11/2018;17;1.116989376497760
01/11/2018;18;0.867037540476462
01/11/2018;19;0.858599968810340
01/11/2018;20;0.953895849098566
01/11/2018;21;0.970134307013304
01/11/2018;22;0.925735767806817
01/11/2018;23;1.017791724872180
01/11/2018;24;0.938377585246086
01/11/2018;25;0.908427310793839
01/11/2018;26;0.948116767047565
01/11/2018;27;0.989877194348219
01/11/2018;28;0.979998248703007
01/11/2018;29;1.000000000000000
02/11/2018;11;0.945489103807397
02/11/2018;13;0.926105974352861
02/11/2018;14;1.070075824258130
02/11/2018;15;0.804192490621653
02/11/2018;16;0.863494703898895
02/11/2018;17;1.096244779549670
02/11/2018;18;0.881161740896725
02/11/2018;19;0.812871335657988
02/11/2018;20;0.829944698056905
02/11/2018;21;0.902418158455814
02/11/2018;22;0.798199088570975
02/11/2018;23;0.978539360615656
02/11/2018;24;0.939164499224000
02/11/2018;25;0.877133828673785
02/11/2018;26;0.881747058126904
02/11/2018;27;0.941838528918793
02/11/2018;28;0.903400579373556
02/11/2018;29;0.838679342437689
03/11/2018;11;0.835654913777588
03/11/2018;13;0.795846881762800
03/11/2018;14;0.975052584868396
03/11/2018;15;0.698757142094049
03/11/2018;16;0.821689614840509
03/11/2018;17;1.104876969001820
03/11/2018;18;0.889676613554929
03/11/2018;19;0.732941096750715
03/11/2018;20;0.774156070699537
03/11/2018;21;0.903782257017885
03/11/2018;22;0.786218514697346
03/11/2018;23;0.921417125242972
03/11/2018;24;0.934651993537870
03/11/2018;25;0.884245901853209
03/11/2018;26;0.883595268231687
03/11/2018;27;0.866677323379174
03/11/2018;28;0.931307238751819
03/11/2018;29;0.839196455629115
04/11/2018;11;0.779618171470037
04/11/2018;13;0.733572881624869
04/11/2018;14;0.854910215661007
04/11/2018;15;0.635237652226690
04/11/2018;16;0.759682673075993
04/11/2018;17;0.952945893355024
04/11/2018;18;0.845027057776400
04/11/2018;19;0.647130367676107
04/11/2018;20;0.804221425373881
04/11/2018;21;0.903371513257567
04/11/2018;22;0.889752573582753
04/11/2018;23;0.877506410452446
04/11/2018;24;0.942716605452442
04/11/2018;25;0.906662637695938
04/11/2018;26;0.900145557626007
04/11/2018;27;1.000000000000000
04/11/2018;28;0.983367991325420
04/11/2018;29;0.817360808967757
05/11/2018;11;0.738057239702427
05/11/2018;13;0.741506421681628
05/11/2018;14;0.841942549387034
05/11/2018;15;0.756748823839137
05/11/2018;16;0.788034518572721
05/11/2018;17;0.831088750399828
05/11/2018;18;0.850685518455991
05/11/2018;19;0.833316682881873
05/11/2018;20;1.000000000000000
05/11/2018;21;0.919113727941704
05/11/2018;22;1.006798105675340
05/11/2018;23;0.950228530718237
05/11/2018;24;1.019651140754450
05/11/2018;25;0.948266415510019
05/11/2018;26;0.948202996728436
05/11/2018;27;1.033661141885440
05/11/2018;28;1.073602669225240
05/11/2018;29;0.895698720972884
06/11/2018;11;0.764505288388689
06/11/2018;13;0.672775583136025
06/11/2018;14;0.809233967019778
06/11/2018;15;0.785647299630343
06/11/2018;16;0.808838411085788
06/11/2018;17;0.832168653050601
06/11/2018;18;0.813818762442730
06/11/2018;19;0.849630830130284
06/11/2018;20;0.996755510909257
06/11/2018;21;0.951079692976531
06/11/2018;22;0.952116988960887
06/11/2018;23;1.001727973459870
06/11/2018;24;1.000000000000000
06/11/2018;25;0.987352863383623
06/11/2018;26;1.000000000000000
06/11/2018;27;1.058499285622710
06/11/2018;28;1.023233881755870
06/11/2018;29;1.060358954558300
07/11/2018;11;0.746144500122109
07/11/2018;13;0.612645241259518
07/11/2018;14;0.783591525569968
07/11/2018;15;0.723978711803477
07/11/2018;16;0.757222803560426
07/11/2018;17;0.859585567798544
07/11/2018;18;0.790608459756902
07/11/2018;19;0.773950843806941
07/11/2018;20;0.857472084813016
07/11/2018;21;0.933533021612367
07/11/2018;22;0.870348811853776
07/11/2018;23;1.000000000000000
07/11/2018;24;0.957875894659678
07/11/2018;25;0.917690439462952
07/11/2018;26;1.008571404422010
07/11/2018;27;1.061505129395470
07/11/2018;28;0.926642150332645
07/11/2018;29;0.920097992965614
08/11/2018;11;0.748669159844495
08/11/2018;13;0.637113870753966
08/11/2018;14;0.735673897421284
08/11/2018;15;0.812378215683728
08/11/2018;16;0.774691144891387
08/11/2018;17;0.922528029961669
08/11/2018;18;0.763914247155818
08/11/2018;19;0.813593249806557
08/11/2018;20;1.000000000000000
08/11/2018;21;1.000000000000000
08/11/2018;22;1.000000000000000
08/11/2018;23;0.992006671915379
08/11/2018;24;0.973724487751382
08/11/2018;25;1.000000000000000
08/11/2018;26;0.993500622876959
08/11/2018;27;1.000000000000000
08/11/2018;28;0.901179476885077
08/11/2018;29;0.951620206196489
09/11/2018;11;0.759809581707904
09/11/2018;13;0.679349933825618
09/11/2018;14;0.737731745294337
09/11/2018;15;0.892521477038785
09/11/2018;16;0.877002650431663
09/11/2018;17;0.900404103339209
09/11/2018;18;0.871666540322874
09/11/2018;19;0.897002216312411
09/11/2018;20;1.039243138623810
09/11/2018;21;1.020175916263800
09/11/2018;22;0.994490137786170
09/11/2018;23;1.001421615270120
09/11/2018;24;0.968260040421815
09/11/2018;25;1.069963400447360
09/11/2018;26;1.000000000000000
09/11/2018;27;0.985227149728503
09/11/2018;28;1.010880482146790
09/11/2018;29;0.994085813894013
10/11/2018;11;0.744162513677621
10/11/2018;13;0.691409047472820
10/11/2018;14;0.752557501501065
10/11/2018;15;0.863208922733789
10/11/2018;16;0.955604016832182
10/11/2018;17;0.875821828936265
10/11/2018;18;0.962551636284286
10/11/2018;19;0.918969916844991
10/11/2018;20;1.047731712053640
10/11/2018;21;1.000000000000000
10/11/2018;22;0.935127157358497
10/11/2018;23;1.037248116629500
10/11/2018;24;0.942059160742248
10/11/2018;25;1.087138065545440
10/11/2018;26;1.071035655696610
10/11/2018;27;1.037164865807760
10/11/2018;28;0.909924894845441
10/11/2018;29;1.000707808369330
11/11/2018;11;0.777056758489529
11/11/2018;13;0.762753956836166
11/11/2018;14;0.738498038075590
11/11/2018;15;0.797379473689556
11/11/2018;16;0.880685024678773
11/11/2018;17;0.797186728718032
11/11/2018;18;0.798839581090574
11/11/2018;19;0.941160787801009
11/11/2018;20;1.000000000000000
11/11/2018;21;0.954371216000105
11/11/2018;22;0.915962679930680
11/11/2018;23;1.061885346373130
11/11/2018;24;0.919326275008250
11/11/2018;25;0.930654761596621
11/11/2018;26;1.103932840331250
11/11/2018;27;1.000000000000000
11/11/2018;28;0.880979822302581
11/11/2018;29;0.877103312160906
12/11/2018;11;0.797380337209574
12/11/2018;13;0.745185326403125
12/11/2018;14;0.651573515201880
12/11/2018;15;0.814898267256587
12/11/2018;16;0.753622687905604
12/11/2018;17;0.791881828153111
12/11/2018;18;0.776539086327474
12/11/2018;19;0.937450457658652
12/11/2018;20;1.019577163142270
12/11/2018;21;1.000000000000000
12/11/2018;22;0.921660012939782
12/11/2018;23;1.043138687605260
12/11/2018;24;0.900546117988792
12/11/2018;25;0.803806075946002
12/11/2018;26;1.053278519449880
12/11/2018;27;0.969534364101608
12/11/2018;28;0.857950148052426
12/11/2018;29;0.899929487383182
13/11/2018;11;0.761796871901500
13/11/2018;13;0.630635187640215
13/11/2018;14;0.571016926065851
13/11/2018;15;0.798763069154809
13/11/2018;16;0.747302584338116
13/11/2018;17;0.898620616613168
13/11/2018;18;0.718649428558876
13/11/2018;19;0.896628452874737
13/11/2018;20;1.074887562837120
13/11/2018;21;0.969994712739293
13/11/2018;22;0.906814944737020
13/11/2018;23;1.000000000000000
13/11/2018;24;0.868369055266863
13/11/2018;25;1.000000000000000
13/11/2018;26;1.027065075960440
13/11/2018;27;0.969936122452285
13/11/2018;28;0.819272875217012
13/11/2018;29;0.906987035217211
14/11/2018;11;0.855872440334017
14/11/2018;13;0.568097152512850
14/11/2018;14;0.768041542811890
14/11/2018;15;0.773042895755867
14/11/2018;16;0.762217964542485
14/11/2018;17;0.821315796660315
14/11/2018;18;0.693603019933463
14/11/2018;19;0.907416538107878
14/11/2018;20;1.139994974116400
14/11/2018;21;1.000000000000000
14/11/2018;22;1.012090977236650
14/11/2018;23;0.985730181365553
14/11/2018;24;0.861812843975385
14/11/2018;25;0.898823304603677
14/11/2018;26;1.000000000000000
14/11/2018;27;0.966162402668961
14/11/2018;28;0.925710432641319
14/11/2018;29;0.942293262665388
15/11/2018;11;0.917191365329483
15/11/2018;13;0.669811007841337
15/11/2018;14;0.907137046269410
15/11/2018;15;0.785213146610533
15/11/2018;16;0.766288165604929
15/11/2018;17;0.827422585631303
15/11/2018;18;0.799223728522972
15/11/2018;19;0.897236121639423
15/11/2018;20;1.000000000000000
15/11/2018;21;0.997569766075561
15/11/2018;22;1.060030647143750
15/11/2018;23;0.941274087625235
15/11/2018;24;0.928869733383190
15/11/2018;25;1.000000000000000
15/11/2018;26;0.957552560525438
15/11/2018;27;0.968331285396426
15/11/2018;28;0.952677515983678
15/11/2018;29;0.966398997999695
16/11/2018;11;0.873354746650169
16/11/2018;13;0.757514139254748
16/11/2018;14;1.077932522271270
16/11/2018;15;1.000000000000000
16/11/2018;16;1.000000000000000
16/11/2018;17;0.919187899097556
16/11/2018;18;1.000000000000000
16/11/2018;19;0.949224253028737
16/11/2018;20;1.000000000000000
16/11/2018;21;0.948283304988412
16/11/2018;22;0.973253612405212
16/11/2018;23;0.918092791321432
16/11/2018;24;1.032306236089350
16/11/2018;25;1.069228292731790
16/11/2018;26;1.000000000000000
16/11/2018;27;1.054334814311330
16/11/2018;28;1.000000000000000
16/11/2018;29;1.000000000000000
17/11/2018;11;1.000000000000000
17/11/2018;13;0.849898638359148
17/11/2018;14;1.127939314413720
17/11/2018;15;1.071163102619350
17/11/2018;16;1.097363815601960
17/11/2018;17;1.059899476367840
17/11/2018;18;1.036816490752370
17/11/2018;19;1.002851874765080
17/11/2018;20;1.015931241535330
17/11/2018;21;0.875578091563473
17/11/2018;22;1.045992335203250
17/11/2018;23;1.017859454807950
17/11/2018;24;1.183039582718950
17/11/2018;25;1.106587864848540
17/11/2018;26;1.138295192359720
17/11/2018;27;1.241830412291010
17/11/2018;28;1.051748978323580
17/11/2018;29;0.994429948324777
18/11/2018;11;1.094298111743110
18/11/2018;13;1.053694343223800
18/11/2018;14;1.115538087481770
18/11/2018;15;1.185709105631070
18/11/2018;16;1.212434594897400
18/11/2018;17;1.219276771071630
18/11/2018;18;1.220686977340820
18/11/2018;19;1.066584768266090
18/11/2018;20;1.053902524375110
18/11/2018;21;1.000000000000000
18/11/2018;22;1.193473753965120
18/11/2018;23;1.126496398749510
18/11/2018;24;1.360930581984590
18/11/2018;25;1.248139877363600
18/11/2018;26;1.172139945552360
18/11/2018;27;1.369261198348090
18/11/2018;28;1.097605279329930
18/11/2018;29;0.910174607295504
19/11/2018;11;1.322794339488820
19/11/2018;13;1.205295296334600
19/11/2018;14;1.149584808544240
19/11/2018;15;1.231252891762490
19/11/2018;16;1.339067977874700
19/11/2018;17;1.321493725022230
19/11/2018;18;1.300123917221130
19/11/2018;19;1.137734469521510
19/11/2018;20;1.140155099156120
19/11/2018;21;1.162946296268490
19/11/2018;22;1.268474086952040
19/11/2018;23;1.175346944978470
19/11/2018;24;1.408424128340390
19/11/2018;25;1.201888790444050
19/11/2018;26;1.090277607869310
19/11/2018;27;1.290320700955100
19/11/2018;28;0.908872485623084
19/11/2018;29;0.896530766469951
20/11/2018;11;1.337366643643590
20/11/2018;13;1.258872684560140
20/11/2018;14;1.107349518059490
20/11/2018;15;1.236167541016980
20/11/2018;16;1.428630002571460
20/11/2018;17;1.466607043736510
20/11/2018;18;1.348211229996710
20/11/2018;19;1.181447689758970
20/11/2018;20;1.188057751468050
20/11/2018;21;1.257665718628910
20/11/2018;22;1.000000000000000
20/11/2018;23;1.169375068250590
20/11/2018;24;1.000000000000000
20/11/2018;25;0.977252399306079
20/11/2018;26;1.000000000000000
20/11/2018;27;1.000000000000000
20/11/2018;28;0.812950073952016
20/11/2018;29;0.771087531631411
21/11/2018;11;1.329111975227580
21/11/2018;13;1.257340819247510
21/11/2018;14;1.088758091658690
21/11/2018;15;1.141756493245560
21/11/2018;16;1.310084139936700
21/11/2018;17;1.419246082530330
21/11/2018;18;1.170356016892820
21/11/2018;19;1.177570032827410
21/11/2018;20;1.000000000000000
21/11/2018;21;1.194415151422890
21/11/2018;22;1.000000000000000
21/11/2018;23;1.055283630909100
21/11/2018;24;0.934124241931792
21/11/2018;25;1.000000000000000
21/11/2018;26;1.000000000000000
21/11/2018;27;1.000000000000000
21/11/2018;28;0.794805016269576
21/11/2018;29;0.814602871435267
22/11/2018;11;1.000000000000000
22/11/2018;13;1.000000000000000
22/11/2018;14;1.000000000000000
22/11/2018;15;1.069464986787350
22/11/2018;16;1.139276556411870
22/11/2018;17;1.173350587293460
22/11/2018;18;0.959301520868291
22/11/2018;19;1.000000000000000
22/11/2018;20;0.926442787482445
22/11/2018;21;1.098156265983110
22/11/2018;22;0.930320853473726
22/11/2018;23;1.000000000000000
22/11/2018;24;0.911896453802146
22/11/2018;25;1.075618384307060
22/11/2018;26;1.039825737815740
22/11/2018;27;1.009096973693760
22/11/2018;28;0.797402350785404
22/11/2018;29;0.840091384645737
23/11/2018;11;0.977553375462562
23/11/2018;13;0.977595855908146
23/11/2018;14;0.918858066085170
23/11/2018;15;1.000000000000000
23/11/2018;16;0.961997907324759
23/11/2018;17;1.100141612982350
23/11/2018;18;1.000000000000000
23/11/2018;19;0.940907730054613
23/11/2018;20;0.885399646719485
23/11/2018;21;1.000000000000000
23/11/2018;22;0.857575442010854
23/11/2018;23;0.988963741743735
23/11/2018;24;0.847731679415091
23/11/2018;25;1.081515624530530
23/11/2018;26;1.050317812856810
23/11/2018;27;0.998117944815070
23/11/2018;28;0.917599947866775
23/11/2018;29;0.928456658600198
24/11/2018;11;0.921984609995468
24/11/2018;13;0.942487252212580
24/11/2018;14;0.897892445203773
24/11/2018;15;0.866322738622523
24/11/2018;16;0.765487117774111
24/11/2018;17;1.109087770788490
24/11/2018;18;0.952478739707308
24/11/2018;19;0.865422632422024
24/11/2018;20;0.931922071500174
24/11/2018;21;0.848090783963613
24/11/2018;22;0.795473116255311
24/11/2018;23;0.972988431431689
24/11/2018;24;0.804894135767869
24/11/2018;25;1.000000000000000
24/11/2018;26;0.968501020329752
24/11/2018;27;0.915704045968368
24/11/2018;28;0.771153049430031
24/11/2018;29;0.917492843601443
25/11/2018;11;0.894501595700131
25/11/2018;13;0.877777294992181
25/11/2018;14;0.858824327789205
25/11/2018;15;0.762460387970488
25/11/2018;16;0.765746506239099
25/11/2018;17;1.058418990932690
25/11/2018;18;0.879256632189148
25/11/2018;19;0.767105585635105
25/11/2018;20;0.821276387038071
25/11/2018;21;0.860251647920105
25/11/2018;22;0.749695962705374
25/11/2018;23;0.948365287608778
25/11/2018;24;0.795103071209811
25/11/2018;25;0.771987442871564
25/11/2018;26;0.860580668158241
25/11/2018;27;0.846428276212533
25/11/2018;28;0.660081296300002
25/11/2018;29;0.680872001948354
26/11/2018;11;0.914297574921259
26/11/2018;13;0.811733282518541
26/11/2018;14;0.922097321479263
26/11/2018;15;0.808921942345198
26/11/2018;16;0.870411192550681
26/11/2018;17;0.998724312893088
26/11/2018;18;0.820599819021652
26/11/2018;19;0.906190439287902
26/11/2018;20;0.833624566996408
26/11/2018;21;0.942841260174218
26/11/2018;22;0.840434520667880
26/11/2018;23;0.938490856667556
26/11/2018;24;0.860216958042604
26/11/2018;25;0.806263583910397
26/11/2018;26;0.858378567018104
26/11/2018;27;0.878461459033319
26/11/2018;28;0.816299024442453
26/11/2018;29;0.801567366322763
27/11/2018;11;0.825160784421369
27/11/2018;13;0.732670558826422
27/11/2018;14;0.874830720679526
27/11/2018;15;0.804533283374572
27/11/2018;16;0.927702003709041
27/11/2018;17;0.888410809582492
27/11/2018;18;0.774910821553571
27/11/2018;19;0.952987119540322
27/11/2018;20;0.941209199918449
27/11/2018;21;0.922470742031132
27/11/2018;22;0.923434031750316
27/11/2018;23;0.950625630149731
27/11/2018;24;1.000000000000000
27/11/2018;25;1.000000000000000
27/11/2018;26;0.859120660963716
27/11/2018;27;0.939401285501202
27/11/2018;28;0.883906478777773
27/11/2018;29;0.885336881414187
28/11/2018;11;0.788539707049384
28/11/2018;13;0.820947122679458
28/11/2018;14;0.839794675883551
28/11/2018;15;0.897701177341400
28/11/2018;16;1.017566195116510
28/11/2018;17;0.829112845512223
28/11/2018;18;0.822579808479228
28/11/2018;19;0.945735878574303
28/11/2018;20;0.913478874576677
28/11/2018;21;0.924082252110676
28/11/2018;22;1.018831099560990
28/11/2018;23;1.000000000000000
28/11/2018;24;1.082982082902500
28/11/2018;25;1.048884994011220
28/11/2018;26;1.000000000000000
28/11/2018;27;1.085291471886720
28/11/2018;28;1.000000000000000
28/11/2018;29;0.918056631201952
29/11/2018;11;0.887502496967907
29/11/2018;13;1.000000000000000
29/11/2018;14;1.000000000000000
29/11/2018;15;1.074763484452900
29/11/2018;16;1.162537856603640
29/11/2018;17;0.903288784567844
29/11/2018;18;1.000000000000000
29/11/2018;19;0.902314575015508
29/11/2018;20;0.914608712141124
29/11/2018;21;1.006138469214930
29/11/2018;22;1.037045556443900
29/11/2018;23;0.985882979569593
29/11/2018;24;1.083770543147590
29/11/2018;25;1.000000000000000
29/11/2018;26;1.000000000000000
29/11/2018;27;1.122283410241500
29/11/2018;28;1.020348296477250
29/11/2018;29;1.000000000000000
30/11/2018;11;1.089304182452600
30/11/2018;13;1.085120871648280
30/11/2018;14;1.042602297593250
30/11/2018;15;1.171070777489400
30/11/2018;16;1.281109084524290
30/11/2018;17;1.088574746543130
30/11/2018;18;1.239940627944710
30/11/2018;19;1.011619291522510
30/11/2018;20;1.005035091150800
30/11/2018;21;1.149569640279320
30/11/2018;22;1.037016104565090
30/11/2018;23;1.042612981251210
30/11/2018;24;1.134414156020850
30/11/2018;25;1.112673825352340
30/11/2018;26;1.062454626731410
30/11/2018;27;1.146837621278380
30/11/2018;28;1.066298763318660
30/11/2018;29;1.059787915402570
01/12/2018;11;1.092016714655900
01/12/2018;13;1.137142633895810
01/12/2018;14;1.046838613961010
01/12/2018;15;1.122124789826190
01/12/2018;16;1.000000000000000
01/12/2018;17;1.137586800459910
01/12/2018;18;1.000000000000000
01/12/2018;19;1.000000000000000
01/12/2018;20;1.000000000000000
01/12/2018;21;1.182602041741170
01/12/2018;22;0.979692208543634
01/12/2018;23;1.115261938261790
01/12/2018;24;1.186650660899640
01/12/2018;25;1.000000000000000
01/12/2018;26;1.182575895502680
01/12/2018;27;1.217231618456030
01/12/2018;28;1.000000000000000
01/12/2018;29;1.067964485884270
02/12/2018;11;1.095571920185320
02/12/2018;13;1.108608277392960
02/12/2018;14;1.069338611028680
02/12/2018;15;1.000000000000000
02/12/2018;16;0.964415677048640
02/12/2018;17;1.087451259788800
02/12/2018;18;1.062063864276480
02/12/2018;19;1.018500292441110
02/12/2018;20;1.040577846152510
02/12/2018;21;1.113288015379520
02/12/2018;22;1.000000000000000
02/12/2018;23;1.091370783306540
02/12/2018;24;1.000000000000000
02/12/2018;25;0.997495414145441
02/12/2018;26;1.143319160919080
02/12/2018;27;1.000000000000000
02/12/2018;28;0.993523955848753
02/12/2018;29;1.000000000000000
03/12/2018;11;1.000000000000000
03/12/2018;13;0.990716845474698
03/12/2018;14;1.000000000000000
03/12/2018;15;0.939398504650412
03/12/2018;16;0.950136033725641
03/12/2018;17;0.995026567041459
03/12/2018;18;0.987047082140997
03/12/2018;19;1.000000000000000
03/12/2018;20;1.000000000000000
03/12/2018;21;1.000000000000000
03/12/2018;22;0.941310887005411
03/12/2018;23;1.054265849025000
03/12/2018;24;0.900159515447577
03/12/2018;25;1.004765941525250
03/12/2018;26;1.019069945322040
03/12/2018;27;1.003419629361340
03/12/2018;28;0.974652150116998
03/12/2018;29;0.947141748659372
04/12/2018;11;0.885310152388595
04/12/2018;13;0.871376704062033
04/12/2018;14;0.945856900068543
04/12/2018;15;0.894673971868762
04/12/2018;16;0.899653423387482
04/12/2018;17;0.889387067432406
04/12/2018;18;0.854601014192210
04/12/2018;19;0.854763872026995
04/12/2018;20;0.848989326578265
04/12/2018;21;0.922716776118447
04/12/2018;22;0.827536107271612
04/12/2018;23;0.998814234894054
04/12/2018;24;0.806685301969317
04/12/2018;25;0.902975745534767
04/12/2018;26;1.000000000000000
04/12/2018;27;0.915591499262107
04/12/2018;28;0.847256802482095
04/12/2018;29;0.960804727978730
05/12/2018;11;0.870219373574876
05/12/2018;13;0.926358043177266
05/12/2018;14;0.964793813568994
05/12/2018;15;0.924623561960529
05/12/2018;16;0.909435350793475
05/12/2018;17;0.842944187241860
05/12/2018;18;0.907719878186032
05/12/2018;19;0.805700798569445
05/12/2018;20;0.849139107707616
05/12/2018;21;0.926091413873242
05/12/2018;22;0.852902650804914
05/12/2018;23;1.014618351630470
05/12/2018;24;0.826492680659148
05/12/2018;25;0.834443422275853
05/12/2018;26;0.942642365836653
05/12/2018;27;0.865634124794991
05/12/2018;28;0.802709455784210
05/12/2018;29;0.903165870354588
06/12/2018;11;0.809524065369749
06/12/2018;13;0.884620443718853
06/12/2018;14;0.930986796111726
06/12/2018;15;0.934425845964445
06/12/2018;16;1.000000000000000
06/12/2018;17;0.913892801779737
06/12/2018;18;0.917439814427083
06/12/2018;19;0.942616191615716
06/12/2018;20;0.945470145209841
06/12/2018;21;1.005810314222840
06/12/2018;22;0.893595424714542
06/12/2018;23;1.032961330767050
06/12/2018;24;0.922144207634009
06/12/2018;25;1.000000000000000
06/12/2018;26;1.000000000000000
06/12/2018;27;1.000000000000000
06/12/2018;28;0.829129623361249
06/12/2018;29;1.000000000000000
07/12/2018;11;0.853515036588453
07/12/2018;13;1.000000000000000
07/12/2018;14;0.910183342150376
07/12/2018;15;0.922522403287245
07/12/2018;16;0.966657894036430
07/12/2018;17;0.952421511521800
07/12/2018;18;0.873511187757870
07/12/2018;19;1.000000000000000
07/12/2018;20;1.000000000000000
07/12/2018;21;0.925902331054507
07/12/2018;22;0.921621930361719
07/12/2018;23;1.019224949861080
07/12/2018;24;0.941859509971493
07/12/2018;25;0.984737406712177
07/12/2018;26;1.000000000000000
07/12/2018;27;0.999844723430753
07/12/2018;28;1.000000000000000
07/12/2018;29;1.000000000000000
08/12/2018;11;0.843666212627888
08/12/2018;13;0.819702985853480
08/12/2018;14;0.859733830555558
08/12/2018;15;0.853857013773618
08/12/2018;16;0.916129068837453
08/12/2018;17;0.889688950196665
08/12/2018;18;0.785498965134473
08/12/2018;19;0.945747736811968
08/12/2018;20;0.960508641183692
08/12/2018;21;0.794222905949109
08/12/2018;22;0.900367605027194
08/12/2018;23;1.000000000000000
08/12/2018;24;0.868608788939215
08/12/2018;25;0.859760248185781
08/12/2018;26;0.975466201168999
08/12/2018;27;0.979546088303560
08/12/2018;28;0.929986787525261
08/12/2018;29;0.967086476877102
09/12/2018;11;0.798665057027942
09/12/2018;13;0.782408980477973
09/12/2018;14;1.000000000000000
09/12/2018;15;0.851822876643645
09/12/2018;16;0.908990953809328
09/12/2018;17;0.863322153798783
09/12/2018;18;0.886314135512645
09/12/2018;19;0.864108417249578
09/12/2018;20;0.900332024686325
09/12/2018;21;0.770329410173266
09/12/2018;22;0.882696253727020
09/12/2018;23;0.978713109323659
09/12/2018;24;0.892566955007263
09/12/2018;25;1.000000000000000
09/12/2018;26;0.921765397406179
09/12/2018;27;1.005632092925990
09/12/2018;28;0.823911296929448
09/12/2018;29;0.987446944223347
10/12/2018;11;0.760973649339929
10/12/2018;13;0.813441520870692
10/12/2018;14;0.950370063298633
10/12/2018;15;1.000000000000000
10/12/2018;16;0.939958873826014
10/12/2018;17;0.845468268842014
10/12/2018;18;0.828072838445081
10/12/2018;19;0.944885893390888
10/12/2018;20;1.012246148541100
10/12/2018;21;0.827568252412204
10/12/2018;22;0.948807520693222
10/12/2018;23;1.001895512203240
10/12/2018;24;0.915436653531495
10/12/2018;25;1.061222310294770
10/12/2018;26;0.924210572569762
10/12/2018;27;0.977334261322170
10/12/2018;28;0.904607133114215
10/12/2018;29;0.916348732846091
11/12/2018;11;0.882734837709972
11/12/2018;13;0.802643039872875
11/12/2018;14;0.895914416696701
11/12/2018;15;0.989803226086001
11/12/2018;16;1.024486385825380
11/12/2018;17;0.898695347057357
11/12/2018;18;0.771729151765261
11/12/2018;19;1.011719752342990
11/12/2018;20;1.063702514612590
11/12/2018;21;1.000000000000000
11/12/2018;22;1.008401242261020
11/12/2018;23;1.072880681186970
11/12/2018;24;1.000000000000000
11/12/2018;25;1.072813697989360
11/12/2018;26;1.012944006515530
11/12/2018;27;1.000000000000000
11/12/2018;28;0.966457344396385
11/12/2018;29;0.934567097635329
12/12/2018;11;1.038503175521610
12/12/2018;13;1.000000000000000
12/12/2018;14;1.005207380226330
12/12/2018;15;1.024894567186070
12/12/2018;16;1.102725879930460
12/12/2018;17;1.029973322892700
12/12/2018;18;1.000000000000000
12/12/2018;19;1.168558676975990
12/12/2018;20;1.144197931772160
12/12/2018;21;1.122047183421900
12/12/2018;22;1.147306128927070
12/12/2018;23;1.145383350314500
12/12/2018;24;1.133193675926610
12/12/2018;25;1.155681542791980
12/12/2018;26;1.175248525531400
12/12/2018;27;1.111336017512160
12/12/2018;28;1.000000000000000
12/12/2018;29;1.000000000000000
13/12/2018;11;1.027517048602220
13/12/2018;13;1.013411412623840
13/12/2018;14;1.000000000000000
13/12/2018;15;1.097146241868370
13/12/2018;16;1.135096850504710
13/12/2018;17;1.120802349679000
13/12/2018;18;1.079705419977110
13/12/2018;19;1.194114726560940
13/12/2018;20;1.183853560723490
13/12/2018;21;1.144559805121840
13/12/2018;22;1.000000000000000
13/12/2018;23;1.149519525302100
13/12/2018;24;1.156088886827530
13/12/2018;25;1.152616607964140
13/12/2018;26;1.196950638446490
13/12/2018;27;1.107831964561920
13/12/2018;28;1.000000000000000
13/12/2018;29;1.000000000000000
14/12/2018;11;1.019236357534560
14/12/2018;13;1.071253530439910
14/12/2018;14;0.956972967367889
14/12/2018;15;1.071840290779760
14/12/2018;16;1.164988214032050
14/12/2018;17;1.144302359779330
14/12/2018;18;1.054081463404290
14/12/2018;19;1.041299581188310
14/12/2018;20;1.092072772891020
14/12/2018;21;1.110558479953600
14/12/2018;22;1.033938908617120
14/12/2018;23;1.066315668314900
14/12/2018;24;1.090062708910370
14/12/2018;25;1.000000000000000
14/12/2018;26;1.000000000000000
14/12/2018;27;0.986221591838323
14/12/2018;28;0.890574220082828
14/12/2018;29;0.943082275000776
15/12/2018;11;1.117716259461020
15/12/2018;13;1.125397955514750
15/12/2018;14;0.973764908167067
15/12/2018;15;1.081108712229490
15/12/2018;16;1.206866209589990
15/12/2018;17;1.168829021248010
15/12/2018;18;1.150956801763120
15/12/2018;19;1.088402291558480
15/12/2018;20;1.116890619001310
15/12/2018;21;1.123532755454360
15/12/2018;22;1.143926846792290
15/12/2018;23;1.071113379423920
15/12/2018;24;1.188270503156290
15/12/2018;25;1.000000000000000
15/12/2018;26;1.055702301423490
15/12/2018;27;1.005733694530110
15/12/2018;28;1.000000000000000
15/12/2018;29;0.965616099202601
16/12/2018;11;1.163373590607380
16/12/2018;13;1.097773910750800
16/12/2018;14;1.009937255085060
16/12/2018;15;1.178896951950940
16/12/2018;16;1.193482788643790
16/12/2018;17;1.146440270433290
16/12/2018;18;1.253766056140170
16/12/2018;19;1.197691734542340
16/12/2018;20;1.240706205762960
16/12/2018;21;1.117098841824340
16/12/2018;22;1.201583721021040
16/12/2018;23;1.149666007881230
16/12/2018;24;1.284791518376680
16/12/2018;25;1.188604804624270
16/12/2018;26;1.246544882932810
16/12/2018;27;1.131590768700070
16/12/2018;28;1.029849702698520
16/12/2018;29;1.000000000000000
17/12/2018;11;1.069183003767720
17/12/2018;13;1.000000000000000
17/12/2018;14;1.026166051861560
17/12/2018;15;1.000000000000000
17/12/2018;16;1.000000000000000
17/12/2018;17;1.148562288140500
17/12/2018;18;1.200302613160180
17/12/2018;19;1.186326560033430
17/12/2018;20;1.176066489997310
17/12/2018;21;1.082874099344310
17/12/2018;22;1.000000000000000
17/12/2018;23;1.140956960172720
17/12/2018;24;1.155129083468110
17/12/2018;25;1.000000000000000
17/12/2018;26;1.168833911018200
17/12/2018;27;1.000000000000000
17/12/2018;28;1.000000000000000
17/12/2018;29;0.979955829309048
18/12/2018;11;1.091440248278760
18/12/2018;13;1.023088928230730
18/12/2018;14;1.017980305677100
18/12/2018;15;0.993148256824866
18/12/2018;16;0.965850072212864
18/12/2018;17;1.000000000000000
18/12/2018;18;1.146890989328640
18/12/2018;19;1.000000000000000
18/12/2018;20;0.973262947524513
18/12/2018;21;1.000000000000000
18/12/2018;22;0.952340615046545
18/12/2018;23;1.000000000000000
18/12/2018;24;1.064391622423180
18/12/2018;25;0.937290504372139
18/12/2018;26;1.000000000000000
18/12/2018;27;0.997128215061015
18/12/2018;28;0.949676118168080
18/12/2018;29;0.913841929985163
19/12/2018;11;1.106063680184390
19/12/2018;13;1.031638617499450
19/12/2018;14;0.965865983707013
19/12/2018;15;1.018948817557800
19/12/2018;16;0.968860577306262
19/12/2018;17;1.021840284913290
19/12/2018;18;1.000000000000000
19/12/2018;19;1.018711680164590
19/12/2018;20;1.000000000000000
19/12/2018;21;1.000000000000000
19/12/2018;22;1.000000000000000
19/12/2018;23;0.934056653618993
19/12/2018;24;1.000000000000000
19/12/2018;25;1.000000000000000
19/12/2018;26;0.960842501527789
19/12/2018;27;0.993268500117534
19/12/2018;28;0.981780962768394
19/12/2018;29;1.000000000000000
20/12/2018;11;1.038809490529120
20/12/2018;13;0.976663896186180
20/12/2018;14;0.946682676633604
20/12/2018;15;0.987572792782917
20/12/2018;16;0.976479420889641
20/12/2018;17;1.089323260165760
20/12/2018;18;1.000000000000000
20/12/2018;19;1.000000000000000
20/12/2018;20;1.000000000000000
20/12/2018;21;1.000000000000000
20/12/2018;22;0.900253854343655
20/12/2018;23;1.003275950319370
20/12/2018;24;0.934558148513701
20/12/2018;25;1.057579285767100
20/12/2018;26;1.034713160684340
20/12/2018;27;1.000000000000000
20/12/2018;28;1.000000000000000
20/12/2018;29;1.028194690111790
21/12/2018;11;1.047534764198050
21/12/2018;13;1.000000000000000
21/12/2018;14;0.972250539264461
21/12/2018;15;1.023455038309530
21/12/2018;16;1.000000000000000
21/12/2018;17;1.046851053549660
21/12/2018;18;1.044233141273740
21/12/2018;19;0.914582136776885
21/12/2018;20;0.877581700841629
21/12/2018;21;0.926038388440520
21/12/2018;22;0.873518292823977
21/12/2018;23;1.038104554493860
21/12/2018;24;0.893714274295077
21/12/2018;25;1.026493780164980
21/12/2018;26;1.000000000000000
21/12/2018;27;0.974483882563510
21/12/2018;28;0.995056664670314
21/12/2018;29;1.000000000000000
22/12/2018;11;1.039532879469860
22/12/2018;13;0.944826562289007
22/12/2018;14;0.949790308023150
22/12/2018;15;1.073057009524480
22/12/2018;16;1.059257351252780
22/12/2018;17;0.882532796058279
22/12/2018;18;0.982348707893005
22/12/2018;19;0.893466002148385
22/12/2018;20;0.855213576183203
22/12/2018;21;0.856339079271385
22/12/2018;22;0.937667310105781
22/12/2018;23;0.918397698829670
22/12/2018;24;0.832235310612748
22/12/2018;25;0.978292682787479
22/12/2018;26;0.937350081643457
22/12/2018;27;0.923772483534132
22/12/2018;28;0.931270366684636
22/12/2018;29;1.005314516666640
23/12/2018;11;1.017302362483740
23/12/2018;13;1.000000000000000
23/12/2018;14;1.000000000000000
23/12/2018;15;1.032040674791070
23/12/2018;16;1.079256130345970
23/12/2018;17;0.824071121100164
23/12/2018;18;1.001701924670800
23/12/2018;19;0.764360860618241
23/12/2018;20;0.822683729445523
23/12/2018;21;1.000000000000000
23/12/2018;22;0.872008811332678
23/12/2018;23;1.000000000000000
23/12/2018;24;0.812207246917634
23/12/2018;25;0.935385064088775
23/12/2018;26;1.000000000000000
23/12/2018;27;0.875081547770707
23/12/2018;28;0.971048857593439
23/12/2018;29;1.000000000000000
24/12/2018;11;0.952115893209178
24/12/2018;13;0.908033654079047
24/12/2018;14;1.000000000000000
24/12/2018;15;1.000000000000000
24/12/2018;16;1.000000000000000
24/12/2018;17;0.837170766744901
24/12/2018;18;1.000000000000000
24/12/2018;19;0.801143591493287
24/12/2018;20;0.849420388978534
24/12/2018;21;0.953741908566570
24/12/2018;22;0.877322609949967
24/12/2018;23;1.030828991692310
24/12/2018;24;0.847626975845293
24/12/2018;25;0.903316985526633
24/12/2018;26;0.986498691766932
24/12/2018;27;0.875309795112683
24/12/2018;28;0.963702241803223
24/12/2018;29;0.986180663479379
25/12/2018;11;0.945561099628091
25/12/2018;13;1.000000000000000
25/12/2018;14;1.021462218066250
25/12/2018;15;1.113334466530390
25/12/2018;16;1.044283093166720
25/12/2018;17;1.000000000000000
25/12/2018;18;1.075043865897030
25/12/2018;19;1.000000000000000
25/12/2018;20;1.000000000000000
25/12/2018;21;1.000000000000000
25/12/2018;22;1.000000000000000
25/12/2018;23;1.020457079136810
25/12/2018;24;1.000000000000000
25/12/2018;25;1.000000000000000
25/12/2018;26;1.000000000000000
25/12/2018;27;1.012459623796170
25/12/2018;28;0.952310252234337
25/12/2018;29;0.966116209451648
26/12/2018;11;1.061404569239320
26/12/2018;13;1.130725834267650
26/12/2018;14;1.067585523208390
26/12/2018;15;1.190241824199490
26/12/2018;16;1.109047875018240
26/12/2018;17;1.027028408687750
26/12/2018;18;1.220693179565400
26/12/2018;19;1.116953505072310
26/12/2018;20;1.065347121145420
26/12/2018;21;1.158417840077840
26/12/2018;22;1.065245031225560
26/12/2018;23;1.045938877325460
26/12/2018;24;1.121966627892870
26/12/2018;25;1.057823005496270
26/12/2018;26;1.000000000000000
26/12/2018;27;1.135621069634920
26/12/2018;28;1.054970476144680
26/12/2018;29;1.003579614260980
27/12/2018;11;1.042465706082860
27/12/2018;13;1.083398536627550
27/12/2018;14;1.044030315781660
27/12/2018;15;1.127554850636570
27/12/2018;16;1.123996048624970
27/12/2018;17;0.939442182187940
27/12/2018;18;1.266718291817590
27/12/2018;19;1.110409416477450
27/12/2018;20;1.130107609132150
27/12/2018;21;1.167397078719200
27/12/2018;22;1.075279537541170
27/12/2018;23;1.065550698066180
27/12/2018;24;1.000000000000000
27/12/2018;25;1.114126089652760
27/12/2018;26;0.993423391373477
27/12/2018;27;1.104603729662300
27/12/2018;28;1.114634040388120
27/12/2018;29;1.060244528432090
28/12/2018;11;0.966094383220462
28/12/2018;13;0.995514354166881
28/12/2018;14;1.027526833696960
28/12/2018;15;1.130911026797580
28/12/2018;16;1.099579071641040
28/12/2018;17;0.867158316019179
28/12/2018;18;1.000000000000000
28/12/2018;19;1.000000000000000
28/12/2018;20;1.080406992536050
28/12/2018;21;1.141083658097050
28/12/2018;22;1.032103003653210
28/12/2018;23;1.088896994157060
28/12/2018;24;0.930619895904805
28/12/2018;25;1.108572471691140
28/12/2018;26;1.018090528002150
28/12/2018;27;1.049766466789790
28/12/2018;28;1.000000000000000
28/12/2018;29;1.094860690620810
29/12/2018;11;0.821072427892604
29/12/2018;13;0.948854633611233
29/12/2018;14;0.998236925620845
29/12/2018;15;1.152781138093050
29/12/2018;16;1.077695989545630
29/12/2018;17;0.822456248293069
29/12/2018;18;0.934064771777428
29/12/2018;19;1.000000000000000
29/12/2018;20;1.098208497411760
29/12/2018;21;1.124411151466930
29/12/2018;22;1.000000000000000
29/12/2018;23;1.055263930669310
29/12/2018;24;0.881684518407560
29/12/2018;25;1.064096402017180
29/12/2018;26;1.000000000000000
29/12/2018;27;1.000000000000000
29/12/2018;28;0.970947039352376
29/12/2018;29;1.080128001601210
30/12/2018;11;0.775095276035256
30/12/2018;13;0.849504772556371
30/12/2018;14;0.893744580800664
30/12/2018;15;1.000000000000000
30/12/2018;16;1.000000000000000
30/12/2018;17;0.750553966908046
30/12/2018;18;0.858163165788538
30/12/2018;19;0.966298982066941
30/12/2018;20;1.000000000000000
30/12/2018;21;1.038936604529620
30/12/2018;22;1.008309943153550
30/12/2018;23;1.028711827285690
30/12/2018;24;0.876029810387342
30/12/2018;25;1.037203882385850
30/12/2018;26;0.949025138143820
30/12/2018;27;0.961682876848307
30/12/2018;28;0.938151247005694
30/12/2018;29;1.047540295247760
31/12/2018;11;0.769772780098847
31/12/2018;13;0.847396659355126
31/12/2018;14;0.773664653787634
31/12/2018;15;1.000000000000000
31/12/2018;16;0.923287133265049
31/12/2018;17;0.779381407503470
31/12/2018;18;0.824768430578075
31/12/2018;19;1.000000000000000
31/12/2018;20;1.000000000000000
31/12/2018;21;1.000000000000000
31/12/2018;22;0.979013180400944
31/12/2018;23;1.030664929643370
31/12/2018;24;1.000000000000000
31/12/2018;25;1.000000000000000
31/12/2018;26;0.954779367544591
31/12/2018;27;0.972260670001777
31/12/2018;28;1.012168544839190
31/12/2018;29;1.016228274805340
01/01/2019;11;0.892528635000000
01/01/2019;13;0.940655240000000
01/01/2019;14;0.855209407000000
01/01/2019;15;0.957424221000000
01/01/2019;16;0.919417875000000
01/01/2019;17;0.918036715000000
01/01/2019;18;1.010480558000000
01/01/2019;19;1.027307341000000
01/01/2019;20;1.000000000000000
01/01/2019;21;0.913022377000000
01/01/2019;22;0.975773130000000
01/01/2019;23;1.014538063000000
01/01/2019;24;1.039299170000000
01/01/2019;25;1.000000000000000
01/01/2019;26;0.977961294000000
01/01/2019;27;1.016944689000000
01/01/2019;28;1.092931733000000
01/01/2019;29;1.025650391000000
02/01/2019;11;0.939649766000000
02/01/2019;13;0.964110186000000
02/01/2019;14;0.830004158000000
02/01/2019;15;0.920974291000000
02/01/2019;16;1.000000000000000
02/01/2019;17;0.913450784000000
02/01/2019;18;1.142480212000000
02/01/2019;19;1.016959352000000
02/01/2019;20;1.000000000000000
02/01/2019;21;1.000000000000000
02/01/2019;22;1.037365079000000
02/01/2019;23;1.056977691000000
02/01/2019;24;1.087847613000000
02/01/2019;25;1.092236384000000
02/01/2019;26;1.000000000000000
02/01/2019;27;1.068098071000000
02/01/2019;28;1.076024071000000
02/01/2019;29;1.058223675000000
03/01/2019;11;1.008080057000000
03/01/2019;13;1.006655945000000
03/01/2019;14;0.819974182000000
03/01/2019;15;1.026138818000000
03/01/2019;16;1.056075930000000
03/01/2019;17;1.000000000000000
03/01/2019;18;1.204518013000000
03/01/2019;19;1.108730301000000
03/01/2019;20;1.108598124000000
03/01/2019;21;1.033801692000000
03/01/2019;22;1.148190866000000
03/01/2019;23;1.181784487000000
03/01/2019;24;1.127853375000000
03/01/2019;25;1.221214514000000
03/01/2019;26;1.120515775000000
03/01/2019;27;1.126996373000000
03/01/2019;28;1.133331158000000
03/01/2019;29;1.059639481000000
04/01/2019;11;1.138860017000000
04/01/2019;13;1.062712126000000
04/01/2019;14;0.866585106000000
04/01/2019;15;1.093700085000000
04/01/2019;16;1.109683762000000
04/01/2019;17;1.053295568000000
04/01/2019;18;1.177160421000000
04/01/2019;19;1.208205139000000
04/01/2019;20;1.203091042000000
04/01/2019;21;1.025745548000000
04/01/2019;22;1.236940289000000
04/01/2019;23;1.139514189000000
04/01/2019;24;1.110018631000000
04/01/2019;25;1.249557351000000
04/01/2019;26;1.240164877000000
04/01/2019;27;1.147211590000000
04/01/2019;28;1.230375161000000
04/01/2019;29;1.106084788000000
05/01/2019;11;1.216811075000000
05/01/2019;13;1.120148100000000
05/01/2019;14;0.903918966000000
05/01/2019;15;1.095261306000000
05/01/2019;16;1.109949466000000
05/01/2019;17;1.000000000000000
05/01/2019;18;1.171159597000000
05/01/2019;19;1.140401851000000
05/01/2019;20;1.172962922000000
05/01/2019;21;1.079788540000000
05/01/2019;22;1.287729857000000
05/01/2019;23;1.193550613000000
05/01/2019;24;1.139893213000000
05/01/2019;25;1.365421905000000
05/01/2019;26;1.409837219000000
05/01/2019;27;1.096818916000000
05/01/2019;28;1.340154261000000
05/01/2019;29;1.260849158000000
06/01/2019;11;1.000000000000000
06/01/2019;13;1.087006354000000
06/01/2019;14;0.893044571000000
06/01/2019;15;1.158436096000000
06/01/2019;16;1.071709471000000
06/01/2019;17;0.963326463000000
06/01/2019;18;1.103735066000000
06/01/2019;19;1.180339271000000
06/01/2019;20;1.177881583000000
06/01/2019;21;1.116867004000000
06/01/2019;22;1.228120485000000
06/01/2019;23;1.105401936000000
06/01/2019;24;1.169781081000000
06/01/2019;25;1.300311050000000
06/01/2019;26;1.280928591000000
06/01/2019;27;1.131192173000000
06/01/2019;28;1.305869874000000
06/01/2019;29;1.198775351000000
07/01/2019;11;0.886316352000000
07/01/2019;13;1.047911160000000
07/01/2019;14;0.812727680000000
07/01/2019;15;1.122628818000000
07/01/2019;16;1.073313261000000
07/01/2019;17;0.904524524000000
07/01/2019;18;1.115770356000000
07/01/2019;19;1.181819333000000
07/01/2019;20;1.177052322000000
07/01/2019;21;1.125247005000000
07/01/2019;22;1.145762648000000
07/01/2019;23;1.080232417000000
07/01/2019;24;1.132643465000000
07/01/2019;25;1.205374091000000
07/01/2019;26;1.114672992000000
07/01/2019;27;1.115307031000000
07/01/2019;28;1.166441323000000
07/01/2019;29;1.084572040000000
08/01/2019;11;1.000000000000000
08/01/2019;13;1.102727630000000
08/01/2019;14;1.000000000000000
08/01/2019;15;1.044987432000000
08/01/2019;16;1.083625349000000
08/01/2019;17;0.909775984000000
08/01/2019;18;1.157172842000000
08/01/2019;19;1.211701422000000
08/01/2019;20;1.180471192000000
08/01/2019;21;1.114003007000000
08/01/2019;22;1.161501236000000
08/01/2019;23;1.082582347000000
08/01/2019;24;1.215356930000000
08/01/2019;25;1.187128778000000
08/01/2019;26;1.151805883000000
08/01/2019;27;1.156601676000000
08/01/2019;28;1.200738617000000
08/01/2019;29;1.075743062000000
09/01/2019;11;1.115822752000000
09/01/2019;13;1.098617366000000
09/01/2019;14;1.010947869000000
09/01/2019;15;1.104631126000000
09/01/2019;16;1.095639865000000
09/01/2019;17;1.018082464000000
09/01/2019;18;1.126518101000000
09/01/2019;19;1.288449338000000
09/01/2019;20;1.147004694000000
09/01/2019;21;1.090628972000000
09/01/2019;22;1.101231218000000
09/01/2019;23;1.090868029000000
09/01/2019;24;1.195321660000000
09/01/2019;25;1.208124800000000
09/01/2019;26;1.216680046000000
09/01/2019;27;1.170082151000000
09/01/2019;28;1.152439666000000
09/01/2019;29;1.000000000000000
10/01/2019;11;1.107551388000000
10/01/2019;13;1.070314421000000
10/01/2019;14;0.979561821000000
10/01/2019;15;1.147969431000000
10/01/2019;16;1.120842330000000
10/01/2019;17;1.088590277000000
10/01/2019;18;1.222496369000000
10/01/2019;19;1.276997331000000
10/01/2019;20;1.100589016000000
10/01/2019;21;1.000000000000000
10/01/2019;22;1.102166030000000
10/01/2019;23;1.083182268000000
10/01/2019;24;1.205452236000000
10/01/2019;25;1.138980056000000
10/01/2019;26;1.159349347000000
10/01/2019;27;1.134573120000000
10/01/2019;28;1.203695127000000
10/01/2019;29;1.000000000000000
11/01/2019;11;1.196402659000000
11/01/2019;13;1.122623277000000
11/01/2019;14;1.002977772000000
11/01/2019;15;1.158150636000000
11/01/2019;16;1.144752762000000
11/01/2019;17;1.123876994000000
11/01/2019;18;1.254914050000000
11/01/2019;19;1.251380969000000
11/01/2019;20;1.148140871000000
11/01/2019;21;1.020623943000000
11/01/2019;22;1.198422719000000
11/01/2019;23;1.167112725000000
11/01/2019;24;1.230995887000000
11/01/2019;25;1.198512738000000
11/01/2019;26;1.228451050000000
11/01/2019;27;1.199391002000000
11/01/2019;28;1.267549080000000
11/01/2019;29;1.106195209000000
12/01/2019;11;1.177160874000000
12/01/2019;13;1.153231829000000
12/01/2019;14;1.059464144000000
12/01/2019;15;1.197707082000000
12/01/2019;16;1.173449852000000
12/01/2019;17;1.167024123000000
12/01/2019;18;1.173298643000000
12/01/2019;19;1.308612718000000
12/01/2019;20;1.212301841000000
12/01/2019;21;1.073245074000000
12/01/2019;22;1.237789203000000
12/01/2019;23;1.202944515000000
12/01/2019;24;1.246390376000000
12/01/2019;25;1.312927185000000
12/01/2019;26;1.280912110000000
12/01/2019;27;1.185309718000000
12/01/2019;28;1.294044373000000
12/01/2019;29;1.149978291000000
13/01/2019;11;1.046348732000000
13/01/2019;13;1.147452980000000
13/01/2019;14;1.029036932000000
13/01/2019;15;1.162772150000000
13/01/2019;16;1.104184096000000
13/01/2019;17;1.000000000000000
13/01/2019;18;1.132438748000000
13/01/2019;19;1.266205582000000
13/01/2019;20;1.174806271000000
13/01/2019;21;1.075889956000000
13/01/2019;22;1.190127250000000
13/01/2019;23;1.237100962000000
13/01/2019;24;1.211084593000000
13/01/2019;25;1.237549105000000
13/01/2019;26;1.218338205000000
13/01/2019;27;1.179018997000000
13/01/2019;28;1.282595443000000
13/01/2019;29;1.120003934000000
14/01/2019;11;0.721970798000000
14/01/2019;13;0.901677661000000
14/01/2019;14;0.933653791000000
14/01/2019;15;1.088994784000000
14/01/2019;16;0.954600261000000
14/01/2019;17;0.928201302000000
14/01/2019;18;0.997062786000000
14/01/2019;19;1.000000000000000
14/01/2019;20;1.000000000000000
14/01/2019;21;1.000000000000000
14/01/2019;22;1.000000000000000
14/01/2019;23;1.118015131000000
14/01/2019;24;1.061211368000000
14/01/2019;25;1.254526752000000
14/01/2019;26;1.180763662000000
14/01/2019;27;1.148196533000000
14/01/2019;28;1.169391677000000
14/01/2019;29;1.061053785000000
15/01/2019;11;0.714817612000000
15/01/2019;13;0.816669608000000
15/01/2019;14;0.907673341000000
15/01/2019;15;0.999004483000000
15/01/2019;16;0.905532986000000
15/01/2019;17;0.893725444000000
15/01/2019;18;0.864248351000000
15/01/2019;19;1.000000000000000
15/01/2019;20;1.000000000000000
15/01/2019;21;1.000000000000000
15/01/2019;22;1.000000000000000
15/01/2019;23;1.058645532000000
15/01/2019;24;1.073228664000000
15/01/2019;25;1.126387521000000
15/01/2019;26;1.180602189000000
15/01/2019;27;1.112909762000000
15/01/2019;28;1.177217541000000
15/01/2019;29;1.000000000000000
16/01/2019;11;0.883801680000000
16/01/2019;13;0.932452681000000
16/01/2019;14;1.000000000000000
16/01/2019;15;1.000000000000000
16/01/2019;16;0.899996582000000
16/01/2019;17;0.860590986000000
16/01/2019;18;0.852680892000000
16/01/2019;19;1.036564145000000
16/01/2019;20;1.115225596000000
16/01/2019;21;0.948563658000000
16/01/2019;22;1.032717350000000
16/01/2019;23;1.069128057000000
16/01/2019;24;1.000000000000000
16/01/2019;25;1.129320975000000
16/01/2019;26;1.120226042000000
16/01/2019;27;1.091532254000000
16/01/2019;28;1.187133986000000
16/01/2019;29;1.078018510000000
17/01/2019;11;0.888467711000000
17/01/2019;13;0.931385615000000
17/01/2019;14;0.992642977000000
17/01/2019;15;0.988987770000000
17/01/2019;16;0.852839497000000
17/01/2019;17;0.865126402000000
17/01/2019;18;0.848568727000000
17/01/2019;19;0.957187534000000
17/01/2019;20;1.073520549000000
17/01/2019;21;0.852313323000000
17/01/2019;22;0.967595580000000
17/01/2019;23;1.064836038000000
17/01/2019;24;0.958802372000000
17/01/2019;25;1.165120346000000
17/01/2019;26;1.111989484000000
17/01/2019;27;1.059717622000000
17/01/2019;28;1.163464720000000
17/01/2019;29;1.133799097000000
18/01/2019;11;0.917735330000000
18/01/2019;13;0.935757058000000
18/01/2019;14;0.955940955000000
18/01/2019;15;0.905056978000000
18/01/2019;16;0.903356299000000
18/01/2019;17;0.930162064000000
18/01/2019;18;0.842204773000000
18/01/2019;19;0.875938658000000
18/01/2019;20;0.958480454000000
18/01/2019;21;0.857965245000000
18/01/2019;22;0.888033625000000
18/01/2019;23;0.941510223000000
18/01/2019;24;0.900536868000000
18/01/2019;25;1.000000000000000
18/01/2019;26;1.061939678000000
18/01/2019;27;1.000000000000000
18/01/2019;28;1.000000000000000
18/01/2019;29;1.053964327000000
19/01/2019;11;0.947386580000000
19/01/2019;13;0.933848198000000
19/01/2019;14;0.951905857000000
19/01/2019;15;0.906730916000000
19/01/2019;16;1.029770714000000
19/01/2019;17;1.050744875000000
19/01/2019;18;0.868459241000000
19/01/2019;19;0.911814619000000
19/01/2019;20;1.000000000000000
19/01/2019;21;0.914580855000000
19/01/2019;22;1.000000000000000
19/01/2019;23;0.876972420000000
19/01/2019;24;0.914387578000000
19/01/2019;25;1.000000000000000
19/01/2019;26;1.064038558000000
19/01/2019;27;0.962587044000000
19/01/2019;28;1.032089841000000
19/01/2019;29;1.012972881000000
20/01/2019;11;1.049937868000000
20/01/2019;13;1.000000000000000
20/01/2019;14;1.000000000000000
20/01/2019;15;1.039162652000000
20/01/2019;16;1.120911298000000
20/01/2019;17;1.126759006000000
20/01/2019;18;0.908020446000000
20/01/2019;19;1.000000000000000
20/01/2019;20;1.039350044000000
20/01/2019;21;1.000000000000000
20/01/2019;22;1.046522185000000
20/01/2019;23;1.014092584000000
20/01/2019;24;1.045710445000000
20/01/2019;25;1.129108732000000
20/01/2019;26;1.178989097000000
20/01/2019;27;1.043078261000000
20/01/2019;28;1.142796924000000
20/01/2019;29;1.034293253000000
21/01/2019;11;1.127398002000000
21/01/2019;13;1.079946218000000
21/01/2019;14;1.014243646000000
21/01/2019;15;1.107681301000000
21/01/2019;16;1.177042806000000
21/01/2019;17;1.119559264000000
21/01/2019;18;0.956519040000000
21/01/2019;19;1.073655709000000
21/01/2019;20;1.052172799000000
21/01/2019;21;1.045008220000000
21/01/2019;22;1.060043604000000
21/01/2019;23;1.000000000000000
21/01/2019;24;1.080386255000000
21/01/2019;25;1.152558481000000
21/01/2019;26;1.170818934000000
21/01/2019;27;1.082076809000000
21/01/2019;28;1.178274636000000
21/01/2019;29;1.053803688000000
22/01/2019;11;1.166044030000000
22/01/2019;13;1.103067659000000
22/01/2019;14;1.031837943000000
22/01/2019;15;1.101101641000000
22/01/2019;16;1.180107805000000
22/01/2019;17;1.105155720000000
22/01/2019;18;1.004833279000000
22/01/2019;19;1.101387501000000
22/01/2019;20;1.055143066000000
22/01/2019;21;1.094564076000000
22/01/2019;22;1.072064497000000
22/01/2019;23;1.015685989000000
22/01/2019;24;1.046859358000000
22/01/2019;25;1.000000000000000
22/01/2019;26;1.117537187000000
22/01/2019;27;1.032551378000000
22/01/2019;28;1.131852409000000
22/01/2019;29;1.000000000000000
23/01/2019;11;1.093380054000000
23/01/2019;13;1.072659337000000
23/01/2019;14;1.042209143000000
23/01/2019;15;1.126724661000000
23/01/2019;16;1.220681291000000
23/01/2019;17;1.196769926000000
23/01/2019;18;1.080162210000000
23/01/2019;19;1.090280995000000
23/01/2019;20;1.049144396000000
23/01/2019;21;1.111145065000000
23/01/2019;22;1.101316819000000
23/01/2019;23;1.082370379000000
23/01/2019;24;1.042550198000000
23/01/2019;25;1.043009382000000
23/01/2019;26;1.116168843000000
23/01/2019;27;1.025882526000000
23/01/2019;28;1.137928017000000
23/01/2019;29;1.013521321000000
24/01/2019;11;1.153371783000000
24/01/2019;13;1.045113990000000
24/01/2019;14;1.054888359000000
24/01/2019;15;1.097231672000000
24/01/2019;16;1.207673031000000
24/01/2019;17;1.140437417000000
24/01/2019;18;1.156183435000000
24/01/2019;19;1.093740194000000
24/01/2019;20;1.059226662000000
24/01/2019;21;1.000000000000000
24/01/2019;22;1.082619800000000
24/01/2019;23;1.154465728000000
24/01/2019;24;1.072470001000000
24/01/2019;25;1.128519843000000
24/01/2019;26;1.137009101000000
24/01/2019;27;1.062242320000000
24/01/2019;28;1.184574649000000
24/01/2019;29;1.094330188000000
25/01/2019;11;1.185384546000000
25/01/2019;13;1.078958965000000
25/01/2019;14;1.033833438000000
25/01/2019;15;1.068553010000000
25/01/2019;16;1.117879981000000
25/01/2019;17;1.115208693000000
25/01/2019;18;1.211508453000000
25/01/2019;19;1.023636187000000
25/01/2019;20;1.042222651000000
25/01/2019;21;0.960612585000000
25/01/2019;22;1.044300407000000
25/01/2019;23;1.000000000000000
25/01/2019;24;1.082455422000000
25/01/2019;25;1.000000000000000
25/01/2019;26;1.000000000000000
25/01/2019;27;1.068679069000000
25/01/2019;28;1.159030782000000
25/01/2019;29;1.110722726000000
26/01/2019;11;1.184930302000000
26/01/2019;13;1.135432361000000
26/01/2019;14;1.000000000000000
26/01/2019;15;1.116781237000000
26/01/2019;16;1.092597884000000
26/01/2019;17;1.074077894000000
26/01/2019;18;1.203156336000000
26/01/2019;19;1.075582183000000
26/01/2019;20;1.024927217000000
26/01/2019;21;1.007965964000000
26/01/2019;22;1.044589432000000
26/01/2019;23;1.000000000000000
26/01/2019;24;1.057870931000000
26/01/2019;25;1.044786712000000
26/01/2019;26;1.037964865000000
26/01/2019;27;1.067052315000000
26/01/2019;28;1.241447764000000
26/01/2019;29;1.062299934000000
27/01/2019;11;1.174374754000000
27/01/2019;13;1.146709503000000
27/01/2019;14;1.008514477000000
27/01/2019;15;1.148867064000000
27/01/2019;16;1.066947648000000
27/01/2019;17;0.944345369000000
27/01/2019;18;1.223084997000000
27/01/2019;19;1.185007500000000
27/01/2019;20;1.049343045000000
27/01/2019;21;1.078278189000000
27/01/2019;22;1.075626702000000
27/01/2019;23;1.019718789000000
27/01/2019;24;1.000000000000000
27/01/2019;25;1.121053658000000
27/01/2019;26;1.081785342000000
27/01/2019;27;1.087097938000000
27/01/2019;28;1.204211430000000
27/01/2019;29;1.045595119000000
28/01/2019;11;1.140722042000000
28/01/2019;13;1.000000000000000
28/01/2019;14;1.041441796000000
28/01/2019;15;1.078583958000000
28/01/2019;16;0.992804010000000
28/01/2019;17;1.000000000000000
28/01/2019;18;1.162289653000000
28/01/2019;19;1.000000000000000
28/01/2019;20;1.000000000000000
28/01/2019;21;1.026977429000000
28/01/2019;22;1.000000000000000
28/01/2019;23;0.953661005000000
28/01/2019;24;0.933058422000000
28/01/2019;25;1.000000000000000
28/01/2019;26;0.986586216000000
28/01/2019;27;1.000000000000000
28/01/2019;28;1.114624819000000
28/01/2019;29;1.000000000000000
29/01/2019;11;1.089526484000000
29/01/2019;13;1.063521122000000
29/01/2019;14;1.044842183000000
29/01/2019;15;0.977034910000000
29/01/2019;16;0.934039412000000
29/01/2019;17;1.042679451000000
29/01/2019;18;1.000000000000000
29/01/2019;19;0.942277378000000
29/01/2019;20;1.000000000000000
29/01/2019;21;1.040658356000000
29/01/2019;22;1.057917827000000
29/01/2019;23;1.000000000000000
29/01/2019;24;1.000000000000000
29/01/2019;25;1.058332501000000
29/01/2019;26;1.006619384000000
29/01/2019;27;1.000000000000000
29/01/2019;28;1.102843434000000
29/01/2019;29;1.000000000000000
30/01/2019;11;1.106319717000000
30/01/2019;13;1.077261758000000
30/01/2019;14;1.044974189000000
30/01/2019;15;1.025926886000000
30/01/2019;16;1.000000000000000
30/01/2019;17;1.109676545000000
30/01/2019;18;1.120908449000000
30/01/2019;19;1.068593029000000
30/01/2019;20;1.134765950000000
30/01/2019;21;1.079598431000000
30/01/2019;22;1.197918971000000
30/01/2019;23;1.134180101000000
30/01/2019;24;1.096687266000000
30/01/2019;25;1.210829296000000
30/01/2019;26;1.134219838000000
30/01/2019;27;1.069052638000000
30/01/2019;28;1.102516041000000
30/01/2019;29;1.047799758000000
31/01/2019;11;1.178886061000000
31/01/2019;13;1.080879266000000
31/01/2019;14;1.052030402000000
31/01/2019;15;1.070417902000000
31/01/2019;16;1.004665898000000
31/01/2019;17;1.162236811000000
31/01/2019;18;1.160610388000000
31/01/2019;19;1.271360452000000
31/01/2019;20;1.193342863000000
31/01/2019;21;1.116388399000000
31/01/2019;22;1.197543655000000
31/01/2019;23;1.194902661000000
31/01/2019;24;1.088457011000000
31/01/2019;25;1.222990298000000
31/01/2019;26;1.129223546000000
31/01/2019;27;1.118577324000000
31/01/2019;28;1.089105403000000
31/01/2019;29;1.053139253000000
01/02/2019;11;1.146552159000000
01/02/2019;13;1.074060078000000
01/02/2019;14;1.052818711000000
01/02/2019;15;1.000000000000000
01/02/2019;16;0.902041936000000
01/02/2019;17;1.196216482000000
01/02/2019;18;1.123554884000000
01/02/2019;19;1.000000000000000
01/02/2019;20;1.000000000000000
01/02/2019;21;0.994493116000000
01/02/2019;22;1.000000000000000
01/02/2019;23;1.000000000000000
01/02/2019;24;0.974657128000000
01/02/2019;25;1.000000000000000
01/02/2019;26;1.000000000000000
01/02/2019;27;1.000000000000000
01/02/2019;28;1.098537380000000
01/02/2019;29;1.056802480000000
02/02/2019;11;1.132279003000000
02/02/2019;13;1.039391438000000
02/02/2019;14;1.043998365000000
02/02/2019;15;0.947615400000000
02/02/2019;16;0.771183928000000
02/02/2019;17;1.109705386000000
02/02/2019;18;1.064213805000000
02/02/2019;19;0.935887532000000
02/02/2019;20;0.857492891000000
02/02/2019;21;0.758634434000000
02/02/2019;22;0.873080385000000
02/02/2019;23;0.836647922000000
02/02/2019;24;0.809326674000000
02/02/2019;25;0.845533124000000
02/02/2019;26;0.885403576000000
02/02/2019;27;0.916060508000000
02/02/2019;28;0.908304553000000
02/02/2019;29;1.004489357000000
03/02/2019;11;0.975203120000000
03/02/2019;13;1.000000000000000
03/02/2019;14;1.000000000000000
03/02/2019;15;0.922283022000000
03/02/2019;16;0.768376086000000
03/02/2019;17;1.050791155000000
03/02/2019;18;0.968772281000000
03/02/2019;19;0.893704206000000
03/02/2019;20;0.895248605000000
03/02/2019;21;0.825556029000000
03/02/2019;22;1.000000000000000
03/02/2019;23;0.863664342000000
03/02/2019;24;0.834397201000000
03/02/2019;25;0.828247496000000
03/02/2019;26;0.852579032000000
03/02/2019;27;0.918121512000000
03/02/2019;28;0.833259550000000
03/02/2019;29;1.000000000000000
04/02/2019;11;0.941056693000000
04/02/2019;13;0.984035212000000
04/02/2019;14;1.015673361000000
04/02/2019;15;0.928011233000000
04/02/2019;16;0.857431018000000
04/02/2019;17;0.974984441000000
04/02/2019;18;0.883931828000000
04/02/2019;19;0.943238572000000
04/02/2019;20;0.954857285000000
04/02/2019;21;0.973736831000000
04/02/2019;22;1.008143433000000
04/02/2019;23;0.937178416000000
04/02/2019;24;1.000000000000000
04/02/2019;25;1.001775949000000
04/02/2019;26;1.000000000000000
04/02/2019;27;1.013110923000000
04/02/2019;28;1.000000000000000
04/02/2019;29;1.000000000000000
05/02/2019;11;0.959896568000000
05/02/2019;13;1.000000000000000
05/02/2019;14;1.054115467000000
05/02/2019;15;0.939459935000000
05/02/2019;16;0.953920623000000
05/02/2019;17;0.944288164000000
05/02/2019;18;1.000000000000000
05/02/2019;19;0.946863480000000
05/02/2019;20;0.951037588000000
05/02/2019;21;1.000000000000000
05/02/2019;22;1.012193440000000
05/02/2019;23;0.954726322000000
05/02/2019;24;1.032696262000000
05/02/2019;25;1.000000000000000
05/02/2019;26;1.000000000000000
05/02/2019;27;1.044698517000000
05/02/2019;28;1.000000000000000
05/02/2019;29;1.000000000000000
06/02/2019;11;0.981813619000000
06/02/2019;13;0.996965193000000
06/02/2019;14;1.083420987000000
06/02/2019;15;1.000000000000000
06/02/2019;16;0.973737770000000
06/02/2019;17;0.953513405000000
06/02/2019;18;1.024090683000000
06/02/2019;19;0.934781387000000
06/02/2019;20;0.944584407000000
06/02/2019;21;1.000000000000000
06/02/2019;22;0.994234221000000
06/02/2019;23;1.000000000000000
06/02/2019;24;1.041767133000000
06/02/2019;25;0.958151248000000
06/02/2019;26;1.000000000000000
06/02/2019;27;1.025591050000000
06/02/2019;28;0.919635758000000
06/02/2019;29;0.949180599000000
07/02/2019;11;1.018872658000000
07/02/2019;13;1.060509930000000
07/02/2019;14;1.108211465000000
07/02/2019;15;1.038473997000000
07/02/2019;16;0.943406036000000
07/02/2019;17;0.944675804000000
07/02/2019;18;1.057415363000000
07/02/2019;19;1.000000000000000
07/02/2019;20;1.000000000000000
07/02/2019;21;1.050652936000000
07/02/2019;22;1.005902287000000
07/02/2019;23;1.074985703000000
07/02/2019;24;1.000000000000000
07/02/2019;25;0.958110156000000
07/02/2019;26;0.996661707000000
07/02/2019;27;1.000000000000000
07/02/2019;28;0.943936503000000
07/02/2019;29;0.997364597000000
08/02/2019;11;1.022783901000000
08/02/2019;13;1.078668693000000
08/02/2019;14;1.092301863000000
08/02/2019;15;0.970770794000000
08/02/2019;16;0.871615153000000
08/02/2019;17;0.921252783000000
08/02/2019;18;1.000000000000000
08/02/2019;19;1.000000000000000
08/02/2019;20;1.000000000000000
08/02/2019;21;1.108777464000000
08/02/2019;22;0.994350980000000
08/02/2019;23;1.118824717000000
08/02/2019;24;0.942528195000000
08/02/2019;25;1.000000000000000
08/02/2019;26;1.033359049000000
08/02/2019;27;1.003641519000000
08/02/2019;28;0.960929613000000
08/02/2019;29;1.000000000000000
09/02/2019;11;0.981241641000000
09/02/2019;13;1.000000000000000
09/02/2019;14;1.076962413000000
09/02/2019;15;1.000000000000000
09/02/2019;16;0.895134045000000
09/02/2019;17;0.927329564000000
09/02/2019;18;0.939010288000000
09/02/2019;19;1.010365458000000
09/02/2019;20;1.000000000000000
09/02/2019;21;1.042506196000000
09/02/2019;22;0.975298480000000
09/02/2019;23;1.131362581000000
09/02/2019;24;0.888861924000000
09/02/2019;25;1.026330042000000
09/02/2019;26;1.000000000000000
09/02/2019;27;1.000000000000000
09/02/2019;28;0.928518217000000
09/02/2019;29;1.031118393000000
10/02/2019;11;0.949469000000000
10/02/2019;13;0.928925439000000
10/02/2019;14;1.066209154000000
10/02/2019;15;0.952202805000000
10/02/2019;16;0.900702528000000
10/02/2019;17;0.857673195000000
10/02/2019;18;0.845943902000000
10/02/2019;19;1.000000000000000
10/02/2019;20;0.974979950000000
10/02/2019;21;0.974926337000000
10/02/2019;22;0.923114255000000
10/02/2019;23;1.000000000000000
10/02/2019;24;0.845537566000000
10/02/2019;25;1.000000000000000
10/02/2019;26;0.973737055000000
10/02/2019;27;0.956022400000000
10/02/2019;28;0.981266027000000
10/02/2019;29;1.027603308000000
11/02/2019;11;0.898983729000000
11/02/2019;13;0.868006326000000
11/02/2019;14;1.023990698000000
11/02/2019;15;0.884011266000000
11/02/2019;16;0.854954123000000
11/02/2019;17;0.795524872000000
11/02/2019;18;0.810003130000000
11/02/2019;19;0.859645758000000
11/02/2019;20;0.877314930000000
11/02/2019;21;0.868707446000000
11/02/2019;22;0.850843939000000
11/02/2019;23;0.928770891000000
11/02/2019;24;0.817726006000000
11/02/2019;25;0.933266908000000
11/02/2019;26;0.930784804000000
11/02/2019;27;0.916158156000000
11/02/2019;28;0.985662132000000
11/02/2019;29;1.000000000000000
12/02/2019;11;0.916927228000000
12/02/2019;13;0.777681647000000
12/02/2019;14;0.923466730000000
12/02/2019;15;0.933242059000000
12/02/2019;16;0.906877895000000
12/02/2019;17;0.852866366000000
12/02/2019;18;0.772727099000000
12/02/2019;19;1.000000000000000
12/02/2019;20;1.000000000000000
12/02/2019;21;1.000000000000000
12/02/2019;22;1.000000000000000
12/02/2019;23;1.000000000000000
12/02/2019;24;1.000000000000000
12/02/2019;25;1.000000000000000
12/02/2019;26;0.898674469000000
12/02/2019;27;1.000000000000000
12/02/2019;28;1.053353517000000
12/02/2019;29;1.000000000000000
13/02/2019;11;0.897989788000000
13/02/2019;13;0.844697541000000
13/02/2019;14;0.921822697000000
13/02/2019;15;0.980903930000000
13/02/2019;16;0.954561964000000
13/02/2019;17;0.881417606000000
13/02/2019;18;1.000000000000000
13/02/2019;19;1.037780613000000
13/02/2019;20;1.039031609000000
13/02/2019;21;1.058771192000000
13/02/2019;22;1.039887837000000
13/02/2019;23;1.050198820000000
13/02/2019;24;1.062419764000000
13/02/2019;25;1.024889659000000
13/02/2019;26;1.000000000000000
13/02/2019;27;1.060783099000000
13/02/2019;28;1.085417854000000
13/02/2019;29;1.018712541000000
14/02/2019;11;0.876818972000000
14/02/2019;13;0.941240466000000
14/02/2019;14;1.000000000000000
14/02/2019;15;1.004215878000000
14/02/2019;16;1.019470670000000
14/02/2019;17;0.887315564000000
14/02/2019;18;0.945845505000000
14/02/2019;19;1.038968851000000
14/02/2019;20;0.998991605000000
14/02/2019;21;1.085972875000000
14/02/2019;22;1.033279642000000
14/02/2019;23;1.068981885000000
14/02/2019;24;0.988919745000000
14/02/2019;25;0.980573389000000
14/02/2019;26;0.985855814000000
14/02/2019;27;1.046044416000000
14/02/2019;28;1.065658185000000
14/02/2019;29;1.036275748000000
15/02/2019;11;0.830508106000000
15/02/2019;13;0.929872179000000
15/02/2019;14;0.998425738000000
15/02/2019;15;1.000000000000000
15/02/2019;16;0.980091534000000
15/02/2019;17;0.920335471000000
15/02/2019;18;0.893120731000000
15/02/2019;19;1.000000000000000
15/02/2019;20;0.942236477000000
15/02/2019;21;1.069877667000000
15/02/2019;22;0.957875782000000
15/02/2019;23;1.041496751000000
15/02/2019;24;0.925711560000000
15/02/2019;25;0.941445499000000
15/02/2019;26;0.946875141000000
15/02/2019;27;1.000000000000000
15/02/2019;28;1.000000000000000
15/02/2019;29;1.076605383000000
16/02/2019;11;0.849810037000000
16/02/2019;13;0.938388900000000
16/02/2019;14;1.027317026000000
16/02/2019;15;1.000000000000000
16/02/2019;16;1.000000000000000
16/02/2019;17;0.890887503000000
16/02/2019;18;0.909201196000000
16/02/2019;19;0.937298375000000
16/02/2019;20;0.941871754000000
16/02/2019;21;1.083786587000000
16/02/2019;22;1.000000000000000
16/02/2019;23;1.071876701000000
16/02/2019;24;0.957111994000000
16/02/2019;25;0.963187219000000
16/02/2019;26;1.004539337000000
16/02/2019;27;1.017830815000000
16/02/2019;28;1.028615647000000
16/02/2019;29;1.057340917000000
17/02/2019;11;0.868606166000000
17/02/2019;13;1.000000000000000
17/02/2019;14;1.031988808000000
17/02/2019;15;1.017905928000000
17/02/2019;16;1.057881172000000
17/02/2019;17;0.913169506000000
17/02/2019;18;0.909848739000000
17/02/2019;19;1.000000000000000
17/02/2019;20;1.017041143000000
17/02/2019;21;1.092347999000000
17/02/2019;22;1.069056873000000
17/02/2019;23;1.116348182000000
17/02/2019;24;0.956830287000000
17/02/2019;25;1.048608104000000
17/02/2019;26;1.115163780000000
17/02/2019;27;1.071747522000000
17/02/2019;28;1.119579244000000
17/02/2019;29;1.040798908000000
18/02/2019;11;0.840917543000000
18/02/2019;13;0.968658708000000
18/02/2019;14;1.036282390000000
18/02/2019;15;1.116266011000000
18/02/2019;16;1.095542984000000
18/02/2019;17;0.972659038000000
18/02/2019;18;0.847868151000000
18/02/2019;19;1.055887414000000
18/02/2019;20;1.097169274000000
18/02/2019;21;1.078287867000000
18/02/2019;22;1.054130554000000
18/02/2019;23;1.122672956000000
18/02/2019;24;0.928972575000000
18/02/2019;25;1.083408068000000
18/02/2019;26;1.155820424000000
18/02/2019;27;1.059432605000000
18/02/2019;28;1.085594944000000
18/02/2019;29;1.098450249000000
19/02/2019;11;0.863365107000000
19/02/2019;13;0.891893638000000
19/02/2019;14;1.047780849000000
19/02/2019;15;1.180946366000000
19/02/2019;16;1.122347584000000
19/02/2019;17;0.962830144000000
19/02/2019;18;0.849621806000000
19/02/2019;19;0.990723600000000
19/02/2019;20;1.101009219000000
19/02/2019;21;1.088304451000000
19/02/2019;22;1.023248794000000
19/02/2019;23;1.100124546000000
19/02/2019;24;0.930405698000000
19/02/2019;25;1.000000000000000
19/02/2019;26;1.177931920000000
19/02/2019;27;1.000000000000000
19/02/2019;28;1.085964780000000
19/02/2019;29;1.090515760000000
20/02/2019;11;0.898425145000000
20/02/2019;13;0.910995815000000
20/02/2019;14;1.027764108000000
20/02/2019;15;1.000000000000000
20/02/2019;16;1.000000000000000
20/02/2019;17;0.968525633000000
20/02/2019;18;1.000000000000000
20/02/2019;19;0.978594675000000
20/02/2019;20;1.038173630000000
20/02/2019;21;1.116037903000000
20/02/2019;22;1.022684891000000
20/02/2019;23;1.108623101000000
20/02/2019;24;0.955567241000000
20/02/2019;25;1.000000000000000
20/02/2019;26;1.138321559000000
20/02/2019;27;0.992452444000000
20/02/2019;28;1.000000000000000
20/02/2019;29;1.073487372000000
21/02/2019;11;0.893182446000000
21/02/2019;13;1.000000000000000
21/02/2019;14;1.000000000000000
21/02/2019;15;1.000000000000000
21/02/2019;16;1.000000000000000
21/02/2019;17;1.001364676000000
21/02/2019;18;0.987853107000000
21/02/2019;19;1.015964647000000
21/02/2019;20;1.053745781000000
21/02/2019;21;1.101426652000000
21/02/2019;22;1.038220091000000
21/02/2019;23;1.047079338000000
21/02/2019;24;0.937769396000000
21/02/2019;25;1.044884297000000
21/02/2019;26;1.000000000000000
21/02/2019;27;0.984546633000000
21/02/2019;28;1.026379695000000
21/02/2019;29;1.033435482000000
22/02/2019;11;0.772788454000000
22/02/2019;13;0.901246093000000
22/02/2019;14;0.957437703000000
22/02/2019;15;1.016313074000000
22/02/2019;16;1.033831558000000
22/02/2019;17;0.969962846000000
22/02/2019;18;0.831409557000000
22/02/2019;19;0.976004605000000
22/02/2019;20;1.065394339000000
22/02/2019;21;1.080990458000000
22/02/2019;22;1.059643815000000
22/02/2019;23;1.047144768000000
22/02/2019;24;0.906344740000000
22/02/2019;25;1.085242328000000
22/02/2019;26;1.033844608000000
22/02/2019;27;1.002619095000000
22/02/2019;28;1.000000000000000
22/02/2019;29;1.015852421000000
23/02/2019;11;0.829332595000000
23/02/2019;13;0.869831601000000
23/02/2019;14;1.000000000000000
23/02/2019;15;1.036969645000000
23/02/2019;16;1.118786129000000
23/02/2019;17;0.933785087000000
23/02/2019;18;0.852621336000000
23/02/2019;19;1.000000000000000
23/02/2019;20;1.088819788000000
23/02/2019;21;1.077899183000000
23/02/2019;22;1.095225633000000
23/02/2019;23;1.085574692000000
23/02/2019;24;1.044744052000000
23/02/2019;25;1.193081213000000
23/02/2019;26;1.171173152000000
23/02/2019;27;1.108253883000000
23/02/2019;28;1.032566542000000
23/02/2019;29;1.048727836000000
24/02/2019;11;1.004156690000000
24/02/2019;13;1.041107741000000
24/02/2019;14;1.103182611000000
24/02/2019;15;1.140285074000000
24/02/2019;16;1.180406792000000
24/02/2019;17;1.000000000000000
24/02/2019;18;1.138912412000000
24/02/2019;19;1.078980289000000
24/02/2019;20;1.143116199000000
24/02/2019;21;1.094923789000000
24/02/2019;22;1.118557305000000
24/02/2019;23;1.154700031000000
24/02/2019;24;1.233153341000000
24/02/2019;25;1.300149147000000
24/02/2019;26;1.253464773000000
24/02/2019;27;1.237215735000000
24/02/2019;28;1.109552118000000
24/02/2019;29;1.022326732000000
25/02/2019;11;1.000000000000000
25/02/2019;13;1.111331737000000
25/02/2019;14;1.153472214000000
25/02/2019;15;1.129294456000000
25/02/2019;16;1.000000000000000
25/02/2019;17;0.942262724000000
25/02/2019;18;1.000000000000000
25/02/2019;19;0.978665450000000
25/02/2019;20;1.100446066000000
25/02/2019;21;1.083224790000000
25/02/2019;22;1.113984467000000
25/02/2019;23;1.125834496000000
25/02/2019;24;1.222928513000000
25/02/2019;25;1.121074652000000
25/02/2019;26;1.139511459000000
25/02/2019;27;1.231765922000000
25/02/2019;28;1.164396362000000
25/02/2019;29;1.027437441000000
26/02/2019;11;0.870115963000000
26/02/2019;13;0.986586090000000
26/02/2019;14;0.994832761000000
26/02/2019;15;0.958654564000000
26/02/2019;16;0.907848006000000
26/02/2019;17;0.848286831000000
26/02/2019;18;0.885051457000000
26/02/2019;19;0.845420644000000
26/02/2019;20;0.964339219000000
26/02/2019;21;1.000000000000000
26/02/2019;22;1.097381119000000
26/02/2019;23;1.105922633000000
26/02/2019;24;1.000000000000000
26/02/2019;25;1.072495275000000
26/02/2019;26;1.069804880000000
26/02/2019;27;1.134055355000000
26/02/2019;28;1.200487888000000
26/02/2019;29;1.035536041000000
27/02/2019;11;0.722853469000000
27/02/2019;13;0.829313472000000
27/02/2019;14;0.840724567000000
27/02/2019;15;0.815194376000000
27/02/2019;16;0.898075723000000
27/02/2019;17;0.874670456000000
27/02/2019;18;0.702565261000000
27/02/2019;19;0.793125106000000
27/02/2019;20;0.843278511000000
27/02/2019;21;0.929626896000000
27/02/2019;22;0.974973978000000
27/02/2019;23;0.979654021000000
27/02/2019;24;0.903117745000000
27/02/2019;25;1.059417479000000
27/02/2019;26;0.986072494000000
27/02/2019;27;1.000000000000000
27/02/2019;28;1.000000000000000
27/02/2019;29;1.064421032000000
28/02/2019;11;0.670310156000000
28/02/2019;13;0.800683102000000
28/02/2019;14;0.835653698000000
28/02/2019;15;0.868429520000000
28/02/2019;16;1.000000000000000
28/02/2019;17;0.898246914000000
28/02/2019;18;0.721770027000000
28/02/2019;19;0.900456626000000
28/02/2019;20;1.000000000000000
28/02/2019;21;0.928694182000000
28/02/2019;22;0.892298941000000
28/02/2019;23;0.936764793000000
28/02/2019;24;0.845727858000000
28/02/2019;25;1.033216897000000
28/02/2019;26;1.000000000000000
28/02/2019;27;1.000000000000000
28/02/2019;28;0.919370499000000
28/02/2019;29;1.037957203000000
01/03/2019;11;0.732727422000000
01/03/2019;13;0.860704448000000
01/03/2019;14;1.000000000000000
01/03/2019;15;0.908128474000000
01/03/2019;16;1.011524144000000
01/03/2019;17;0.874563206000000
01/03/2019;18;1.000000000000000
01/03/2019;19;0.914159829000000
01/03/2019;20;0.985025452000000
01/03/2019;21;0.951814214000000
01/03/2019;22;0.966221079000000
01/03/2019;23;1.003111309000000
01/03/2019;24;0.834478532000000
01/03/2019;25;1.062268155000000
01/03/2019;26;1.086605269000000
01/03/2019;27;1.033659926000000
01/03/2019;28;0.997164939000000
01/03/2019;29;1.048421341000000
02/03/2019;11;0.844005482000000
02/03/2019;13;1.000000000000000
02/03/2019;14;1.040989209000000
02/03/2019;15;1.000000000000000
02/03/2019;16;1.062860964000000
02/03/2019;17;0.887407464000000
02/03/2019;18;0.919140165000000
02/03/2019;19;1.000000000000000
02/03/2019;20;0.933692910000000
02/03/2019;21;1.000000000000000
02/03/2019;22;0.983865003000000
02/03/2019;23;0.973106282000000
02/03/2019;24;1.000000000000000
02/03/2019;25;1.000000000000000
02/03/2019;26;1.000000000000000
02/03/2019;27;1.053817233000000
02/03/2019;28;1.000000000000000
02/03/2019;29;1.061423215000000
03/03/2019;11;0.856921317000000
03/03/2019;13;0.985875116000000
03/03/2019;14;0.982635676000000
03/03/2019;15;0.952432081000000
03/03/2019;16;1.083934511000000
03/03/2019;17;0.932660200000000
03/03/2019;18;0.769313555000000
03/03/2019;19;1.029124536000000
03/03/2019;20;0.981657475000000
03/03/2019;21;1.009239960000000
03/03/2019;22;0.967028834000000
03/03/2019;23;1.000000000000000
03/03/2019;24;0.953904161000000
03/03/2019;25;1.000000000000000
03/03/2019;26;1.015462592000000
03/03/2019;27;1.072860252000000
03/03/2019;28;1.035573992000000
03/03/2019;29;1.009536119000000
04/03/2019;11;0.908922430000000
04/03/2019;13;0.936639520000000
04/03/2019;14;1.006522590000000
04/03/2019;15;0.925178842000000
04/03/2019;16;1.134154991000000
04/03/2019;17;0.885519305000000
04/03/2019;18;0.748736434000000
04/03/2019;19;0.982862384000000
04/03/2019;20;1.002804466000000
04/03/2019;21;0.939793195000000
04/03/2019;22;1.002818877000000
04/03/2019;23;0.989749071000000
04/03/2019;24;0.874619278000000
04/03/2019;25;1.025107526000000
04/03/2019;26;1.000000000000000
04/03/2019;27;1.041416299000000
04/03/2019;28;1.000000000000000
04/03/2019;29;1.059842856000000
05/03/2019;11;0.858788484000000
05/03/2019;13;0.921820022000000
05/03/2019;14;0.998007385000000
05/03/2019;15;1.007248351000000
05/03/2019;16;1.148764338000000
05/03/2019;17;0.852923582000000
05/03/2019;18;0.767712530000000
05/03/2019;19;0.873436855000000
05/03/2019;20;0.945271543000000
05/03/2019;21;0.798927147000000
05/03/2019;22;0.946094986000000
05/03/2019;23;0.826711785000000
05/03/2019;24;0.784420685000000
05/03/2019;25;0.997639275000000
05/03/2019;26;0.937802650000000
05/03/2019;27;0.946566736000000
05/03/2019;28;0.832686482000000
05/03/2019;29;1.000000000000000
06/03/2019;11;0.886970018000000
06/03/2019;13;0.925051682000000
06/03/2019;14;1.000000000000000
06/03/2019;15;0.954875670000000
06/03/2019;16;1.043759045000000
06/03/2019;17;0.847518599000000
06/03/2019;18;0.807294346000000
06/03/2019;19;0.850169320000000
06/03/2019;20;0.894805299000000
06/03/2019;21;0.765132099000000
06/03/2019;22;0.883356940000000
06/03/2019;23;0.887763293000000
06/03/2019;24;0.728060244000000
06/03/2019;25;1.000000000000000
06/03/2019;26;1.000000000000000
06/03/2019;27;0.880373606000000
06/03/2019;28;0.831429525000000
06/03/2019;29;0.932743358000000
07/03/2019;11;0.850122476000000
07/03/2019;13;0.801902105000000
07/03/2019;14;0.952461910000000
07/03/2019;15;0.868847842000000
07/03/2019;16;0.885737076000000
07/03/2019;17;0.827161699000000
07/03/2019;18;0.731394040000000
07/03/2019;19;0.879768765000000
07/03/2019;20;0.917655031000000
07/03/2019;21;0.783461775000000
07/03/2019;22;0.896588875000000
07/03/2019;23;0.856685831000000
07/03/2019;24;0.655786499000000
07/03/2019;25;0.968882004000000
07/03/2019;26;0.979264725000000
07/03/2019;27;0.793821651000000
07/03/2019;28;0.762091224000000
07/03/2019;29;0.926847593000000
08/03/2019;11;0.809593906000000
08/03/2019;13;0.678340251000000
08/03/2019;14;0.856180083000000
08/03/2019;15;0.843270415000000
08/03/2019;16;0.742063150000000
08/03/2019;17;0.846768925000000
08/03/2019;18;0.608976956000000
08/03/2019;19;0.764342641000000
08/03/2019;20;0.802626042000000
08/03/2019;21;0.725752002000000
08/03/2019;22;0.852213971000000
08/03/2019;23;0.845850478000000
08/03/2019;24;0.602023898000000
08/03/2019;25;0.894961764000000
08/03/2019;26;0.794623484000000
08/03/2019;27;0.740301298000000
08/03/2019;28;0.812644141000000
08/03/2019;29;1.000000000000000
09/03/2019;11;0.798204000000000
09/03/2019;13;0.717406452000000
09/03/2019;14;0.836519243000000
09/03/2019;15;0.799436101000000
09/03/2019;16;0.822981715000000
09/03/2019;17;0.855119733000000
09/03/2019;18;0.620986282000000
09/03/2019;19;0.846852300000000
09/03/2019;20;1.000000000000000
09/03/2019;21;0.689323841000000
09/03/2019;22;0.870670732000000
09/03/2019;23;0.872889012000000
09/03/2019;24;0.605740155000000
09/03/2019;25;0.877693830000000
09/03/2019;26;0.803481308000000
09/03/2019;27;0.778760851000000
09/03/2019;28;0.937346765000000
09/03/2019;29;1.000000000000000
10/03/2019;11;0.785363877000000
10/03/2019;13;0.766873834000000
10/03/2019;14;0.902386113000000
10/03/2019;15;0.878937753000000
10/03/2019;16;0.889651648000000
10/03/2019;17;0.874297504000000
10/03/2019;18;0.741495324000000
10/03/2019;19;0.947062273000000
10/03/2019;20;1.003040697000000
10/03/2019;21;0.760745692000000
10/03/2019;22;0.906569546000000
10/03/2019;23;0.913151624000000
10/03/2019;24;0.693075124000000
10/03/2019;25;0.921848568000000
10/03/2019;26;0.899227121000000
10/03/2019;27;0.853155686000000
10/03/2019;28;0.891428909000000
10/03/2019;29;1.000000000000000
11/03/2019;11;0.731359451000000
11/03/2019;13;0.804377001000000
11/03/2019;14;0.933547998000000
11/03/2019;15;0.880675768000000
11/03/2019;16;0.864419637000000
11/03/2019;17;0.830540382000000
11/03/2019;18;0.779464473000000
11/03/2019;19;0.842427396000000
11/03/2019;20;0.932408456000000
11/03/2019;21;0.779416960000000
11/03/2019;22;0.882866531000000
11/03/2019;23;0.909834032000000
11/03/2019;24;0.755633084000000
11/03/2019;25;0.934687034000000
11/03/2019;26;0.917038380000000
11/03/2019;27;0.870984308000000
11/03/2019;28;0.860298949000000
11/03/2019;29;1.000000000000000
12/03/2019;11;1.029076329000000
12/03/2019;13;0.895239024000000
12/03/2019;14;1.079454772000000
12/03/2019;15;1.000000000000000
12/03/2019;16;1.010844484000000
12/03/2019;17;1.000000000000000
12/03/2019;18;0.887397281000000
12/03/2019;19;1.000000000000000
12/03/2019;20;1.000000000000000
12/03/2019;21;0.829196519000000
12/03/2019;22;1.000000000000000
12/03/2019;23;1.000000000000000
12/03/2019;24;1.000000000000000
12/03/2019;25;1.000000000000000
12/03/2019;26;1.000000000000000
12/03/2019;27;1.000000000000000
12/03/2019;28;1.000000000000000
12/03/2019;29;0.934393304000000
13/03/2019;11;1.179433795000000
13/03/2019;13;1.028096049000000
13/03/2019;14;1.219061176000000
13/03/2019;15;1.159776229000000
13/03/2019;16;1.084697704000000
13/03/2019;17;1.000000000000000
13/03/2019;18;1.098451380000000
13/03/2019;19;1.105149091000000
13/03/2019;20;1.081899733000000
13/03/2019;21;1.072310040000000
13/03/2019;22;1.078945284000000
13/03/2019;23;1.075254584000000
13/03/2019;24;1.035498409000000
13/03/2019;25;1.170448585000000
13/03/2019;26;1.112091187000000
13/03/2019;27;1.107472989000000
13/03/2019;28;1.073381725000000
13/03/2019;29;0.973166027000000
14/03/2019;11;1.120363343000000
14/03/2019;13;1.124188261000000
14/03/2019;14;1.289511630000000
14/03/2019;15;1.237400883000000
14/03/2019;16;1.087616354000000
14/03/2019;17;1.013939239000000
14/03/2019;18;1.176781728000000
14/03/2019;19;1.145797646000000
14/03/2019;20;1.128403316000000
14/03/2019;21;1.000000000000000
14/03/2019;22;1.076779263000000
14/03/2019;23;1.000000000000000
14/03/2019;24;1.058461777000000
14/03/2019;25;1.123828273000000
14/03/2019;26;1.114315930000000
14/03/2019;27;1.085871811000000
14/03/2019;28;1.022848713000000
14/03/2019;29;0.970581848000000
15/03/2019;11;0.905283238000000
15/03/2019;13;0.986009328000000
15/03/2019;14;1.000000000000000
15/03/2019;15;1.144990280000000
15/03/2019;16;1.107301862000000
15/03/2019;17;1.028270638000000
15/03/2019;18;1.000000000000000
15/03/2019;19;1.000000000000000
15/03/2019;20;1.000000000000000
15/03/2019;21;0.864299072000000
15/03/2019;22;1.055199911000000
15/03/2019;23;0.964586829000000
15/03/2019;24;0.989383443000000
15/03/2019;25;1.031444550000000
15/03/2019;26;1.062706243000000
15/03/2019;27;1.000000000000000
15/03/2019;28;1.000000000000000
15/03/2019;29;0.993972341000000
16/03/2019;11;0.545425383000000
16/03/2019;13;0.691289505000000
16/03/2019;14;0.929558782000000
16/03/2019;15;1.000000000000000
16/03/2019;16;0.945663911000000
16/03/2019;17;0.925513217000000
16/03/2019;18;0.849181892000000
16/03/2019;19;0.911956787000000
16/03/2019;20;1.000000000000000
16/03/2019;21;0.721836483000000
16/03/2019;22;1.000000000000000
16/03/2019;23;0.969933962000000
16/03/2019;24;0.838880743000000
16/03/2019;25;0.985614678000000
16/03/2019;26;0.997269159000000
16/03/2019;27;0.976168745000000
16/03/2019;28;0.960019246000000
16/03/2019;29;0.962692633000000
17/03/2019;11;1.000000000000000
17/03/2019;13;1.000000000000000
17/03/2019;14;1.000000000000000
17/03/2019;15;0.950846610000000
17/03/2019;16;0.798472235000000
17/03/2019;17;0.834326269000000
17/03/2019;18;0.881967177000000
17/03/2019;19;0.846571735000000
17/03/2019;20;0.968792660000000
17/03/2019;21;1.000000000000000
17/03/2019;22;1.000000000000000
17/03/2019;23;1.014609187000000
17/03/2019;24;0.823359466000000
17/03/2019;25;1.000000000000000
17/03/2019;26;1.000000000000000
17/03/2019;27;0.946082619000000
17/03/2019;28;1.000000000000000
17/03/2019;29;0.955798031000000
18/03/2019;11;1.010293998000000
18/03/2019;13;1.000000000000000
18/03/2019;14;1.024661938000000
18/03/2019;15;1.010959422000000
18/03/2019;16;0.809712371000000
18/03/2019;17;0.834781452000000
18/03/2019;18;0.960783228000000
18/03/2019;19;1.000000000000000
18/03/2019;20;0.887853590000000
18/03/2019;21;0.982759454000000
18/03/2019;22;1.038938165000000
18/03/2019;23;1.062340713000000
18/03/2019;24;0.875362635000000
18/03/2019;25;1.000000000000000
18/03/2019;26;1.000000000000000
18/03/2019;27;1.000000000000000
18/03/2019;28;1.000000000000000
18/03/2019;29;1.000000000000000
19/03/2019;11;1.230858358000000
19/03/2019;13;1.190687130000000
19/03/2019;14;1.132202212000000
19/03/2019;15;1.105158603000000
19/03/2019;16;1.002176376000000
19/03/2019;17;1.000000000000000
19/03/2019;18;1.115548353000000
19/03/2019;19;1.061289725000000
19/03/2019;20;1.000000000000000
19/03/2019;21;1.043133753000000
19/03/2019;22;1.094181887000000
19/03/2019;23;1.062980360000000
19/03/2019;24;1.047756709000000
19/03/2019;25;1.000000000000000
19/03/2019;26;1.017116338000000
19/03/2019;27;1.061849489000000
19/03/2019;28;0.984946981000000
19/03/2019;29;1.052885266000000
20/03/2019;11;1.288937184000000
20/03/2019;13;1.284869453000000
20/03/2019;14;1.187575943000000
20/03/2019;15;1.112465325000000
20/03/2019;16;1.090078507000000
20/03/2019;17;1.084853702000000
20/03/2019;18;1.169691892000000
20/03/2019;19;1.085971653000000
20/03/2019;20;1.058878617000000
20/03/2019;21;1.000000000000000
20/03/2019;22;1.091995547000000
20/03/2019;23;1.000000000000000
20/03/2019;24;1.189225331000000
20/03/2019;25;1.020393284000000
20/03/2019;26;1.090134454000000
20/03/2019;27;1.116764974000000
20/03/2019;28;0.940954677000000
20/03/2019;29;1.000000000000000
21/03/2019;11;1.189710609000000
21/03/2019;13;1.213367481000000
21/03/2019;14;1.156587036000000
21/03/2019;15;1.083153684000000
21/03/2019;16;0.996224266000000
21/03/2019;17;1.000000000000000
21/03/2019;18;1.193769105000000
21/03/2019;19;0.984470274000000
21/03/2019;20;0.995682297000000
21/03/2019;21;1.037750648000000
21/03/2019;22;0.997195254000000
21/03/2019;23;1.021471589000000
21/03/2019;24;1.149190319000000
21/03/2019;25;0.991231682000000
21/03/2019;26;1.023702391000000
21/03/2019;27;1.097099861000000
21/03/2019;28;0.919119938000000
21/03/2019;29;0.942058897000000
22/03/2019;11;1.000000000000000
22/03/2019;13;1.133574371000000
22/03/2019;14;1.130156788000000
22/03/2019;15;1.000000000000000
22/03/2019;16;0.847350542000000
22/03/2019;17;0.839081258000000
22/03/2019;18;1.114457962000000
22/03/2019;19;0.907298456000000
22/03/2019;20;0.923898290000000
22/03/2019;21;1.125454101000000
22/03/2019;22;0.928495080000000
22/03/2019;23;1.075755093000000
22/03/2019;24;1.000000000000000
22/03/2019;25;0.942480173000000
22/03/2019;26;1.060800358000000
22/03/2019;27;1.000000000000000
22/03/2019;28;0.908921509000000
22/03/2019;29;0.909144661000000
23/03/2019;11;0.896094709000000
23/03/2019;13;0.996094570000000
23/03/2019;14;1.000000000000000
23/03/2019;15;0.827270006000000
23/03/2019;16;0.656186034000000
23/03/2019;17;0.716674787000000
23/03/2019;18;0.985711818000000
23/03/2019;19;0.835160261000000
23/03/2019;20;0.896479242000000
23/03/2019;21;1.155146891000000
23/03/2019;22;0.904016100000000
23/03/2019;23;1.040546610000000
23/03/2019;24;0.931005641000000
23/03/2019;25;0.834548388000000
23/03/2019;26;1.065516677000000
23/03/2019;27;0.971436484000000
23/03/2019;28;0.961958880000000
23/03/2019;29;0.903743391000000
24/03/2019;11;0.743301616000000
24/03/2019;13;0.854889120000000
24/03/2019;14;0.863691896000000
24/03/2019;15;0.692894847000000
24/03/2019;16;0.602241838000000
24/03/2019;17;0.800429154000000
24/03/2019;18;0.817313735000000
24/03/2019;19;0.852490092000000
24/03/2019;20;0.931863911000000
24/03/2019;21;1.078666659000000
24/03/2019;22;0.926409868000000
24/03/2019;23;1.005559046000000
24/03/2019;24;0.826897540000000
24/03/2019;25;0.851168595000000
24/03/2019;26;1.000000000000000
24/03/2019;27;0.915687432000000
24/03/2019;28;0.954452657000000
24/03/2019;29;1.000000000000000
25/03/2019;11;0.681917974000000
25/03/2019;13;0.656646782000000
25/03/2019;14;0.859543887000000
25/03/2019;15;0.834220835000000
25/03/2019;16;0.740218929000000
25/03/2019;17;1.000000000000000
25/03/2019;18;0.736183770000000
25/03/2019;19;0.929644178000000
25/03/2019;20;0.964602742000000
25/03/2019;21;0.945384322000000
25/03/2019;22;1.000000000000000
25/03/2019;23;0.987710365000000
25/03/2019;24;0.806738742000000
25/03/2019;25;0.954655389000000
25/03/2019;26;1.000000000000000
25/03/2019;27;0.911313824000000
25/03/2019;28;0.914606927000000
25/03/2019;29;1.029996847000000
26/03/2019;11;1.000000000000000
26/03/2019;13;1.000000000000000
26/03/2019;14;0.903619971000000
26/03/2019;15;1.009253664000000
26/03/2019;16;1.000000000000000
26/03/2019;17;0.947370406000000
26/03/2019;18;1.000000000000000
26/03/2019;19;1.000000000000000
26/03/2019;20;1.000000000000000
26/03/2019;21;1.000000000000000
26/03/2019;22;1.067436963000000
26/03/2019;23;1.004037579000000
26/03/2019;24;1.016250427000000
26/03/2019;25;0.977639533000000
26/03/2019;26;1.010016782000000
26/03/2019;27;1.000000000000000
26/03/2019;28;0.880054608000000
26/03/2019;29;1.000000000000000
27/03/2019;11;1.086934569000000
27/03/2019;13;1.149725949000000
27/03/2019;14;1.000000000000000
27/03/2019;15;1.050484261000000
27/03/2019;16;1.072038197000000
27/03/2019;17;0.940480281000000
27/03/2019;18;1.220760246000000
27/03/2019;19;1.067113507000000
27/03/2019;20;1.000000000000000
27/03/2019;21;1.120132246000000
27/03/2019;22;1.000000000000000
27/03/2019;23;1.037872693000000
27/03/2019;24;1.235541062000000
27/03/2019;25;1.009675941000000
27/03/2019;26;1.034240327000000
27/03/2019;27;1.100515246000000
27/03/2019;28;1.000000000000000
27/03/2019;29;1.000000000000000
28/03/2019;11;1.176855679000000
28/03/2019;13;1.226929298000000
28/03/2019;14;1.095416586000000
28/03/2019;15;1.069756061000000
28/03/2019;16;1.061150004000000
28/03/2019;17;0.977861402000000
28/03/2019;18;1.350306285000000
28/03/2019;19;1.018782649000000
28/03/2019;20;1.059843261000000
28/03/2019;21;1.224286505000000
28/03/2019;22;1.003225276000000
28/03/2019;23;1.017075280000000
28/03/2019;24;1.214799212000000
28/03/2019;25;1.029262875000000
28/03/2019;26;1.049429645000000
28/03/2019;27;1.183225605000000
28/03/2019;28;1.125463470000000
28/03/2019;29;1.020365389000000
29/03/2019;11;1.176527309000000
29/03/2019;13;1.142517900000000
29/03/2019;14;1.079278094000000
29/03/2019;15;1.120463952000000
29/03/2019;16;0.975383101000000
29/03/2019;17;0.899325409000000
29/03/2019;18;1.348364651000000
29/03/2019;19;1.065263125000000
29/03/2019;20;1.167148853000000
29/03/2019;21;1.286789598000000
29/03/2019;22;1.078265144000000
29/03/2019;23;1.092840940000000
29/03/2019;24;1.200959325000000
29/03/2019;25;1.048735301000000
29/03/2019;26;1.064583618000000
29/03/2019;27;1.179400007000000
29/03/2019;28;1.080657117000000
29/03/2019;29;1.029855929000000
30/03/2019;11;1.000000000000000
30/03/2019;13;1.139223745000000
30/03/2019;14;1.000000000000000
30/03/2019;15;1.167058490000000
30/03/2019;16;0.936692287000000
30/03/2019;17;0.900954605000000
30/03/2019;18;1.328770294000000
30/03/2019;19;1.127230940000000
30/03/2019;20;1.227316923000000
30/03/2019;21;1.297151797000000
30/03/2019;22;1.159422344000000
30/03/2019;23;1.173893265000000
30/03/2019;24;1.252356620000000
30/03/2019;25;1.106051288000000
30/03/2019;26;1.122109322000000
30/03/2019;27;1.219528072000000
30/03/2019;28;1.102399281000000
30/03/2019;29;1.014736258000000
31/03/2019;11;0.951482292000000
31/03/2019;13;1.253232203000000
31/03/2019;14;0.957988972000000
31/03/2019;15;1.081431585000000
31/03/2019;16;1.026108446000000
31/03/2019;17;1.088081799000000
31/03/2019;18;1.183784825000000
31/03/2019;19;1.182290677000000
31/03/2019;20;1.194075156000000
31/03/2019;21;1.289542733000000
31/03/2019;22;1.192880761000000
31/03/2019;23;1.188203823000000
31/03/2019;24;1.151235761000000
31/03/2019;25;1.132274746000000
31/03/2019;26;1.161843997000000
31/03/2019;27;1.240010431000000
31/03/2019;28;1.105716109000000
31/03/2019;29;1.062714253000000
01/04/2019;11;0.857043132000000
01/04/2019;13;1.253739632000000
01/04/2019;14;0.827611133000000
01/04/2019;15;0.898026461000000
01/04/2019;16;0.887849808000000
01/04/2019;17;1.000000000000000
01/04/2019;18;1.080101058000000
01/04/2019;19;1.163716620000000
01/04/2019;20;1.066681220000000
01/04/2019;21;1.420179611000000
01/04/2019;22;1.212860264000000
01/04/2019;23;1.231039851000000
01/04/2019;24;1.000000000000000
01/04/2019;25;1.269958189000000
01/04/2019;26;1.414445236000000
01/04/2019;27;1.214794706000000
01/04/2019;28;1.173410309000000
01/04/2019;29;1.227499048000000
02/04/2019;11;0.767086522000000
02/04/2019;13;0.965651433000000
02/04/2019;14;0.876974385000000
02/04/2019;15;0.758998558000000
02/04/2019;16;0.705657337000000
02/04/2019;17;1.016841518000000
02/04/2019;18;0.978296626000000
02/04/2019;19;1.055990452000000
02/04/2019;20;1.003285632000000
02/04/2019;21;1.253209498000000
02/04/2019;22;1.063438649000000
02/04/2019;23;1.123206192000000
02/04/2019;24;0.920199679000000
02/04/2019;25;1.128896307000000
02/04/2019;26;1.247498051000000
02/04/2019;27;1.115424865000000
02/04/2019;28;1.302570150000000
02/04/2019;29;1.000000000000000
03/04/2019;11;1.000000000000000
03/04/2019;13;1.000000000000000
03/04/2019;14;1.014727923000000
03/04/2019;15;0.773086495000000
03/04/2019;16;0.891079718000000
03/04/2019;17;1.063581749000000
03/04/2019;18;0.803435086000000
03/04/2019;19;1.095118669000000
03/04/2019;20;1.014832897000000
03/04/2019;21;0.986057992000000
03/04/2019;22;1.196584362000000
03/04/2019;23;0.999387330000000
03/04/2019;24;0.908290105000000
03/04/2019;25;1.145299021000000
03/04/2019;26;0.983675254000000
03/04/2019;27;1.119567733000000
03/04/2019;28;1.000000000000000
03/04/2019;29;0.985261038000000
04/04/2019;11;1.095090751000000
04/04/2019;13;1.155318091000000
04/04/2019;14;1.240129211000000
04/04/2019;15;0.827049880000000
04/04/2019;16;0.845870751000000
04/04/2019;17;1.124192618000000
04/04/2019;18;0.645240483000000
04/04/2019;19;0.977673110000000
04/04/2019;20;0.954043558000000
04/04/2019;21;0.889030381000000
04/04/2019;22;1.220056762000000
04/04/2019;23;0.899578342000000
04/04/2019;24;1.044290455000000
04/04/2019;25;1.095710301000000
04/04/2019;26;0.876460332000000
04/04/2019;27;1.225410948000000
04/04/2019;28;0.961694984000000
04/04/2019;29;1.000000000000000
05/04/2019;11;1.187327720000000
05/04/2019;13;1.124279472000000
05/04/2019;14;1.298775562000000
05/04/2019;15;1.104305371000000
05/04/2019;16;1.030467014000000
05/04/2019;17;1.354421056000000
05/04/2019;18;1.000000000000000
05/04/2019;19;1.018985705000000
05/04/2019;20;1.117323832000000
05/04/2019;21;1.014671098000000
05/04/2019;22;1.264679895000000
05/04/2019;23;0.947909915000000
05/04/2019;24;1.148749343000000
05/04/2019;25;1.123128272000000
05/04/2019;26;0.916180295000000
05/04/2019;27;1.210863215000000
05/04/2019;28;0.893087223000000
05/04/2019;29;1.012716338000000
06/04/2019;11;1.214140708000000
06/04/2019;13;1.165397921000000
06/04/2019;14;1.000000000000000
06/04/2019;15;1.339800540000000
06/04/2019;16;1.229341161000000
06/04/2019;17;1.388343947000000
06/04/2019;18;1.254184607000000
06/04/2019;19;1.435029246000000
06/04/2019;20;1.524270381000000
06/04/2019;21;1.122554036000000
06/04/2019;22;1.540244512000000
06/04/2019;23;1.068929642000000
06/04/2019;24;1.000000000000000
06/04/2019;25;1.172010666000000
06/04/2019;26;0.861169382000000
06/04/2019;27;1.060308238000000
06/04/2019;28;0.850830494000000
06/04/2019;29;0.936075871000000
07/04/2019;11;1.428212670000000
07/04/2019;13;1.345235963000000
07/04/2019;14;1.018589036000000
07/04/2019;15;1.277865051000000
07/04/2019;16;1.234148601000000
07/04/2019;17;1.410276335000000
07/04/2019;18;1.139652802000000
07/04/2019;19;1.522277517000000
07/04/2019;20;1.224618896000000
07/04/2019;21;1.167612822000000
07/04/2019;22;1.375904408000000
07/04/2019;23;1.139149526000000
07/04/2019;24;0.938187043000000
07/04/2019;25;1.000000000000000
07/04/2019;26;0.979697624000000
07/04/2019;27;1.011711230000000
07/04/2019;28;1.000000000000000
07/04/2019;29;0.871105045000000
08/04/2019;11;1.278599642000000
08/04/2019;13;1.327487719000000
08/04/2019;14;1.050639676000000
08/04/2019;15;1.243248884000000
08/04/2019;16;1.224550323000000
08/04/2019;17;1.505542837000000
08/04/2019;18;1.000000000000000
08/04/2019;19;1.360225006000000
08/04/2019;20;1.140739398000000
08/04/2019;21;1.098649318000000
08/04/2019;22;1.348319463000000
08/04/2019;23;1.000000000000000
08/04/2019;24;1.075353106000000
08/04/2019;25;1.000000000000000
08/04/2019;26;1.004476563000000
08/04/2019;27;1.122331505000000
08/04/2019;28;1.084932150000000
08/04/2019;29;1.000000000000000
09/04/2019;11;1.000000000000000
09/04/2019;13;1.000000000000000
09/04/2019;14;0.988237589000000
09/04/2019;15;1.000000000000000
09/04/2019;16;1.000000000000000
09/04/2019;17;1.296950253000000
09/04/2019;18;0.862639248000000
09/04/2019;19;1.000000000000000
09/04/2019;20;1.000000000000000
09/04/2019;21;0.998398549000000
09/04/2019;22;1.396217949000000
09/04/2019;23;0.942641449000000
09/04/2019;24;1.108363108000000
09/04/2019;25;1.000000000000000
09/04/2019;26;1.016629387000000
09/04/2019;27;1.172931778000000
09/04/2019;28;1.000000000000000
09/04/2019;29;1.000000000000000
10/04/2019;11;0.927344779000000
10/04/2019;13;1.000000000000000
10/04/2019;14;1.000000000000000
10/04/2019;15;0.844829582000000
10/04/2019;16;0.933558824000000
10/04/2019;17;1.118412517000000
10/04/2019;18;0.858010458000000
10/04/2019;19;1.043209225000000
10/04/2019;20;1.000000000000000
10/04/2019;21;1.000000000000000
10/04/2019;22;1.320006893000000
10/04/2019;23;0.960537983000000
10/04/2019;24;1.033947250000000
10/04/2019;25;1.000000000000000
10/04/2019;26;0.986074126000000
10/04/2019;27;1.141380274000000
10/04/2019;28;0.768142792000000
10/04/2019;29;0.906329873000000
11/04/2019;11;1.059831938000000
11/04/2019;13;1.149404416000000
11/04/2019;14;1.046393218000000
11/04/2019;15;0.935301206000000
11/04/2019;16;1.000000000000000
11/04/2019;17;1.108861724000000
11/04/2019;18;1.054058980000000
11/04/2019;19;1.085634542000000
11/04/2019;20;1.000000000000000
11/04/2019;21;1.063964556000000
11/04/2019;22;1.356019274000000
11/04/2019;23;1.039578015000000
11/04/2019;24;1.174893590000000
11/04/2019;25;1.037618994000000
11/04/2019;26;1.000000000000000
11/04/2019;27;1.290079204000000
11/04/2019;28;1.000000000000000
11/04/2019;29;0.867131340000000
12/04/2019;11;1.000000000000000
12/04/2019;13;1.000000000000000
12/04/2019;14;0.861314583000000
12/04/2019;15;1.169014872000000
12/04/2019;16;1.270511544000000
12/04/2019;17;1.000000000000000
12/04/2019;18;1.157816843000000
12/04/2019;19;1.096146533000000
12/04/2019;20;1.086727319000000
12/04/2019;21;1.132288463000000
12/04/2019;22;1.425772203000000
12/04/2019;23;1.101753195000000
12/04/2019;24;1.342861622000000
12/04/2019;25;1.141432217000000
12/04/2019;26;1.125720775000000
12/04/2019;27;1.424033871000000
12/04/2019;28;1.084402754000000
12/04/2019;29;1.000000000000000
13/04/2019;11;1.004683478000000
13/04/2019;13;1.196043635000000
13/04/2019;14;1.000000000000000
13/04/2019;15;1.419663245000000
13/04/2019;16;1.437607905000000
13/04/2019;17;0.918760770000000
13/04/2019;18;1.461483780000000
13/04/2019;19;1.231212914000000
13/04/2019;20;1.264478216000000
13/04/2019;21;1.311743839000000
13/04/2019;22;1.509849149000000
13/04/2019;23;1.070064899000000
13/04/2019;24;1.594560236000000
13/04/2019;25;1.258094053000000
13/04/2019;26;1.219415936000000
13/04/2019;27;1.420953223000000
13/04/2019;28;1.000000000000000
13/04/2019;29;1.074084955000000
14/04/2019;11;1.319263809000000
14/04/2019;13;2.027562213000000
14/04/2019;14;1.346181892000000
14/04/2019;15;1.587117641000000
14/04/2019;16;1.346837226000000
14/04/2019;17;1.172430131000000
14/04/2019;18;2.053547311000000
14/04/2019;19;1.362407471000000
14/04/2019;20;1.372968311000000
14/04/2019;21;1.273966529000000
14/04/2019;22;1.485707993000000
14/04/2019;23;1.054075850000000
14/04/2019;24;1.653873603000000
14/04/2019;25;1.166822533000000
14/04/2019;26;1.260243004000000
14/04/2019;27;1.493782030000000
14/04/2019;28;1.033158818000000
14/04/2019;29;1.072119029000000
15/04/2019;11;1.185660759000000
15/04/2019;13;1.740436361000000
15/04/2019;14;1.189126558000000
15/04/2019;15;1.311492606000000
15/04/2019;16;1.000000000000000
15/04/2019;17;1.000000000000000
15/04/2019;18;1.634399738000000
15/04/2019;19;1.309203542000000
15/04/2019;20;1.256467026000000
15/04/2019;21;1.104024574000000
15/04/2019;22;1.267734485000000
15/04/2019;23;1.055604055000000
15/04/2019;24;1.462484033000000
15/04/2019;25;1.209815330000000
15/04/2019;26;1.127590380000000
15/04/2019;27;1.458819016000000
15/04/2019;28;1.160300931000000
15/04/2019;29;1.073045423000000
16/04/2019;11;0.947750777000000
16/04/2019;13;1.275806140000000
16/04/2019;14;1.030939172000000
16/04/2019;15;1.150632317000000
16/04/2019;16;1.011968557000000
16/04/2019;17;1.117652524000000
16/04/2019;18;1.274705600000000
16/04/2019;19;1.101833984000000
16/04/2019;20;1.043416384000000
16/04/2019;21;1.188779986000000
16/04/2019;22;1.164095547000000
16/04/2019;23;1.087141642000000
16/04/2019;24;1.292183314000000
16/04/2019;25;1.107139235000000
16/04/2019;26;1.098339224000000
16/04/2019;27;1.301892778000000
16/04/2019;28;1.190799452000000
16/04/2019;29;1.071273607000000
17/04/2019;11;0.885185940000000
17/04/2019;13;1.000000000000000
17/04/2019;14;0.954880283000000
17/04/2019;15;1.091863797000000
17/04/2019;16;1.165228800000000
17/04/2019;17;1.302157360000000
17/04/2019;18;1.000000000000000
17/04/2019;19;1.000000000000000
17/04/2019;20;0.987687557000000
17/04/2019;21;1.218926932000000
17/04/2019;22;1.209233319000000
17/04/2019;23;1.100780232000000
17/04/2019;24;1.070215649000000
17/04/2019;25;1.000000000000000
17/04/2019;26;1.091003816000000
17/04/2019;27;1.151850497000000
17/04/2019;28;0.990623858000000
17/04/2019;29;1.000000000000000
18/04/2019;11;0.787281294000000
18/04/2019;13;0.780909716000000
18/04/2019;14;0.716594547000000
18/04/2019;15;0.902523092000000
18/04/2019;16;0.979441078000000
18/04/2019;17;1.000000000000000
18/04/2019;18;1.009020778000000
18/04/2019;19;0.933135954000000
18/04/2019;20;0.944760452000000
18/04/2019;21;1.182178653000000
18/04/2019;22;1.190453685000000
18/04/2019;23;1.064442331000000
18/04/2019;24;1.052498170000000
18/04/2019;25;0.806835777000000
18/04/2019;26;1.137831309000000
18/04/2019;27;1.141392152000000
18/04/2019;28;1.000000000000000
18/04/2019;29;1.003686852000000
19/04/2019;11;0.491710413000000
19/04/2019;13;0.681642041000000
19/04/2019;14;0.509894749000000
19/04/2019;15;0.745260558000000
19/04/2019;16;0.697549048000000
19/04/2019;17;0.764584634000000
19/04/2019;18;0.957293015000000
19/04/2019;19;0.842333692000000
19/04/2019;20;0.921688039000000
19/04/2019;21;1.097256842000000
19/04/2019;22;0.913397147000000
19/04/2019;23;1.057476209000000
19/04/2019;24;1.000000000000000
19/04/2019;25;0.637796467000000
19/04/2019;26;1.153051298000000
19/04/2019;27;1.123238129000000
19/04/2019;28;1.093621245000000
19/04/2019;29;1.092003159000000
20/04/2019;11;0.261447368000000
20/04/2019;13;0.648826734000000
20/04/2019;14;0.437615961000000
20/04/2019;15;0.658938302000000
20/04/2019;16;0.677786375000000
20/04/2019;17;0.594217796000000
20/04/2019;18;0.784432662000000
20/04/2019;19;0.784413554000000
20/04/2019;20;0.784059763000000
20/04/2019;21;0.974170493000000
20/04/2019;22;0.754435959000000
20/04/2019;23;1.021507843000000
20/04/2019;24;0.914311311000000
20/04/2019;25;0.532662253000000
20/04/2019;26;1.124761391000000
20/04/2019;27;1.000000000000000
20/04/2019;28;1.225938738000000
20/04/2019;29;1.120651901000000
21/04/2019;11;0.303384092000000
21/04/2019;13;0.680132113000000
21/04/2019;14;0.500064151000000
21/04/2019;15;0.729628878000000
21/04/2019;16;0.697180129000000
21/04/2019;17;0.569514810000000
21/04/2019;18;0.806274476000000
21/04/2019;19;0.769867820000000
21/04/2019;20;0.713194137000000
21/04/2019;21;1.006057823000000
21/04/2019;22;0.767558927000000
21/04/2019;23;1.015166980000000
21/04/2019;24;0.888082006000000
21/04/2019;25;0.496652318000000
21/04/2019;26;1.000000000000000
21/04/2019;27;0.930638264000000
21/04/2019;28;0.871374100000000
21/04/2019;29;0.956622931000000
22/04/2019;11;0.440470495000000
22/04/2019;13;0.775466265000000
22/04/2019;14;0.615486847000000
22/04/2019;15;1.000000000000000
22/04/2019;16;0.811207374000000
22/04/2019;17;0.565448969000000
22/04/2019;18;1.000000000000000
22/04/2019;19;0.669912139000000
22/04/2019;20;0.699326085000000
22/04/2019;21;1.000000000000000
22/04/2019;22;0.648451279000000
22/04/2019;23;1.051133551000000
22/04/2019;24;1.001797593000000
22/04/2019;25;0.630528293000000
22/04/2019;26;0.965938507000000
22/04/2019;27;1.000000000000000
22/04/2019;28;0.592791877000000
22/04/2019;29;0.803586112000000
23/04/2019;11;1.000000000000000
23/04/2019;13;1.180106230000000
23/04/2019;14;0.545813495000000
23/04/2019;15;1.063944419000000
23/04/2019;16;1.000000000000000
23/04/2019;17;1.000000000000000
23/04/2019;18;0.999490461000000
23/04/2019;19;0.730181486000000
23/04/2019;20;0.728744883000000
23/04/2019;21;0.949903440000000
23/04/2019;22;0.595859699000000
23/04/2019;23;0.894385248000000
23/04/2019;24;1.000000000000000
23/04/2019;25;0.654440604000000
23/04/2019;26;0.883530753000000
23/04/2019;27;0.976581004000000
23/04/2019;28;0.631212255000000
23/04/2019;29;0.725821067000000
24/04/2019;11;1.000000000000000
24/04/2019;13;1.000000000000000
24/04/2019;14;0.503452825000000
24/04/2019;15;0.875063544000000
24/04/2019;16;0.948891187000000
24/04/2019;17;1.154095665000000
24/04/2019;18;0.792411116000000
24/04/2019;19;0.701439214000000
24/04/2019;20;0.713887610000000
24/04/2019;21;0.880747845000000
24/04/2019;22;0.651533370000000
24/04/2019;23;0.843936824000000
24/04/2019;24;0.836079833000000
24/04/2019;25;0.706407838000000
24/04/2019;26;0.828117336000000
24/04/2019;27;0.803736039000000
24/04/2019;28;0.702942274000000
24/04/2019;29;0.878547590000000
25/04/2019;11;1.000000000000000
25/04/2019;13;1.000000000000000
25/04/2019;14;0.500026889000000
25/04/2019;15;0.750565888000000
25/04/2019;16;0.742978248000000
25/04/2019;17;1.000000000000000
25/04/2019;18;0.724261691000000
25/04/2019;19;0.693427122000000
25/04/2019;20;0.720976501000000
25/04/2019;21;0.817984782000000
25/04/2019;22;0.618437449000000
25/04/2019;23;0.949652185000000
25/04/2019;24;0.689610094000000
25/04/2019;25;0.686190621000000
25/04/2019;26;0.805149518000000
25/04/2019;27;0.642773915000000
25/04/2019;28;0.669125870000000
25/04/2019;29;0.813830323000000
26/04/2019;11;0.701063648000000
26/04/2019;13;0.901641119000000
26/04/2019;14;0.514077729000000
26/04/2019;15;0.734804814000000
26/04/2019;16;0.753894759000000
26/04/2019;17;1.000000000000000
26/04/2019;18;0.760831648000000
26/04/2019;19;0.761720365000000
26/04/2019;20;0.691851210000000
26/04/2019;21;0.817339349000000
26/04/2019;22;0.591983103000000
26/04/2019;23;0.860887298000000
26/04/2019;24;0.703520960000000
26/04/2019;25;0.583975386000000
26/04/2019;26;0.784166749000000
26/04/2019;27;0.626016741000000
26/04/2019;28;0.633190440000000
26/04/2019;29;0.765862935000000
27/04/2019;11;0.500888952000000
27/04/2019;13;1.000000000000000
27/04/2019;14;0.706466356000000
27/04/2019;15;1.000000000000000
27/04/2019;16;1.000000000000000
27/04/2019;17;1.173817900000000
27/04/2019;18;1.000000000000000
27/04/2019;19;1.000000000000000
27/04/2019;20;1.000000000000000
27/04/2019;21;1.000000000000000
27/04/2019;22;1.000000000000000
27/04/2019;23;0.966860864000000
27/04/2019;24;0.659345371000000
27/04/2019;25;0.600190736000000
27/04/2019;26;0.777638803000000
27/04/2019;27;0.670272651000000
27/04/2019;28;0.606675374000000
27/04/2019;29;0.724172763000000
28/04/2019;11;0.554567826000000
28/04/2019;13;0.988142488000000
28/04/2019;14;1.112255967000000
28/04/2019;15;1.321282354000000
28/04/2019;16;1.127651666000000
28/04/2019;17;1.000000000000000
28/04/2019;18;1.294321806000000
28/04/2019;19;0.990976772000000
28/04/2019;20;0.986647203000000
28/04/2019;21;1.000000000000000
28/04/2019;22;1.294035880000000
28/04/2019;23;1.030051833000000
28/04/2019;24;1.000000000000000
28/04/2019;25;0.736320284000000
28/04/2019;26;0.906339284000000
28/04/2019;27;1.023698872000000
28/04/2019;28;0.624382840000000
28/04/2019;29;1.000000000000000
29/04/2019;11;0.631713481000000
29/04/2019;13;1.015254523000000
29/04/2019;14;1.105516006000000
29/04/2019;15;1.441831494000000
29/04/2019;16;1.288299570000000
29/04/2019;17;1.000000000000000
29/04/2019;18;1.589467760000000
29/04/2019;19;1.114009323000000
29/04/2019;20;1.117782630000000
29/04/2019;21;1.191013013000000
29/04/2019;22;1.412103996000000
29/04/2019;23;1.088369617000000
29/04/2019;24;1.182058160000000
29/04/2019;25;0.701281058000000
29/04/2019;26;1.045114681000000
29/04/2019;27;1.216087746000000
29/04/2019;28;0.795133081000000
29/04/2019;29;1.180896495000000
30/04/2019;11;0.898139295000000
30/04/2019;13;1.402010512000000
30/04/2019;14;0.853777945000000
30/04/2019;15;1.320631039000000
30/04/2019;16;1.332334971000000
30/04/2019;17;1.301098216000000
30/04/2019;18;1.000000000000000
30/04/2019;19;1.424280974000000
30/04/2019;20;1.267027694000000
30/04/2019;21;1.000000000000000
30/04/2019;22;1.579731076000000
30/04/2019;23;1.092634870000000
30/04/2019;24;1.336543546000000
30/04/2019;25;1.000000000000000
30/04/2019;26;1.147230859000000
30/04/2019;27;1.343182526000000
30/04/2019;28;0.910516216000000
30/04/2019;29;1.115802824000000
01/05/2019;11;0.521368842000000
01/05/2019;13;0.923478930000000
01/05/2019;14;0.457167731000000
01/05/2019;15;1.142522132000000
01/05/2019;16;1.155341424000000
01/05/2019;17;1.370096852000000
01/05/2019;18;0.894497931000000
01/05/2019;19;1.000000000000000
01/05/2019;20;1.000000000000000
01/05/2019;21;0.936841484000000
01/05/2019;22;1.842105364000000
01/05/2019;23;1.133110460000000
01/05/2019;24;1.333957995000000
01/05/2019;25;1.351367495000000
01/05/2019;26;1.167876715000000
01/05/2019;27;1.601089841000000
01/05/2019;28;0.982043515000000
01/05/2019;29;1.000000000000000
02/05/2019;11;0.428114522000000
02/05/2019;13;0.567831856000000
02/05/2019;14;0.533737776000000
02/05/2019;15;1.026664762000000
02/05/2019;16;0.986430811000000
02/05/2019;17;1.194973964000000
02/05/2019;18;0.780931200000000
02/05/2019;19;1.000000000000000
02/05/2019;20;1.000000000000000
02/05/2019;21;0.953087186000000
02/05/2019;22;1.474469632000000
02/05/2019;23;1.070946872000000
02/05/2019;24;1.182204584000000
02/05/2019;25;0.896416091000000
02/05/2019;26;1.203128370000000
02/05/2019;27;1.337151697000000
02/05/2019;28;0.958264249000000
02/05/2019;29;1.026429645000000
03/05/2019;11;1.000000000000000
03/05/2019;13;1.000000000000000
03/05/2019;14;0.642203410000000
03/05/2019;15;1.047946335000000
03/05/2019;16;1.009434658000000
03/05/2019;17;1.213237116000000
03/05/2019;18;0.863855580000000
03/05/2019;19;1.000000000000000
03/05/2019;20;1.000000000000000
03/05/2019;21;0.938463934000000
03/05/2019;22;1.363723362000000
03/05/2019;23;0.824302538000000
03/05/2019;24;1.000000000000000
03/05/2019;25;0.605686390000000
03/05/2019;26;1.000000000000000
03/05/2019;27;1.164412262000000
03/05/2019;28;1.047646515000000
03/05/2019;29;1.187006446000000
04/05/2019;11;0.929108587000000
04/05/2019;13;1.180022848000000
04/05/2019;14;1.004766585000000
04/05/2019;15;1.519429497000000
04/05/2019;16;1.238321615000000
04/05/2019;17;1.187190503000000
04/05/2019;18;1.103258658000000
04/05/2019;19;1.026832704000000
04/05/2019;20;0.946787836000000
04/05/2019;21;0.777052959000000
04/05/2019;22;1.657057551000000
04/05/2019;23;1.039145624000000
04/05/2019;24;1.141397411000000
04/05/2019;25;1.000000000000000
04/05/2019;26;0.896986796000000
04/05/2019;27;1.326543007000000
04/05/2019;28;0.864452067000000
04/05/2019;29;1.000000000000000
05/05/2019;11;1.000000000000000
05/05/2019;13;2.289919336000000
05/05/2019;14;2.083603802000000
05/05/2019;15;2.596992708000000
05/05/2019;16;1.617696662000000
05/05/2019;17;1.594740708000000
05/05/2019;18;1.739267304000000
05/05/2019;19;1.464703334000000
05/05/2019;20;1.078772558000000
05/05/2019;21;1.000000000000000
05/05/2019;22;2.226261564000000
05/05/2019;23;0.971490265000000
05/05/2019;24;1.400266308000000
05/05/2019;25;1.202619995000000
05/05/2019;26;0.848408719000000
05/05/2019;27;1.386766508000000
05/05/2019;28;0.510851174000000
05/05/2019;29;0.636833453000000
06/05/2019;11;1.041080532000000
06/05/2019;13;2.352815451000000
06/05/2019;14;1.672250507000000
06/05/2019;15;1.992812612000000
06/05/2019;16;1.628894739000000
06/05/2019;17;1.818888319000000
06/05/2019;18;1.522191628000000
06/05/2019;19;1.685711287000000
06/05/2019;20;1.374927933000000
06/05/2019;21;1.156624024000000
06/05/2019;22;2.101705486000000
06/05/2019;23;1.070264629000000
06/05/2019;24;1.548269187000000
06/05/2019;25;1.484739854000000
06/05/2019;26;1.000000000000000
06/05/2019;27;1.601000743000000
06/05/2019;28;1.040528442000000
06/05/2019;29;1.000000000000000
07/05/2019;11;1.144295125000000
07/05/2019;13;1.997339510000000
07/05/2019;14;1.772588953000000
07/05/2019;15;1.676628049000000
07/05/2019;16;1.461482229000000
07/05/2019;17;1.693123508000000
07/05/2019;18;1.477760841000000
07/05/2019;19;1.601944425000000
07/05/2019;20;1.646328898000000
07/05/2019;21;1.253573235000000
07/05/2019;22;2.228253663000000
07/05/2019;23;1.161590061000000
07/05/2019;24;1.758188298000000
07/05/2019;25;2.041686339000000
07/05/2019;26;1.187799540000000
07/05/2019;27;1.967950380000000
07/05/2019;28;1.000000000000000
07/05/2019;29;1.047116575000000
08/05/2019;11;1.567598838000000
08/05/2019;13;2.286258917000000
08/05/2019;14;2.119052415000000
08/05/2019;15;1.589873499000000
08/05/2019;16;1.389416834000000
08/05/2019;17;1.708898970000000
08/05/2019;18;1.446258949000000
08/05/2019;19;1.542560466000000
08/05/2019;20;1.489604854000000
08/05/2019;21;1.154330428000000
08/05/2019;22;2.364167712000000
08/05/2019;23;1.176827300000000
08/05/2019;24;1.432645332000000
08/05/2019;25;1.933145994000000
08/05/2019;26;1.320214803000000
08/05/2019;27;1.699928118000000
08/05/2019;28;1.245938776000000
08/05/2019;29;1.166894766000000
09/05/2019;11;1.000000000000000
09/05/2019;13;1.984356770000000
09/05/2019;14;1.743536234000000
09/05/2019;15;1.460555742000000
09/05/2019;16;1.405175205000000
09/05/2019;17;1.615488472000000
09/05/2019;18;1.237448686000000
09/05/2019;19;1.230563761000000
09/05/2019;20;1.000000000000000
09/05/2019;21;1.088442395000000
09/05/2019;22;1.000000000000000
09/05/2019;23;0.956666745000000
09/05/2019;24;1.110086879000000
09/05/2019;25;1.423167191000000
09/05/2019;26;1.000000000000000
09/05/2019;27;1.382258304000000
09/05/2019;28;1.000000000000000
09/05/2019;29;0.951280144000000
10/05/2019;11;0.707307822000000
10/05/2019;13;1.000000000000000
10/05/2019;14;1.000000000000000
10/05/2019;15;1.281887060000000
10/05/2019;16;1.373579302000000
10/05/2019;17;1.440829363000000
10/05/2019;18;1.000000000000000
10/05/2019;19;0.885573629000000
10/05/2019;20;1.000000000000000
10/05/2019;21;1.104170546000000
10/05/2019;22;1.000000000000000
10/05/2019;23;1.082514648000000
10/05/2019;24;1.058238198000000
10/05/2019;25;1.000000000000000
10/05/2019;26;1.000000000000000
10/05/2019;27;1.316296550000000
10/05/2019;28;0.646527492000000
10/05/2019;29;0.682466932000000
11/05/2019;11;0.249620895000000
11/05/2019;13;0.695315420000000
11/05/2019;14;0.591108242000000
11/05/2019;15;1.000000000000000
11/05/2019;16;1.137508887000000
11/05/2019;17;1.389524165000000
11/05/2019;18;0.743338277000000
11/05/2019;19;1.286060609000000
11/05/2019;20;1.713489713000000
11/05/2019;21;1.000000000000000
11/05/2019;22;2.305030311000000
11/05/2019;23;1.144238538000000
11/05/2019;24;1.237156517000000
11/05/2019;25;1.000000000000000
11/05/2019;26;1.173680352000000
11/05/2019;27;1.421818908000000
11/05/2019;28;0.649837196000000
11/05/2019;29;0.796247146000000
12/05/2019;11;0.233862460000000
12/05/2019;13;1.010857036000000
12/05/2019;14;0.659984553000000
12/05/2019;15;1.584352643000000
12/05/2019;16;1.232597994000000
12/05/2019;17;1.501807270000000
12/05/2019;18;1.713163690000000
12/05/2019;19;1.886275703000000
12/05/2019;20;2.457323451000000
12/05/2019;21;1.423135557000000
12/05/2019;22;3.622275202000000
12/05/2019;23;1.179844206000000
12/05/2019;24;1.740728622000000
12/05/2019;25;1.000000000000000
12/05/2019;26;1.240848787000000
12/05/2019;27;2.011163372000000
12/05/2019;28;0.911211529000000
12/05/2019;29;0.891820553000000
13/05/2019;11;0.380395050000000
13/05/2019;13;1.000000000000000
13/05/2019;14;0.802482673000000
13/05/2019;15;1.000000000000000
13/05/2019;16;1.000000000000000
13/05/2019;17;0.996754424000000
13/05/2019;18;1.776877190000000
13/05/2019;19;1.537020825000000
13/05/2019;20;1.493082454000000
13/05/2019;21;1.429627752000000
13/05/2019;22;2.253639691000000
13/05/2019;23;1.155528337000000
13/05/2019;24;1.469540856000000
13/05/2019;25;1.000000000000000
13/05/2019;26;1.300429729000000
13/05/2019;27;1.740539280000000
13/05/2019;28;1.386747618000000
13/05/2019;29;1.164141377000000
14/05/2019;11;0.385764319000000
14/05/2019;13;1.112188648000000
14/05/2019;14;1.000000000000000
14/05/2019;15;1.084317346000000
14/05/2019;16;1.180737172000000
14/05/2019;17;0.625953378000000
14/05/2019;18;1.538762842000000
14/05/2019;19;1.215428441000000
14/05/2019;20;1.312666074000000
14/05/2019;21;1.286498809000000
14/05/2019;22;1.797237876000000
14/05/2019;23;1.096163109000000
14/05/2019;24;1.605957370000000
14/05/2019;25;0.816841387000000
14/05/2019;26;1.318663748000000
14/05/2019;27;1.627294899000000
14/05/2019;28;1.532887400000000
14/05/2019;29;1.292393579000000
15/05/2019;11;1.000000000000000
15/05/2019;13;1.873831799000000
15/05/2019;14;0.920401503000000
15/05/2019;15;1.615031240000000
15/05/2019;16;1.428674869000000
15/05/2019;17;1.051240269000000
15/05/2019;18;1.832932028000000
15/05/2019;19;1.289517986000000
15/05/2019;20;1.430727092000000
15/05/2019;21;1.321945771000000
15/05/2019;22;1.954848557000000
15/05/2019;23;1.216093346000000
15/05/2019;24;1.679716475000000
15/05/2019;25;1.173761205000000
15/05/2019;26;1.179757477000000
15/05/2019;27;1.586491231000000
15/05/2019;28;1.383762109000000
15/05/2019;29;1.284238008000000
16/05/2019;11;1.000000000000000
16/05/2019;13;2.233191309000000
16/05/2019;14;0.725969204000000
16/05/2019;15;1.383251241000000
16/05/2019;16;1.000000000000000
16/05/2019;17;1.555917406000000
16/05/2019;18;1.803960198000000
16/05/2019;19;1.000000000000000
16/05/2019;20;1.000000000000000
16/05/2019;21;1.372796352000000
16/05/2019;22;2.111565219000000
16/05/2019;23;1.156512897000000
16/05/2019;24;1.486380719000000
16/05/2019;25;1.400663123000000
16/05/2019;26;1.196807146000000
16/05/2019;27;1.486233136000000
16/05/2019;28;1.398852526000000
16/05/2019;29;1.370847956000000
17/05/2019;11;1.174552991000000
17/05/2019;13;1.490562663000000
17/05/2019;14;0.748624689000000
17/05/2019;15;1.148099759000000
17/05/2019;16;0.890055507000000
17/05/2019;17;1.517937073000000
17/05/2019;18;1.461367848000000
17/05/2019;19;1.000000000000000
17/05/2019;20;0.845411818000000
17/05/2019;21;1.287845055000000
17/05/2019;22;1.551950517000000
17/05/2019;23;1.049444048000000
17/05/2019;24;1.000000000000000
17/05/2019;25;0.817173489000000
17/05/2019;26;1.114412482000000
17/05/2019;27;1.000000000000000
17/05/2019;28;1.528479553000000
17/05/2019;29;1.223726088000000
18/05/2019;11;1.889947426000000
18/05/2019;13;1.453516609000000
18/05/2019;14;1.000000000000000
18/05/2019;15;1.369817464000000
18/05/2019;16;0.916624563000000
18/05/2019;17;1.346765939000000
18/05/2019;18;1.661326171000000
18/05/2019;19;0.960110652000000
18/05/2019;20;0.570818451000000
18/05/2019;21;1.000000000000000
18/05/2019;22;1.000000000000000
18/05/2019;23;0.865626593000000
18/05/2019;24;0.877189423000000
18/05/2019;25;0.805864838000000
18/05/2019;26;0.926921839000000
18/05/2019;27;0.875443383000000
18/05/2019;28;0.849632233000000
18/05/2019;29;1.000000000000000
19/05/2019;11;1.586798672000000
19/05/2019;13;1.843574064000000
19/05/2019;14;1.000000000000000
19/05/2019;15;1.272299747000000
19/05/2019;16;1.000000000000000
19/05/2019;17;1.335865671000000
19/05/2019;18;1.443796735000000
19/05/2019;19;1.058595370000000
19/05/2019;20;1.056331164000000
19/05/2019;21;1.000000000000000
19/05/2019;22;1.209064218000000
19/05/2019;23;0.964718970000000
19/05/2019;24;1.045201995000000
19/05/2019;25;1.000000000000000
19/05/2019;26;0.858873019000000
19/05/2019;27;1.088790864000000
19/05/2019;28;0.473668744000000
19/05/2019;29;0.695322530000000
20/05/2019;11;0.911869871000000
20/05/2019;13;1.469870687000000
20/05/2019;14;1.167809699000000
20/05/2019;15;1.164883700000000
20/05/2019;16;1.157246491000000
20/05/2019;17;1.735789823000000
20/05/2019;18;1.000000000000000
20/05/2019;19;0.970679176000000
20/05/2019;20;1.000000000000000
20/05/2019;21;1.000000000000000
20/05/2019;22;1.696319929000000
20/05/2019;23;0.773284169000000
20/05/2019;24;1.142901270000000
20/05/2019;25;1.000000000000000
20/05/2019;26;0.950175704000000
20/05/2019;27;1.200046340000000
20/05/2019;28;0.739896816000000
20/05/2019;29;0.736869176000000
21/05/2019;11;0.416199123000000
21/05/2019;13;1.000000000000000
21/05/2019;14;1.230830205000000
21/05/2019;15;1.127173369000000
21/05/2019;16;1.219817162000000
21/05/2019;17;1.000000000000000
21/05/2019;18;0.838991343000000
21/05/2019;19;0.778298631000000
21/05/2019;20;1.006812800000000
21/05/2019;21;0.919753845000000
21/05/2019;22;1.732018544000000
21/05/2019;23;0.886791973000000
21/05/2019;24;1.085264510000000
21/05/2019;25;1.000000000000000
21/05/2019;26;0.959422772000000
21/05/2019;27;0.986497652000000
21/05/2019;28;0.832127319000000
21/05/2019;29;1.052891522000000
22/05/2019;11;0.418943833000000
22/05/2019;13;0.526394690000000
22/05/2019;14;1.017345968000000
22/05/2019;15;0.930355257000000
22/05/2019;16;1.000000000000000
22/05/2019;17;1.000000000000000
22/05/2019;18;0.735614865000000
22/05/2019;19;0.647350953000000
22/05/2019;20;0.946919889000000
22/05/2019;21;0.944720876000000
22/05/2019;22;1.000000000000000
22/05/2019;23;0.895182166000000
22/05/2019;24;1.000000000000000
22/05/2019;25;1.000000000000000
22/05/2019;26;1.070070322000000
22/05/2019;27;1.000000000000000
22/05/2019;28;0.852811724000000
22/05/2019;29;0.964859493000000
23/05/2019;11;0.613457232000000
23/05/2019;13;0.678940783000000
23/05/2019;14;1.000000000000000
23/05/2019;15;0.761398719000000
23/05/2019;16;0.832787888000000
23/05/2019;17;1.153277458000000
23/05/2019;18;0.735978874000000
23/05/2019;19;0.516910794000000
23/05/2019;20;0.720177470000000
23/05/2019;21;0.896590883000000
23/05/2019;22;0.966261105000000
23/05/2019;23;0.874273250000000
23/05/2019;24;1.000000000000000
23/05/2019;25;1.000000000000000
23/05/2019;26;0.993649837000000
23/05/2019;27;1.059210328000000
23/05/2019;28;0.960649846000000
23/05/2019;29;0.839578040000000
24/05/2019;11;0.713090145000000
24/05/2019;13;0.590123077000000
24/05/2019;14;0.733403522000000
24/05/2019;15;0.679605294000000
24/05/2019;16;0.715626935000000
24/05/2019;17;0.803103460000000
24/05/2019;18;0.710474080000000
24/05/2019;19;0.533463510000000
24/05/2019;20;0.769307072000000
24/05/2019;21;0.890580068000000
24/05/2019;22;1.036513355000000
24/05/2019;23;0.844842259000000
24/05/2019;24;1.000000000000000
24/05/2019;25;1.000000000000000
24/05/2019;26;0.830039857000000
24/05/2019;27;0.852269761000000
24/05/2019;28;1.000000000000000
24/05/2019;29;1.144101172000000
25/05/2019;11;0.321823212000000
25/05/2019;13;0.228229527000000
25/05/2019;14;0.403543310000000
25/05/2019;15;0.460491694000000
25/05/2019;16;0.625917284000000
25/05/2019;17;0.518582008000000
25/05/2019;18;0.417608680000000
25/05/2019;19;0.497899811000000
25/05/2019;20;0.632006990000000
25/05/2019;21;0.755420952000000
25/05/2019;22;0.948627466000000
25/05/2019;23;0.841891599000000
25/05/2019;24;0.883679363000000
25/05/2019;25;1.000000000000000
25/05/2019;26;0.778785592000000
25/05/2019;27;0.596039689000000
25/05/2019;28;1.384059397000000
25/05/2019;29;0.834247604000000
26/05/2019;11;0.285219126000000
26/05/2019;13;0.232348615000000
26/05/2019;14;0.502634176000000
26/05/2019;15;0.514370736000000
26/05/2019;16;0.710320481000000
26/05/2019;17;0.541848631000000
26/05/2019;18;0.467033435000000
26/05/2019;19;0.415990434000000
26/05/2019;20;0.464588092000000
26/05/2019;21;0.789571522000000
26/05/2019;22;1.000000000000000
26/05/2019;23;0.802971128000000
26/05/2019;24;1.008750460000000
26/05/2019;25;1.000000000000000
26/05/2019;26;0.861571090000000
26/05/2019;27;1.000000000000000
26/05/2019;28;1.195516371000000
26/05/2019;29;0.704616055000000
27/05/2019;11;0.502792522000000
27/05/2019;13;1.000000000000000
27/05/2019;14;0.787369348000000
27/05/2019;15;1.000000000000000
27/05/2019;16;1.000000000000000
27/05/2019;17;0.599962646000000
27/05/2019;18;1.000000000000000
27/05/2019;19;0.636424423000000
27/05/2019;20;0.744861285000000
27/05/2019;21;0.944470471000000
27/05/2019;22;1.134055380000000
27/05/2019;23;0.909878447000000
27/05/2019;24;1.096183994000000
27/05/2019;25;1.000000000000000
27/05/2019;26;0.877663850000000
27/05/2019;27;1.178562488000000
27/05/2019;28;0.764017246000000
27/05/2019;29;0.759560641000000
28/05/2019;11;0.553006617000000
28/05/2019;13;1.000000000000000
28/05/2019;14;1.000000000000000
28/05/2019;15;1.000000000000000
28/05/2019;16;1.000000000000000
28/05/2019;17;0.700330680000000
28/05/2019;18;0.963374557000000
28/05/2019;19;0.788719897000000
28/05/2019;20;0.792962671000000
28/05/2019;21;0.930740906000000
28/05/2019;22;1.087912873000000
28/05/2019;23;0.863872668000000
28/05/2019;24;1.000000000000000
28/05/2019;25;1.000000000000000
28/05/2019;26;0.883951126000000
28/05/2019;27;1.102013344000000
28/05/2019;28;0.900965636000000
28/05/2019;29;0.819974191000000
29/05/2019;11;0.536546868000000
29/05/2019;13;1.000000000000000
29/05/2019;14;1.000000000000000
29/05/2019;15;1.176373436000000
29/05/2019;16;1.072617651000000
29/05/2019;17;0.727115959000000
29/05/2019;18;1.279634131000000
29/05/2019;19;0.832813974000000
29/05/2019;20;0.821637116000000
29/05/2019;21;1.000000000000000
29/05/2019;22;1.119023360000000
29/05/2019;23;0.891384988000000
29/05/2019;24;1.000000000000000
29/05/2019;25;1.000000000000000
29/05/2019;26;0.909019087000000
29/05/2019;27;1.000000000000000
29/05/2019;28;1.000000000000000
29/05/2019;29;0.860409694000000
30/05/2019;11;0.519548803000000
30/05/2019;13;0.925926719000000
30/05/2019;14;0.892481282000000
30/05/2019;15;1.380351566000000
30/05/2019;16;1.000000000000000
30/05/2019;17;0.675165466000000
30/05/2019;18;1.000000000000000
30/05/2019;19;0.651739671000000
30/05/2019;20;0.814790939000000
30/05/2019;21;1.071803369000000
30/05/2019;22;1.000000000000000
30/05/2019;23;1.056582084000000
30/05/2019;24;1.142183688000000
30/05/2019;25;1.000000000000000
30/05/2019;26;1.028425226000000
30/05/2019;27;1.085407372000000
30/05/2019;28;1.000000000000000
30/05/2019;29;0.885563564000000
31/05/2019;11;0.667223314000000
31/05/2019;13;0.616113656000000
31/05/2019;14;0.778270281000000
31/05/2019;15;0.921806182000000
31/05/2019;16;0.841788211000000
31/05/2019;17;0.642901242000000
31/05/2019;18;0.878880517000000
31/05/2019;19;0.652563402000000
31/05/2019;20;0.725734267000000
31/05/2019;21;1.029491145000000
31/05/2019;22;1.055641050000000
31/05/2019;23;0.945046516000000
31/05/2019;24;1.250550862000000
31/05/2019;25;0.823853956000000
31/05/2019;26;1.121462160000000
31/05/2019;27;1.231371469000000
31/05/2019;28;1.000000000000000
31/05/2019;29;0.958176965000000
