DATA;ID_REG_CLIM;WKR
01/01/2016;11;0.870505690802888
01/01/2016;13;1.0
01/01/2016;14;1.0
01/01/2016;15;1.0479492853467098
01/01/2016;16;1.0184766520125699
01/01/2016;17;1.0
01/01/2016;18;1.0
01/01/2016;19;1.0205192307886999
01/01/2016;20;0.96485711769285
01/01/2016;21;1.0
01/01/2016;22;1.0
01/01/2016;23;1.0
01/01/2016;24;1.05363766176711
01/01/2016;25;1.07630539350748
01/01/2016;26;1.03888636476039
01/01/2016;27;1.05867670491425
01/01/2016;28;1.0
01/01/2016;29;1.0
02/01/2016;11;0.948676664829327
02/01/2016;13;1.05321841107141
02/01/2016;14;1.00707917924215
02/01/2016;15;1.0878207807424398
02/01/2016;16;1.0989705947427801
02/01/2016;17;1.04598117074409
02/01/2016;18;1.06519071141648
02/01/2016;19;1.01406027738088
02/01/2016;20;1.0
02/01/2016;21;1.06083042127166
02/01/2016;22;0.9757074907869699
02/01/2016;23;1.0429317042839101
02/01/2016;24;1.0
02/01/2016;25;1.08681311850135
02/01/2016;26;1.1022341239679398
02/01/2016;27;1.13913424000141
02/01/2016;28;0.9877558363179721
02/01/2016;29;1.0186906741503001
03/01/2016;11;1.01109085609429
03/01/2016;13;1.0529022436120798
03/01/2016;14;1.05616041828302
03/01/2016;15;1.08173491358128
03/01/2016;16;1.23862096331541
03/01/2016;17;1.0588511930889999
03/01/2016;18;1.12860052153124
03/01/2016;19;1.0
03/01/2016;20;1.0
03/01/2016;21;1.13069017003602
03/01/2016;22;0.957104060016994
03/01/2016;23;1.0999927171640902
03/01/2016;24;0.907848635710758
03/01/2016;25;0.972412145146375
03/01/2016;26;0.969507056404261
03/01/2016;27;1.0
03/01/2016;28;0.960343540327037
03/01/2016;29;0.9964888597530809
04/01/2016;11;1.07726225431322
04/01/2016;13;1.03996048092472
04/01/2016;14;1.0
04/01/2016;15;1.03689537468583
04/01/2016;16;1.27001971357647
04/01/2016;17;1.0580609665336
04/01/2016;18;1.0837217780850101
04/01/2016;19;0.9589982071174741
04/01/2016;20;0.975125216221684
04/01/2016;21;1.06612449185307
04/01/2016;22;0.947054944795748
04/01/2016;23;1.0
04/01/2016;24;0.9140332730535409
04/01/2016;25;0.885920501529717
04/01/2016;26;0.8810614146368019
04/01/2016;27;0.928946986076789
04/01/2016;28;0.966288128571818
04/01/2016;29;0.9596978793833929
05/01/2016;11;1.05967931693979
05/01/2016;13;1.03112356717482
05/01/2016;14;0.98000852937373
05/01/2016;15;1.05216314648531
05/01/2016;16;1.14137158159956
05/01/2016;17;1.0735344280099
05/01/2016;18;0.9974825748263101
05/01/2016;19;0.94471957339589
05/01/2016;20;0.9516351241841509
05/01/2016;21;1.0
05/01/2016;22;0.9563266515641842
05/01/2016;23;0.9768103192338079
05/01/2016;24;0.8993312792633499
05/01/2016;25;0.894396671754416
05/01/2016;26;0.929051916956843
05/01/2016;27;0.882553393435329
05/01/2016;28;0.822599105732543
05/01/2016;29;0.945678019933658
06/01/2016;11;1.06061794958312
06/01/2016;13;0.9811024377996309
06/01/2016;14;1.0266151881242
06/01/2016;15;1.04976515881528
06/01/2016;16;1.04527038393335
06/01/2016;17;1.04460479211065
06/01/2016;18;0.9614458106877241
06/01/2016;19;0.919635483115782
06/01/2016;20;0.905925417992415
06/01/2016;21;1.0
06/01/2016;22;0.9265974752628051
06/01/2016;23;0.9193120350995959
06/01/2016;24;0.8065219698649341
06/01/2016;25;0.836670830563045
06/01/2016;26;0.8636112996150991
06/01/2016;27;0.8542503729195171
06/01/2016;28;0.838709806340494
06/01/2016;29;0.9028037076306251
07/01/2016;11;1.0570185441108901
07/01/2016;13;1.0
07/01/2016;14;1.14709132229741
07/01/2016;15;1.11028101523576
07/01/2016;16;1.02387334505548
07/01/2016;17;0.994140633482524
07/01/2016;18;0.9674837961036271
07/01/2016;19;0.9456750970271759
07/01/2016;20;1.0
07/01/2016;21;0.990491807687463
07/01/2016;22;1.0
07/01/2016;23;0.906437501826422
07/01/2016;24;1.0
07/01/2016;25;1.0
07/01/2016;26;1.0
07/01/2016;27;0.9009655134352571
07/01/2016;28;0.9057842253408059
07/01/2016;29;0.970602080284908
08/01/2016;11;1.1289717271867
08/01/2016;13;1.0894887304228
08/01/2016;14;1.1393436962543702
08/01/2016;15;1.1608952950088
08/01/2016;16;1.02275884032045
08/01/2016;17;0.967937437993058
08/01/2016;18;1.01907005915363
08/01/2016;19;0.966287896069545
08/01/2016;20;0.951410762242337
08/01/2016;21;0.936570544590181
08/01/2016;22;0.967181457769524
08/01/2016;23;0.950502702181603
08/01/2016;24;0.9672209087336942
08/01/2016;25;0.949637271784721
08/01/2016;26;0.9871105814529151
08/01/2016;27;0.9146021077907941
08/01/2016;28;0.9576282040224979
08/01/2016;29;0.953029850567641
09/01/2016;11;0.9974198291508891
09/01/2016;13;1.07765939979049
09/01/2016;14;1.0760402684939598
09/01/2016;15;1.0
09/01/2016;16;0.982100433991822
09/01/2016;17;1.01825513912954
09/01/2016;18;0.9943036843504499
09/01/2016;19;0.903565649774423
09/01/2016;20;0.7631928603301859
09/01/2016;21;0.8621181766854091
09/01/2016;22;0.806164000489348
09/01/2016;23;0.879199092172247
09/01/2016;24;0.81335724323826
09/01/2016;25;0.8087593855919771
09/01/2016;26;0.866571838474027
09/01/2016;27;0.8486337798740259
09/01/2016;28;0.9089266582261701
09/01/2016;29;0.9297997062731249
10/01/2016;11;1.04495212917206
10/01/2016;13;1.0
10/01/2016;14;1.0
10/01/2016;15;0.961907276786813
10/01/2016;16;0.927831148172874
10/01/2016;17;0.985704202450364
10/01/2016;18;0.918829806946484
10/01/2016;19;0.785604467665966
10/01/2016;20;0.694826483635414
10/01/2016;21;0.805378235641929
10/01/2016;22;0.7137632727025831
10/01/2016;23;0.7626415043028921
10/01/2016;24;0.7268243927889151
10/01/2016;25;0.7121825727640959
10/01/2016;26;0.7741984616785559
10/01/2016;27;0.787457231754105
10/01/2016;28;0.9442717303688951
10/01/2016;29;0.947735175343509
11/01/2016;11;0.9264914741743859
11/01/2016;13;0.91375312164764
11/01/2016;14;0.9442936672704029
11/01/2016;15;0.8706874294714871
11/01/2016;16;0.8287625152057091
11/01/2016;17;0.810177407857552
11/01/2016;18;0.8061134836197179
11/01/2016;19;0.7501773279808209
11/01/2016;20;0.720676518685157
11/01/2016;21;0.747834820107207
11/01/2016;22;0.733023654387563
11/01/2016;23;0.714820760661082
11/01/2016;24;0.7591815674724119
11/01/2016;25;0.7183591574014069
11/01/2016;26;0.760504988729613
11/01/2016;27;0.7916102649712479
11/01/2016;28;0.88957503313427
11/01/2016;29;0.9072789337885091
12/01/2016;11;0.734608801757463
12/01/2016;13;0.910436737460126
12/01/2016;14;0.902117598931095
12/01/2016;15;0.8313571753590729
12/01/2016;16;0.768577436405848
12/01/2016;17;0.817943570154372
12/01/2016;18;0.751640707972646
12/01/2016;19;0.812869676865879
12/01/2016;20;0.7373441788663601
12/01/2016;21;0.682328729305273
12/01/2016;22;0.759147188554823
12/01/2016;23;0.7894976700745759
12/01/2016;24;0.7770203202372131
12/01/2016;25;0.758406740110176
12/01/2016;26;0.752983690857876
12/01/2016;27;0.80249978015258
12/01/2016;28;0.8853587215846279
12/01/2016;29;0.938704983608205
13/01/2016;11;0.652681075402134
13/01/2016;13;0.944387854483644
13/01/2016;14;0.931310297213587
13/01/2016;15;0.936703627999443
13/01/2016;16;0.882309728077226
13/01/2016;17;0.9241962107671641
13/01/2016;18;0.8136809007933709
13/01/2016;19;0.8143513394755658
13/01/2016;20;0.8105693137011899
13/01/2016;21;0.717561464342551
13/01/2016;22;0.8710845422078359
13/01/2016;23;0.8271903963918679
13/01/2016;24;0.8963969319892421
13/01/2016;25;0.831174646457425
13/01/2016;26;0.790616055700766
13/01/2016;27;0.882256740697418
13/01/2016;28;0.904324911836793
13/01/2016;29;0.9237625675392259
14/01/2016;11;1.0
14/01/2016;13;1.02218843697503
14/01/2016;14;1.04083949817914
14/01/2016;15;1.01761523072465
14/01/2016;16;0.978421078637267
14/01/2016;17;1.0
14/01/2016;18;1.0
14/01/2016;19;1.0
14/01/2016;20;1.0
14/01/2016;21;0.8430045155390601
14/01/2016;22;1.03582919715628
14/01/2016;23;1.0
14/01/2016;24;1.0
14/01/2016;25;1.0
14/01/2016;26;0.9278993572118249
14/01/2016;27;1.00335598733281
14/01/2016;28;0.922902730932458
14/01/2016;29;1.0
15/01/2016;11;1.02889196717883
15/01/2016;13;0.9979884451125971
15/01/2016;14;1.08598953441822
15/01/2016;15;1.02982756793691
15/01/2016;16;0.9730961003089531
15/01/2016;17;1.02383234628171
15/01/2016;18;0.9428656118788421
15/01/2016;19;1.0
15/01/2016;20;1.0
15/01/2016;21;0.958883183387128
15/01/2016;22;0.9822878731298579
15/01/2016;23;0.960558304406991
15/01/2016;24;0.9295494745294369
15/01/2016;25;0.951318783378346
15/01/2016;26;0.9290490907875921
15/01/2016;27;0.983370203730353
15/01/2016;28;0.970504192316207
15/01/2016;29;1.0
16/01/2016;11;0.9648774198531941
16/01/2016;13;0.959677070042695
16/01/2016;14;1.06130889470177
16/01/2016;15;1.0
16/01/2016;16;1.0
16/01/2016;17;1.04289244024158
16/01/2016;18;1.0
16/01/2016;19;1.0
16/01/2016;20;1.0
16/01/2016;21;1.0028010267356
16/01/2016;22;1.0
16/01/2016;23;0.938849136728193
16/01/2016;24;1.00966523641111
16/01/2016;25;0.871685354430452
16/01/2016;26;0.8752920076494879
16/01/2016;27;1.0
16/01/2016;28;1.01902153072133
16/01/2016;29;0.9502654995717059
17/01/2016;11;0.9764366362658999
17/01/2016;13;0.949934812424302
17/01/2016;14;0.993186595619328
17/01/2016;15;1.03818824660148
17/01/2016;16;1.04670774737528
17/01/2016;17;1.05532863742428
17/01/2016;18;1.1178475909424501
17/01/2016;19;1.14568057369788
17/01/2016;20;1.07322741453208
17/01/2016;21;1.06127371918779
17/01/2016;22;1.09743584951955
17/01/2016;23;1.04221020680267
17/01/2016;24;1.19200000624526
17/01/2016;25;1.07377180702015
17/01/2016;26;1.03489780413932
17/01/2016;27;1.1133189006000501
17/01/2016;28;1.1438479249848998
17/01/2016;29;1.10471824793243
18/01/2016;11;1.1313530015328501
18/01/2016;13;1.0215807524781801
18/01/2016;14;1.0697138709473
18/01/2016;15;1.08657144581258
18/01/2016;16;1.1271776561542
18/01/2016;17;1.1346088997776298
18/01/2016;18;1.17608522159388
18/01/2016;19;1.18125001236336
18/01/2016;20;1.16711087012527
18/01/2016;21;1.05161063986311
18/01/2016;22;1.18152549266624
18/01/2016;23;1.1348753302963899
18/01/2016;24;1.27437610995156
18/01/2016;25;1.1793168464424
18/01/2016;26;1.1404597818923101
18/01/2016;27;1.18243131303632
18/01/2016;28;1.1735751741806202
18/01/2016;29;1.20132508436728
19/01/2016;11;1.17354374926078
19/01/2016;13;1.112520388533
19/01/2016;14;1.19850629049475
19/01/2016;15;1.12850510249638
19/01/2016;16;1.18709626671817
19/01/2016;17;1.1654506978811001
19/01/2016;18;1.17689362700348
19/01/2016;19;1.19533838905892
19/01/2016;20;1.2405114310710301
19/01/2016;21;1.1235100119006398
19/01/2016;22;1.20853615361334
19/01/2016;23;1.16521711696604
19/01/2016;24;1.30842594002585
19/01/2016;25;1.23158378855673
19/01/2016;26;1.2240927648688502
19/01/2016;27;1.22215871207846
19/01/2016;28;1.25688705244461
19/01/2016;29;1.28972493091655
20/01/2016;11;1.25633058702243
20/01/2016;13;1.12227085333654
20/01/2016;14;1.22293318772029
20/01/2016;15;1.17161205704703
20/01/2016;16;1.2071829075328
20/01/2016;17;1.12139882356251
20/01/2016;18;1.18090487025176
20/01/2016;19;1.2502998618271999
20/01/2016;20;1.23706598288415
20/01/2016;21;1.19614757308171
20/01/2016;22;1.2546022528774
20/01/2016;23;1.24591759397644
20/01/2016;24;1.3319239434907402
20/01/2016;25;1.2902284839497
20/01/2016;26;1.2984055486506398
20/01/2016;27;1.3273027287191002
20/01/2016;28;1.1883612296560901
20/01/2016;29;1.1662413410091999
21/01/2016;11;1.27495816425362
21/01/2016;13;1.14891662886997
21/01/2016;14;1.18507764580101
21/01/2016;15;1.226033156722
21/01/2016;16;1.1938071473512
21/01/2016;17;1.05892168611638
21/01/2016;18;1.23630590105891
21/01/2016;19;1.34316976706685
21/01/2016;20;1.22957731293448
21/01/2016;21;1.16225413777301
21/01/2016;22;1.21135718611306
21/01/2016;23;1.2299145834365401
21/01/2016;24;1.29451005064198
21/01/2016;25;1.19592319049125
21/01/2016;26;1.24909566142748
21/01/2016;27;1.23765421853349
21/01/2016;28;1.21143464142294
21/01/2016;29;1.1027162322407
22/01/2016;11;1.21156819027097
22/01/2016;13;1.16318125561627
22/01/2016;14;1.18795680460804
22/01/2016;15;1.18299869615861
22/01/2016;16;1.14603856958571
22/01/2016;17;1.07773014853497
22/01/2016;18;1.16778433096039
22/01/2016;19;1.22610480174999
22/01/2016;20;1.06833141802524
22/01/2016;21;1.0445557861585901
22/01/2016;22;1.1363796020510901
22/01/2016;23;1.0
22/01/2016;24;1.10257205218276
22/01/2016;25;1.07196353966893
22/01/2016;26;1.16252093576363
22/01/2016;27;1.1073068119647802
22/01/2016;28;1.17207049984353
22/01/2016;29;1.17614398371747
23/01/2016;11;1.11671158388663
23/01/2016;13;1.11073469720482
23/01/2016;14;1.1278186705658602
23/01/2016;15;1.10008759725483
23/01/2016;16;1.1362306618869
23/01/2016;17;1.0
23/01/2016;18;1.08693359229804
23/01/2016;19;1.19754657624286
23/01/2016;20;1.17524961898263
23/01/2016;21;1.08622760779043
23/01/2016;22;1.1581333621006102
23/01/2016;23;1.05019848195815
23/01/2016;24;1.1030395851602501
23/01/2016;25;1.09593536322484
23/01/2016;26;1.0755311378342298
23/01/2016;27;1.08970407715985
23/01/2016;28;1.1122336867976101
23/01/2016;29;1.11870400064019
24/01/2016;11;1.0
24/01/2016;13;1.0931842747535998
24/01/2016;14;1.07541507847332
24/01/2016;15;1.14427717729968
24/01/2016;16;1.1098245044881698
24/01/2016;17;1.01283005003335
24/01/2016;18;1.12152990857949
24/01/2016;19;1.23837355185306
24/01/2016;20;1.25692320155459
24/01/2016;21;1.1684532360384299
24/01/2016;22;1.15770038715025
24/01/2016;23;1.12917227001154
24/01/2016;24;1.07434475896824
24/01/2016;25;1.0
24/01/2016;26;1.0
24/01/2016;27;1.07398448041728
24/01/2016;28;1.08980574066899
24/01/2016;29;1.09925019897262
25/01/2016;11;0.972670964304162
25/01/2016;13;1.0
25/01/2016;14;1.0409497904890301
25/01/2016;15;1.14526403280076
25/01/2016;16;1.0333685282665899
25/01/2016;17;0.968109668015192
25/01/2016;18;1.0
25/01/2016;19;1.1697878125668102
25/01/2016;20;1.21353004267871
25/01/2016;21;1.0978428681877699
25/01/2016;22;1.10826215828346
25/01/2016;23;1.0375290043958
25/01/2016;24;0.9483007711644681
25/01/2016;25;1.0154964433031701
25/01/2016;26;0.9647405632397729
25/01/2016;27;1.0
25/01/2016;28;1.0
25/01/2016;29;1.09953057943269
26/01/2016;11;0.8554271322600171
26/01/2016;13;0.9500700187616691
26/01/2016;14;0.9709389594066089
26/01/2016;15;1.06766221439674
26/01/2016;16;0.9889183830365
26/01/2016;17;0.840106130713264
26/01/2016;18;0.887077529159341
26/01/2016;19;1.0
26/01/2016;20;1.0
26/01/2016;21;1.0
26/01/2016;22;1.0427537873267099
26/01/2016;23;1.0
26/01/2016;24;0.823590142102922
26/01/2016;25;0.9876383251449399
26/01/2016;26;0.9320359071166371
26/01/2016;27;0.9199324083720251
26/01/2016;28;0.957393312371552
26/01/2016;29;1.0813971776086
27/01/2016;11;0.805717763253913
27/01/2016;13;0.9266758252402529
27/01/2016;14;0.956816191047567
27/01/2016;15;1.02297290588048
27/01/2016;16;0.974589160689625
27/01/2016;17;0.78012344661428
27/01/2016;18;0.8628055847787941
27/01/2016;19;0.8637224095345301
27/01/2016;20;0.8738525997555808
27/01/2016;21;0.9785547299893621
27/01/2016;22;0.9515512834615
27/01/2016;23;0.9535692698060491
27/01/2016;24;0.799777899096314
27/01/2016;25;0.92509150330703
27/01/2016;26;0.913210276755545
27/01/2016;27;0.8922646420272391
27/01/2016;28;0.94476810097132
27/01/2016;29;1.07100338999577
28/01/2016;11;0.6963626990318321
28/01/2016;13;0.828522504027718
28/01/2016;14;0.9811453828469979
28/01/2016;15;0.9652578441382359
28/01/2016;16;0.9086788412749108
28/01/2016;17;0.779915181127961
28/01/2016;18;0.797508603324412
28/01/2016;19;0.782285827857253
28/01/2016;20;0.8073538478720731
28/01/2016;21;0.8587918630419108
28/01/2016;22;0.8969372850557611
28/01/2016;23;0.908999145872525
28/01/2016;24;0.8068933432222379
28/01/2016;25;0.9122629813344179
28/01/2016;26;0.9057258440674999
28/01/2016;27;0.882591180439344
28/01/2016;28;0.956137760581023
28/01/2016;29;1.04485816241751
29/01/2016;11;0.6676893668236751
29/01/2016;13;0.70747123106012
29/01/2016;14;0.9201931822817678
29/01/2016;15;0.9072768169561359
29/01/2016;16;0.827505556352217
29/01/2016;17;0.747925150056756
29/01/2016;18;0.7494565313752679
29/01/2016;19;0.7696767793365921
29/01/2016;20;0.774606922300305
29/01/2016;21;0.7558590268915601
29/01/2016;22;0.8687191924096871
29/01/2016;23;0.895362769588273
29/01/2016;24;0.8074278925917159
29/01/2016;25;0.883278660963624
29/01/2016;26;0.8863605695674021
29/01/2016;27;0.8585249639933191
29/01/2016;28;0.9458710025820909
29/01/2016;29;1.05419744186525
30/01/2016;11;0.750746586614117
30/01/2016;13;0.727273100429679
30/01/2016;14;0.90552058375679
30/01/2016;15;0.907508313896857
30/01/2016;16;0.8102516397177529
30/01/2016;17;0.730862309063866
30/01/2016;18;0.7283854735252858
30/01/2016;19;0.7642211644583922
30/01/2016;20;0.8205069577964251
30/01/2016;21;0.7709442648725219
30/01/2016;22;0.874375405408626
30/01/2016;23;0.964681023307835
30/01/2016;24;0.838964980245089
30/01/2016;25;0.852685096268765
30/01/2016;26;0.939520707681391
30/01/2016;27;0.8934720357958391
30/01/2016;28;1.034437674546
30/01/2016;29;1.06008081755438
31/01/2016;11;0.771724868523477
31/01/2016;13;0.7581876036407329
31/01/2016;14;0.9040697423967959
31/01/2016;15;0.8826282453892159
31/01/2016;16;0.797929576351507
31/01/2016;17;0.7484103602364001
31/01/2016;18;0.795870196158944
31/01/2016;19;0.7911164636804541
31/01/2016;20;0.845951072968168
31/01/2016;21;0.758818645341769
31/01/2016;22;0.8722642832001061
31/01/2016;23;0.951160634231191
31/01/2016;24;0.855271448375685
31/01/2016;25;0.8960058116796629
31/01/2016;26;0.957200956657485
31/01/2016;27;0.919593213038043
31/01/2016;28;1.0
31/01/2016;29;1.0465077121636501
01/02/2016;11;0.7457710855069041
01/02/2016;13;0.86343115213265
01/02/2016;14;0.8979212879763899
01/02/2016;15;0.855579983080022
01/02/2016;16;0.8156253245970451
01/02/2016;17;0.7565917571398141
01/02/2016;18;0.890881507376888
01/02/2016;19;0.785676210478027
01/02/2016;20;0.7794149638878549
01/02/2016;21;1.0
01/02/2016;22;0.857438541478653
01/02/2016;23;0.885417600612127
01/02/2016;24;0.8015503133708229
01/02/2016;25;0.8937615428510441
01/02/2016;26;0.9471928724089879
01/02/2016;27;0.880015034125195
01/02/2016;28;0.9605799714299859
01/02/2016;29;1.02257296675994
02/02/2016;11;0.749982066921769
02/02/2016;13;0.872743925690297
02/02/2016;14;0.9271309437380559
02/02/2016;15;0.831291845651398
02/02/2016;16;0.8582927422508859
02/02/2016;17;0.791293281598381
02/02/2016;18;0.824043452546923
02/02/2016;19;0.8176034955760499
02/02/2016;20;0.8056001721959258
02/02/2016;21;0.9617896633120309
02/02/2016;22;0.917915712763078
02/02/2016;23;1.0
02/02/2016;24;0.752562812445658
02/02/2016;25;0.8824395198000179
02/02/2016;26;0.938944157291465
02/02/2016;27;0.8389269220728779
02/02/2016;28;1.0
02/02/2016;29;1.02389403264229
03/02/2016;11;0.669833966153948
03/02/2016;13;0.7814134152281341
03/02/2016;14;0.913013068541184
03/02/2016;15;0.818594491074367
03/02/2016;16;0.8254374913160358
03/02/2016;17;0.805050486628234
03/02/2016;18;0.819930409499093
03/02/2016;19;0.9075550019401271
03/02/2016;20;0.8338231673640899
03/02/2016;21;0.8661053370810899
03/02/2016;22;0.8775689703260341
03/02/2016;23;0.9644914279307729
03/02/2016;24;0.7654150471497829
03/02/2016;25;0.8950448024236791
03/02/2016;26;0.933574176898482
03/02/2016;27;0.858784968056855
03/02/2016;28;1.0
03/02/2016;29;1.0
04/02/2016;11;0.774839995465875
04/02/2016;13;0.801108184449934
04/02/2016;14;0.904652614926769
04/02/2016;15;0.8430340649607879
04/02/2016;16;0.8739711877524079
04/02/2016;17;0.8658826471251451
04/02/2016;18;0.8612309178355401
04/02/2016;19;1.0
04/02/2016;20;0.8342573368482611
04/02/2016;21;0.890686813289048
04/02/2016;22;0.885814577843792
04/02/2016;23;1.0
04/02/2016;24;1.0
04/02/2016;25;0.88460464760525
04/02/2016;26;0.9334869262546069
04/02/2016;27;0.9214557425683729
04/02/2016;28;0.98647468036384
04/02/2016;29;0.966530371611646
05/02/2016;11;0.869141586225943
05/02/2016;13;0.892835433343895
05/02/2016;14;0.8980161782665591
05/02/2016;15;0.9164423991924499
05/02/2016;16;0.97449409847277
05/02/2016;17;0.9104417123734491
05/02/2016;18;0.9152123597417391
05/02/2016;19;1.03319047893441
05/02/2016;20;1.0
05/02/2016;21;1.00772492334907
05/02/2016;22;1.0418704766484301
05/02/2016;23;1.07600518319687
05/02/2016;24;1.13197114849695
05/02/2016;25;1.03212273491024
05/02/2016;26;1.0
05/02/2016;27;1.02137730172404
05/02/2016;28;0.9726114898098279
05/02/2016;29;0.9812990046864951
06/02/2016;11;0.9348050352904971
06/02/2016;13;1.0
06/02/2016;14;1.0
06/02/2016;15;0.973388943195652
06/02/2016;16;0.969978254712838
06/02/2016;17;0.8651855225846179
06/02/2016;18;0.971465988163282
06/02/2016;19;1.08339394422482
06/02/2016;20;1.07753763336374
06/02/2016;21;1.04838785421007
06/02/2016;22;1.1054420944528702
06/02/2016;23;1.16137691351921
06/02/2016;24;1.09213242563071
06/02/2016;25;1.11056683668737
06/02/2016;26;1.09218674926183
06/02/2016;27;1.09442832868597
06/02/2016;28;1.05018749264082
06/02/2016;29;1.05053874097338
07/02/2016;11;0.927490266838914
07/02/2016;13;0.9599824275397479
07/02/2016;14;1.04279072315973
07/02/2016;15;0.984134806159692
07/02/2016;16;0.895088282855448
07/02/2016;17;0.89267912812794
07/02/2016;18;0.916375562574898
07/02/2016;19;0.999854288438268
07/02/2016;20;1.0
07/02/2016;21;0.9951775388281091
07/02/2016;22;0.967177759625856
07/02/2016;23;1.12045632320068
07/02/2016;24;0.9850155228320071
07/02/2016;25;1.04625762937023
07/02/2016;26;1.1058778373730702
07/02/2016;27;1.0
07/02/2016;28;1.12818373369034
07/02/2016;29;1.1150974494571297
08/02/2016;11;0.923307312886338
08/02/2016;13;0.8873779810001241
08/02/2016;14;0.992191965137396
08/02/2016;15;0.87412328470477
08/02/2016;16;0.7795660689577242
08/02/2016;17;0.9543117623367969
08/02/2016;18;0.811042674539744
08/02/2016;19;0.8262664552741559
08/02/2016;20;0.86400736156249
08/02/2016;21;0.86230980310749
08/02/2016;22;0.8253543633946251
08/02/2016;23;0.972102941541211
08/02/2016;24;0.8848831785992428
08/02/2016;25;0.97130617052619
08/02/2016;26;0.925614021276486
08/02/2016;27;0.9361480852974521
08/02/2016;28;0.9704711292283921
08/02/2016;29;1.0
09/02/2016;11;1.0
09/02/2016;13;0.8370247387242241
09/02/2016;14;0.939711708650192
09/02/2016;15;0.795218421013053
09/02/2016;16;0.726991612762254
09/02/2016;17;0.866858077067602
09/02/2016;18;0.7639211380982339
09/02/2016;19;0.7651444994457729
09/02/2016;20;0.770432299810243
09/02/2016;21;0.755940243454258
09/02/2016;22;0.799541123675956
09/02/2016;23;0.815711305299633
09/02/2016;24;0.786170838042193
09/02/2016;25;0.9019750503601579
09/02/2016;26;0.779509222049353
09/02/2016;27;0.8600623434527109
09/02/2016;28;0.840884235434725
09/02/2016;29;0.9689897218831239
10/02/2016;11;0.851920003359146
10/02/2016;13;0.788569229417395
10/02/2016;14;0.9021871224771879
10/02/2016;15;0.791687458790693
10/02/2016;16;0.733999410075703
10/02/2016;17;0.7965560580452808
10/02/2016;18;0.7140959729177941
10/02/2016;19;0.7808516381476339
10/02/2016;20;0.7725781853436309
10/02/2016;21;0.750337043051821
10/02/2016;22;0.786751642881082
10/02/2016;23;0.771201890412146
10/02/2016;24;0.770955210772866
10/02/2016;25;0.8665911413461059
10/02/2016;26;0.785133390657739
10/02/2016;27;0.82613134993938
10/02/2016;28;0.89933591989738
10/02/2016;29;0.9737604912156579
11/02/2016;11;0.857785694416005
11/02/2016;13;0.88683119566688
11/02/2016;14;1.0
11/02/2016;15;0.8755839221731679
11/02/2016;16;0.813216129445153
11/02/2016;17;0.876283617703308
11/02/2016;18;0.826293281575245
11/02/2016;19;0.84696616652917
11/02/2016;20;0.855678547072838
11/02/2016;21;0.805387293890663
11/02/2016;22;0.842707151250825
11/02/2016;23;0.8390867010376859
11/02/2016;24;0.8895042769154219
11/02/2016;25;0.8507741628554599
11/02/2016;26;0.838093811786128
11/02/2016;27;0.879716136772528
11/02/2016;28;0.913983024453887
11/02/2016;29;0.9107583775754922
12/02/2016;11;1.0
12/02/2016;13;0.976157121436467
12/02/2016;14;1.02561191389761
12/02/2016;15;0.9454154703692421
12/02/2016;16;0.913780996611823
12/02/2016;17;0.9330133478618621
12/02/2016;18;0.9356214827821692
12/02/2016;19;0.954562534411521
12/02/2016;20;0.90250735810349
12/02/2016;21;0.8875990260185219
12/02/2016;22;0.893130222698202
12/02/2016;23;0.93361236168906
12/02/2016;24;0.93799180133818
12/02/2016;25;0.9350750378172741
12/02/2016;26;1.0
12/02/2016;27;0.912658845163028
12/02/2016;28;0.9029469237513101
12/02/2016;29;0.9491682868923041
13/02/2016;11;1.01623709207379
13/02/2016;13;0.9556463118229631
13/02/2016;14;1.0
13/02/2016;15;1.0
13/02/2016;16;0.9186264067262719
13/02/2016;17;0.965049702735913
13/02/2016;18;0.922810197357765
13/02/2016;19;0.866720168707345
13/02/2016;20;0.8024863451690399
13/02/2016;21;0.89274461436835
13/02/2016;22;0.834466501198573
13/02/2016;23;0.911017045482458
13/02/2016;24;0.8177169912696591
13/02/2016;25;0.8763754577165799
13/02/2016;26;0.951996714889598
13/02/2016;27;0.848783782715181
13/02/2016;28;0.7689714885844371
13/02/2016;29;0.893689838337518
14/02/2016;11;0.9546383241897599
14/02/2016;13;0.9565007134958969
14/02/2016;14;1.03282979580542
14/02/2016;15;0.975000684224152
14/02/2016;16;0.875899030944873
14/02/2016;17;0.995748772396075
14/02/2016;18;0.9095956467355829
14/02/2016;19;0.82090896213492
14/02/2016;20;0.7116375868945
14/02/2016;21;0.788088470680283
14/02/2016;22;0.7929281456901189
14/02/2016;23;0.7894714911963041
14/02/2016;24;0.73566173686084
14/02/2016;25;0.7665499319461371
14/02/2016;26;0.7517152001207951
14/02/2016;27;0.7665731923111639
14/02/2016;28;0.73413396454947
14/02/2016;29;0.870361742093692
15/02/2016;11;0.9486216836988871
15/02/2016;13;0.928264978155193
15/02/2016;14;1.0
15/02/2016;15;0.903605767390693
15/02/2016;16;0.843571418225267
15/02/2016;17;0.983097048067081
15/02/2016;18;0.8943989697926641
15/02/2016;19;0.853868417422216
15/02/2016;20;0.7527514239745631
15/02/2016;21;0.8024204979876691
15/02/2016;22;0.7767056481435258
15/02/2016;23;0.794231025539913
15/02/2016;24;0.7312508099666059
15/02/2016;25;0.709112962782491
15/02/2016;26;0.6920612889220129
15/02/2016;27;0.7287474100486191
15/02/2016;28;0.738080599034407
15/02/2016;29;0.888727463529741
16/02/2016;11;0.906552086917449
16/02/2016;13;0.8884830693433559
16/02/2016;14;0.924494146053003
16/02/2016;15;0.841835021047051
16/02/2016;16;0.875641698894509
16/02/2016;17;0.931156920967591
16/02/2016;18;0.9006205784731091
16/02/2016;19;0.9174237513019341
16/02/2016;20;0.7963687602679351
16/02/2016;21;0.8761096418686249
16/02/2016;22;0.7656976665767671
16/02/2016;23;0.8507685276252241
16/02/2016;24;0.7442419447804379
16/02/2016;25;0.6752367762277061
16/02/2016;26;0.704070806433285
16/02/2016;27;0.728020110389815
16/02/2016;28;0.663028058811771
16/02/2016;29;0.9043693315920459
17/02/2016;11;0.934128933061121
17/02/2016;13;1.0
17/02/2016;14;1.0
17/02/2016;15;0.881117918064754
17/02/2016;16;0.9578423377556039
17/02/2016;17;1.0
17/02/2016;18;0.957400935411289
17/02/2016;19;1.0
17/02/2016;20;0.8411972127915229
17/02/2016;21;0.897793116766644
17/02/2016;22;0.809547756367787
17/02/2016;23;0.893724142911077
17/02/2016;24;0.7807818525178101
17/02/2016;25;0.7075082979844091
17/02/2016;26;0.769092979674409
17/02/2016;27;0.7203948593530709
17/02/2016;28;0.7873036088887391
17/02/2016;29;0.8955637577718459
18/02/2016;11;0.9091301008883549
18/02/2016;13;1.03581646371937
18/02/2016;14;0.976990494671143
18/02/2016;15;0.8681031458850129
18/02/2016;16;0.9203064243854371
18/02/2016;17;0.9961094495774059
18/02/2016;18;0.952108142844698
18/02/2016;19;1.05715387960139
18/02/2016;20;0.8793858343515841
18/02/2016;21;0.9395000692456559
18/02/2016;22;0.8753244951677971
18/02/2016;23;0.9057504830292851
18/02/2016;24;0.874795369926761
18/02/2016;25;0.807188340364393
18/02/2016;26;0.819389939821556
18/02/2016;27;0.8115088949584879
18/02/2016;28;0.9146283172642191
18/02/2016;29;0.943293840282369
19/02/2016;11;0.9095924115279029
19/02/2016;13;0.9899330236495991
19/02/2016;14;0.9478642081574692
19/02/2016;15;0.857552832654303
19/02/2016;16;0.8394398850783309
19/02/2016;17;0.972169204683403
19/02/2016;18;0.8859465848695691
19/02/2016;19;1.0
19/02/2016;20;0.9122919424504499
19/02/2016;21;0.9161170291581109
19/02/2016;22;1.0
19/02/2016;23;0.93800865187969
19/02/2016;24;0.898245777481997
19/02/2016;25;0.9363275284289101
19/02/2016;26;0.884967754529486
19/02/2016;27;0.922517854744153
19/02/2016;28;0.955018387537888
19/02/2016;29;0.9203384909400519
20/02/2016;11;0.9725977555270071
20/02/2016;13;0.9325295026739209
20/02/2016;14;0.9550286193242901
20/02/2016;15;0.8553702282969751
20/02/2016;16;0.825066498514977
20/02/2016;17;1.0
20/02/2016;18;0.820901838841147
20/02/2016;19;0.9839675510835941
20/02/2016;20;0.9284362664505601
20/02/2016;21;0.925745652422802
20/02/2016;22;0.966064540658357
20/02/2016;23;0.963668606716097
20/02/2016;24;0.8890751126722991
20/02/2016;25;0.9364994879095021
20/02/2016;26;0.903002543395668
20/02/2016;27;0.9492082007933399
20/02/2016;28;0.913130717254742
20/02/2016;29;1.0
21/02/2016;11;0.919431367686369
21/02/2016;13;0.892156484989838
21/02/2016;14;0.9759511008619202
21/02/2016;15;0.9116136974665591
21/02/2016;16;0.843339193033631
21/02/2016;17;0.9401505497289679
21/02/2016;18;0.8348667090385691
21/02/2016;19;0.981154174217761
21/02/2016;20;1.0
21/02/2016;21;0.906968082553972
21/02/2016;22;1.0
21/02/2016;23;1.0
21/02/2016;24;0.89134461017608
21/02/2016;25;0.94198700185148
21/02/2016;26;0.9032271162427941
21/02/2016;27;0.929586690442532
21/02/2016;28;0.9237698465370681
21/02/2016;29;1.01562634311998
22/02/2016;11;0.8725306091785779
22/02/2016;13;0.879209924617088
22/02/2016;14;0.9872421808791461
22/02/2016;15;0.920351837201239
22/02/2016;16;0.8616189676363578
22/02/2016;17;0.8090150023396021
22/02/2016;18;0.8685066331267092
22/02/2016;19;0.9492463738207308
22/02/2016;20;0.9908819115867991
22/02/2016;21;0.900336915100572
22/02/2016;22;0.980639785108013
22/02/2016;23;1.0
22/02/2016;24;0.829769269734962
22/02/2016;25;0.9405928907338041
22/02/2016;26;0.9457269591674341
22/02/2016;27;0.87798764811724
22/02/2016;28;0.922377109411051
22/02/2016;29;1.04690330802429
23/02/2016;11;0.7231257534253259
23/02/2016;13;0.789143830162062
23/02/2016;14;0.8958472503279391
23/02/2016;15;0.8241308084231199
23/02/2016;16;0.828742934766952
23/02/2016;17;0.7609855226872191
23/02/2016;18;0.7673094648419699
23/02/2016;19;0.887247712916477
23/02/2016;20;0.8898447031092009
23/02/2016;21;0.814248121247087
23/02/2016;22;0.9239820637562571
23/02/2016;23;0.9425889570593651
23/02/2016;24;0.7452560516633231
23/02/2016;25;0.879262303790143
23/02/2016;26;0.921429464906194
23/02/2016;27;0.789587486801521
23/02/2016;28;0.891116588211731
23/02/2016;29;1.0
24/02/2016;11;0.7572097507395379
24/02/2016;13;0.8547920830665601
24/02/2016;14;0.8490918926670179
24/02/2016;15;0.8151703336346009
24/02/2016;16;0.8495539709002429
24/02/2016;17;0.8211786613073349
24/02/2016;18;0.831771732063588
24/02/2016;19;0.8341842876328729
24/02/2016;20;0.8173857059800258
24/02/2016;21;0.8471883076572261
24/02/2016;22;0.902212808394918
24/02/2016;23;0.9147443530882199
24/02/2016;24;0.75375609780898
24/02/2016;25;0.923324464956678
24/02/2016;26;0.8924330762714291
24/02/2016;27;0.8234529383503071
24/02/2016;28;0.9390148247538191
24/02/2016;29;0.953668880583132
25/02/2016;11;0.883980350197136
25/02/2016;13;0.9537203788100791
25/02/2016;14;0.920102243956604
25/02/2016;15;0.905702812902336
25/02/2016;16;0.941374965313245
25/02/2016;17;0.899236300045532
25/02/2016;18;0.9439264525134251
25/02/2016;19;0.82703626574718
25/02/2016;20;0.8209889433278459
25/02/2016;21;0.913826970054245
25/02/2016;22;0.8673181871329491
25/02/2016;23;1.0
25/02/2016;24;0.851076406734297
25/02/2016;25;0.911147897395657
25/02/2016;26;0.8927750943873091
25/02/2016;27;0.886970473715996
25/02/2016;28;0.9269296363040359
25/02/2016;29;0.9818706763338879
26/02/2016;11;1.05784908627504
26/02/2016;13;1.03070956399818
26/02/2016;14;1.0
26/02/2016;15;1.01275307700711
26/02/2016;16;0.9648908267672659
26/02/2016;17;1.0
26/02/2016;18;0.914326205679563
26/02/2016;19;0.8774918631285459
26/02/2016;20;0.869722061676973
26/02/2016;21;0.872286157982409
26/02/2016;22;0.8563818242656371
26/02/2016;23;0.972342718944295
26/02/2016;24;0.908893193174121
26/02/2016;25;0.869120140825625
26/02/2016;26;0.8692020927734231
26/02/2016;27;0.8921533417614379
26/02/2016;28;0.9524868054115991
26/02/2016;29;0.991673541089111
27/02/2016;11;1.10823868256657
27/02/2016;13;1.07785198115671
27/02/2016;14;0.991665868089828
27/02/2016;15;1.03221567794376
27/02/2016;16;0.971378749477703
27/02/2016;17;1.02469111606902
27/02/2016;18;0.907871575663766
27/02/2016;19;0.908624076206063
27/02/2016;20;0.9145951786529591
27/02/2016;21;0.869062245160104
27/02/2016;22;0.889630538730163
27/02/2016;23;0.898157472236491
27/02/2016;24;0.893458598030541
27/02/2016;25;0.8639916731089351
27/02/2016;26;0.8399997152689069
27/02/2016;27;0.9097775775490891
27/02/2016;28;0.9370781433293199
27/02/2016;29;1.0
28/02/2016;11;0.9962218782115759
28/02/2016;13;1.03709147211101
28/02/2016;14;0.9799849675510308
28/02/2016;15;0.9471536921335859
28/02/2016;16;0.8811963416821199
28/02/2016;17;1.0501664464207
28/02/2016;18;0.848233895261225
28/02/2016;19;0.860607775557835
28/02/2016;20;0.851035665837502
28/02/2016;21;0.8084803324481441
28/02/2016;22;0.831015650695448
28/02/2016;23;0.8987612215987809
28/02/2016;24;0.8829606428666291
28/02/2016;25;0.7796426894622579
28/02/2016;26;0.8420246761485429
28/02/2016;27;0.8965714407335059
28/02/2016;28;0.875329197270678
28/02/2016;29;1.0
29/02/2016;11;0.9888908202050258
29/02/2016;13;0.9775727615089741
29/02/2016;14;0.985675403471397
29/02/2016;15;0.853834219051961
29/02/2016;16;0.819820293925051
29/02/2016;17;1.01038146889625
29/02/2016;18;0.8522927251343789
29/02/2016;19;0.9198452010222959
29/02/2016;20;0.9062814547369441
29/02/2016;21;0.8547564562769301
29/02/2016;22;0.8624715270214559
29/02/2016;23;0.906269424714188
29/02/2016;24;1.00586632099616
29/02/2016;25;0.889821344731129
29/02/2016;26;0.833548583411857
29/02/2016;27;0.9482857203667528
29/02/2016;28;0.9376645986353391
29/02/2016;29;1.0
01/03/2016;11;0.981559762198475
01/03/2016;13;0.918054050906938
01/03/2016;14;0.9913658393917629
01/03/2016;15;0.7605147459703359
01/03/2016;16;0.758444246167981
01/03/2016;17;0.9705964913718091
01/03/2016;18;0.856351555007533
01/03/2016;19;0.979082626486758
01/03/2016;20;0.9615272436363851
01/03/2016;21;0.901032580105716
01/03/2016;22;0.8939274033474649
01/03/2016;23;0.9137776278295959
01/03/2016;24;1.1287719991257
01/03/2016;25;1.0
01/03/2016;26;0.8250724906751721
01/03/2016;27;1.0
01/03/2016;28;1.0
01/03/2016;29;1.0
02/03/2016;11;1.0
02/03/2016;13;0.938280199380354
02/03/2016;14;1.0
02/03/2016;15;0.8414085159304059
02/03/2016;16;0.8390490281623191
02/03/2016;17;0.897516930735157
02/03/2016;18;0.7923231610507901
02/03/2016;19;1.00221799653285
02/03/2016;20;1.01603506615347
02/03/2016;21;0.947780837251518
02/03/2016;22;1.01196465127938
02/03/2016;23;1.0
02/03/2016;24;1.0872903187149598
02/03/2016;25;1.04854426377238
02/03/2016;26;0.960420235803744
02/03/2016;27;1.0501377988877298
02/03/2016;28;1.05786522004127
02/03/2016;29;1.0
03/03/2016;11;0.9955386208211658
03/03/2016;13;0.849718213256285
03/03/2016;14;0.9763045134319609
03/03/2016;15;1.0
03/03/2016;16;1.0
03/03/2016;17;0.948611127233018
03/03/2016;18;1.03072863021349
03/03/2016;19;1.04521455960855
03/03/2016;20;1.0629446008105201
03/03/2016;21;0.950217519566669
03/03/2016;22;1.0398879371708
03/03/2016;23;1.0
03/03/2016;24;1.0815644018844799
03/03/2016;25;1.05695080554681
03/03/2016;26;0.986541641828077
03/03/2016;27;1.0768600661730798
03/03/2016;28;1.04664138381449
03/03/2016;29;1.0
04/03/2016;11;1.09922038721979
04/03/2016;13;1.0
04/03/2016;14;1.04775528750908
04/03/2016;15;1.05680272538855
04/03/2016;16;1.08367003919221
04/03/2016;17;1.0
04/03/2016;18;1.08555325413044
04/03/2016;19;1.07853193187051
04/03/2016;20;1.0750922427849101
04/03/2016;21;1.0194187092631601
04/03/2016;22;1.05753198092791
04/03/2016;23;1.0
04/03/2016;24;1.19416221414184
04/03/2016;25;1.07644966227262
04/03/2016;26;1.08482987800996
04/03/2016;27;1.1690245009673998
04/03/2016;28;1.0824569724186601
04/03/2016;29;1.0034686490448401
05/03/2016;11;1.27374482265257
05/03/2016;13;1.13326102751954
05/03/2016;14;1.17552931628757
05/03/2016;15;1.0
05/03/2016;16;1.0745057923080799
05/03/2016;17;0.985758908336186
05/03/2016;18;0.826944748065542
05/03/2016;19;1.0
05/03/2016;20;1.0
05/03/2016;21;1.0
05/03/2016;22;1.0
05/03/2016;23;1.0237768815392099
05/03/2016;24;1.15968181217932
05/03/2016;25;1.10870760775818
05/03/2016;26;1.19627182166777
05/03/2016;27;1.1317445019046999
05/03/2016;28;1.1212968068538702
05/03/2016;29;1.08475365230487
06/03/2016;11;1.25272378895252
06/03/2016;13;1.17877351981753
06/03/2016;14;1.21285528510572
06/03/2016;15;1.03712812392785
06/03/2016;16;0.963690017981374
06/03/2016;17;1.0
06/03/2016;18;1.0319085040551899
06/03/2016;19;1.0
06/03/2016;20;1.0
06/03/2016;21;0.944702477725463
06/03/2016;22;0.9369262927776049
06/03/2016;23;0.965933818311405
06/03/2016;24;0.8807406092715161
06/03/2016;25;1.0
06/03/2016;26;1.0
06/03/2016;27;0.962794690621089
06/03/2016;28;1.0
06/03/2016;29;1.1593286424601201
07/03/2016;11;1.3119742197723603
07/03/2016;13;1.16316936422819
07/03/2016;14;1.1673683386351599
07/03/2016;15;1.09462444793693
07/03/2016;16;1.0
07/03/2016;17;1.07546282569622
07/03/2016;18;1.1650442133363998
07/03/2016;19;1.05930478176056
07/03/2016;20;1.0345440436347701
07/03/2016;21;1.0
07/03/2016;22;1.0
07/03/2016;23;1.0
07/03/2016;24;0.868376273118843
07/03/2016;25;1.0
07/03/2016;26;0.858031335472461
07/03/2016;27;1.0
07/03/2016;28;0.977208898188261
07/03/2016;29;1.0
08/03/2016;11;1.25657655496298
08/03/2016;13;1.16298143255571
08/03/2016;14;1.10258298083516
08/03/2016;15;1.09372476193476
08/03/2016;16;1.05769583473588
08/03/2016;17;1.1382946067626398
08/03/2016;18;1.16580777611024
08/03/2016;19;1.10896521078328
08/03/2016;20;1.05706409249123
08/03/2016;21;1.0
08/03/2016;22;1.02637173833408
08/03/2016;23;1.03124098113975
08/03/2016;24;0.91868150450881
08/03/2016;25;1.04658255495921
08/03/2016;26;1.0
08/03/2016;27;0.9930984108693321
08/03/2016;28;1.02462718683118
08/03/2016;29;1.02303742192804
09/03/2016;11;1.3098904904618502
09/03/2016;13;1.1327236657036202
09/03/2016;14;1.06519041677891
09/03/2016;15;1.0404628581461701
09/03/2016;16;1.05079301709609
09/03/2016;17;1.1370047807141799
09/03/2016;18;1.21340350206523
09/03/2016;19;1.14198712704209
09/03/2016;20;1.08708966460195
09/03/2016;21;0.987732482356403
09/03/2016;22;1.06516376125819
09/03/2016;23;1.02571542103065
09/03/2016;24;1.0
09/03/2016;25;1.06498490948263
09/03/2016;26;1.00782730929007
09/03/2016;27;1.0
09/03/2016;28;1.09754225961211
09/03/2016;29;1.08975790278024
10/03/2016;11;1.14233938517857
10/03/2016;13;1.0445290688898
10/03/2016;14;0.9997219292948709
10/03/2016;15;0.9641849846673091
10/03/2016;16;0.9491416032524019
10/03/2016;17;1.0
10/03/2016;18;1.0
10/03/2016;19;1.0
10/03/2016;20;1.0
10/03/2016;21;1.0
10/03/2016;22;1.13770480694183
10/03/2016;23;1.01559598483874
10/03/2016;24;1.0747256016378
10/03/2016;25;1.09985017352932
10/03/2016;26;1.01633047062104
10/03/2016;27;1.04603468248722
10/03/2016;28;1.13901485207428
10/03/2016;29;1.10643206969268
11/03/2016;11;1.05571347180416
11/03/2016;13;0.996593830673282
11/03/2016;14;1.01498111160359
11/03/2016;15;0.872677855050744
11/03/2016;16;0.867821499382302
11/03/2016;17;0.9366970949473359
11/03/2016;18;0.953735923949362
11/03/2016;19;0.9623186093762149
11/03/2016;20;0.9646037165307491
11/03/2016;21;0.9756955163044059
11/03/2016;22;1.09856823834112
11/03/2016;23;0.98859926799732
11/03/2016;24;1.0997627961236698
11/03/2016;25;1.0
11/03/2016;26;1.08730629909006
11/03/2016;27;1.09056292039084
11/03/2016;28;1.17196298717787
11/03/2016;29;1.13297061545659
12/03/2016;11;0.9765446062977029
12/03/2016;13;0.8766984644697529
12/03/2016;14;1.0847933906578
12/03/2016;15;0.791526088668
12/03/2016;16;0.851977722095942
12/03/2016;17;0.8526642543165921
12/03/2016;18;0.882572147084861
12/03/2016;19;0.911907005621097
12/03/2016;20;0.937402809923024
12/03/2016;21;0.914797607012402
12/03/2016;22;0.9893520646130942
12/03/2016;23;0.973293247204317
12/03/2016;24;1.10678992346794
12/03/2016;25;0.9798410521989241
12/03/2016;26;1.0
12/03/2016;27;1.06752653730094
12/03/2016;28;1.12824496700956
12/03/2016;29;1.0526924690136898
13/03/2016;11;0.9085553365151271
13/03/2016;13;0.8206802149184771
13/03/2016;14;1.04585537814472
13/03/2016;15;0.8102010086221991
13/03/2016;16;0.9243184085239029
13/03/2016;17;0.827301890956203
13/03/2016;18;0.893161366214693
13/03/2016;19;0.8869207573229722
13/03/2016;20;0.9244420657424609
13/03/2016;21;0.8764999544699201
13/03/2016;22;0.9548686137396171
13/03/2016;23;0.9780428097298192
13/03/2016;24;1.1056392310995602
13/03/2016;25;0.951780826284947
13/03/2016;26;0.9729272888456508
13/03/2016;27;1.03319268353796
13/03/2016;28;1.1521750286736299
13/03/2016;29;1.0212442524495
14/03/2016;11;1.0
14/03/2016;13;0.891075477674198
14/03/2016;14;1.04826085531638
14/03/2016;15;0.864041507706082
14/03/2016;16;0.9242800220131742
14/03/2016;17;0.837467443806777
14/03/2016;18;0.968269646841848
14/03/2016;19;0.9333490785138059
14/03/2016;20;0.929323682156714
14/03/2016;21;0.8709686581327181
14/03/2016;22;0.938214662139556
14/03/2016;23;0.949820877054343
14/03/2016;24;1.1057089823562098
14/03/2016;25;0.942572528123228
14/03/2016;26;0.9428508951807479
14/03/2016;27;1.04584901617065
14/03/2016;28;1.0
14/03/2016;29;1.02610240415632
15/03/2016;11;1.1042099265048602
15/03/2016;13;1.04255562799627
15/03/2016;14;1.16601345335101
15/03/2016;15;1.0
15/03/2016;16;1.0094397387609
15/03/2016;17;1.0
15/03/2016;18;1.0786371819584801
15/03/2016;19;1.0
15/03/2016;20;1.0
15/03/2016;21;1.0
15/03/2016;22;1.0
15/03/2016;23;1.0
15/03/2016;24;1.1670957229387
15/03/2016;25;1.0
15/03/2016;26;0.9508269245415201
15/03/2016;27;1.03737858260681
15/03/2016;28;1.0125296348580302
15/03/2016;29;1.0
16/03/2016;11;1.41986500031219
16/03/2016;13;1.22520369455659
16/03/2016;14;1.1915336155636398
16/03/2016;15;1.10277963943026
16/03/2016;16;1.1551308866619399
16/03/2016;17;1.07207994327343
16/03/2016;18;1.18247014834408
16/03/2016;19;1.0094937045230201
16/03/2016;20;1.06583899142409
16/03/2016;21;1.0640509220747
16/03/2016;22;1.02472149814227
16/03/2016;23;1.0318668808129798
16/03/2016;24;1.19623893828917
16/03/2016;25;1.0172058498960699
16/03/2016;26;0.9727163662406129
16/03/2016;27;1.10461529488593
16/03/2016;28;1.07837718855226
16/03/2016;29;1.01178703317811
17/03/2016;11;1.3692560443610702
17/03/2016;13;1.19517892871447
17/03/2016;14;1.07096773318986
17/03/2016;15;1.0
17/03/2016;16;1.0
17/03/2016;17;1.08413041532103
17/03/2016;18;1.14589854349922
17/03/2016;19;1.0
17/03/2016;20;1.0
17/03/2016;21;1.10739547878376
17/03/2016;22;1.01297467636581
17/03/2016;23;1.04650249716361
17/03/2016;24;1.2330396888226
17/03/2016;25;1.03804555554543
17/03/2016;26;1.0
17/03/2016;27;1.1738444119958702
17/03/2016;28;1.08240963584061
17/03/2016;29;1.06913339373936
18/03/2016;11;1.18647351173498
18/03/2016;13;1.1121668874955901
18/03/2016;14;1.01490285789749
18/03/2016;15;1.0138209973074102
18/03/2016;16;1.0176483115237098
18/03/2016;17;0.977067520209886
18/03/2016;18;1.0
18/03/2016;19;1.00512739039035
18/03/2016;20;0.9634727255512979
18/03/2016;21;1.14665702099357
18/03/2016;22;0.9826574275357471
18/03/2016;23;1.03167433354141
18/03/2016;24;1.27411321064706
18/03/2016;25;1.02908724743491
18/03/2016;26;1.016318632194
18/03/2016;27;1.17920632638285
18/03/2016;28;1.05319711396587
18/03/2016;29;1.02393743708226
19/03/2016;11;1.1168625272591102
19/03/2016;13;1.1194318636301201
19/03/2016;14;1.0195163142200798
19/03/2016;15;1.07786315310314
19/03/2016;16;1.07372457221243
19/03/2016;17;1.0
19/03/2016;18;0.896028090790513
19/03/2016;19;1.0593132501875
19/03/2016;20;1.0
19/03/2016;21;1.2212338363743
19/03/2016;22;1.0
19/03/2016;23;1.06586005502016
19/03/2016;24;1.23128140559236
19/03/2016;25;1.0556618177159398
19/03/2016;26;1.0889780732299301
19/03/2016;27;1.15086361995673
19/03/2016;28;1.0
19/03/2016;29;1.02123807692193
20/03/2016;11;1.0596452999052801
20/03/2016;13;1.0
20/03/2016;14;0.9966938597102399
20/03/2016;15;1.0
20/03/2016;16;0.9784395625538179
20/03/2016;17;1.0479234253028298
20/03/2016;18;0.809958789176287
20/03/2016;19;1.0
20/03/2016;20;1.04185157530764
20/03/2016;21;1.0
20/03/2016;22;1.0
20/03/2016;23;1.0523640150082099
20/03/2016;24;1.0
20/03/2016;25;1.06132021638171
20/03/2016;26;1.0
20/03/2016;27;1.0
20/03/2016;28;1.01217832175776
20/03/2016;29;1.07911275579783
21/03/2016;11;0.9858320590834101
21/03/2016;13;0.960890977533854
21/03/2016;14;0.84294230210296
21/03/2016;15;0.910842957222787
21/03/2016;16;0.869554919653874
21/03/2016;17;0.9724116702718879
21/03/2016;18;0.804169750627934
21/03/2016;19;0.922407852958957
21/03/2016;20;0.935819505616685
21/03/2016;21;0.8840038864605659
21/03/2016;22;0.9007745716218041
21/03/2016;23;0.989222185523505
21/03/2016;24;0.849110283237603
21/03/2016;25;1.0
21/03/2016;26;0.9256412780353589
21/03/2016;27;0.8999538117256392
21/03/2016;28;1.0
21/03/2016;29;1.0
22/03/2016;11;0.9692952102801441
22/03/2016;13;0.9144474357242399
22/03/2016;14;0.7898998178488709
22/03/2016;15;0.8274661415433121
22/03/2016;16;0.8364698641916279
22/03/2016;17;0.87428107520954
22/03/2016;18;0.8730815002903509
22/03/2016;19;0.897228668140582
22/03/2016;20;0.8247901417958291
22/03/2016;21;0.9020776799742909
22/03/2016;22;0.8163762761858601
22/03/2016;23;0.9630658287280351
22/03/2016;24;0.7935742922055959
22/03/2016;25;0.8591410630187281
22/03/2016;26;0.8769111178718921
22/03/2016;27;0.7781725958374921
22/03/2016;28;0.7956683312318629
22/03/2016;29;0.9938908194103729
23/03/2016;11;0.968653164481271
23/03/2016;13;0.940125888224528
23/03/2016;14;0.8365365101497909
23/03/2016;15;0.9014899304374979
23/03/2016;16;1.0030629413760799
23/03/2016;17;1.0
23/03/2016;18;1.01553457352879
23/03/2016;19;1.0
23/03/2016;20;1.0
23/03/2016;21;1.00516207075832
23/03/2016;22;0.8732816861152479
23/03/2016;23;1.0
23/03/2016;24;1.0
23/03/2016;25;0.794507417082221
23/03/2016;26;0.8839132083847159
23/03/2016;27;0.844006389196832
23/03/2016;28;0.8288482388891091
23/03/2016;29;0.965333661404215
24/03/2016;11;1.00278053989933
24/03/2016;13;1.05306464055861
24/03/2016;14;0.8780414307696259
24/03/2016;15;1.02441957304184
24/03/2016;16;1.11671962777635
24/03/2016;17;1.0300526885679901
24/03/2016;18;1.16909822638928
24/03/2016;19;1.01218316809283
24/03/2016;20;1.07279905781837
24/03/2016;21;1.05344140845071
24/03/2016;22;1.0
24/03/2016;23;1.01891933438361
24/03/2016;24;1.1957164209834599
24/03/2016;25;1.0
24/03/2016;26;1.0
24/03/2016;27;1.07083355469945
24/03/2016;28;0.904096673991377
24/03/2016;29;0.958324671247239
25/03/2016;11;1.0
25/03/2016;13;1.0534879601487
25/03/2016;14;0.9552081714724749
25/03/2016;15;1.07027409871301
25/03/2016;16;1.0619125550641701
25/03/2016;17;1.07241321910981
25/03/2016;18;1.20265173482531
25/03/2016;19;1.05447871788544
25/03/2016;20;1.08371111728437
25/03/2016;21;1.0811183747750999
25/03/2016;22;1.02527206650724
25/03/2016;23;1.05799826733937
25/03/2016;24;1.26894801701065
25/03/2016;25;1.0837199981842098
25/03/2016;26;1.03312730355745
25/03/2016;27;1.1943252300615002
25/03/2016;28;1.0
25/03/2016;29;1.00824449434973
26/03/2016;11;0.947492238039565
26/03/2016;13;0.9761599262011859
26/03/2016;14;0.9726075194584909
26/03/2016;15;1.0585747305653
26/03/2016;16;1.03528217367577
26/03/2016;17;1.05114556589462
26/03/2016;18;1.0
26/03/2016;19;1.09009883911503
26/03/2016;20;1.09276524162247
26/03/2016;21;1.0
26/03/2016;22;0.9797148870422021
26/03/2016;23;1.08529178758489
26/03/2016;24;1.1961755585123999
26/03/2016;25;1.05848539527774
26/03/2016;26;1.08579474154096
26/03/2016;27;1.17975539526204
26/03/2016;28;1.0632089929600899
26/03/2016;29;1.1217234315858502
27/03/2016;11;1.0
27/03/2016;13;0.95236695394575
27/03/2016;14;1.0
27/03/2016;15;1.11874417687566
27/03/2016;16;1.1235575921866598
27/03/2016;17;1.0500648780719302
27/03/2016;18;1.01322300271423
27/03/2016;19;1.04040154081003
27/03/2016;20;1.0229020356832699
27/03/2016;21;0.945747244243723
27/03/2016;22;1.0
27/03/2016;23;1.0502247236443198
27/03/2016;24;1.0
27/03/2016;25;1.0931580097390698
27/03/2016;26;1.11972416016581
27/03/2016;27;1.1593998262654799
27/03/2016;28;1.03393589433497
27/03/2016;29;1.1117825755658601
28/03/2016;11;1.0575115820677499
28/03/2016;13;1.0
28/03/2016;14;0.960337587931438
28/03/2016;15;1.0
28/03/2016;16;1.12718933330825
28/03/2016;17;1.0
28/03/2016;18;0.9365042936537691
28/03/2016;19;1.0
28/03/2016;20;1.0
28/03/2016;21;0.9362398899223829
28/03/2016;22;1.0289546443601898
28/03/2016;23;1.0
28/03/2016;24;0.9302108586223421
28/03/2016;25;1.07436059487386
28/03/2016;26;1.0
28/03/2016;27;1.0583790128588102
28/03/2016;28;1.0
28/03/2016;29;1.0618332549315401
29/03/2016;11;1.0
29/03/2016;13;0.934010928785543
29/03/2016;14;0.902546649001109
29/03/2016;15;0.9327347621669679
29/03/2016;16;0.9799862481424141
29/03/2016;17;0.962554204512549
29/03/2016;18;0.902406800687506
29/03/2016;19;0.950591355179561
29/03/2016;20;0.942815058818283
29/03/2016;21;0.8946330194895029
29/03/2016;22;0.9853606208634591
29/03/2016;23;1.0
29/03/2016;24;0.9080293901416842
29/03/2016;25;1.01406909771023
29/03/2016;26;0.9462878411958091
29/03/2016;27;0.9955739228988629
29/03/2016;28;0.9504199325280009
29/03/2016;29;1.00166633693376
30/03/2016;11;0.975655321892001
30/03/2016;13;0.8739476292661179
30/03/2016;14;0.896411003940623
30/03/2016;15;0.957113170005418
30/03/2016;16;1.0
30/03/2016;17;0.9248318367530179
30/03/2016;18;0.953049243988634
30/03/2016;19;0.952660680245467
30/03/2016;20;1.0
30/03/2016;21;0.9224092639681909
30/03/2016;22;0.9723371201624441
30/03/2016;23;1.05801093462379
30/03/2016;24;0.930527963071547
30/03/2016;25;1.02148075618304
30/03/2016;26;0.925899769578447
30/03/2016;27;1.00036337934294
30/03/2016;28;0.838673790409673
30/03/2016;29;1.0154088552179
31/03/2016;11;1.05319665425346
31/03/2016;13;1.0
31/03/2016;14;0.825073506685746
31/03/2016;15;0.896339264414633
31/03/2016;16;0.9037805358729251
31/03/2016;17;0.87784980964594
31/03/2016;18;1.0
31/03/2016;19;0.9277811669970251
31/03/2016;20;1.0
31/03/2016;21;1.0
31/03/2016;22;0.950686415802235
31/03/2016;23;1.09633880987708
31/03/2016;24;0.921776881871806
31/03/2016;25;0.957799998749668
31/03/2016;26;0.924823181682266
31/03/2016;27;0.9160627699440851
31/03/2016;28;1.0
31/03/2016;29;0.9570427418127769
01/04/2016;11;1.15993351170086
01/04/2016;13;0.9022831566004291
01/04/2016;14;0.566837519777551
01/04/2016;15;0.7762552912402719
01/04/2016;16;0.8089384665338579
01/04/2016;17;0.6842259505284871
01/04/2016;18;0.889639547854948
01/04/2016;19;0.7552924455709
01/04/2016;20;0.8780769124619359
01/04/2016;21;1.0
01/04/2016;22;0.7804819236827141
01/04/2016;23;1.0641367478155002
01/04/2016;24;0.7414248239584441
01/04/2016;25;0.6977957430002989
01/04/2016;26;0.7861771385293921
01/04/2016;27;0.6132472984045121
01/04/2016;28;1.05531420507052
01/04/2016;29;0.892507479148961
02/04/2016;11;0.890763640285912
02/04/2016;13;0.6316282300313659
02/04/2016;14;0.45691743960032893
02/04/2016;15;0.6506651908125649
02/04/2016;16;0.7615584302118091
02/04/2016;17;0.5354877054355829
02/04/2016;18;0.728320775973175
02/04/2016;19;0.654183234409801
02/04/2016;20;0.765097316158963
02/04/2016;21;0.9487892080396709
02/04/2016;22;0.6889509310863559
02/04/2016;23;0.9724192659335458
02/04/2016;24;0.5885445654875789
02/04/2016;25;0.5846382118022541
02/04/2016;26;0.845686907748457
02/04/2016;27;0.700111521785717
02/04/2016;28;1.05332220625699
02/04/2016;29;0.9553114187894108
03/04/2016;11;0.738638436489234
03/04/2016;13;0.5721877203293749
03/04/2016;14;0.494520265345065
03/04/2016;15;0.7157872696494609
03/04/2016;16;0.7213547859711491
03/04/2016;17;0.511347275297995
03/04/2016;18;0.8820398533294709
03/04/2016;19;0.6181201547652599
03/04/2016;20;0.7129202927264829
03/04/2016;21;0.9664756254241759
03/04/2016;22;0.627286016495155
03/04/2016;23;0.9663427306125699
03/04/2016;24;0.757860185037908
03/04/2016;25;0.542430243156381
03/04/2016;26;0.93074360393011
03/04/2016;27;0.8664865312338659
03/04/2016;28;0.966452794381499
03/04/2016;29;0.858653320836529
04/04/2016;11;0.847052993899582
04/04/2016;13;0.6607723099488779
04/04/2016;14;0.6294950421902379
04/04/2016;15;0.9090931045225191
04/04/2016;16;0.91490433429312
04/04/2016;17;0.631393932300441
04/04/2016;18;0.87520680002213
04/04/2016;19;0.554975290733234
04/04/2016;20;0.743105325085363
04/04/2016;21;0.9371692628826659
04/04/2016;22;0.705291758573544
04/04/2016;23;1.01621433211023
04/04/2016;24;0.819577397194874
04/04/2016;25;0.7092929228551941
04/04/2016;26;1.0
04/04/2016;27;0.8448934433896379
04/04/2016;28;1.0
04/04/2016;29;1.0
05/04/2016;11;0.8945705741224879
05/04/2016;13;0.6936266909705289
05/04/2016;14;0.6186336066522039
05/04/2016;15;1.0
05/04/2016;16;0.9413065109658081
05/04/2016;17;0.733302272192695
05/04/2016;18;0.731378848611294
05/04/2016;19;0.49795406347884297
05/04/2016;20;0.6387691615068231
05/04/2016;21;1.0
05/04/2016;22;0.661236934910054
05/04/2016;23;1.04273048986956
05/04/2016;24;0.658938656529241
05/04/2016;25;0.78471700973978
05/04/2016;26;0.9651633153648279
05/04/2016;27;0.727744492986914
05/04/2016;28;1.0
05/04/2016;29;1.06213041993832
06/04/2016;11;0.8556466131990931
06/04/2016;13;0.708007092110447
06/04/2016;14;0.624629442404367
06/04/2016;15;0.989411019819448
06/04/2016;16;1.00397676945424
06/04/2016;17;0.681224993562326
06/04/2016;18;0.699283832670452
06/04/2016;19;0.506219765234714
06/04/2016;20;0.6450940545077131
06/04/2016;21;0.9825209379300921
06/04/2016;22;0.5621828989809571
06/04/2016;23;1.04471681949488
06/04/2016;24;0.604912708614773
06/04/2016;25;0.7485037628110771
06/04/2016;26;0.885823668632448
06/04/2016;27;0.636377469600339
06/04/2016;28;0.9501222818438091
06/04/2016;29;1.12318416395832
07/04/2016;11;0.6488676099579189
07/04/2016;13;0.630488143401369
07/04/2016;14;0.631230145712835
07/04/2016;15;1.0137123232846401
07/04/2016;16;1.05789488340351
07/04/2016;17;0.584334724512542
07/04/2016;18;1.0
07/04/2016;19;0.4849247077496471
07/04/2016;20;0.6499158095321229
07/04/2016;21;0.911442046020391
07/04/2016;22;0.503705819293964
07/04/2016;23;1.0
07/04/2016;24;0.584032358678481
07/04/2016;25;0.7385545896918779
07/04/2016;26;0.898784177728184
07/04/2016;27;0.718196068848213
07/04/2016;28;0.683833189950096
07/04/2016;29;0.861362235458268
08/04/2016;11;0.634053084252552
08/04/2016;13;0.6311515717378922
08/04/2016;14;1.0
08/04/2016;15;0.8711275416179591
08/04/2016;16;0.898840954215556
08/04/2016;17;0.663996061187167
08/04/2016;18;0.9977686985320909
08/04/2016;19;0.717755345363615
08/04/2016;20;0.715445830623653
08/04/2016;21;0.9152081022138199
08/04/2016;22;0.577874142110907
08/04/2016;23;0.8405921940272091
08/04/2016;24;0.650767527550926
08/04/2016;25;0.724171877331189
08/04/2016;26;0.826018282474843
08/04/2016;27;0.827380265053816
08/04/2016;28;0.6725351603904611
08/04/2016;29;0.675762687050976
09/04/2016;11;0.9188836207898331
09/04/2016;13;0.731498588660288
09/04/2016;14;1.56940856399933
09/04/2016;15;0.797077252557185
09/04/2016;16;1.0
09/04/2016;17;1.0
09/04/2016;18;0.8043425549057579
09/04/2016;19;1.0319208552697399
09/04/2016;20;1.0163156273776701
09/04/2016;21;0.8435790725934941
09/04/2016;22;0.7664472812967329
09/04/2016;23;0.903426167627244
09/04/2016;24;0.724919113904144
09/04/2016;25;0.66767108261004
09/04/2016;26;0.668171299694401
09/04/2016;27;1.0
09/04/2016;28;0.7482434370477399
09/04/2016;29;1.0
10/04/2016;11;1.01481927782905
10/04/2016;13;0.6578439674213779
10/04/2016;14;1.34151989924743
10/04/2016;15;0.841936051358441
10/04/2016;16;0.8740905043123961
10/04/2016;17;1.0902921704424
10/04/2016;18;0.8158458659042099
10/04/2016;19;1.0
10/04/2016;20;1.0
10/04/2016;21;1.0
10/04/2016;22;1.00146847719888
10/04/2016;23;0.938838521830266
10/04/2016;24;1.04010861616991
10/04/2016;25;1.0
10/04/2016;26;0.800271382995242
10/04/2016;27;1.2988131034673798
10/04/2016;28;1.0
10/04/2016;29;1.01789184555156
11/04/2016;11;0.9774169607157591
11/04/2016;13;0.719586942515848
11/04/2016;14;0.9360510586578481
11/04/2016;15;0.7676809396950419
11/04/2016;16;0.7767212660644149
11/04/2016;17;1.0
11/04/2016;18;0.843341045869289
11/04/2016;19;0.9771846394910279
11/04/2016;20;0.9965907830771141
11/04/2016;21;1.0
11/04/2016;22;1.08492576366255
11/04/2016;23;0.9385259655106608
11/04/2016;24;1.0
11/04/2016;25;0.9699971229621321
11/04/2016;26;0.9529785878328391
11/04/2016;27;1.32518960043395
11/04/2016;28;1.0
11/04/2016;29;1.08236518948919
12/04/2016;11;1.0
12/04/2016;13;0.616120456910856
12/04/2016;14;0.70911690927398
12/04/2016;15;0.7961845026338149
12/04/2016;16;0.86693959672175
12/04/2016;17;0.9004516083015509
12/04/2016;18;0.748961403533947
12/04/2016;19;1.0106583966023601
12/04/2016;20;0.9898106754898649
12/04/2016;21;0.955376843504933
12/04/2016;22;0.9861416152707242
12/04/2016;23;1.0
12/04/2016;24;0.799012322109337
12/04/2016;25;0.8027889836654821
12/04/2016;26;0.8206659072797879
12/04/2016;27;0.9247292627968149
12/04/2016;28;0.954690245662165
12/04/2016;29;0.9196485722294471
13/04/2016;11;1.06127899982752
13/04/2016;13;0.703810812821883
13/04/2016;14;0.7181704034218102
13/04/2016;15;0.7707857850384079
13/04/2016;16;0.8632478242220709
13/04/2016;17;0.8968396377501852
13/04/2016;18;0.7360190609507349
13/04/2016;19;0.9481184580054909
13/04/2016;20;0.897650124134185
13/04/2016;21;0.860600641338364
13/04/2016;22;0.726122852249197
13/04/2016;23;0.8231940271004901
13/04/2016;24;0.694620912665192
13/04/2016;25;0.835728686031504
13/04/2016;26;0.756272717288087
13/04/2016;27;0.599702584262543
13/04/2016;28;0.7474522700807321
13/04/2016;29;0.699561590747803
14/04/2016;11;1.07050342266342
14/04/2016;13;0.6725225869994649
14/04/2016;14;0.7398211935233291
14/04/2016;15;0.7564455326913059
14/04/2016;16;0.8952667640027749
14/04/2016;17;0.877191786758768
14/04/2016;18;0.658443818099876
14/04/2016;19;0.724129347256593
14/04/2016;20;0.740446775466139
14/04/2016;21;0.8081836163580101
14/04/2016;22;0.540751684494801
14/04/2016;23;0.859965555771125
14/04/2016;24;0.699956789349428
14/04/2016;25;0.7950736132519391
14/04/2016;26;0.756577381606301
14/04/2016;27;0.64544538438849
14/04/2016;28;0.674914468310406
14/04/2016;29;0.7879847884995981
15/04/2016;11;1.11267358181626
15/04/2016;13;0.621134717918828
15/04/2016;14;0.7203392889575219
15/04/2016;15;0.849445759827649
15/04/2016;16;0.8839964619113109
15/04/2016;17;0.8507256527606479
15/04/2016;18;0.7390426323393829
15/04/2016;19;0.8174352834991341
15/04/2016;20;1.0
15/04/2016;21;0.8125075248882779
15/04/2016;22;1.0
15/04/2016;23;0.949184010890572
15/04/2016;24;0.7693517215099591
15/04/2016;25;0.762694372041804
15/04/2016;26;0.817402649364557
15/04/2016;27;1.0
15/04/2016;28;1.0
15/04/2016;29;1.0
16/04/2016;11;1.0
16/04/2016;13;0.7596540420621171
16/04/2016;14;0.6502215899570861
16/04/2016;15;0.7878478808575791
16/04/2016;16;0.8134160025474692
16/04/2016;17;0.8407721535072759
16/04/2016;18;0.6749385448861229
16/04/2016;19;0.919017716002292
16/04/2016;20;1.08479011298938
16/04/2016;21;0.783865272890663
16/04/2016;22;0.9107859514924191
16/04/2016;23;0.8685584509505871
16/04/2016;24;0.670514981957902
16/04/2016;25;0.6906796701605369
16/04/2016;26;0.750503491325658
16/04/2016;27;0.7622907101166301
16/04/2016;28;1.08786032282296
16/04/2016;29;1.11931665391602
17/04/2016;11;0.7003479296096461
17/04/2016;13;0.6431283917669561
17/04/2016;14;0.6717455790867131
17/04/2016;15;0.7184858363439259
17/04/2016;16;0.7618359054684101
17/04/2016;17;0.8719106985798101
17/04/2016;18;0.46574470023851594
17/04/2016;19;0.723045413577331
17/04/2016;20;0.892268273843471
17/04/2016;21;0.680837956417968
17/04/2016;22;0.661991030435909
17/04/2016;23;0.770981757639253
17/04/2016;24;0.47229118127785996
17/04/2016;25;0.6811911035142919
17/04/2016;26;0.6575889649846299
17/04/2016;27;0.494442005019475
17/04/2016;28;0.8409396496485029
17/04/2016;29;1.0
18/04/2016;11;0.445817224268492
18/04/2016;13;0.510431288425376
18/04/2016;14;0.6995524894156251
18/04/2016;15;0.708294376616873
18/04/2016;16;0.7428935477435291
18/04/2016;17;0.8453199624066841
18/04/2016;18;0.617152458785223
18/04/2016;19;0.7181316001893391
18/04/2016;20;0.7404472502918761
18/04/2016;21;0.7801355899574208
18/04/2016;22;0.618668814050492
18/04/2016;23;0.7803228151414978
18/04/2016;24;0.6446813706378051
18/04/2016;25;0.7746472004351491
18/04/2016;26;0.750080445464507
18/04/2016;27;0.6030375219488879
18/04/2016;28;0.6610660796228239
18/04/2016;29;0.956788918206637
19/04/2016;11;0.546487248202237
19/04/2016;13;0.469092434528096
19/04/2016;14;0.643998094341055
19/04/2016;15;0.723305580923167
19/04/2016;16;0.754644156859933
19/04/2016;17;0.7014875225953001
19/04/2016;18;0.7169474978590241
19/04/2016;19;0.8137563489030771
19/04/2016;20;1.0
19/04/2016;21;1.0
19/04/2016;22;0.6979127999112309
19/04/2016;23;0.922931426056264
19/04/2016;24;0.6691576971556059
19/04/2016;25;0.757341094903518
19/04/2016;26;0.76346546499616
19/04/2016;27;0.59448059331036
19/04/2016;28;0.6699721217913579
19/04/2016;29;0.9344341622219391
20/04/2016;11;0.613692133956164
20/04/2016;13;0.607389369225986
20/04/2016;14;0.651494363063037
20/04/2016;15;0.846675281482644
20/04/2016;16;0.864589942658802
20/04/2016;17;0.686039594134641
20/04/2016;18;0.8932457237271129
20/04/2016;19;0.860931599538261
20/04/2016;20;1.0
20/04/2016;21;1.1333269916980802
20/04/2016;22;0.672832814179516
20/04/2016;23;0.975201267402381
20/04/2016;24;1.0
20/04/2016;25;0.7573752183456249
20/04/2016;26;0.8505393753744179
20/04/2016;27;1.0
20/04/2016;28;0.6732925677441589
20/04/2016;29;1.0
21/04/2016;11;0.47164013801786103
21/04/2016;13;0.599117568891204
21/04/2016;14;0.700308869222166
21/04/2016;15;1.0
21/04/2016;16;0.9029024462066808
21/04/2016;17;0.715332134593558
21/04/2016;18;1.03212527865381
21/04/2016;19;0.886008455054972
21/04/2016;20;0.9419877907029591
21/04/2016;21;1.1922821261591598
21/04/2016;22;0.6648723561893211
21/04/2016;23;1.0336174085395
21/04/2016;24;1.0
21/04/2016;25;0.770641260444342
21/04/2016;26;1.0
21/04/2016;27;1.04412099532366
21/04/2016;28;1.0
21/04/2016;29;1.01863134416376
22/04/2016;11;0.5799802074211601
22/04/2016;13;0.631391104424968
22/04/2016;14;0.7647349327493229
22/04/2016;15;1.0
22/04/2016;16;1.0
22/04/2016;17;0.6903286378291049
22/04/2016;18;0.985691638145035
22/04/2016;19;0.86564268011115
22/04/2016;20;0.8931385829935409
22/04/2016;21;1.0
22/04/2016;22;0.865074749197058
22/04/2016;23;1.0
22/04/2016;24;0.9796848050792191
22/04/2016;25;0.771396515526323
22/04/2016;26;0.964693134478489
22/04/2016;27;0.99245427954546
22/04/2016;28;0.8329742373023928
22/04/2016;29;1.0
23/04/2016;11;0.612158716159775
23/04/2016;13;0.543532355555868
23/04/2016;14;1.11767494864714
23/04/2016;15;0.895558756836642
23/04/2016;16;1.11477457793683
23/04/2016;17;1.0
23/04/2016;18;1.0
23/04/2016;19;1.0
23/04/2016;20;1.0
23/04/2016;21;0.8361441163346569
23/04/2016;22;0.7559229586553771
23/04/2016;23;0.9450734948021309
23/04/2016;24;1.0
23/04/2016;25;0.750573873133405
23/04/2016;26;0.811144931305805
23/04/2016;27;0.925273642927535
23/04/2016;28;0.625734888022369
23/04/2016;29;0.83663731505896
24/04/2016;11;1.0
24/04/2016;13;0.7620034320342751
24/04/2016;14;1.44332052618332
24/04/2016;15;1.10643011996485
24/04/2016;16;1.22556613922052
24/04/2016;17;0.914876996380851
24/04/2016;18;1.33186171595413
24/04/2016;19;1.22083607005429
24/04/2016;20;1.2775241750239
24/04/2016;21;1.0
24/04/2016;22;1.0
24/04/2016;23;0.973596535256675
24/04/2016;24;1.1084275843847802
24/04/2016;25;0.77730433205191
24/04/2016;26;0.7591194147665021
24/04/2016;27;1.15960287783874
24/04/2016;28;0.640311840871058
24/04/2016;29;0.789125267453314
25/04/2016;11;1.71218772835543
25/04/2016;13;1.4752635700193302
25/04/2016;14;1.65432788147501
25/04/2016;15;1.62733136307046
25/04/2016;16;1.42820959365942
25/04/2016;17;1.05072669184989
25/04/2016;18;1.51971497392405
25/04/2016;19;1.31502785353893
25/04/2016;20;1.46350058783241
25/04/2016;21;1.20530333563634
25/04/2016;22;1.39683731812116
25/04/2016;23;1.10448335254324
25/04/2016;24;1.5886653846012602
25/04/2016;25;1.20974961249226
25/04/2016;26;1.03003705627516
25/04/2016;27;1.4705525506043202
25/04/2016;28;1.0
25/04/2016;29;0.937763627053217
26/04/2016;11;2.05887775248256
26/04/2016;13;1.9371021156452302
26/04/2016;14;1.92362922529174
26/04/2016;15;1.92177648199466
26/04/2016;16;1.5709593084833797
26/04/2016;17;1.32939745246445
26/04/2016;18;1.8141072771867999
26/04/2016;19;1.63816944558137
26/04/2016;20;1.7016882343165702
26/04/2016;21;1.4249237725971002
26/04/2016;22;2.02194933971627
26/04/2016;23;1.19460406501527
26/04/2016;24;1.91684405700578
26/04/2016;25;1.7032752628925498
26/04/2016;26;1.3492530122235
26/04/2016;27;1.77818464739094
26/04/2016;28;1.09896373426319
26/04/2016;29;1.05693494163303
27/04/2016;11;1.70718121490993
27/04/2016;13;1.57233095827477
27/04/2016;14;1.8749241342854899
27/04/2016;15;1.59095831101912
27/04/2016;16;1.36366026043476
27/04/2016;17;1.1640186748921002
27/04/2016;18;1.59388218863677
27/04/2016;19;1.7636924460925298
27/04/2016;20;1.0
27/04/2016;21;1.0
27/04/2016;22;1.84333916684116
27/04/2016;23;0.954256953040462
27/04/2016;24;1.5463849519259798
27/04/2016;25;1.53451566329784
27/04/2016;26;1.21324572778556
27/04/2016;27;1.7369990461005198
27/04/2016;28;1.35574486005851
27/04/2016;29;1.1371072411673402
28/04/2016;11;1.60194424513744
28/04/2016;13;1.6299056875011297
28/04/2016;14;1.8266973563181002
28/04/2016;15;1.62838179212122
28/04/2016;16;1.5500721389852399
28/04/2016;17;1.0290541543437501
28/04/2016;18;1.49534453857625
28/04/2016;19;1.43804585056435
28/04/2016;20;1.05982860649334
28/04/2016;21;1.0
28/04/2016;22;1.28682488804184
28/04/2016;23;0.9814146059512621
28/04/2016;24;1.23151721345023
28/04/2016;25;0.9438966557393391
28/04/2016;26;1.0450782096731601
28/04/2016;27;1.35412830680839
28/04/2016;28;1.29230832859926
28/04/2016;29;1.1281416700848401
29/04/2016;11;1.73897534328069
29/04/2016;13;1.5358247979727302
29/04/2016;14;1.45789841825145
29/04/2016;15;1.88911410000792
29/04/2016;16;1.6869562847143103
29/04/2016;17;0.96356557683346
29/04/2016;18;1.4668017458248401
29/04/2016;19;1.2743225998193601
29/04/2016;20;1.0
29/04/2016;21;1.09720435426482
29/04/2016;22;1.0
29/04/2016;23;1.01366846661366
29/04/2016;24;1.13070605959875
29/04/2016;25;0.87332112346601
29/04/2016;26;0.977431048329522
29/04/2016;27;1.1341487043114098
29/04/2016;28;0.9420021043694359
29/04/2016;29;1.0
30/04/2016;11;1.53245508205349
30/04/2016;13;1.0
30/04/2016;14;1.24482703886221
30/04/2016;15;1.8092696798872199
30/04/2016;16;1.32467848145254
30/04/2016;17;1.0
30/04/2016;18;1.4442824511939099
30/04/2016;19;1.13422372417878
30/04/2016;20;1.0
30/04/2016;21;1.3970923602369898
30/04/2016;22;0.8065022689613961
30/04/2016;23;1.06808708609933
30/04/2016;24;1.14346590613814
30/04/2016;25;0.854656957782264
30/04/2016;26;1.0
30/04/2016;27;1.13164899149939
30/04/2016;28;1.14029108459269
30/04/2016;29;1.08046053672525
01/05/2016;11;2.16158105386035
01/05/2016;13;1.69822760740967
01/05/2016;14;2.1636897509593997
01/05/2016;15;1.92207315456133
01/05/2016;16;1.27475765850356
01/05/2016;17;1.53842269304104
01/05/2016;18;1.9357569840711
01/05/2016;19;1.0976119304374798
01/05/2016;20;1.13858188863465
01/05/2016;21;1.87086495822008
01/05/2016;22;1.16104738195051
01/05/2016;23;1.1131063894020299
01/05/2016;24;1.19522642920349
01/05/2016;25;0.8445582528967479
01/05/2016;26;1.0
01/05/2016;27;1.65900982641866
01/05/2016;28;1.7477435212215502
01/05/2016;29;1.22926749014686
02/05/2016;11;1.8620717968238703
02/05/2016;13;1.98186894408627
02/05/2016;14;1.0
02/05/2016;15;1.43719955012398
02/05/2016;16;1.22023892134698
02/05/2016;17;1.0
02/05/2016;18;1.63593406363493
02/05/2016;19;1.21876433626156
02/05/2016;20;1.15508001844529
02/05/2016;21;1.20362658155284
02/05/2016;22;1.8467055358396598
02/05/2016;23;1.18533280465928
02/05/2016;24;1.4339209276661797
02/05/2016;25;1.3442845804606298
02/05/2016;26;1.24909316269832
02/05/2016;27;2.19181236681034
02/05/2016;28;1.47022027658391
02/05/2016;29;1.1825286008855
03/05/2016;11;1.0
03/05/2016;13;1.0
03/05/2016;14;0.9044071890062358
03/05/2016;15;1.0
03/05/2016;16;1.05832729618203
03/05/2016;17;0.7998448466271091
03/05/2016;18;1.29601806011085
03/05/2016;19;1.0
03/05/2016;20;1.0
03/05/2016;21;1.0
03/05/2016;22;1.0
03/05/2016;23;1.0
03/05/2016;24;1.6644089504272899
03/05/2016;25;1.0
03/05/2016;26;1.5905529094200102
03/05/2016;27;2.5927376241075804
03/05/2016;28;1.7640013313290301
03/05/2016;29;1.25951230296325
04/05/2016;11;0.611913666806136
04/05/2016;13;0.7108559819648861
04/05/2016;14;0.895599410266933
04/05/2016;15;0.943452496098175
04/05/2016;16;0.95677291540666
04/05/2016;17;0.6721180893724591
04/05/2016;18;0.917599754901312
04/05/2016;19;0.769092958295318
04/05/2016;20;0.8136484571517929
04/05/2016;21;1.0
04/05/2016;22;0.570506865977522
04/05/2016;23;1.0235972974142
04/05/2016;24;1.44692867005735
04/05/2016;25;0.9053675856594621
04/05/2016;26;1.0
04/05/2016;27;1.72381197720709
04/05/2016;28;1.0
04/05/2016;29;1.0
05/05/2016;11;0.590215282828347
05/05/2016;13;0.624197563866375
05/05/2016;14;0.808120920812015
05/05/2016;15;0.9872274782146558
05/05/2016;16;0.8750263597158149
05/05/2016;17;0.677230702733033
05/05/2016;18;1.02751124430777
05/05/2016;19;0.8589994989681079
05/05/2016;20;1.0
05/05/2016;21;1.15101803863619
05/05/2016;22;0.5939117117847429
05/05/2016;23;1.12937710666461
05/05/2016;24;1.54848524869672
05/05/2016;25;0.9650742604568889
05/05/2016;26;1.0002184147280402
05/05/2016;27;1.5915520544981399
05/05/2016;28;0.847851799570529
05/05/2016;29;1.11497773405602
06/05/2016;11;1.0
06/05/2016;13;0.65229239261233
06/05/2016;14;0.8250199028939099
06/05/2016;15;0.943326477976615
06/05/2016;16;0.8775677869329891
06/05/2016;17;0.7418835084617281
06/05/2016;18;1.1406488142054199
06/05/2016;19;0.759323694438183
06/05/2016;20;1.0
06/05/2016;21;1.21119185638113
06/05/2016;22;0.83740302417455
06/05/2016;23;1.1513838973968702
06/05/2016;24;1.49831718728531
06/05/2016;25;1.0
06/05/2016;26;0.990939997597773
06/05/2016;27;1.83583040231857
06/05/2016;28;0.881414844894114
06/05/2016;29;1.27133565210212
07/05/2016;11;1.0
07/05/2016;13;0.6972718255979801
07/05/2016;14;0.8645319880025859
07/05/2016;15;0.7777163421873861
07/05/2016;16;0.858376488689889
07/05/2016;17;0.6917480059542089
07/05/2016;18;0.9471389232996941
07/05/2016;19;0.722389411021529
07/05/2016;20;0.6941076431857429
07/05/2016;21;1.20926682181352
07/05/2016;22;0.8697758562439059
07/05/2016;23;1.22798020587909
07/05/2016;24;1.4270964133967399
07/05/2016;25;1.0
07/05/2016;26;1.0
07/05/2016;27;1.8047981393297903
07/05/2016;28;1.2817353403061
07/05/2016;29;1.43043638589487
08/05/2016;11;0.5952752109760551
08/05/2016;13;0.510058039174611
08/05/2016;14;0.922949665285357
08/05/2016;15;0.814955887176912
08/05/2016;16;0.885166369342514
08/05/2016;17;0.702418486503184
08/05/2016;18;0.8207930208897869
08/05/2016;19;0.675852132445852
08/05/2016;20;0.761257584712758
08/05/2016;21;1.11672562394964
08/05/2016;22;0.590770701129693
08/05/2016;23;1.11296888798603
08/05/2016;24;1.0
08/05/2016;25;1.0
08/05/2016;26;1.0559153251606401
08/05/2016;27;1.5583980207901498
08/05/2016;28;1.0
08/05/2016;29;1.37273403729925
09/05/2016;11;1.5417926553723897
09/05/2016;13;1.0
09/05/2016;14;1.0
09/05/2016;15;1.0
09/05/2016;16;0.9414401978326221
09/05/2016;17;0.7799126604642891
09/05/2016;18;0.863732474928868
09/05/2016;19;0.7446470349970101
09/05/2016;20;0.92678224482009
09/05/2016;21;1.0
09/05/2016;22;0.675225884792076
09/05/2016;23;0.8836871801743421
09/05/2016;24;0.9607415833786859
09/05/2016;25;1.0
09/05/2016;26;0.9385628755881509
09/05/2016;27;1.0915322043678801
09/05/2016;28;1.08365179928822
09/05/2016;29;1.11830842026212
10/05/2016;11;2.26360005042348
10/05/2016;13;1.5092227561000702
10/05/2016;14;1.0
10/05/2016;15;1.0
10/05/2016;16;0.955781430884641
10/05/2016;17;1.0
10/05/2016;18;0.8796439070667471
10/05/2016;19;0.8648185081013561
10/05/2016;20;0.890124793869404
10/05/2016;21;0.9279731587884459
10/05/2016;22;0.7408080232969241
10/05/2016;23;0.9007251637009158
10/05/2016;24;0.9095179804066841
10/05/2016;25;1.0
10/05/2016;26;0.9183733427316471
10/05/2016;27;0.9484018163954409
10/05/2016;28;1.18094280452149
10/05/2016;29;1.2191620805474999
11/05/2016;11;2.14590587695159
11/05/2016;13;1.49342745035108
11/05/2016;14;1.30231479360469
11/05/2016;15;1.0
11/05/2016;16;0.9396069247854151
11/05/2016;17;1.25964071122966
11/05/2016;18;0.9335878645853491
11/05/2016;19;0.950470063854029
11/05/2016;20;1.0
11/05/2016;21;1.0
11/05/2016;22;0.9596105247270559
11/05/2016;23;0.9599107545424581
11/05/2016;24;0.891715612935498
11/05/2016;25;1.0
11/05/2016;26;0.9851705364738751
11/05/2016;27;0.8107054928334829
11/05/2016;28;1.0
11/05/2016;29;1.0
12/05/2016;11;2.01399741711981
12/05/2016;13;1.6797263115885401
12/05/2016;14;1.92424543215317
12/05/2016;15;1.13854363891018
12/05/2016;16;1.0
12/05/2016;17;1.4116111939864702
12/05/2016;18;0.9421851676182661
12/05/2016;19;1.0
12/05/2016;20;1.0
12/05/2016;21;1.0
12/05/2016;22;0.983189716783481
12/05/2016;23;0.9462827189588929
12/05/2016;24;0.9523406418781659
12/05/2016;25;1.0
12/05/2016;26;0.975570136075267
12/05/2016;27;1.09333785545388
12/05/2016;28;0.992483036032999
12/05/2016;29;0.945460274102802
13/05/2016;11;1.0
13/05/2016;13;1.48110912873788
13/05/2016;14;1.9191026734381398
13/05/2016;15;1.1397253874334399
13/05/2016;16;1.07870095764366
13/05/2016;17;1.31286830753544
13/05/2016;18;1.00278383777815
13/05/2016;19;0.9207215698182208
13/05/2016;20;0.9903389023817359
13/05/2016;21;0.9935797396185749
13/05/2016;22;0.9794141581199449
13/05/2016;23;0.938653160746176
13/05/2016;24;1.08315663003227
13/05/2016;25;1.0
13/05/2016;26;0.989938291239938
13/05/2016;27;1.4325706997686398
13/05/2016;28;1.0
13/05/2016;29;1.14661666022805
14/05/2016;11;0.6100046085975961
14/05/2016;13;1.0
14/05/2016;14;1.0
14/05/2016;15;1.0
14/05/2016;16;1.0
14/05/2016;17;1.20946375700736
14/05/2016;18;0.9547780154703149
14/05/2016;19;0.738281794599721
14/05/2016;20;0.802807164814398
14/05/2016;21;0.96508917154499
14/05/2016;22;1.404053325648
14/05/2016;23;0.834851830826787
14/05/2016;24;1.6255506828015
14/05/2016;25;0.905432863385723
14/05/2016;26;0.8951249568435592
14/05/2016;27;2.05896086819219
14/05/2016;28;1.0
14/05/2016;29;1.0
15/05/2016;11;0.48977658308678607
15/05/2016;13;0.49167393186120206
15/05/2016;14;0.822397124624217
15/05/2016;15;1.0
15/05/2016;16;1.03711794003956
15/05/2016;17;0.906037975695621
15/05/2016;18;0.741124514459239
15/05/2016;19;0.523238424802064
15/05/2016;20;0.556945220691082
15/05/2016;21;1.0
15/05/2016;22;0.922979330220595
15/05/2016;23;1.00468370124331
15/05/2016;24;1.0
15/05/2016;25;0.9439624137629241
15/05/2016;26;0.832172308352478
15/05/2016;27;1.78938099018957
15/05/2016;28;0.8988549129229442
15/05/2016;29;0.9422940478663829
16/05/2016;11;1.17246548103772
16/05/2016;13;1.0
16/05/2016;14;1.14715729489796
16/05/2016;15;1.20337937688835
16/05/2016;16;1.11465166205336
16/05/2016;17;0.765957295079999
16/05/2016;18;1.07289433013622
16/05/2016;19;0.7584848067289491
16/05/2016;20;0.7541711028647959
16/05/2016;21;1.0674596351366
16/05/2016;22;0.650518994974345
16/05/2016;23;1.02738385960404
16/05/2016;24;0.903189744614702
16/05/2016;25;1.0
16/05/2016;26;0.8699498531504392
16/05/2016;27;1.2506573329214699
16/05/2016;28;0.915614074590223
16/05/2016;29;0.9367392365071
17/05/2016;11;1.0
17/05/2016;13;1.35894672090015
17/05/2016;14;1.0
17/05/2016;15;1.35282220600511
17/05/2016;16;1.06145186550323
17/05/2016;17;0.8103475602220022
17/05/2016;18;1.3052362499853898
17/05/2016;19;0.9322517116551751
17/05/2016;20;0.7655072514729491
17/05/2016;21;1.1368011100336899
17/05/2016;22;0.828106781504093
17/05/2016;23;1.1133682317323002
17/05/2016;24;1.07397982685284
17/05/2016;25;1.0
17/05/2016;26;1.0
17/05/2016;27;1.2590556148362801
17/05/2016;28;0.9301331659295179
17/05/2016;29;1.20635590336556
18/05/2016;11;0.7922574153453729
18/05/2016;13;1.0
18/05/2016;14;0.8626901965239909
18/05/2016;15;1.2377635963975502
18/05/2016;16;1.10994654864025
18/05/2016;17;1.1282697568908102
18/05/2016;18;1.0
18/05/2016;19;1.11566592947144
18/05/2016;20;1.0
18/05/2016;21;1.11545094023674
18/05/2016;22;1.0
18/05/2016;23;1.1749413897011598
18/05/2016;24;1.2157571985707398
18/05/2016;25;1.0
18/05/2016;26;1.09299511943552
18/05/2016;27;1.31913793571417
18/05/2016;28;0.9004368973387191
18/05/2016;29;1.2244643102568
19/05/2016;11;1.0
19/05/2016;13;1.0
19/05/2016;14;1.0
19/05/2016;15;1.0
19/05/2016;16;1.0
19/05/2016;17;1.0
19/05/2016;18;1.0
19/05/2016;19;1.0
19/05/2016;20;1.0
19/05/2016;21;1.0
19/05/2016;22;1.0
19/05/2016;23;1.0
19/05/2016;24;1.0
19/05/2016;25;1.0
19/05/2016;26;1.0
19/05/2016;27;1.0
19/05/2016;28;1.0
19/05/2016;29;1.0
20/05/2016;11;1.0
20/05/2016;13;1.0
20/05/2016;14;1.0
20/05/2016;15;1.0
20/05/2016;16;1.0
20/05/2016;17;1.0
20/05/2016;18;1.0
20/05/2016;19;1.0
20/05/2016;20;1.0
20/05/2016;21;1.0
20/05/2016;22;1.0
20/05/2016;23;1.0
20/05/2016;24;1.0
20/05/2016;25;1.0
20/05/2016;26;1.0
20/05/2016;27;1.0
20/05/2016;28;1.0
20/05/2016;29;1.0
21/05/2016;11;0.609444399628613
21/05/2016;13;0.874564867807188
21/05/2016;14;0.8311965825019251
21/05/2016;15;0.85688484604943
21/05/2016;16;0.963463947630941
21/05/2016;17;0.8772908967037142
21/05/2016;18;0.7810893511402599
21/05/2016;19;0.7385874134390509
21/05/2016;20;1.0
21/05/2016;21;1.26073946672249
21/05/2016;22;0.7192413911590301
21/05/2016;23;0.990757992582729
21/05/2016;24;1.98344446670198
21/05/2016;25;1.0
21/05/2016;26;0.9089536645381608
21/05/2016;27;1.8891659580256999
21/05/2016;28;0.8932085715957159
21/05/2016;29;0.922454802631443
22/05/2016;11;0.604539968377654
22/05/2016;13;0.565558921188194
22/05/2016;14;0.7947390696876692
22/05/2016;15;0.8465569249216729
22/05/2016;16;0.935181541752133
22/05/2016;17;0.8465283201682671
22/05/2016;18;0.760433105471005
22/05/2016;19;0.706614045231883
22/05/2016;20;0.832459681390946
22/05/2016;21;1.0
22/05/2016;22;0.566959399365104
22/05/2016;23;0.935594837299473
22/05/2016;24;1.0
22/05/2016;25;1.0
22/05/2016;26;0.9253902290835041
22/05/2016;27;1.0
22/05/2016;28;0.9065428159100859
22/05/2016;29;0.928319179083042
23/05/2016;11;0.9027745069138069
23/05/2016;13;1.0
23/05/2016;14;1.0
23/05/2016;15;0.908719504722664
23/05/2016;16;0.9095165042615401
23/05/2016;17;1.0500671438170899
23/05/2016;18;0.8791537851842751
23/05/2016;19;1.18029123296174
23/05/2016;20;0.909124228046183
23/05/2016;21;0.9463532437757259
23/05/2016;22;0.7858202690121321
23/05/2016;23;0.886038166697642
23/05/2016;24;0.8747062352334241
23/05/2016;25;1.0
23/05/2016;26;0.9354771811154251
23/05/2016;27;0.8270479120252429
23/05/2016;28;0.9923690021528359
23/05/2016;29;0.9511780725045329
24/05/2016;11;0.94161320375431
24/05/2016;13;1.0
24/05/2016;14;0.9838574262543578
24/05/2016;15;1.00132208921157
24/05/2016;16;1.00686728086656
24/05/2016;17;1.35652020255507
24/05/2016;18;0.9030392518974591
24/05/2016;19;1.4260727587531299
24/05/2016;20;0.9604405774455629
24/05/2016;21;1.0
24/05/2016;22;0.839800219330879
24/05/2016;23;0.941479886112622
24/05/2016;24;1.0
24/05/2016;25;1.0
24/05/2016;26;0.950274668200047
24/05/2016;27;1.35197240419757
24/05/2016;28;1.0
24/05/2016;29;0.9876899121672891
25/05/2016;11;0.8122927979601731
25/05/2016;13;0.7502799904665871
25/05/2016;14;0.9084043445456921
25/05/2016;15;1.0
25/05/2016;16;1.0
25/05/2016;17;1.0
25/05/2016;18;0.8888288893638209
25/05/2016;19;0.9793450708454821
25/05/2016;20;0.985061011052131
25/05/2016;21;1.08249379460997
25/05/2016;22;0.856191002206784
25/05/2016;23;0.999266052682635
25/05/2016;24;1.0
25/05/2016;25;1.0
25/05/2016;26;1.07127073256683
25/05/2016;27;1.8102796720921999
25/05/2016;28;1.0
25/05/2016;29;1.32612738171549
26/05/2016;11;0.775774495930313
26/05/2016;13;0.7679458170775509
26/05/2016;14;0.9265966327879359
26/05/2016;15;0.944691572709864
26/05/2016;16;0.9612772143206879
26/05/2016;17;0.8457997049473491
26/05/2016;18;0.9049913866035101
26/05/2016;19;0.795232577911805
26/05/2016;20;0.939020625449187
26/05/2016;21;0.9965866727081708
26/05/2016;22;0.8257700525021351
26/05/2016;23;0.9465500930763181
26/05/2016;24;0.9266991713439581
26/05/2016;25;1.0
26/05/2016;26;1.0
26/05/2016;27;1.0
26/05/2016;28;1.0
26/05/2016;29;1.1740995132274499
27/05/2016;11;0.889950566790673
27/05/2016;13;0.865555381010616
27/05/2016;14;0.9475152193397242
27/05/2016;15;0.9617031579688851
27/05/2016;16;0.963463112527217
27/05/2016;17;0.889643455295279
27/05/2016;18;0.9521914058949229
27/05/2016;19;0.889766804362925
27/05/2016;20;0.944614421570249
27/05/2016;21;0.9610213082163341
27/05/2016;22;0.851091297424824
27/05/2016;23;0.96118554540331
27/05/2016;24;0.8573742886148991
27/05/2016;25;1.0
27/05/2016;26;0.9707637993521351
27/05/2016;27;0.8941176125501801
27/05/2016;28;0.948509928268541
27/05/2016;29;0.939441237876588
28/05/2016;11;1.0
28/05/2016;13;0.970324831495653
28/05/2016;14;1.0
28/05/2016;15;0.9665870796470469
28/05/2016;16;0.9906419349169749
28/05/2016;17;0.895933280520785
28/05/2016;18;0.9135737223032329
28/05/2016;19;0.916954938068285
28/05/2016;20;0.918766436197453
28/05/2016;21;0.956893627423924
28/05/2016;22;0.8746309224805779
28/05/2016;23;0.911951770230743
28/05/2016;24;0.7198503872508709
28/05/2016;25;1.0
28/05/2016;26;0.962654347688072
28/05/2016;27;0.8203267909037719
28/05/2016;28;0.976569662271494
28/05/2016;29;0.9583107480395551
29/05/2016;11;0.8928402668252661
29/05/2016;13;0.938939847790075
29/05/2016;14;1.0
29/05/2016;15;0.9768961797015229
29/05/2016;16;0.988573633826893
29/05/2016;17;0.9022007875145699
29/05/2016;18;0.939275287522192
29/05/2016;19;0.9106355727852858
29/05/2016;20;0.9230591242774171
29/05/2016;21;0.9344417086125291
29/05/2016;22;0.9002787980521471
29/05/2016;23;0.9625833546993391
29/05/2016;24;0.6913918139181949
29/05/2016;25;1.0
29/05/2016;26;0.964253475643556
29/05/2016;27;0.596307858263781
29/05/2016;28;1.0
29/05/2016;29;0.983285703536118
30/05/2016;11;0.8981823469616892
30/05/2016;13;1.00883423523903
30/05/2016;14;0.9960582052532679
30/05/2016;15;0.99316218578174
30/05/2016;16;0.9670752951611021
30/05/2016;17;0.899401752331495
30/05/2016;18;0.960140848379643
30/05/2016;19;0.888432524860246
30/05/2016;20;0.9879542221897779
30/05/2016;21;0.99198194899087
30/05/2016;22;0.8945678886611469
30/05/2016;23;0.968048985240332
30/05/2016;24;0.9067972544156949
30/05/2016;25;1.0
30/05/2016;26;0.97525840475896
30/05/2016;27;0.8541291619667241
30/05/2016;28;1.0
30/05/2016;29;0.9945791090071371
31/05/2016;11;1.0
31/05/2016;13;1.0
31/05/2016;14;0.958656638232823
31/05/2016;15;0.9499053683338371
31/05/2016;16;0.902292144610942
31/05/2016;17;0.885744509997266
31/05/2016;18;0.936531623881947
31/05/2016;19;0.8972460873692429
31/05/2016;20;0.9455950575373749
31/05/2016;21;0.975291153181094
31/05/2016;22;0.8458986871674878
31/05/2016;23;0.962824735966165
31/05/2016;24;0.9150275470452129
31/05/2016;25;1.0
31/05/2016;26;0.9929065376437158
31/05/2016;27;0.890334627441722
31/05/2016;28;1.0
31/05/2016;29;0.981628939582782
01/06/2016;11;0.8996331630015129
01/06/2016;13;0.9219628427384491
01/06/2016;14;1.0
01/06/2016;15;0.915521106599943
01/06/2016;16;0.916469927373796
01/06/2016;17;0.8972007055731641
01/06/2016;18;0.965000627412556
01/06/2016;19;0.8816578808475519
01/06/2016;20;0.9442012556555072
01/06/2016;21;0.981578003229105
01/06/2016;22;0.9039526345928629
01/06/2016;23;0.9478192687428408
01/06/2016;24;1.0
01/06/2016;25;1.0
01/06/2016;26;0.991761941563883
01/06/2016;27;0.874145950334949
01/06/2016;28;1.0
01/06/2016;29;0.992862562915261
02/06/2016;11;0.840840972119018
02/06/2016;13;0.980090017232821
02/06/2016;14;1.0
02/06/2016;15;0.9587411730892951
02/06/2016;16;0.9711869560435329
02/06/2016;17;0.944740085081241
02/06/2016;18;0.9814772575195959
02/06/2016;19;1.2264562122849099
02/06/2016;20;0.9723969486014811
02/06/2016;21;0.9826837146681591
02/06/2016;22;0.9570890108621619
02/06/2016;23;0.946672503687633
02/06/2016;24;1.1238972214451297
02/06/2016;25;1.0
02/06/2016;26;0.9829136361521469
02/06/2016;27;1.1401117077328602
02/06/2016;28;1.0
02/06/2016;29;1.0
03/06/2016;11;1.0
03/06/2016;13;1.0
03/06/2016;14;1.0
03/06/2016;15;1.0
03/06/2016;16;1.0
03/06/2016;17;1.0
03/06/2016;18;1.0
03/06/2016;19;1.0
03/06/2016;20;1.0
03/06/2016;21;1.0
03/06/2016;22;1.0
03/06/2016;23;1.0
03/06/2016;24;1.0
03/06/2016;25;1.0
03/06/2016;26;1.0
03/06/2016;27;1.0
03/06/2016;28;1.0
03/06/2016;29;1.0
04/06/2016;11;1.0
04/06/2016;13;1.0
04/06/2016;14;1.0
04/06/2016;15;1.0
04/06/2016;16;1.0
04/06/2016;17;1.0
04/06/2016;18;1.0
04/06/2016;19;1.0
04/06/2016;20;1.0
04/06/2016;21;1.0
04/06/2016;22;1.0
04/06/2016;23;1.0
04/06/2016;24;1.0
04/06/2016;25;1.0
04/06/2016;26;1.0
04/06/2016;27;1.0
04/06/2016;28;1.0
04/06/2016;29;1.0
05/06/2016;11;1.0
05/06/2016;13;1.0
05/06/2016;14;1.0
05/06/2016;15;1.0
05/06/2016;16;1.0
05/06/2016;17;1.0
05/06/2016;18;1.0
05/06/2016;19;1.0
05/06/2016;20;1.0
05/06/2016;21;1.0
05/06/2016;22;1.0
05/06/2016;23;1.0
05/06/2016;24;1.0
05/06/2016;25;1.0
05/06/2016;26;1.0
05/06/2016;27;1.0
05/06/2016;28;1.0
05/06/2016;29;1.0
06/06/2016;11;1.0
06/06/2016;13;1.0
06/06/2016;14;1.0
06/06/2016;15;1.0
06/06/2016;16;1.0
06/06/2016;17;1.0
06/06/2016;18;1.0
06/06/2016;19;1.0
06/06/2016;20;1.0
06/06/2016;21;1.0
06/06/2016;22;1.0
06/06/2016;23;1.0
06/06/2016;24;1.0
06/06/2016;25;1.0
06/06/2016;26;1.0
06/06/2016;27;1.0
06/06/2016;28;1.0
06/06/2016;29;1.0
07/06/2016;11;1.0
07/06/2016;13;0.9963256994130251
07/06/2016;14;1.0
07/06/2016;15;1.0
07/06/2016;16;1.0
07/06/2016;17;1.0
07/06/2016;18;1.0
07/06/2016;19;1.0
07/06/2016;20;1.0
07/06/2016;21;1.0
07/06/2016;22;1.0
07/06/2016;23;1.0
07/06/2016;24;1.0
07/06/2016;25;1.0
07/06/2016;26;1.0
07/06/2016;27;1.0
07/06/2016;28;1.0
07/06/2016;29;1.0
08/06/2016;11;1.0
08/06/2016;13;0.973501634935102
08/06/2016;14;1.0
08/06/2016;15;1.0
08/06/2016;16;1.0
08/06/2016;17;1.0
08/06/2016;18;1.0
08/06/2016;19;1.0
08/06/2016;20;1.0
08/06/2016;21;1.0
08/06/2016;22;1.0
08/06/2016;23;1.0
08/06/2016;24;1.0
08/06/2016;25;1.0
08/06/2016;26;1.0
08/06/2016;27;1.0
08/06/2016;28;1.0
08/06/2016;29;1.0
09/06/2016;11;1.0
09/06/2016;13;1.0
09/06/2016;14;1.0
09/06/2016;15;1.0
09/06/2016;16;1.0
09/06/2016;17;1.0
09/06/2016;18;1.0
09/06/2016;19;1.0
09/06/2016;20;1.0
09/06/2016;21;1.0
09/06/2016;22;1.0
09/06/2016;23;1.0
09/06/2016;24;1.0
09/06/2016;25;1.0
09/06/2016;26;1.0
09/06/2016;27;1.0
09/06/2016;28;1.0
09/06/2016;29;1.0
10/06/2016;11;1.0
10/06/2016;13;1.0
10/06/2016;14;1.0
10/06/2016;15;1.0
10/06/2016;16;1.0
10/06/2016;17;0.9922906963216451
10/06/2016;18;1.0
10/06/2016;19;1.0
10/06/2016;20;1.0
10/06/2016;21;1.0
10/06/2016;22;1.0
10/06/2016;23;1.0
10/06/2016;24;0.9997679774473021
10/06/2016;25;1.0
10/06/2016;26;1.0
10/06/2016;27;1.0
10/06/2016;28;1.0
10/06/2016;29;1.0
11/06/2016;11;1.0
11/06/2016;13;1.0
11/06/2016;14;1.0
11/06/2016;15;1.0
11/06/2016;16;1.0
11/06/2016;17;0.986709990859943
11/06/2016;18;1.0
11/06/2016;19;1.0
11/06/2016;20;1.0
11/06/2016;21;1.0
11/06/2016;22;1.0
11/06/2016;23;1.0
11/06/2016;24;0.975789336345264
11/06/2016;25;1.0
11/06/2016;26;1.0
11/06/2016;27;1.0
11/06/2016;28;1.0
11/06/2016;29;1.0
12/06/2016;11;1.0
12/06/2016;13;1.0
12/06/2016;14;0.988687058760183
12/06/2016;15;1.0
12/06/2016;16;1.0
12/06/2016;17;1.0
12/06/2016;18;1.0
12/06/2016;19;1.0
12/06/2016;20;1.0
12/06/2016;21;1.0
12/06/2016;22;1.0
12/06/2016;23;1.0
12/06/2016;24;0.907069292437273
12/06/2016;25;1.0
12/06/2016;26;1.0
12/06/2016;27;1.0
12/06/2016;28;1.0
12/06/2016;29;1.0
13/06/2016;11;1.0
13/06/2016;13;0.9957029077000921
13/06/2016;14;0.952968261587673
13/06/2016;15;1.0
13/06/2016;16;1.0
13/06/2016;17;1.0
13/06/2016;18;1.0
13/06/2016;19;1.0
13/06/2016;20;1.0
13/06/2016;21;1.0
13/06/2016;22;1.0
13/06/2016;23;1.0
13/06/2016;24;1.0107407261553298
13/06/2016;25;1.0
13/06/2016;26;1.0
13/06/2016;27;1.0
13/06/2016;28;1.0
13/06/2016;29;1.0
14/06/2016;11;1.0
14/06/2016;13;0.966517334219266
14/06/2016;14;1.0
14/06/2016;15;1.0
14/06/2016;16;1.0
14/06/2016;17;1.0
14/06/2016;18;1.0
14/06/2016;19;1.0
14/06/2016;20;1.0
14/06/2016;21;1.0
14/06/2016;22;1.0
14/06/2016;23;1.0
14/06/2016;24;1.0
14/06/2016;25;1.0
14/06/2016;26;1.0
14/06/2016;27;1.0
14/06/2016;28;1.0
14/06/2016;29;1.0
15/06/2016;11;1.0
15/06/2016;13;1.0
15/06/2016;14;1.0
15/06/2016;15;1.0
15/06/2016;16;1.0
15/06/2016;17;1.0
15/06/2016;18;1.0
15/06/2016;19;1.0
15/06/2016;20;1.0
15/06/2016;21;1.0
15/06/2016;22;1.0
15/06/2016;23;1.0
15/06/2016;24;0.993611724469124
15/06/2016;25;1.0
15/06/2016;26;1.0
15/06/2016;27;1.0
15/06/2016;28;1.0
15/06/2016;29;1.0
16/06/2016;11;1.0
16/06/2016;13;1.0
16/06/2016;14;1.0
16/06/2016;15;1.0
16/06/2016;16;1.0
16/06/2016;17;1.0
16/06/2016;18;0.998958201810273
16/06/2016;19;1.0
16/06/2016;20;1.0
16/06/2016;21;1.0
16/06/2016;22;1.0
16/06/2016;23;1.0
16/06/2016;24;0.9890452968143549
16/06/2016;25;1.0
16/06/2016;26;1.0
16/06/2016;27;1.0
16/06/2016;28;1.0
16/06/2016;29;1.0
17/06/2016;11;1.0
17/06/2016;13;1.0
17/06/2016;14;1.0
17/06/2016;15;1.0
17/06/2016;16;1.0
17/06/2016;17;1.0
17/06/2016;18;0.9985986179809399
17/06/2016;19;1.0
17/06/2016;20;1.0
17/06/2016;21;1.0
17/06/2016;22;1.0
17/06/2016;23;1.0
17/06/2016;24;0.9730143033349301
17/06/2016;25;1.0
17/06/2016;26;1.0
17/06/2016;27;1.0
17/06/2016;28;1.0
17/06/2016;29;1.0
18/06/2016;11;1.0
18/06/2016;13;1.0
18/06/2016;14;1.0
18/06/2016;15;1.0
18/06/2016;16;1.0
18/06/2016;17;1.0
18/06/2016;18;1.0
18/06/2016;19;1.0
18/06/2016;20;1.0
18/06/2016;21;1.0
18/06/2016;22;1.0
18/06/2016;23;1.0
18/06/2016;24;0.8820348518197281
18/06/2016;25;1.0
18/06/2016;26;1.0
18/06/2016;27;1.0
18/06/2016;28;1.0
18/06/2016;29;1.0
19/06/2016;11;1.0
19/06/2016;13;1.0
19/06/2016;14;1.0
19/06/2016;15;1.0
19/06/2016;16;1.0
19/06/2016;17;1.0
19/06/2016;18;1.0
19/06/2016;19;1.0
19/06/2016;20;1.0
19/06/2016;21;1.0
19/06/2016;22;1.0
19/06/2016;23;1.0
19/06/2016;24;0.746112712693543
19/06/2016;25;1.0
19/06/2016;26;1.0
19/06/2016;27;1.0
19/06/2016;28;1.0
19/06/2016;29;1.0
20/06/2016;11;1.0
20/06/2016;13;0.972467971329027
20/06/2016;14;0.990535031401636
20/06/2016;15;0.9983604300862511
20/06/2016;16;1.0
20/06/2016;17;1.0
20/06/2016;18;0.9696391036035591
20/06/2016;19;1.0
20/06/2016;20;1.0
20/06/2016;21;1.0
20/06/2016;22;1.0
20/06/2016;23;1.0
20/06/2016;24;1.0
20/06/2016;25;1.0
20/06/2016;26;1.0
20/06/2016;27;1.0
20/06/2016;28;1.0
20/06/2016;29;1.0
21/06/2016;11;1.0
21/06/2016;13;0.849353132423827
21/06/2016;14;0.931324571273227
21/06/2016;15;0.968640642267228
21/06/2016;16;0.9986031623858019
21/06/2016;17;1.0
21/06/2016;18;0.9480830790388008
21/06/2016;19;0.9441249188832529
21/06/2016;20;0.991481517668744
21/06/2016;21;0.999703859955163
21/06/2016;22;0.9845651501535051
21/06/2016;23;0.966187255071838
21/06/2016;24;0.9815700892608841
21/06/2016;25;1.0
21/06/2016;26;1.0
21/06/2016;27;1.0
21/06/2016;28;1.0
21/06/2016;29;1.0
22/06/2016;11;1.0
22/06/2016;13;1.0
22/06/2016;14;1.0
22/06/2016;15;0.991438219917308
22/06/2016;16;0.9973602913824001
22/06/2016;17;1.0
22/06/2016;18;0.981920670605943
22/06/2016;19;0.96848966106145
22/06/2016;20;0.9665418548434742
22/06/2016;21;0.9910979205936171
22/06/2016;22;0.9825651339031608
22/06/2016;23;0.9883523606285791
22/06/2016;24;0.9222803601934341
22/06/2016;25;1.0
22/06/2016;26;1.0
22/06/2016;27;0.9532098163645659
22/06/2016;28;1.0
22/06/2016;29;1.0
23/06/2016;11;1.0
23/06/2016;13;1.0
23/06/2016;14;1.0
23/06/2016;15;1.0
23/06/2016;16;0.991289831028492
23/06/2016;17;1.0
23/06/2016;18;1.0
23/06/2016;19;1.0
23/06/2016;20;1.0
23/06/2016;21;1.0
23/06/2016;22;1.0
23/06/2016;23;0.99575695355958
23/06/2016;24;0.921204747763284
23/06/2016;25;1.0
23/06/2016;26;0.9984719236870641
23/06/2016;27;0.9573301347384849
23/06/2016;28;1.0
23/06/2016;29;1.0
24/06/2016;11;1.0
24/06/2016;13;1.0
24/06/2016;14;1.0
24/06/2016;15;1.0
24/06/2016;16;0.984285317712476
24/06/2016;17;1.0
24/06/2016;18;1.0
24/06/2016;19;1.0
24/06/2016;20;1.0
24/06/2016;21;1.0
24/06/2016;22;1.0
24/06/2016;23;0.9999955742892199
24/06/2016;24;0.9069787824469828
24/06/2016;25;1.0
24/06/2016;26;0.9920542973036641
24/06/2016;27;0.9461623810494749
24/06/2016;28;1.0
24/06/2016;29;1.0
25/06/2016;11;1.0
25/06/2016;13;1.0
25/06/2016;14;1.0
25/06/2016;15;1.0
25/06/2016;16;1.0
25/06/2016;17;1.0
25/06/2016;18;1.0
25/06/2016;19;1.0
25/06/2016;20;1.0
25/06/2016;21;1.0
25/06/2016;22;1.0
25/06/2016;23;1.0
25/06/2016;24;0.818154346035832
25/06/2016;25;1.0
25/06/2016;26;0.996239963780968
25/06/2016;27;1.0
25/06/2016;28;1.0
25/06/2016;29;1.0
26/06/2016;11;1.0
26/06/2016;13;1.0
26/06/2016;14;1.0
26/06/2016;15;1.0
26/06/2016;16;1.0
26/06/2016;17;1.0
26/06/2016;18;1.0
26/06/2016;19;1.0
26/06/2016;20;1.0
26/06/2016;21;1.0
26/06/2016;22;1.0
26/06/2016;23;1.0
26/06/2016;24;0.9069390709499741
26/06/2016;25;1.0
26/06/2016;26;1.0
26/06/2016;27;1.0
26/06/2016;28;1.0
26/06/2016;29;1.0
27/06/2016;11;1.0
27/06/2016;13;1.0
27/06/2016;14;1.0
27/06/2016;15;1.0
27/06/2016;16;1.0
27/06/2016;17;1.0
27/06/2016;18;1.0
27/06/2016;19;1.0
27/06/2016;20;1.0
27/06/2016;21;1.0
27/06/2016;22;1.0
27/06/2016;23;1.0
27/06/2016;24;0.985777730885773
27/06/2016;25;1.0
27/06/2016;26;1.0
27/06/2016;27;1.0
27/06/2016;28;1.0
27/06/2016;29;1.0
28/06/2016;11;1.0
28/06/2016;13;0.997090922799557
28/06/2016;14;1.0
28/06/2016;15;1.0
28/06/2016;16;0.998427762366197
28/06/2016;17;1.0
28/06/2016;18;0.9878022406110122
28/06/2016;19;1.0
28/06/2016;20;1.0
28/06/2016;21;1.0
28/06/2016;22;1.0
28/06/2016;23;1.0
28/06/2016;24;0.9877544264221071
28/06/2016;25;1.0
28/06/2016;26;1.0
28/06/2016;27;1.0
28/06/2016;28;1.0
28/06/2016;29;1.0
29/06/2016;11;1.0
29/06/2016;13;0.9786847520888922
29/06/2016;14;1.0
29/06/2016;15;1.0
29/06/2016;16;0.9970312349233249
29/06/2016;17;1.0
29/06/2016;18;0.98638811650352
29/06/2016;19;1.0
29/06/2016;20;1.0
29/06/2016;21;1.0
29/06/2016;22;1.0
29/06/2016;23;1.0
29/06/2016;24;0.9911486054593409
29/06/2016;25;1.0
29/06/2016;26;1.0
29/06/2016;27;1.0
29/06/2016;28;1.0
29/06/2016;29;1.0
30/06/2016;11;1.0
30/06/2016;13;1.0
30/06/2016;14;1.0
30/06/2016;15;1.0
30/06/2016;16;1.0
30/06/2016;17;1.0
30/06/2016;18;1.0
30/06/2016;19;1.0
30/06/2016;20;1.0
30/06/2016;21;1.0
30/06/2016;22;1.0
30/06/2016;23;1.0
30/06/2016;24;0.9817643440044129
30/06/2016;25;1.0
30/06/2016;26;1.0
30/06/2016;27;1.0
30/06/2016;28;1.0
30/06/2016;29;1.0
01/07/2016;11;1.0
01/07/2016;13;1.0
01/07/2016;14;1.0
01/07/2016;15;1.0
01/07/2016;16;1.0
01/07/2016;17;1.0
01/07/2016;18;1.0
01/07/2016;19;1.0
01/07/2016;20;1.0
01/07/2016;21;1.0
01/07/2016;22;1.0
01/07/2016;23;1.0
01/07/2016;24;0.993055619473961
01/07/2016;25;1.0
01/07/2016;26;1.0
01/07/2016;27;1.0
01/07/2016;28;1.0
01/07/2016;29;1.0
02/07/2016;11;1.0
02/07/2016;13;1.0
02/07/2016;14;1.0
02/07/2016;15;1.0
02/07/2016;16;1.0
02/07/2016;17;1.0
02/07/2016;18;1.0
02/07/2016;19;1.0
02/07/2016;20;1.0
02/07/2016;21;1.0
02/07/2016;22;1.0
02/07/2016;23;1.0
02/07/2016;24;0.9985471569706291
02/07/2016;25;1.0
02/07/2016;26;1.0
02/07/2016;27;1.0
02/07/2016;28;1.0
02/07/2016;29;1.0
03/07/2016;11;1.0
03/07/2016;13;1.0
03/07/2016;14;1.0
03/07/2016;15;1.0
03/07/2016;16;1.0
03/07/2016;17;1.0
03/07/2016;18;1.0
03/07/2016;19;1.0
03/07/2016;20;1.0
03/07/2016;21;1.0
03/07/2016;22;1.0
03/07/2016;23;1.0
03/07/2016;24;0.992007005040984
03/07/2016;25;1.0
03/07/2016;26;1.0
03/07/2016;27;1.0
03/07/2016;28;1.0
03/07/2016;29;1.0
04/07/2016;11;1.0
04/07/2016;13;1.0
04/07/2016;14;1.0
04/07/2016;15;1.0
04/07/2016;16;1.0
04/07/2016;17;1.0
04/07/2016;18;1.0
04/07/2016;19;1.0
04/07/2016;20;1.0
04/07/2016;21;1.0
04/07/2016;22;1.0
04/07/2016;23;1.0
04/07/2016;24;0.998568782282023
04/07/2016;25;1.0
04/07/2016;26;1.0
04/07/2016;27;1.0
04/07/2016;28;1.0
04/07/2016;29;1.0
05/07/2016;11;1.0
05/07/2016;13;1.0
05/07/2016;14;1.0
05/07/2016;15;1.0
05/07/2016;16;1.0
05/07/2016;17;1.0
05/07/2016;18;1.0
05/07/2016;19;1.0
05/07/2016;20;1.0
05/07/2016;21;1.0
05/07/2016;22;1.0
05/07/2016;23;1.0
05/07/2016;24;1.0
05/07/2016;25;1.0
05/07/2016;26;1.0
05/07/2016;27;1.0
05/07/2016;28;1.0
05/07/2016;29;1.0
06/07/2016;11;1.0
06/07/2016;13;1.0
06/07/2016;14;1.0
06/07/2016;15;1.0
06/07/2016;16;1.0
06/07/2016;17;1.0
06/07/2016;18;1.0
06/07/2016;19;1.0
06/07/2016;20;1.0
06/07/2016;21;1.0
06/07/2016;22;1.0
06/07/2016;23;1.0
06/07/2016;24;1.0
06/07/2016;25;1.0
06/07/2016;26;1.0
06/07/2016;27;1.0
06/07/2016;28;1.0
06/07/2016;29;1.0
07/07/2016;11;1.0
07/07/2016;13;1.0
07/07/2016;14;1.0
07/07/2016;15;1.0
07/07/2016;16;1.0
07/07/2016;17;1.0
07/07/2016;18;1.0
07/07/2016;19;1.0
07/07/2016;20;1.0
07/07/2016;21;1.0
07/07/2016;22;1.0
07/07/2016;23;1.0
07/07/2016;24;1.0
07/07/2016;25;1.0
07/07/2016;26;1.0
07/07/2016;27;1.0
07/07/2016;28;1.0
07/07/2016;29;1.0
08/07/2016;11;1.0
08/07/2016;13;1.0
08/07/2016;14;1.0
08/07/2016;15;1.0
08/07/2016;16;1.0
08/07/2016;17;1.0
08/07/2016;18;1.0
08/07/2016;19;1.0
08/07/2016;20;1.0
08/07/2016;21;1.0
08/07/2016;22;1.0
08/07/2016;23;1.0
08/07/2016;24;1.0
08/07/2016;25;1.0
08/07/2016;26;1.0
08/07/2016;27;1.0
08/07/2016;28;1.0
08/07/2016;29;1.0
09/07/2016;11;1.0
09/07/2016;13;1.0
09/07/2016;14;1.0
09/07/2016;15;1.0
09/07/2016;16;1.0
09/07/2016;17;1.0
09/07/2016;18;1.0
09/07/2016;19;1.0
09/07/2016;20;1.0
09/07/2016;21;1.0
09/07/2016;22;1.0
09/07/2016;23;1.0
09/07/2016;24;1.0
09/07/2016;25;1.0
09/07/2016;26;1.0
09/07/2016;27;1.0
09/07/2016;28;1.0
09/07/2016;29;1.0
10/07/2016;11;1.0
10/07/2016;13;1.0
10/07/2016;14;1.0
10/07/2016;15;1.0
10/07/2016;16;1.0
10/07/2016;17;1.0
10/07/2016;18;1.0
10/07/2016;19;1.0
10/07/2016;20;1.0
10/07/2016;21;1.0
10/07/2016;22;1.0
10/07/2016;23;1.0
10/07/2016;24;0.979351164909592
10/07/2016;25;1.0
10/07/2016;26;1.0
10/07/2016;27;1.0
10/07/2016;28;1.0
10/07/2016;29;1.0
11/07/2016;11;1.0
11/07/2016;13;1.0
11/07/2016;14;1.0
11/07/2016;15;1.0
11/07/2016;16;1.0
11/07/2016;17;1.0
11/07/2016;18;1.0
11/07/2016;19;1.0
11/07/2016;20;1.0
11/07/2016;21;1.0
11/07/2016;22;1.0
11/07/2016;23;1.0
11/07/2016;24;0.988977657233389
11/07/2016;25;1.0
11/07/2016;26;1.0
11/07/2016;27;1.0
11/07/2016;28;1.0
11/07/2016;29;1.0
12/07/2016;11;1.0
12/07/2016;13;1.0
12/07/2016;14;1.0
12/07/2016;15;1.0
12/07/2016;16;1.0
12/07/2016;17;1.0
12/07/2016;18;1.0
12/07/2016;19;1.0
12/07/2016;20;1.0
12/07/2016;21;1.0
12/07/2016;22;1.0
12/07/2016;23;1.0
12/07/2016;24;0.9975800285543829
12/07/2016;25;1.0
12/07/2016;26;1.0
12/07/2016;27;1.0
12/07/2016;28;1.0
12/07/2016;29;1.0
13/07/2016;11;1.0
13/07/2016;13;1.0
13/07/2016;14;1.0
13/07/2016;15;1.0
13/07/2016;16;1.0
13/07/2016;17;1.0
13/07/2016;18;1.0
13/07/2016;19;1.0
13/07/2016;20;1.0
13/07/2016;21;1.0
13/07/2016;22;1.0
13/07/2016;23;1.0
13/07/2016;24;1.0
13/07/2016;25;1.0
13/07/2016;26;1.0
13/07/2016;27;1.0
13/07/2016;28;1.0
13/07/2016;29;1.0
14/07/2016;11;1.0
14/07/2016;13;1.0
14/07/2016;14;1.0
14/07/2016;15;1.0
14/07/2016;16;1.0
14/07/2016;17;1.0
14/07/2016;18;1.0
14/07/2016;19;1.0
14/07/2016;20;1.0
14/07/2016;21;1.0
14/07/2016;22;1.0
14/07/2016;23;1.0
14/07/2016;24;1.0
14/07/2016;25;1.0
14/07/2016;26;1.0
14/07/2016;27;1.0
14/07/2016;28;1.0
14/07/2016;29;1.0
15/07/2016;11;1.0
15/07/2016;13;1.0
15/07/2016;14;1.0
15/07/2016;15;1.0
15/07/2016;16;1.0
15/07/2016;17;1.0
15/07/2016;18;1.0
15/07/2016;19;1.0
15/07/2016;20;1.0
15/07/2016;21;1.0
15/07/2016;22;1.0
15/07/2016;23;1.0
15/07/2016;24;1.0119651865147599
15/07/2016;25;1.0
15/07/2016;26;1.0
15/07/2016;27;1.0
15/07/2016;28;1.0
15/07/2016;29;1.0
16/07/2016;11;1.0
16/07/2016;13;1.0
16/07/2016;14;1.0
16/07/2016;15;1.0
16/07/2016;16;1.0
16/07/2016;17;1.0
16/07/2016;18;1.0
16/07/2016;19;1.0
16/07/2016;20;1.0
16/07/2016;21;1.0
16/07/2016;22;1.0
16/07/2016;23;1.0
16/07/2016;24;2.12625980551333
16/07/2016;25;1.0
16/07/2016;26;1.0
16/07/2016;27;2.31638460720392
16/07/2016;28;1.0
16/07/2016;29;1.0
17/07/2016;11;1.0
17/07/2016;13;1.0
17/07/2016;14;1.0
17/07/2016;15;1.0
17/07/2016;16;1.0
17/07/2016;17;1.0
17/07/2016;18;1.0
17/07/2016;19;1.0
17/07/2016;20;1.0
17/07/2016;21;1.0
17/07/2016;22;1.0
17/07/2016;23;1.0
17/07/2016;24;3.34061478176237
17/07/2016;25;1.0
17/07/2016;26;1.0
17/07/2016;27;1.0
17/07/2016;28;1.0
17/07/2016;29;1.0
18/07/2016;11;1.0
18/07/2016;13;1.0
18/07/2016;14;1.0
18/07/2016;15;1.0
18/07/2016;16;1.0
18/07/2016;17;1.0
18/07/2016;18;1.0
18/07/2016;19;1.0
18/07/2016;20;1.0
18/07/2016;21;1.0
18/07/2016;22;1.0
18/07/2016;23;1.0
18/07/2016;24;1.07773409194417
18/07/2016;25;1.0
18/07/2016;26;1.0
18/07/2016;27;1.0
18/07/2016;28;1.0
18/07/2016;29;1.0
19/07/2016;11;1.0
19/07/2016;13;1.0
19/07/2016;14;1.0
19/07/2016;15;1.0
19/07/2016;16;1.0
19/07/2016;17;1.0
19/07/2016;18;1.0
19/07/2016;19;1.0
19/07/2016;20;1.0
19/07/2016;21;1.0
19/07/2016;22;1.0
19/07/2016;23;1.0
19/07/2016;24;1.0
19/07/2016;25;1.0
19/07/2016;26;1.0
19/07/2016;27;1.0
19/07/2016;28;1.0
19/07/2016;29;1.0
20/07/2016;11;1.0
20/07/2016;13;1.0
20/07/2016;14;1.0
20/07/2016;15;1.0
20/07/2016;16;1.0
20/07/2016;17;1.0
20/07/2016;18;1.0
20/07/2016;19;1.0
20/07/2016;20;1.0
20/07/2016;21;1.0
20/07/2016;22;1.0
20/07/2016;23;1.0
20/07/2016;24;1.0
20/07/2016;25;1.0
20/07/2016;26;1.0
20/07/2016;27;1.0
20/07/2016;28;1.0
20/07/2016;29;1.0
21/07/2016;11;1.0
21/07/2016;13;1.0
21/07/2016;14;1.0
21/07/2016;15;1.0
21/07/2016;16;1.0
21/07/2016;17;1.0
21/07/2016;18;1.0
21/07/2016;19;1.0
21/07/2016;20;1.0
21/07/2016;21;1.0
21/07/2016;22;1.0
21/07/2016;23;1.0
21/07/2016;24;1.0
21/07/2016;25;1.0
21/07/2016;26;1.0
21/07/2016;27;1.0
21/07/2016;28;1.0
21/07/2016;29;1.0
22/07/2016;11;1.0
22/07/2016;13;1.0
22/07/2016;14;1.0
22/07/2016;15;1.0
22/07/2016;16;1.0
22/07/2016;17;1.0
22/07/2016;18;1.0
22/07/2016;19;1.0
22/07/2016;20;1.0
22/07/2016;21;1.0
22/07/2016;22;1.0
22/07/2016;23;1.0
22/07/2016;24;1.0
22/07/2016;25;1.0
22/07/2016;26;1.0
22/07/2016;27;1.0
22/07/2016;28;1.0
22/07/2016;29;1.0
23/07/2016;11;1.0
23/07/2016;13;1.0
23/07/2016;14;1.0
23/07/2016;15;1.0
23/07/2016;16;1.0
23/07/2016;17;1.0
23/07/2016;18;1.0
23/07/2016;19;1.0
23/07/2016;20;1.0
23/07/2016;21;1.0
23/07/2016;22;1.0
23/07/2016;23;1.0
23/07/2016;24;0.99709831419432
23/07/2016;25;1.0
23/07/2016;26;1.0
23/07/2016;27;1.0
23/07/2016;28;1.0
23/07/2016;29;1.0
24/07/2016;11;1.0
24/07/2016;13;1.0
24/07/2016;14;1.0
24/07/2016;15;0.9997482705601389
24/07/2016;16;1.0
24/07/2016;17;1.0
24/07/2016;18;1.0
24/07/2016;19;1.0
24/07/2016;20;1.0
24/07/2016;21;1.0
24/07/2016;22;1.0
24/07/2016;23;1.0
24/07/2016;24;0.972588006715865
24/07/2016;25;1.0
24/07/2016;26;1.0
24/07/2016;27;1.0
24/07/2016;28;1.0
24/07/2016;29;1.0
25/07/2016;11;1.0
25/07/2016;13;1.0
25/07/2016;14;1.0
25/07/2016;15;0.9907259979833009
25/07/2016;16;1.0
25/07/2016;17;1.0
25/07/2016;18;1.0
25/07/2016;19;1.0
25/07/2016;20;1.0
25/07/2016;21;1.0
25/07/2016;22;1.0
25/07/2016;23;1.0
25/07/2016;24;0.9891291348982321
25/07/2016;25;1.0
25/07/2016;26;1.0
25/07/2016;27;1.0
25/07/2016;28;1.0
25/07/2016;29;1.0
26/07/2016;11;1.0
26/07/2016;13;1.0
26/07/2016;14;1.0
26/07/2016;15;1.0
26/07/2016;16;1.0
26/07/2016;17;1.0
26/07/2016;18;1.0
26/07/2016;19;1.0
26/07/2016;20;1.0
26/07/2016;21;1.0
26/07/2016;22;1.0
26/07/2016;23;1.0
26/07/2016;24;0.9917145492505258
26/07/2016;25;1.0
26/07/2016;26;1.0
26/07/2016;27;1.0
26/07/2016;28;1.0
26/07/2016;29;1.0
27/07/2016;11;1.0
27/07/2016;13;1.0
27/07/2016;14;1.0
27/07/2016;15;1.0
27/07/2016;16;1.0
27/07/2016;17;1.0
27/07/2016;18;1.0
27/07/2016;19;1.0
27/07/2016;20;1.0
27/07/2016;21;1.0
27/07/2016;22;1.0
27/07/2016;23;1.0
27/07/2016;24;0.99352977782068
27/07/2016;25;1.0
27/07/2016;26;1.0
27/07/2016;27;1.0
27/07/2016;28;1.0
27/07/2016;29;1.0
28/07/2016;11;1.0
28/07/2016;13;1.0
28/07/2016;14;1.0
28/07/2016;15;1.0
28/07/2016;16;1.0
28/07/2016;17;1.0
28/07/2016;18;1.0
28/07/2016;19;1.0
28/07/2016;20;1.0
28/07/2016;21;1.0
28/07/2016;22;1.0
28/07/2016;23;1.0
28/07/2016;24;1.0
28/07/2016;25;1.0
28/07/2016;26;1.0
28/07/2016;27;1.0
28/07/2016;28;1.0
28/07/2016;29;1.0
29/07/2016;11;1.0
29/07/2016;13;1.0
29/07/2016;14;1.0
29/07/2016;15;1.0
29/07/2016;16;1.0
29/07/2016;17;1.0
29/07/2016;18;1.0
29/07/2016;19;1.0
29/07/2016;20;1.0
29/07/2016;21;1.0
29/07/2016;22;1.0
29/07/2016;23;1.0
29/07/2016;24;1.0
29/07/2016;25;1.0
29/07/2016;26;1.0
29/07/2016;27;1.0
29/07/2016;28;1.0
29/07/2016;29;1.0
30/07/2016;11;1.0
30/07/2016;13;1.0
30/07/2016;14;1.0
30/07/2016;15;1.0
30/07/2016;16;1.0
30/07/2016;17;1.0
30/07/2016;18;1.0
30/07/2016;19;1.0
30/07/2016;20;1.0
30/07/2016;21;1.0
30/07/2016;22;1.0
30/07/2016;23;1.0
30/07/2016;24;1.0
30/07/2016;25;1.0
30/07/2016;26;1.0
30/07/2016;27;1.0
30/07/2016;28;1.0
30/07/2016;29;1.0
31/07/2016;11;1.0
31/07/2016;13;1.0
31/07/2016;14;1.0
31/07/2016;15;1.0
31/07/2016;16;1.0
31/07/2016;17;1.0
31/07/2016;18;1.0
31/07/2016;19;1.0
31/07/2016;20;1.0
31/07/2016;21;1.0
31/07/2016;22;1.0
31/07/2016;23;1.0
31/07/2016;24;0.98420742966539
31/07/2016;25;1.0
31/07/2016;26;1.0
31/07/2016;27;1.0
31/07/2016;28;1.0
31/07/2016;29;1.0
01/08/2016;11;1.0
01/08/2016;13;1.0
01/08/2016;14;1.0
01/08/2016;15;1.0
01/08/2016;16;1.0
01/08/2016;17;1.0
01/08/2016;18;1.0
01/08/2016;19;1.0
01/08/2016;20;1.0
01/08/2016;21;1.0
01/08/2016;22;1.0
01/08/2016;23;1.0
01/08/2016;24;0.98996751109727
01/08/2016;25;1.0
01/08/2016;26;1.0
01/08/2016;27;1.0
01/08/2016;28;1.0
01/08/2016;29;1.0
02/08/2016;11;1.0
02/08/2016;13;1.0
02/08/2016;14;1.0
02/08/2016;15;1.0
02/08/2016;16;1.0
02/08/2016;17;1.0
02/08/2016;18;1.0
02/08/2016;19;1.0
02/08/2016;20;1.0
02/08/2016;21;1.0
02/08/2016;22;1.0
02/08/2016;23;1.0
02/08/2016;24;1.0
02/08/2016;25;1.0
02/08/2016;26;1.0
02/08/2016;27;1.0
02/08/2016;28;1.0
02/08/2016;29;1.0
03/08/2016;11;1.0
03/08/2016;13;1.0
03/08/2016;14;1.0
03/08/2016;15;1.0
03/08/2016;16;1.0
03/08/2016;17;1.0
03/08/2016;18;1.0
03/08/2016;19;1.0
03/08/2016;20;1.0
03/08/2016;21;1.0
03/08/2016;22;1.0
03/08/2016;23;1.0
03/08/2016;24;1.0
03/08/2016;25;1.0
03/08/2016;26;1.0
03/08/2016;27;1.0
03/08/2016;28;1.0
03/08/2016;29;1.0
04/08/2016;11;1.0
04/08/2016;13;1.0
04/08/2016;14;1.0
04/08/2016;15;1.0
04/08/2016;16;1.0
04/08/2016;17;1.0
04/08/2016;18;1.0
04/08/2016;19;1.0
04/08/2016;20;1.0
04/08/2016;21;1.0
04/08/2016;22;1.0
04/08/2016;23;1.0
04/08/2016;24;1.0
04/08/2016;25;1.0
04/08/2016;26;1.0
04/08/2016;27;1.0
04/08/2016;28;1.0
04/08/2016;29;1.0
05/08/2016;11;1.0
05/08/2016;13;1.0
05/08/2016;14;1.0
05/08/2016;15;1.0
05/08/2016;16;1.0
05/08/2016;17;1.0
05/08/2016;18;1.0
05/08/2016;19;1.0
05/08/2016;20;1.0
05/08/2016;21;1.0
05/08/2016;22;1.0
05/08/2016;23;1.0
05/08/2016;24;1.0
05/08/2016;25;1.0
05/08/2016;26;1.0
05/08/2016;27;1.0
05/08/2016;28;1.0
05/08/2016;29;1.0
06/08/2016;11;1.0
06/08/2016;13;1.0
06/08/2016;14;1.0
06/08/2016;15;1.0
06/08/2016;16;1.0
06/08/2016;17;1.0
06/08/2016;18;1.0
06/08/2016;19;1.0
06/08/2016;20;1.0
06/08/2016;21;1.0
06/08/2016;22;1.0
06/08/2016;23;1.0
06/08/2016;24;1.0
06/08/2016;25;1.0
06/08/2016;26;1.0
06/08/2016;27;1.0
06/08/2016;28;1.0
06/08/2016;29;1.0
07/08/2016;11;1.0
07/08/2016;13;1.0
07/08/2016;14;1.0
07/08/2016;15;1.0
07/08/2016;16;1.0
07/08/2016;17;1.0
07/08/2016;18;1.0
07/08/2016;19;1.0
07/08/2016;20;1.0
07/08/2016;21;1.0
07/08/2016;22;1.0
07/08/2016;23;1.0
07/08/2016;24;1.0
07/08/2016;25;1.0
07/08/2016;26;1.0
07/08/2016;27;1.0
07/08/2016;28;1.0
07/08/2016;29;1.0
08/08/2016;11;1.0
08/08/2016;13;1.0
08/08/2016;14;1.0
08/08/2016;15;1.0
08/08/2016;16;1.0
08/08/2016;17;1.0
08/08/2016;18;1.0
08/08/2016;19;1.0
08/08/2016;20;1.0
08/08/2016;21;1.0
08/08/2016;22;1.0
08/08/2016;23;1.0
08/08/2016;24;1.04161070317221
08/08/2016;25;1.0
08/08/2016;26;1.0
08/08/2016;27;1.0
08/08/2016;28;1.0
08/08/2016;29;1.0
09/08/2016;11;1.0
09/08/2016;13;1.0
09/08/2016;14;1.0
09/08/2016;15;1.0
09/08/2016;16;1.0
09/08/2016;17;1.0
09/08/2016;18;1.0
09/08/2016;19;1.0
09/08/2016;20;1.0
09/08/2016;21;1.0
09/08/2016;22;1.0
09/08/2016;23;1.0
09/08/2016;24;1.0
09/08/2016;25;1.0
09/08/2016;26;1.0
09/08/2016;27;1.0
09/08/2016;28;1.0
09/08/2016;29;1.0
10/08/2016;11;1.0
10/08/2016;13;1.0
10/08/2016;14;1.0
10/08/2016;15;1.0
10/08/2016;16;1.0
10/08/2016;17;1.0
10/08/2016;18;1.0
10/08/2016;19;1.0
10/08/2016;20;1.0
10/08/2016;21;1.0
10/08/2016;22;1.0
10/08/2016;23;1.0
10/08/2016;24;1.0
10/08/2016;25;1.0
10/08/2016;26;1.0
10/08/2016;27;1.0
10/08/2016;28;1.0
10/08/2016;29;1.0
11/08/2016;11;1.0
11/08/2016;13;1.0
11/08/2016;14;1.0
11/08/2016;15;1.0
11/08/2016;16;1.0
11/08/2016;17;1.0
11/08/2016;18;1.0
11/08/2016;19;1.0
11/08/2016;20;1.0
11/08/2016;21;1.0
11/08/2016;22;1.0
11/08/2016;23;1.0
11/08/2016;24;1.0
11/08/2016;25;1.0
11/08/2016;26;1.0
11/08/2016;27;1.0
11/08/2016;28;1.0
11/08/2016;29;1.0
12/08/2016;11;1.0
12/08/2016;13;1.0
12/08/2016;14;1.0
12/08/2016;15;1.0
12/08/2016;16;1.0
12/08/2016;17;1.0
12/08/2016;18;1.0
12/08/2016;19;1.0
12/08/2016;20;1.0
12/08/2016;21;1.0
12/08/2016;22;1.0
12/08/2016;23;1.0
12/08/2016;24;1.0788939400831399
12/08/2016;25;1.0
12/08/2016;26;1.0
12/08/2016;27;1.0
12/08/2016;28;1.0
12/08/2016;29;1.0
13/08/2016;11;1.0
13/08/2016;13;1.0
13/08/2016;14;1.0
13/08/2016;15;1.0
13/08/2016;16;1.0
13/08/2016;17;1.0
13/08/2016;18;1.0
13/08/2016;19;1.0
13/08/2016;20;1.0
13/08/2016;21;1.0
13/08/2016;22;1.0
13/08/2016;23;1.0
13/08/2016;24;6.633771088013001
13/08/2016;25;1.0
13/08/2016;26;1.0
13/08/2016;27;1.0
13/08/2016;28;1.0
13/08/2016;29;1.0
14/08/2016;11;1.0
14/08/2016;13;1.0
14/08/2016;14;1.0
14/08/2016;15;1.0
14/08/2016;16;1.0
14/08/2016;17;1.0
14/08/2016;18;1.0
14/08/2016;19;1.0
14/08/2016;20;1.0
14/08/2016;21;1.0
14/08/2016;22;1.0
14/08/2016;23;1.0
14/08/2016;24;1.0
14/08/2016;25;1.0
14/08/2016;26;1.0
14/08/2016;27;1.0
14/08/2016;28;1.0
14/08/2016;29;1.0
15/08/2016;11;1.0
15/08/2016;13;1.0
15/08/2016;14;1.0
15/08/2016;15;1.0
15/08/2016;16;1.0
15/08/2016;17;1.0
15/08/2016;18;1.0
15/08/2016;19;1.0
15/08/2016;20;1.0
15/08/2016;21;1.0
15/08/2016;22;1.0
15/08/2016;23;1.0
15/08/2016;24;1.0
15/08/2016;25;1.0
15/08/2016;26;1.0
15/08/2016;27;1.0
15/08/2016;28;1.0
15/08/2016;29;1.0
16/08/2016;11;1.0
16/08/2016;13;1.0
16/08/2016;14;1.0
16/08/2016;15;1.0
16/08/2016;16;1.0
16/08/2016;17;1.0
16/08/2016;18;1.0
16/08/2016;19;1.0
16/08/2016;20;1.0
16/08/2016;21;1.0
16/08/2016;22;1.0
16/08/2016;23;1.0
16/08/2016;24;1.0
16/08/2016;25;1.0
16/08/2016;26;1.0
16/08/2016;27;1.0
16/08/2016;28;1.0
16/08/2016;29;1.0
17/08/2016;11;1.0
17/08/2016;13;1.0
17/08/2016;14;1.0
17/08/2016;15;1.0
17/08/2016;16;1.0
17/08/2016;17;1.0
17/08/2016;18;1.0
17/08/2016;19;1.0
17/08/2016;20;1.0
17/08/2016;21;1.0
17/08/2016;22;1.0
17/08/2016;23;1.0
17/08/2016;24;1.0
17/08/2016;25;1.0
17/08/2016;26;1.0
17/08/2016;27;1.0
17/08/2016;28;1.0
17/08/2016;29;1.0
18/08/2016;11;1.0
18/08/2016;13;1.0
18/08/2016;14;1.0
18/08/2016;15;1.0
18/08/2016;16;1.0
18/08/2016;17;1.0
18/08/2016;18;1.0
18/08/2016;19;1.0
18/08/2016;20;1.0
18/08/2016;21;1.0
18/08/2016;22;1.0
18/08/2016;23;1.0
18/08/2016;24;1.0
18/08/2016;25;1.0
18/08/2016;26;1.0
18/08/2016;27;1.0
18/08/2016;28;1.0
18/08/2016;29;1.0
19/08/2016;11;1.0
19/08/2016;13;1.0
19/08/2016;14;1.0
19/08/2016;15;1.0
19/08/2016;16;1.0
19/08/2016;17;1.0
19/08/2016;18;1.0
19/08/2016;19;1.0
19/08/2016;20;1.0
19/08/2016;21;1.0
19/08/2016;22;1.0
19/08/2016;23;1.0
19/08/2016;24;1.0
19/08/2016;25;1.0
19/08/2016;26;1.0
19/08/2016;27;1.0
19/08/2016;28;1.0
19/08/2016;29;1.0
20/08/2016;11;1.0
20/08/2016;13;1.0
20/08/2016;14;1.0
20/08/2016;15;1.0
20/08/2016;16;1.0
20/08/2016;17;1.0
20/08/2016;18;1.0
20/08/2016;19;1.0
20/08/2016;20;1.0
20/08/2016;21;1.0
20/08/2016;22;1.0
20/08/2016;23;1.0
20/08/2016;24;1.0
20/08/2016;25;1.0
20/08/2016;26;1.0
20/08/2016;27;1.0
20/08/2016;28;1.0
20/08/2016;29;1.0
21/08/2016;11;1.0
21/08/2016;13;1.0
21/08/2016;14;1.0
21/08/2016;15;1.0
21/08/2016;16;1.0
21/08/2016;17;1.0
21/08/2016;18;1.0
21/08/2016;19;1.0
21/08/2016;20;1.0
21/08/2016;21;1.0
21/08/2016;22;1.0
21/08/2016;23;1.0
21/08/2016;24;1.0
21/08/2016;25;1.0
21/08/2016;26;1.0
21/08/2016;27;1.0
21/08/2016;28;1.0
21/08/2016;29;1.0
22/08/2016;11;1.0
22/08/2016;13;1.0
22/08/2016;14;1.0
22/08/2016;15;1.0
22/08/2016;16;1.0
22/08/2016;17;1.0
22/08/2016;18;1.0
22/08/2016;19;1.0
22/08/2016;20;1.0
22/08/2016;21;1.0
22/08/2016;22;1.0
22/08/2016;23;1.0
22/08/2016;24;1.0
22/08/2016;25;1.0
22/08/2016;26;1.0
22/08/2016;27;1.0
22/08/2016;28;1.0
22/08/2016;29;1.0
23/08/2016;11;1.0
23/08/2016;13;1.0
23/08/2016;14;1.0
23/08/2016;15;1.0
23/08/2016;16;1.0
23/08/2016;17;1.0
23/08/2016;18;1.0
23/08/2016;19;1.0
23/08/2016;20;1.0
23/08/2016;21;1.0
23/08/2016;22;1.0
23/08/2016;23;1.0
23/08/2016;24;1.03189067381548
23/08/2016;25;1.0
23/08/2016;26;1.0
23/08/2016;27;1.0
23/08/2016;28;1.0
23/08/2016;29;1.0
24/08/2016;11;1.0
24/08/2016;13;1.0
24/08/2016;14;1.0
24/08/2016;15;1.0
24/08/2016;16;1.0
24/08/2016;17;1.0
24/08/2016;18;1.0
24/08/2016;19;1.0
24/08/2016;20;1.0
24/08/2016;21;1.0
24/08/2016;22;1.0
24/08/2016;23;1.0
24/08/2016;24;1.08510267868485
24/08/2016;25;1.0
24/08/2016;26;1.0
24/08/2016;27;1.0
24/08/2016;28;1.0
24/08/2016;29;1.0
25/08/2016;11;1.0
25/08/2016;13;1.0
25/08/2016;14;1.0
25/08/2016;15;1.0
25/08/2016;16;1.0
25/08/2016;17;1.0
25/08/2016;18;1.0
25/08/2016;19;1.0
25/08/2016;20;1.0
25/08/2016;21;1.0
25/08/2016;22;1.0
25/08/2016;23;1.0
25/08/2016;24;1.0
25/08/2016;25;1.0
25/08/2016;26;1.0
25/08/2016;27;1.0
25/08/2016;28;1.0
25/08/2016;29;1.0
26/08/2016;11;1.0
26/08/2016;13;1.0
26/08/2016;14;1.0
26/08/2016;15;1.0
26/08/2016;16;0.989792177581009
26/08/2016;17;1.0
26/08/2016;18;1.0
26/08/2016;19;1.0
26/08/2016;20;1.0
26/08/2016;21;1.0
26/08/2016;22;1.0
26/08/2016;23;1.0
26/08/2016;24;1.0
26/08/2016;25;1.0
26/08/2016;26;1.0
26/08/2016;27;1.0
26/08/2016;28;1.0
26/08/2016;29;1.0
27/08/2016;11;1.0
27/08/2016;13;1.0
27/08/2016;14;1.0
27/08/2016;15;1.0
27/08/2016;16;0.979570267726681
27/08/2016;17;1.0
27/08/2016;18;1.0
27/08/2016;19;1.0
27/08/2016;20;1.0
27/08/2016;21;1.0
27/08/2016;22;1.0
27/08/2016;23;1.0
27/08/2016;24;0.9320041909273729
27/08/2016;25;1.0
27/08/2016;26;1.0
27/08/2016;27;1.0
27/08/2016;28;1.0
27/08/2016;29;1.0
28/08/2016;11;1.0
28/08/2016;13;1.0
28/08/2016;14;1.0
28/08/2016;15;1.0
28/08/2016;16;1.0
28/08/2016;17;1.0
28/08/2016;18;1.0
28/08/2016;19;1.0
28/08/2016;20;1.0
28/08/2016;21;1.0
28/08/2016;22;1.0
28/08/2016;23;1.0
28/08/2016;24;1.0
28/08/2016;25;1.0
28/08/2016;26;1.0
28/08/2016;27;1.0
28/08/2016;28;1.0
28/08/2016;29;1.0
29/08/2016;11;1.0
29/08/2016;13;1.0
29/08/2016;14;1.0
29/08/2016;15;1.0
29/08/2016;16;1.0
29/08/2016;17;1.0
29/08/2016;18;1.0
29/08/2016;19;1.0
29/08/2016;20;1.0
29/08/2016;21;1.0
29/08/2016;22;1.0
29/08/2016;23;1.0
29/08/2016;24;1.0
29/08/2016;25;1.0
29/08/2016;26;1.0
29/08/2016;27;1.0
29/08/2016;28;1.0
29/08/2016;29;1.0
30/08/2016;11;1.0
30/08/2016;13;1.0
30/08/2016;14;1.0
30/08/2016;15;0.9996210779989971
30/08/2016;16;1.0
30/08/2016;17;1.0
30/08/2016;18;1.0
30/08/2016;19;1.0
30/08/2016;20;1.0
30/08/2016;21;1.0
30/08/2016;22;1.0
30/08/2016;23;1.0
30/08/2016;24;1.0
30/08/2016;25;1.0
30/08/2016;26;1.0
30/08/2016;27;1.0
30/08/2016;28;1.0
30/08/2016;29;1.0
31/08/2016;11;1.0
31/08/2016;13;1.0
31/08/2016;14;1.0
31/08/2016;15;0.9823651384031309
31/08/2016;16;0.998581090168567
31/08/2016;17;1.0
31/08/2016;18;1.0
31/08/2016;19;1.0
31/08/2016;20;1.0
31/08/2016;21;1.0
31/08/2016;22;1.0
31/08/2016;23;1.0
31/08/2016;24;0.9950618713433441
31/08/2016;25;1.0
31/08/2016;26;1.0
31/08/2016;27;1.0
31/08/2016;28;1.0
31/08/2016;29;1.0
01/09/2016;11;1.0
01/09/2016;13;1.0
01/09/2016;14;1.0
01/09/2016;15;0.985420721978853
01/09/2016;16;0.996549829672297
01/09/2016;17;1.0
01/09/2016;18;1.0
01/09/2016;19;1.0
01/09/2016;20;1.0
01/09/2016;21;0.999974930188245
01/09/2016;22;1.0
01/09/2016;23;1.0
01/09/2016;24;0.9902612660507291
01/09/2016;25;1.0
01/09/2016;26;1.0
01/09/2016;27;1.0
01/09/2016;28;1.0
01/09/2016;29;1.0
02/09/2016;11;1.0
02/09/2016;13;0.996852179380047
02/09/2016;14;1.0
02/09/2016;15;1.0
02/09/2016;16;0.9921006294938309
02/09/2016;17;1.0
02/09/2016;18;1.0
02/09/2016;19;1.0
02/09/2016;20;1.0
02/09/2016;21;0.997035888816437
02/09/2016;22;1.0
02/09/2016;23;1.0
02/09/2016;24;0.993034777174938
02/09/2016;25;1.0
02/09/2016;26;1.0
02/09/2016;27;1.0
02/09/2016;28;1.0
02/09/2016;29;1.0
03/09/2016;11;1.0
03/09/2016;13;0.9181702374030021
03/09/2016;14;1.0
03/09/2016;15;1.0
03/09/2016;16;0.9833298095150781
03/09/2016;17;1.0
03/09/2016;18;1.0
03/09/2016;19;1.0
03/09/2016;20;1.0
03/09/2016;21;1.0
03/09/2016;22;1.0
03/09/2016;23;1.0
03/09/2016;24;0.8993791118157959
03/09/2016;25;1.0
03/09/2016;26;1.0
03/09/2016;27;1.0
03/09/2016;28;1.0
03/09/2016;29;1.0
04/09/2016;11;1.0
04/09/2016;13;1.0
04/09/2016;14;1.0
04/09/2016;15;1.0
04/09/2016;16;1.0
04/09/2016;17;1.0
04/09/2016;18;1.0
04/09/2016;19;1.0
04/09/2016;20;1.0
04/09/2016;21;1.0
04/09/2016;22;1.0
04/09/2016;23;1.0
04/09/2016;24;0.840270074202635
04/09/2016;25;1.0
04/09/2016;26;1.0
04/09/2016;27;1.0
04/09/2016;28;1.0
04/09/2016;29;1.0
05/09/2016;11;1.0
05/09/2016;13;1.0
05/09/2016;14;1.0
05/09/2016;15;1.0
05/09/2016;16;1.0
05/09/2016;17;1.0
05/09/2016;18;1.0
05/09/2016;19;1.0
05/09/2016;20;1.0
05/09/2016;21;1.0
05/09/2016;22;1.0
05/09/2016;23;1.0
05/09/2016;24;0.9985540595498091
05/09/2016;25;1.0
05/09/2016;26;1.0
05/09/2016;27;1.0
05/09/2016;28;1.0
05/09/2016;29;1.0
06/09/2016;11;1.0
06/09/2016;13;1.0
06/09/2016;14;1.0
06/09/2016;15;0.9999887082359621
06/09/2016;16;0.9983710207193941
06/09/2016;17;1.0
06/09/2016;18;1.0
06/09/2016;19;1.0
06/09/2016;20;1.0
06/09/2016;21;1.0
06/09/2016;22;1.0
06/09/2016;23;1.0
06/09/2016;24;1.05463660860231
06/09/2016;25;1.0
06/09/2016;26;1.0
06/09/2016;27;1.0
06/09/2016;28;1.0
06/09/2016;29;1.0
07/09/2016;11;1.0
07/09/2016;13;0.997752388466807
07/09/2016;14;1.0
07/09/2016;15;0.9969306238158199
07/09/2016;16;0.9941436115208359
07/09/2016;17;1.0
07/09/2016;18;1.0
07/09/2016;19;1.0
07/09/2016;20;1.0
07/09/2016;21;1.0
07/09/2016;22;1.0
07/09/2016;23;1.0
07/09/2016;24;1.239028051989
07/09/2016;25;1.0
07/09/2016;26;1.0
07/09/2016;27;1.0
07/09/2016;28;1.0
07/09/2016;29;1.0
08/09/2016;11;1.0
08/09/2016;13;0.9821142703038399
08/09/2016;14;1.0
08/09/2016;15;0.988304051643465
08/09/2016;16;0.9948331537236859
08/09/2016;17;1.0
08/09/2016;18;1.0
08/09/2016;19;1.0
08/09/2016;20;1.0
08/09/2016;21;1.0
08/09/2016;22;1.0
08/09/2016;23;1.0
08/09/2016;24;1.24145945302389
08/09/2016;25;1.0
08/09/2016;26;1.0
08/09/2016;27;1.0
08/09/2016;28;1.0
08/09/2016;29;1.0
09/09/2016;11;1.0
09/09/2016;13;1.0
09/09/2016;14;1.0
09/09/2016;15;1.0
09/09/2016;16;1.0
09/09/2016;17;1.0
09/09/2016;18;1.0
09/09/2016;19;1.0
09/09/2016;20;1.0
09/09/2016;21;1.0
09/09/2016;22;1.0
09/09/2016;23;1.0
09/09/2016;24;1.05868741804884
09/09/2016;25;1.0
09/09/2016;26;1.0
09/09/2016;27;1.0
09/09/2016;28;1.0
09/09/2016;29;1.0
10/09/2016;11;1.0
10/09/2016;13;0.9658989054333499
10/09/2016;14;1.0
10/09/2016;15;0.9999081488222241
10/09/2016;16;1.0
10/09/2016;17;1.0
10/09/2016;18;1.0
10/09/2016;19;1.0
10/09/2016;20;1.0
10/09/2016;21;1.0
10/09/2016;22;1.0
10/09/2016;23;1.0
10/09/2016;24;1.0
10/09/2016;25;1.0
10/09/2016;26;1.0
10/09/2016;27;0.8935900547361751
10/09/2016;28;1.0
10/09/2016;29;1.0
11/09/2016;11;1.0
11/09/2016;13;0.800491570614492
11/09/2016;14;1.0
11/09/2016;15;0.9884943115285211
11/09/2016;16;0.9928116094594179
11/09/2016;17;1.0
11/09/2016;18;1.0
11/09/2016;19;1.0
11/09/2016;20;1.0
11/09/2016;21;1.0
11/09/2016;22;1.0
11/09/2016;23;1.0
11/09/2016;24;0.951636062807604
11/09/2016;25;1.0
11/09/2016;26;1.0
11/09/2016;27;1.0
11/09/2016;28;1.0
11/09/2016;29;1.0
12/09/2016;11;1.0
12/09/2016;13;1.0
12/09/2016;14;1.0
12/09/2016;15;0.9914610254628041
12/09/2016;16;0.987397131889825
12/09/2016;17;1.0
12/09/2016;18;1.0
12/09/2016;19;1.0
12/09/2016;20;1.0
12/09/2016;21;0.9996874502420809
12/09/2016;22;1.0
12/09/2016;23;1.0
12/09/2016;24;0.9732164644369781
12/09/2016;25;1.0
12/09/2016;26;1.0
12/09/2016;27;1.0
12/09/2016;28;1.0
12/09/2016;29;1.0
13/09/2016;11;1.0
13/09/2016;13;1.0
13/09/2016;14;1.0
13/09/2016;15;0.9884239655182041
13/09/2016;16;0.9774668467696859
13/09/2016;17;1.0
13/09/2016;18;0.985439640894555
13/09/2016;19;1.0
13/09/2016;20;1.0
13/09/2016;21;0.990434170906808
13/09/2016;22;1.0
13/09/2016;23;1.0
13/09/2016;24;0.978736874480689
13/09/2016;25;1.0
13/09/2016;26;1.0
13/09/2016;27;1.0
13/09/2016;28;1.0
13/09/2016;29;1.0
14/09/2016;11;0.912322435627212
14/09/2016;13;0.9804138067589709
14/09/2016;14;0.9881667686836679
14/09/2016;15;0.957909849347298
14/09/2016;16;0.9544724093677021
14/09/2016;17;1.0
14/09/2016;18;0.945885967781588
14/09/2016;19;0.993584163742501
14/09/2016;20;1.0
14/09/2016;21;0.9991178672273392
14/09/2016;22;0.9566364133652291
14/09/2016;23;1.0
14/09/2016;24;0.96568968812019
14/09/2016;25;1.0
14/09/2016;26;1.0
14/09/2016;27;1.0
14/09/2016;28;1.0
14/09/2016;29;1.0
15/09/2016;11;0.732785341243515
15/09/2016;13;0.8356484713087522
15/09/2016;14;0.907250791927701
15/09/2016;15;0.9322213522356372
15/09/2016;16;0.9715141487893141
15/09/2016;17;0.998211484871078
15/09/2016;18;0.9258748629124771
15/09/2016;19;0.936255084683868
15/09/2016;20;0.9936305315109871
15/09/2016;21;0.9991478094248359
15/09/2016;22;0.916255074266876
15/09/2016;23;0.9939409632248671
15/09/2016;24;0.9476742939591241
15/09/2016;25;1.0
15/09/2016;26;1.0
15/09/2016;27;1.0
15/09/2016;28;1.0
15/09/2016;29;1.0
16/09/2016;11;0.660239090003078
16/09/2016;13;0.742265568388402
16/09/2016;14;0.8890660254594169
16/09/2016;15;0.9501738630572749
16/09/2016;16;0.9791716079913471
16/09/2016;17;0.997349919245592
16/09/2016;18;0.944296746013346
16/09/2016;19;0.941318866331729
16/09/2016;20;0.96363237769236
16/09/2016;21;0.982450465426245
16/09/2016;22;0.911156148744856
16/09/2016;23;0.9816779891754471
16/09/2016;24;0.949716942300615
16/09/2016;25;1.0
16/09/2016;26;1.0
16/09/2016;27;1.0
16/09/2016;28;1.0
16/09/2016;29;1.0
17/09/2016;11;0.566043244352855
17/09/2016;13;0.726610162411073
17/09/2016;14;0.8718086530601551
17/09/2016;15;0.931241029665657
17/09/2016;16;0.9751727517691771
17/09/2016;17;1.0
17/09/2016;18;0.923924673600935
17/09/2016;19;0.935355566147818
17/09/2016;20;0.8966359830877579
17/09/2016;21;0.982720524337428
17/09/2016;22;0.862536851403922
17/09/2016;23;0.9702693395610871
17/09/2016;24;0.8419265711924291
17/09/2016;25;1.0
17/09/2016;26;0.98022576839441
17/09/2016;27;0.912446936400174
17/09/2016;28;1.0
17/09/2016;29;1.0
18/09/2016;11;0.633495640079839
18/09/2016;13;0.658165905714614
18/09/2016;14;0.8206272921363922
18/09/2016;15;0.924131134210554
18/09/2016;16;0.9428243541606759
18/09/2016;17;1.0
18/09/2016;18;0.9594780998952008
18/09/2016;19;0.935757712652078
18/09/2016;20;0.8883241080895351
18/09/2016;21;0.9626491092678809
18/09/2016;22;0.812623354770112
18/09/2016;23;0.956705619912775
18/09/2016;24;1.0
18/09/2016;25;1.0
18/09/2016;26;0.963937550147325
18/09/2016;27;1.0
18/09/2016;28;1.0
18/09/2016;29;1.0
19/09/2016;11;0.8758802823085269
19/09/2016;13;0.834334461953864
19/09/2016;14;0.9939851584700029
19/09/2016;15;0.904510970319635
19/09/2016;16;0.9226492080569759
19/09/2016;17;1.0
19/09/2016;18;0.9566922914639041
19/09/2016;19;0.9456164063740831
19/09/2016;20;0.99221752908105
19/09/2016;21;0.9894914081634599
19/09/2016;22;0.871074371683636
19/09/2016;23;0.953168954775998
19/09/2016;24;1.08388717125834
19/09/2016;25;1.0
19/09/2016;26;0.98853704492034
19/09/2016;27;1.1872843152395902
19/09/2016;28;1.0
19/09/2016;29;1.0
20/09/2016;11;1.0
20/09/2016;13;0.924725803591751
20/09/2016;14;0.9451742928279642
20/09/2016;15;0.914089882174973
20/09/2016;16;0.930176397554287
20/09/2016;17;1.0
20/09/2016;18;0.9366229321738709
20/09/2016;19;0.9575997536065909
20/09/2016;20;0.9625728818842021
20/09/2016;21;0.9786472579773059
20/09/2016;22;0.7977405979308451
20/09/2016;23;0.956085864939791
20/09/2016;24;1.0
20/09/2016;25;1.0
20/09/2016;26;0.9852137274737459
20/09/2016;27;1.0
20/09/2016;28;1.0
20/09/2016;29;1.0
21/09/2016;11;1.0
21/09/2016;13;0.939691874569542
21/09/2016;14;0.955622928766305
21/09/2016;15;0.923075343015251
21/09/2016;16;0.9547118980793171
21/09/2016;17;1.0
21/09/2016;18;0.9501446729787091
21/09/2016;19;0.8994165669350809
21/09/2016;20;0.96286779516006
21/09/2016;21;0.9734509323831999
21/09/2016;22;0.764080971987816
21/09/2016;23;0.933338402204684
21/09/2016;24;0.8472018293099379
21/09/2016;25;1.0
21/09/2016;26;0.989295290697039
21/09/2016;27;0.8092107903866941
21/09/2016;28;1.0
21/09/2016;29;0.985602802526593
22/09/2016;11;1.0
22/09/2016;13;0.8698619962167842
22/09/2016;14;0.937479509743129
22/09/2016;15;0.9072525244127969
22/09/2016;16;0.9670359613229829
22/09/2016;17;1.0
22/09/2016;18;0.928750807770409
22/09/2016;19;0.8642475887820649
22/09/2016;20;0.9623528298896991
22/09/2016;21;0.961481109869734
22/09/2016;22;0.782092048411114
22/09/2016;23;0.941537841435297
22/09/2016;24;1.0
22/09/2016;25;1.0
22/09/2016;26;0.969257120075464
22/09/2016;27;0.8611971093673191
22/09/2016;28;1.0
22/09/2016;29;0.9951152164012851
23/09/2016;11;0.866515351110848
23/09/2016;13;0.8813503952097
23/09/2016;14;0.9211957970659229
23/09/2016;15;0.937387150961699
23/09/2016;16;0.962250531002396
23/09/2016;17;0.981949010291058
23/09/2016;18;0.904578620132207
23/09/2016;19;0.9147055976317829
23/09/2016;20;0.941991798135697
23/09/2016;21;0.975222310826981
23/09/2016;22;0.812801047676107
23/09/2016;23;0.9807267620258578
23/09/2016;24;1.08829157214376
23/09/2016;25;1.0
23/09/2016;26;0.9748790098677959
23/09/2016;27;0.881823852708183
23/09/2016;28;1.0
23/09/2016;29;1.0
24/09/2016;11;0.565184238104928
24/09/2016;13;0.504571494347998
24/09/2016;14;0.797219346505015
24/09/2016;15;0.8692466765598191
24/09/2016;16;0.964047872340562
24/09/2016;17;0.9485479671164991
24/09/2016;18;0.6849769446779891
24/09/2016;19;0.8171265057786709
24/09/2016;20;0.870416805241854
24/09/2016;21;0.9357683315493771
24/09/2016;22;0.8229564375684258
24/09/2016;23;0.9175343684269041
24/09/2016;24;1.0
24/09/2016;25;1.0
24/09/2016;26;0.973468411157325
24/09/2016;27;0.8273071107444391
24/09/2016;28;1.0
24/09/2016;29;1.0
25/09/2016;11;0.521327424965304
25/09/2016;13;0.482342973729674
25/09/2016;14;0.907326689396101
25/09/2016;15;0.864724155142676
25/09/2016;16;0.9551307044757851
25/09/2016;17;0.9673966603581441
25/09/2016;18;0.657058262712427
25/09/2016;19;0.797339047553568
25/09/2016;20;0.7767812145168841
25/09/2016;21;0.8712790233076569
25/09/2016;22;0.773560706105091
25/09/2016;23;0.9426585637591239
25/09/2016;24;0.9390682261048878
25/09/2016;25;1.0
25/09/2016;26;1.0006708751464901
25/09/2016;27;1.2372831797241102
25/09/2016;28;1.0
25/09/2016;29;1.0
26/09/2016;11;0.7889510329138741
26/09/2016;13;0.8311997684460419
26/09/2016;14;0.9392747023494521
26/09/2016;15;0.9385896614697571
26/09/2016;16;0.9577239553171651
26/09/2016;17;1.0
26/09/2016;18;0.8737929676381669
26/09/2016;19;0.900614184695615
26/09/2016;20;0.961390652675112
26/09/2016;21;0.9537884268819978
26/09/2016;22;0.8461126836609109
26/09/2016;23;0.930528962410782
26/09/2016;24;0.9513132504901171
26/09/2016;25;1.0
26/09/2016;26;0.973975095539809
26/09/2016;27;1.35889487143379
26/09/2016;28;1.0
26/09/2016;29;1.0
27/09/2016;11;0.8989403084988851
27/09/2016;13;0.7226031173848559
27/09/2016;14;0.877080659052985
27/09/2016;15;0.867368260591639
27/09/2016;16;0.941400935567958
27/09/2016;17;1.0
27/09/2016;18;0.8793434224704442
27/09/2016;19;0.8745101654708521
27/09/2016;20;0.9461182757081391
27/09/2016;21;0.96949871843383
27/09/2016;22;0.8181763388999659
27/09/2016;23;0.941015841827513
27/09/2016;24;0.909953396549213
27/09/2016;25;1.0
27/09/2016;26;0.9606454861071841
27/09/2016;27;1.0
27/09/2016;28;1.0
27/09/2016;29;0.958093138832853
28/09/2016;11;0.7905554114618629
28/09/2016;13;0.7525423558922091
28/09/2016;14;0.8423087784506491
28/09/2016;15;0.895036658326328
28/09/2016;16;0.9730940051249771
28/09/2016;17;0.9781401272087221
28/09/2016;18;0.8896171984962141
28/09/2016;19;0.85932658539147
28/09/2016;20;0.9460671064561109
28/09/2016;21;0.9659369076486891
28/09/2016;22;0.790529307918874
28/09/2016;23;0.970715112115937
28/09/2016;24;0.9506265144744099
28/09/2016;25;1.0
28/09/2016;26;0.9587412352096351
28/09/2016;27;0.7273499767272571
28/09/2016;28;1.0
28/09/2016;29;0.984990290069695
29/09/2016;11;0.7486426732749009
29/09/2016;13;0.7574445577510749
29/09/2016;14;0.854359470054023
29/09/2016;15;0.899116052686692
29/09/2016;16;0.981323614195913
29/09/2016;17;0.953126465781323
29/09/2016;18;0.877967401777098
29/09/2016;19;0.7759794967214009
29/09/2016;20;0.9070504019170269
29/09/2016;21;0.979317705131463
29/09/2016;22;0.758138724960289
29/09/2016;23;0.940675705052562
29/09/2016;24;0.9549859582497909
29/09/2016;25;1.0
29/09/2016;26;0.971383755117145
29/09/2016;27;0.7291991878963159
29/09/2016;28;1.0
29/09/2016;29;0.9860581258521619
30/09/2016;11;0.5827720654924631
30/09/2016;13;0.658853486690988
30/09/2016;14;0.7808896535988741
30/09/2016;15;0.8311363413291409
30/09/2016;16;0.9235480712153199
30/09/2016;17;0.9741613096935401
30/09/2016;18;0.8027582269264899
30/09/2016;19;0.7783637346992079
30/09/2016;20;0.9055219319092029
30/09/2016;21;0.9738379839845441
30/09/2016;22;0.7323149429432879
30/09/2016;23;0.9235594372337941
30/09/2016;24;0.908358129952552
30/09/2016;25;1.0
30/09/2016;26;0.982278666539209
30/09/2016;27;0.737018257732539
30/09/2016;28;1.0
30/09/2016;29;0.966020169786107
01/10/2016;11;0.740101939148653
01/10/2016;13;0.607949608531365
01/10/2016;14;0.7962286952189108
01/10/2016;15;0.7476882832764591
01/10/2016;16;0.889338229384062
01/10/2016;17;0.956386924373254
01/10/2016;18;0.643571754255696
01/10/2016;19;0.8386543055761959
01/10/2016;20;0.8450771584882919
01/10/2016;21;0.8843036938697719
01/10/2016;22;0.42890034030384006
01/10/2016;23;0.928666305631859
01/10/2016;24;0.830042314709886
01/10/2016;25;1.0
01/10/2016;26;0.9760839046690859
01/10/2016;27;0.888883041184499
01/10/2016;28;1.0
01/10/2016;29;0.9864627718573991
02/10/2016;11;0.780941872388857
02/10/2016;13;0.6175563995880301
02/10/2016;14;0.827746922650687
02/10/2016;15;0.782681181597119
02/10/2016;16;0.932265648293529
02/10/2016;17;0.9096896238015391
02/10/2016;18;0.679985133035507
02/10/2016;19;0.868145865254427
02/10/2016;20;1.0
02/10/2016;21;0.8786571403813142
02/10/2016;22;0.36164100299835494
02/10/2016;23;0.9987476271922271
02/10/2016;24;0.80763854728694
02/10/2016;25;1.0
02/10/2016;26;0.9910399890071792
02/10/2016;27;0.9607680294340458
02/10/2016;28;1.0
02/10/2016;29;1.0
03/10/2016;11;0.8190050163015501
03/10/2016;13;0.7723651924986
03/10/2016;14;0.945453317827861
03/10/2016;15;0.9081310060607142
03/10/2016;16;0.954171544195485
03/10/2016;17;0.953873354587934
03/10/2016;18;0.8829427304141
03/10/2016;19;0.9446374593181491
03/10/2016;20;1.0
03/10/2016;21;0.972009321144928
03/10/2016;22;0.8752553488056929
03/10/2016;23;0.9860030888628242
03/10/2016;24;0.883071428520884
03/10/2016;25;1.0
03/10/2016;26;0.994449434996498
03/10/2016;27;0.959049618910871
03/10/2016;28;1.0
03/10/2016;29;1.0
04/10/2016;11;0.754917098421986
04/10/2016;13;0.772911841793632
04/10/2016;14;0.887197628688915
04/10/2016;15;0.888512962388383
04/10/2016;16;1.0
04/10/2016;17;0.9544253522895941
04/10/2016;18;0.928204464646264
04/10/2016;19;0.860906082134158
04/10/2016;20;0.9855539921793349
04/10/2016;21;1.0
04/10/2016;22;0.7548674897072379
04/10/2016;23;0.981250613636145
04/10/2016;24;1.0
04/10/2016;25;1.0
04/10/2016;26;0.9735265880673
04/10/2016;27;0.9039076937591679
04/10/2016;28;1.0
04/10/2016;29;1.0
05/10/2016;11;0.7181127842506221
05/10/2016;13;1.0
05/10/2016;14;0.885694403109854
05/10/2016;15;1.06135959271084
05/10/2016;16;1.1438742399403201
05/10/2016;17;0.906315018528818
05/10/2016;18;0.956913273060757
05/10/2016;19;0.8278160895586341
05/10/2016;20;0.9291602176265659
05/10/2016;21;1.04543476009443
05/10/2016;22;0.6531670584733821
05/10/2016;23;1.11693996560402
05/10/2016;24;1.07758138825595
05/10/2016;25;0.926531729271908
05/10/2016;26;0.972748760012545
05/10/2016;27;1.19613267591156
05/10/2016;28;1.0
05/10/2016;29;1.0
06/10/2016;11;1.38076495661566
06/10/2016;13;1.3361125797661
06/10/2016;14;1.29842140931471
06/10/2016;15;1.4190610652899098
06/10/2016;16;1.51535313070196
06/10/2016;17;1.15820870759371
06/10/2016;18;1.18333072377269
06/10/2016;19;1.1365226830627801
06/10/2016;20;1.2071108484818702
06/10/2016;21;1.18801204230775
06/10/2016;22;0.7667473262033091
06/10/2016;23;1.21823158738396
06/10/2016;24;1.2754276505917201
06/10/2016;25;0.95914610836311
06/10/2016;26;1.1451996015911399
06/10/2016;27;1.6332244810306298
06/10/2016;28;1.0
06/10/2016;29;0.975593872402002
07/10/2016;11;1.0
07/10/2016;13;1.6741595852037998
07/10/2016;14;1.6926191462598201
07/10/2016;15;1.61543947833474
07/10/2016;16;1.5988105119608402
07/10/2016;17;1.36158384364101
07/10/2016;18;1.49887763634729
07/10/2016;19;1.20917655358824
07/10/2016;20;1.70754611202405
07/10/2016;21;1.27271627164054
07/10/2016;22;1.0
07/10/2016;23;1.1888210985549599
07/10/2016;24;1.3741880082403002
07/10/2016;25;1.0
07/10/2016;26;1.0
07/10/2016;27;1.67501833324518
07/10/2016;28;1.0
07/10/2016;29;0.9654003754656891
08/10/2016;11;1.27970373430591
08/10/2016;13;1.7492781466638703
08/10/2016;14;1.82637850648251
08/10/2016;15;1.8783583930831
08/10/2016;16;1.5640423070824798
08/10/2016;17;1.07010997393775
08/10/2016;18;2.15715856757534
08/10/2016;19;1.49913505662303
08/10/2016;20;2.20312432002785
08/10/2016;21;1.45507711476559
08/10/2016;22;1.97241631209568
08/10/2016;23;1.13068016962369
08/10/2016;24;1.4304606515741398
08/10/2016;25;1.0
08/10/2016;26;1.0922319578044302
08/10/2016;27;1.73735609686454
08/10/2016;28;1.0
08/10/2016;29;0.949802438598523
09/10/2016;11;2.3257493342291404
09/10/2016;13;1.76541685722736
09/10/2016;14;2.08366508793484
09/10/2016;15;1.6006971030351103
09/10/2016;16;1.5806452832075502
09/10/2016;17;1.2015003466990701
09/10/2016;18;2.0260089172851203
09/10/2016;19;1.70643606353194
09/10/2016;20;1.0
09/10/2016;21;1.68297767534495
09/10/2016;22;1.0
09/10/2016;23;0.9495866909659891
09/10/2016;24;1.0
09/10/2016;25;0.872214062631421
09/10/2016;26;0.9999466978004781
09/10/2016;27;1.68328784063634
09/10/2016;28;0.7370436550593679
09/10/2016;29;0.927945876915607
10/10/2016;11;2.10913514503316
10/10/2016;13;1.7386782302436299
10/10/2016;14;1.6781548848123402
10/10/2016;15;1.31413268319606
10/10/2016;16;1.76646906429836
10/10/2016;17;1.7170148717584
10/10/2016;18;1.5375330562576202
10/10/2016;19;1.30146408096003
10/10/2016;20;1.2182653127494198
10/10/2016;21;1.1324651100215701
10/10/2016;22;1.0
10/10/2016;23;1.0611199941609302
10/10/2016;24;1.0
10/10/2016;25;0.965030712372384
10/10/2016;26;0.8787368898939849
10/10/2016;27;1.19927455691007
10/10/2016;28;0.873143524936632
10/10/2016;29;0.969271109782626
11/10/2016;11;2.03234909451141
11/10/2016;13;2.01750836962824
11/10/2016;14;1.68561491660914
11/10/2016;15;1.58434546336111
11/10/2016;16;2.10198683960934
11/10/2016;17;1.96880682795223
11/10/2016;18;1.90274129030731
11/10/2016;19;1.8134733944110102
11/10/2016;20;1.90213933794278
11/10/2016;21;1.35588223547329
11/10/2016;22;2.3469705129428
11/10/2016;23;1.15969167460957
11/10/2016;24;1.2194316288154599
11/10/2016;25;1.0
11/10/2016;26;1.1119313970354
11/10/2016;27;1.56451835047169
11/10/2016;28;0.971442074025338
11/10/2016;29;0.98076709973657
12/10/2016;11;2.12668372666097
12/10/2016;13;2.10361881362684
12/10/2016;14;1.90573316423731
12/10/2016;15;1.91143962075648
12/10/2016;16;2.02357413645291
12/10/2016;17;1.89249071011848
12/10/2016;18;1.88182495772462
12/10/2016;19;2.08975267119021
12/10/2016;20;2.23989975566088
12/10/2016;21;1.4719558313610699
12/10/2016;22;4.00837625918927
12/10/2016;23;1.1994871172688
12/10/2016;24;1.58304132904108
12/10/2016;25;1.0
12/10/2016;26;1.34330739245184
12/10/2016;27;1.9375956905104899
12/10/2016;28;1.0
12/10/2016;29;0.995507519235885
13/10/2016;11;2.29172016313002
13/10/2016;13;2.3502121249236296
13/10/2016;14;2.16541675498009
13/10/2016;15;2.02456357756967
13/10/2016;16;1.78892096634358
13/10/2016;17;2.0711685389982804
13/10/2016;18;1.8644802791815303
13/10/2016;19;1.89984408574596
13/10/2016;20;2.23544473268319
13/10/2016;21;1.5047858008270298
13/10/2016;22;3.30587321456878
13/10/2016;23;1.28336562336232
13/10/2016;24;1.6150454602140099
13/10/2016;25;0.9414211870047291
13/10/2016;26;1.3933237996346999
13/10/2016;27;1.83425650177697
13/10/2016;28;1.0
13/10/2016;29;0.975593872402002
14/10/2016;11;2.2075676869074
14/10/2016;13;2.1841451037815
14/10/2016;14;1.944044551712
14/10/2016;15;1.70527647257322
14/10/2016;16;1.4378772678005503
14/10/2016;17;2.28634257926493
14/10/2016;18;1.81425085098982
14/10/2016;19;1.0
14/10/2016;20;1.0
14/10/2016;21;1.0
14/10/2016;22;1.0
14/10/2016;23;1.14464306761188
14/10/2016;24;1.0
14/10/2016;25;0.8814796832157901
14/10/2016;26;1.0
14/10/2016;27;1.0
14/10/2016;28;0.9268251198178771
14/10/2016;29;0.884890279118976
15/10/2016;11;1.71582329789543
15/10/2016;13;2.18166813299284
15/10/2016;14;1.0
15/10/2016;15;1.0
15/10/2016;16;1.0
15/10/2016;17;1.0
15/10/2016;18;1.57389981824092
15/10/2016;19;0.675494025656651
15/10/2016;20;0.748355727767684
15/10/2016;21;0.9123794567352059
15/10/2016;22;0.32272548002011997
15/10/2016;23;0.841410757447492
15/10/2016;24;0.738030702881479
15/10/2016;25;0.769149184244428
15/10/2016;26;0.7539292958779911
15/10/2016;27;0.753581196466771
15/10/2016;28;0.837560073115136
15/10/2016;29;0.85651099060782
16/10/2016;11;1.16786502228773
16/10/2016;13;1.0
16/10/2016;14;0.746441838572767
16/10/2016;15;0.6229253868025479
16/10/2016;16;0.7540416000835178
16/10/2016;17;0.8329723389580709
16/10/2016;18;0.9564907449107769
16/10/2016;19;0.557883141174341
16/10/2016;20;0.572727587330076
16/10/2016;21;0.647430294837693
16/10/2016;22;0.132537843357024
16/10/2016;23;0.9481224254206779
16/10/2016;24;0.6861715171480779
16/10/2016;25;0.761272358121327
16/10/2016;26;0.676283297610434
16/10/2016;27;0.661357484928307
16/10/2016;28;0.7730707956955741
16/10/2016;29;0.8611645233763309
17/10/2016;11;1.05050304020356
17/10/2016;13;0.6845146091269689
17/10/2016;14;1.0
17/10/2016;15;0.866191076453356
17/10/2016;16;0.8775881143143259
17/10/2016;17;0.7164018829189642
17/10/2016;18;0.8184305316292879
17/10/2016;19;0.8082955955870971
17/10/2016;20;0.83435650596362
17/10/2016;21;0.9257959375750029
17/10/2016;22;0.48470069761621004
17/10/2016;23;0.915819950433999
17/10/2016;24;0.9088780407617909
17/10/2016;25;0.8096431107269241
17/10/2016;26;0.918775401720304
17/10/2016;27;1.0
17/10/2016;28;0.7897809693551842
17/10/2016;29;0.8482687790694681
18/10/2016;11;0.929359879901027
18/10/2016;13;0.679923371863925
18/10/2016;14;0.8315285970039108
18/10/2016;15;0.8085900695610649
18/10/2016;16;0.976569894636635
18/10/2016;17;0.663449859000895
18/10/2016;18;0.7210226064744342
18/10/2016;19;0.7451330023095959
18/10/2016;20;0.8314475941408059
18/10/2016;21;0.959767569306496
18/10/2016;22;0.554401529554835
18/10/2016;23;1.0
18/10/2016;24;1.0
18/10/2016;25;0.7777904497267091
18/10/2016;26;0.8542953677055749
18/10/2016;27;1.0474755634968
18/10/2016;28;0.7711612454512091
18/10/2016;29;0.800965166886908
19/10/2016;11;0.9098817311425501
19/10/2016;13;1.0
19/10/2016;14;0.698934765234572
19/10/2016;15;0.735432236785364
19/10/2016;16;0.878993490026086
19/10/2016;17;0.6589781958061021
19/10/2016;18;0.7654012314313801
19/10/2016;19;0.7947351628330479
19/10/2016;20;0.8025188067422
19/10/2016;21;0.950973451024698
19/10/2016;22;1.0
19/10/2016;23;1.02770140420009
19/10/2016;24;1.05632151590581
19/10/2016;25;0.829656417929096
19/10/2016;26;0.9092935583743019
19/10/2016;27;1.09804904126376
19/10/2016;28;0.81005669885435
19/10/2016;29;0.8396933529393521
20/10/2016;11;1.06802757802117
20/10/2016;13;1.0
20/10/2016;14;0.8252659726958491
20/10/2016;15;1.04302610327879
20/10/2016;16;1.1002780098118798
20/10/2016;17;0.8078448528188759
20/10/2016;18;1.0
20/10/2016;19;1.04499260694869
20/10/2016;20;0.8043102171503199
20/10/2016;21;0.9688622086019391
20/10/2016;22;1.0
20/10/2016;23;0.854434997668949
20/10/2016;24;1.0
20/10/2016;25;0.837246112714133
20/10/2016;26;0.9104444699686
20/10/2016;27;1.14307200325447
20/10/2016;28;0.886553428265413
20/10/2016;29;0.9461099980854591
21/10/2016;11;1.10096406690225
21/10/2016;13;1.09071428702559
21/10/2016;14;1.04976481071639
21/10/2016;15;1.143691277915
21/10/2016;16;1.4464385279868899
21/10/2016;17;0.8112728228104259
21/10/2016;18;1.05249192570491
21/10/2016;19;1.0
21/10/2016;20;1.0
21/10/2016;21;1.0
21/10/2016;22;1.01333133555565
21/10/2016;23;0.9708760137982378
21/10/2016;24;0.990004124954472
21/10/2016;25;0.9229666008558629
21/10/2016;26;0.835667238352527
21/10/2016;27;1.14609777397994
21/10/2016;28;0.9772689917154759
21/10/2016;29;0.971613915069644
22/10/2016;11;1.4049162502639898
22/10/2016;13;1.38623311848292
22/10/2016;14;1.3395175816123301
22/10/2016;15;1.3264274134374698
22/10/2016;16;1.29728322073927
22/10/2016;17;1.0074048007347298
22/10/2016;18;1.27308520579335
22/10/2016;19;1.1861955681012601
22/10/2016;20;1.4338485293741101
22/10/2016;21;1.2414733448239699
22/10/2016;22;1.42519140515755
22/10/2016;23;1.02425856225734
22/10/2016;24;1.08178715092626
22/10/2016;25;0.8749628511354691
22/10/2016;26;1.0
22/10/2016;27;1.17570427080616
22/10/2016;28;1.0
22/10/2016;29;0.860828964758226
23/10/2016;11;1.59543606559946
23/10/2016;13;1.5692144150008702
23/10/2016;14;1.48877422155141
23/10/2016;15;1.3166388828848201
23/10/2016;16;1.0
23/10/2016;17;1.65780956075259
23/10/2016;18;1.34266657117099
23/10/2016;19;1.3426250900237
23/10/2016;20;1.0
23/10/2016;21;1.0
23/10/2016;22;0.687645359620798
23/10/2016;23;0.9434863541166251
23/10/2016;24;1.0
23/10/2016;25;0.797536803579793
23/10/2016;26;0.8881791590747209
23/10/2016;27;1.15952054757498
23/10/2016;28;0.883108423430168
23/10/2016;29;0.8743612965154721
24/10/2016;11;1.32967471606272
24/10/2016;13;1.45619544669002
24/10/2016;14;1.38011070110751
24/10/2016;15;1.10267398493779
24/10/2016;16;0.995159396497058
24/10/2016;17;1.94866302654873
24/10/2016;18;1.30272644859589
24/10/2016;19;0.873828650944255
24/10/2016;20;0.7039101943638879
24/10/2016;21;1.0
24/10/2016;22;0.42021726892561706
24/10/2016;23;0.949689738517983
24/10/2016;24;0.83947963768389
24/10/2016;25;0.847763991098877
24/10/2016;26;0.798258483300228
24/10/2016;27;0.827352100079654
24/10/2016;28;0.8460279540631009
24/10/2016;29;0.8881755276236529
25/10/2016;11;1.0
25/10/2016;13;1.30025066389459
25/10/2016;14;1.1355545775307199
25/10/2016;15;0.9662776306041141
25/10/2016;16;0.975071265941453
25/10/2016;17;1.0
25/10/2016;18;1.23369190632167
25/10/2016;19;0.606925246508361
25/10/2016;20;0.762253417827269
25/10/2016;21;0.9676280028662181
25/10/2016;22;0.460585145806145
25/10/2016;23;0.842489392389748
25/10/2016;24;0.752757022283874
25/10/2016;25;0.8849181033581729
25/10/2016;26;0.7930362168166301
25/10/2016;27;0.6041191878018051
25/10/2016;28;0.9052921897836409
25/10/2016;29;0.884488626301854
26/10/2016;11;1.0709188994152201
26/10/2016;13;0.994129409130501
26/10/2016;14;0.8939504751620742
26/10/2016;15;0.7515328076293041
26/10/2016;16;0.860885700729124
26/10/2016;17;0.6743284589836129
26/10/2016;18;0.962628192565548
26/10/2016;19;0.604004041095099
26/10/2016;20;0.775451430178141
26/10/2016;21;0.863397726776728
26/10/2016;22;0.46452200568011
26/10/2016;23;0.8071798762870258
26/10/2016;24;0.7848729756633019
26/10/2016;25;0.901837250780302
26/10/2016;26;0.8068203065706341
26/10/2016;27;0.635511820419691
26/10/2016;28;0.953156852412989
26/10/2016;29;0.842712503932357
27/10/2016;11;0.9600504446578629
27/10/2016;13;0.6722896622686179
27/10/2016;14;0.75490990493378
27/10/2016;15;0.6042549165684871
27/10/2016;16;1.0
27/10/2016;17;0.718354044368104
27/10/2016;18;0.7901011672593901
27/10/2016;19;0.56023754181879
27/10/2016;20;0.7289373149856079
27/10/2016;21;0.8742942004774129
27/10/2016;22;0.42076370492526294
27/10/2016;23;0.816071575014527
27/10/2016;24;0.8544374109115229
27/10/2016;25;0.861148434415038
27/10/2016;26;0.7943943876014592
27/10/2016;27;1.0
27/10/2016;28;0.8428239180693821
27/10/2016;29;0.8227019845685429
28/10/2016;11;0.5747635489294219
28/10/2016;13;0.568403625373739
28/10/2016;14;0.84139718424974
28/10/2016;15;0.81268241642306
28/10/2016;16;1.02349448198027
28/10/2016;17;0.634212205810444
28/10/2016;18;0.7798307968300571
28/10/2016;19;0.6574883423130121
28/10/2016;20;1.0
28/10/2016;21;1.0
28/10/2016;22;1.0
28/10/2016;23;0.961440945615494
28/10/2016;24;1.11932609780683
28/10/2016;25;0.8462340401658559
28/10/2016;26;1.0
28/10/2016;27;1.3662384925226299
28/10/2016;28;1.1097103278832599
28/10/2016;29;0.8268184890870991
29/10/2016;11;0.523707449325599
29/10/2016;13;0.8319627985237199
29/10/2016;14;0.855893773173599
29/10/2016;15;0.9805235723292579
29/10/2016;16;0.998195504408668
29/10/2016;17;0.583573825647397
29/10/2016;18;1.0
29/10/2016;19;0.828145407660712
29/10/2016;20;1.0
29/10/2016;21;1.23871610764745
29/10/2016;22;1.29053917308328
29/10/2016;23;1.0475746634460898
29/10/2016;24;1.2209178419404498
29/10/2016;25;0.669652091390129
29/10/2016;26;1.16742827336571
29/10/2016;27;1.51943544800492
29/10/2016;28;1.22226605395329
29/10/2016;29;0.691070368693859
30/10/2016;11;0.7897083318852021
30/10/2016;13;1.13442972681542
30/10/2016;14;0.7967376302603191
30/10/2016;15;1.04555769001569
30/10/2016;16;0.8772146035494891
30/10/2016;17;0.5369614612191571
30/10/2016;18;0.9915187092399591
30/10/2016;19;0.845532225212308
30/10/2016;20;0.665077761934006
30/10/2016;21;1.17140547075606
30/10/2016;22;0.9252977890045021
30/10/2016;23;1.0
30/10/2016;24;0.9658081019710791
30/10/2016;25;0.6092790573735021
30/10/2016;26;1.1784473300144198
30/10/2016;27;1.29841720015202
30/10/2016;28;0.7928571850051691
30/10/2016;29;0.631667993684653
31/10/2016;11;0.8886825209225211
31/10/2016;13;1.22364348241407
31/10/2016;14;0.799826996047657
31/10/2016;15;1.0542923637464698
31/10/2016;16;0.8135732085662439
31/10/2016;17;0.702933427871141
31/10/2016;18;1.09389515472614
31/10/2016;19;0.8521375440719642
31/10/2016;20;0.650646157365833
31/10/2016;21;1.0670379829804302
31/10/2016;22;1.0
31/10/2016;23;1.0180897399842601
31/10/2016;24;1.0
31/10/2016;25;0.8429383977506391
31/10/2016;26;1.05201766413957
31/10/2016;27;1.1593149772157398
31/10/2016;28;0.752668025744972
31/10/2016;29;0.879170874763862
01/11/2016;11;0.956769096428665
01/11/2016;13;1.10401801131058
01/11/2016;14;0.911788526493414
01/11/2016;15;1.03310373437498
01/11/2016;16;1.0
01/11/2016;17;0.9718082376443191
01/11/2016;18;1.09133116457573
01/11/2016;19;1.01382976403393
01/11/2016;20;1.01487761804674
01/11/2016;21;1.07265755022328
01/11/2016;22;1.09430466733182
01/11/2016;23;1.05313452279688
01/11/2016;24;1.02192117131538
01/11/2016;25;1.07571328056941
01/11/2016;26;1.04076091373733
01/11/2016;27;1.1316748345796102
01/11/2016;28;0.8807223367866871
01/11/2016;29;0.956194332891154
02/11/2016;11;0.904693633476245
02/11/2016;13;0.9589953686271171
02/11/2016;14;0.959630541360745
02/11/2016;15;1.0
02/11/2016;16;1.09848551900232
02/11/2016;17;0.899888382121823
02/11/2016;18;1.0578487469930602
02/11/2016;19;0.933989682164679
02/11/2016;20;1.0
02/11/2016;21;1.0
02/11/2016;22;1.0
02/11/2016;23;1.04861698281096
02/11/2016;24;1.0
02/11/2016;25;1.0
02/11/2016;26;1.0821599449641601
02/11/2016;27;1.14828422116992
02/11/2016;28;0.910777509938107
02/11/2016;29;1.05608564826588
03/11/2016;11;1.0
03/11/2016;13;1.0
03/11/2016;14;0.9444644488603849
03/11/2016;15;1.04885412218624
03/11/2016;16;1.1848453989066798
03/11/2016;17;0.8121909505905209
03/11/2016;18;1.15173517725388
03/11/2016;19;0.7821781909501428
03/11/2016;20;0.818196089469662
03/11/2016;21;1.0
03/11/2016;22;0.8690652000440291
03/11/2016;23;0.8771749236106321
03/11/2016;24;0.951298278778149
03/11/2016;25;0.904579668794442
03/11/2016;26;1.0
03/11/2016;27;1.0
03/11/2016;28;0.9414120978511429
03/11/2016;29;0.962751681661029
04/11/2016;11;0.997337125227231
04/11/2016;13;1.1548196591407902
04/11/2016;14;1.0
04/11/2016;15;1.21083046859033
04/11/2016;16;1.27379361681535
04/11/2016;17;1.0
04/11/2016;18;1.22796478866753
04/11/2016;19;1.00624472686462
04/11/2016;20;1.0
04/11/2016;21;1.0213366646336
04/11/2016;22;1.0
04/11/2016;23;0.967993807694037
04/11/2016;24;1.0
04/11/2016;25;0.924150897360282
04/11/2016;26;1.0
04/11/2016;27;1.03482803773627
04/11/2016;28;0.9872157546709179
04/11/2016;29;0.921409386417064
05/11/2016;11;1.0649430727956402
05/11/2016;13;1.32691486649705
05/11/2016;14;1.1291581047260302
05/11/2016;15;1.3949047510534
05/11/2016;16;1.2340106496572099
05/11/2016;17;1.19444870071339
05/11/2016;18;1.4085925827477699
05/11/2016;19;1.16636805875671
05/11/2016;20;1.0
05/11/2016;21;1.0
05/11/2016;22;1.0
05/11/2016;23;0.967202308705236
05/11/2016;24;1.04889436439947
05/11/2016;25;0.93752227486852
05/11/2016;26;0.9970683119019871
05/11/2016;27;1.08345549333304
05/11/2016;28;0.990417277598763
05/11/2016;29;0.928558820038403
06/11/2016;11;1.08291315326064
06/11/2016;13;1.3877854160458702
06/11/2016;14;1.14314950740855
06/11/2016;15;1.25250841267025
06/11/2016;16;0.9799970579146309
06/11/2016;17;1.0
06/11/2016;18;1.31416743672152
06/11/2016;19;0.9113840874532491
06/11/2016;20;0.8157244103209871
06/11/2016;21;0.9123515971129259
06/11/2016;22;0.881785298205083
06/11/2016;23;0.863756998161905
06/11/2016;24;0.950693836293887
06/11/2016;25;0.9836076553062231
06/11/2016;26;0.938641938201188
06/11/2016;27;0.951365085296347
06/11/2016;28;0.9969402730862059
06/11/2016;29;0.9518446132877691
07/11/2016;11;1.1698438015111101
07/11/2016;13;1.31853097301822
07/11/2016;14;1.11207717312227
07/11/2016;15;1.13456979815334
07/11/2016;16;0.8703940910189879
07/11/2016;17;1.10417886046613
07/11/2016;18;1.11919456943445
07/11/2016;19;0.894687911458399
07/11/2016;20;1.0
07/11/2016;21;0.8950967844759781
07/11/2016;22;1.0
07/11/2016;23;0.849491414360275
07/11/2016;24;0.912996473436353
07/11/2016;25;0.915065628079923
07/11/2016;26;0.9123723970281209
07/11/2016;27;0.8409183798803459
07/11/2016;28;0.925949870017577
07/11/2016;29;0.879684093364675
08/11/2016;11;1.39361684846541
08/11/2016;13;1.3972295403771897
08/11/2016;14;1.22841326172118
08/11/2016;15;1.2261328068152602
08/11/2016;16;1.21763877283495
08/11/2016;17;1.23563998376469
08/11/2016;18;1.39378053954324
08/11/2016;19;1.06254819155834
08/11/2016;20;1.14912034009594
08/11/2016;21;1.0163872821900402
08/11/2016;22;1.10066406913146
08/11/2016;23;0.9761981517923051
08/11/2016;24;1.03691328012285
08/11/2016;25;1.0
08/11/2016;26;1.0
08/11/2016;27;1.0
08/11/2016;28;0.9011471992884108
08/11/2016;29;0.8147338361897801
09/11/2016;11;1.6061536860185501
09/11/2016;13;1.5892614501936102
09/11/2016;14;1.41282819215395
09/11/2016;15;1.30673587874492
09/11/2016;16;1.3767944331955502
09/11/2016;17;1.29595717798366
09/11/2016;18;1.43586878102456
09/11/2016;19;1.2824897038543102
09/11/2016;20;1.23670401173431
09/11/2016;21;1.11046643028607
09/11/2016;22;1.26475792125618
09/11/2016;23;1.00748464623023
09/11/2016;24;1.1825206717844599
09/11/2016;25;1.12155884608178
09/11/2016;26;1.06117209152083
09/11/2016;27;1.13616168297768
09/11/2016;28;1.09252519998213
09/11/2016;29;1.0
10/11/2016;11;1.6156716163975
10/11/2016;13;1.56015562348767
10/11/2016;14;1.3713530042143203
10/11/2016;15;1.32944680067351
10/11/2016;16;1.34366820464963
10/11/2016;17;1.3512571991627198
10/11/2016;18;1.35444761903121
10/11/2016;19;1.30622281067334
10/11/2016;20;1.20915908790601
10/11/2016;21;1.13043349110364
10/11/2016;22;1.26057153677676
10/11/2016;23;1.0401312406378
10/11/2016;24;1.22307486075689
10/11/2016;25;1.23394690442383
10/11/2016;26;1.14489779742577
10/11/2016;27;1.20414796615423
10/11/2016;28;1.22092767910443
10/11/2016;29;1.0
11/11/2016;11;1.4350510403312902
11/11/2016;13;1.34195904532503
11/11/2016;14;1.34683565222442
11/11/2016;15;1.28542380109092
11/11/2016;16;1.2201409990707
11/11/2016;17;1.3101951086086598
11/11/2016;18;1.46221138935108
11/11/2016;19;1.1511919867068001
11/11/2016;20;1.12179828838224
11/11/2016;21;1.16984873104227
11/11/2016;22;1.11954314103094
11/11/2016;23;0.98721546175377
11/11/2016;24;1.1861314110577599
11/11/2016;25;1.2279733366281698
11/11/2016;26;1.12177236252201
11/11/2016;27;1.16975744710793
11/11/2016;28;0.9954424214545359
11/11/2016;29;1.0
12/11/2016;11;1.39559945935047
12/11/2016;13;1.33559915521276
12/11/2016;14;1.28207648650095
12/11/2016;15;1.0
12/11/2016;16;1.18286222348491
12/11/2016;17;1.24819575539626
12/11/2016;18;1.34289585894135
12/11/2016;19;1.13127925491408
12/11/2016;20;1.19997363780586
12/11/2016;21;1.31418105227658
12/11/2016;22;1.20204476626281
12/11/2016;23;1.00988844548022
12/11/2016;24;1.30140595931016
12/11/2016;25;1.27064138066191
12/11/2016;26;1.0960225043970602
12/11/2016;27;1.2642975301461201
12/11/2016;28;1.0
12/11/2016;29;0.9721288103100709
13/11/2016;11;1.34936985664684
13/11/2016;13;1.39499825608742
13/11/2016;14;1.21746254105651
13/11/2016;15;1.20424259083241
13/11/2016;16;1.26347025049372
13/11/2016;17;1.26078598965304
13/11/2016;18;1.31156850541132
13/11/2016;19;1.3858643241631499
13/11/2016;20;1.3906309757216697
13/11/2016;21;1.35901559810276
13/11/2016;22;1.3864386697373998
13/11/2016;23;1.0990827159361898
13/11/2016;24;1.40062201265845
13/11/2016;25;1.44238431570027
13/11/2016;26;1.1788996197764
13/11/2016;27;1.3868501109527298
13/11/2016;28;1.07171021648627
13/11/2016;29;1.0148373673483
14/11/2016;11;1.29996245426058
14/11/2016;13;1.28377312498204
14/11/2016;14;1.19037392020688
14/11/2016;15;1.3339616250948798
14/11/2016;16;1.3539654121445501
14/11/2016;17;1.3642954862898897
14/11/2016;18;1.42667375707062
14/11/2016;19;1.43256836456387
14/11/2016;20;1.32583422870527
14/11/2016;21;1.18410119013755
14/11/2016;22;1.22421971672211
14/11/2016;23;1.1234089438086698
14/11/2016;24;1.26834565815368
14/11/2016;25;1.36260933863018
14/11/2016;26;1.2424024205798
14/11/2016;27;1.3000612833112601
14/11/2016;28;1.06778504587345
14/11/2016;29;1.21173897321889
15/11/2016;11;1.25726727213397
15/11/2016;13;1.26836640007178
15/11/2016;14;1.1497669708516298
15/11/2016;15;1.40487566893388
15/11/2016;16;1.5008937480837399
15/11/2016;17;1.44364249440894
15/11/2016;18;1.41730380509949
15/11/2016;19;1.3287173369287901
15/11/2016;20;1.18162119672901
15/11/2016;21;1.1790865763961
15/11/2016;22;1.10919207145576
15/11/2016;23;1.1085281960848798
15/11/2016;24;1.24536653229143
15/11/2016;25;1.3145315702150702
15/11/2016;26;1.23773485473364
15/11/2016;27;1.28411040596926
15/11/2016;28;0.8791844086432821
15/11/2016;29;1.20500075183575
16/11/2016;11;1.27187020764873
16/11/2016;13;1.3262017783721498
16/11/2016;14;1.1237774940353
16/11/2016;15;1.48533598860661
16/11/2016;16;1.4577836140849298
16/11/2016;17;1.34726573731002
16/11/2016;18;1.3780575044383
16/11/2016;19;1.35895427120913
16/11/2016;20;1.28149799300995
16/11/2016;21;1.25931615582499
16/11/2016;22;1.22863684376905
16/11/2016;23;1.1656642209434498
16/11/2016;24;1.21945257004588
16/11/2016;25;1.21068271696028
16/11/2016;26;1.2249194696736
16/11/2016;27;1.217203230757
16/11/2016;28;0.833268555422498
16/11/2016;29;0.9814161191389251
17/11/2016;11;1.33746313574074
17/11/2016;13;1.26311052986731
17/11/2016;14;1.0819421665542701
17/11/2016;15;1.29617238593633
17/11/2016;16;1.2171216279962
17/11/2016;17;1.15003688728208
17/11/2016;18;1.27108121196087
17/11/2016;19;1.35972401707425
17/11/2016;20;1.27183949726529
17/11/2016;21;1.19425726115733
17/11/2016;22;1.18651960582202
17/11/2016;23;1.16134628950487
17/11/2016;24;1.08720259002048
17/11/2016;25;1.22045594802456
17/11/2016;26;1.21290079010795
17/11/2016;27;1.10523390683033
17/11/2016;28;0.8581914801504591
17/11/2016;29;0.9302844965614671
18/11/2016;11;1.1829165270468
18/11/2016;13;1.10007803053815
18/11/2016;14;1.0469706685858902
18/11/2016;15;1.0
18/11/2016;16;1.0
18/11/2016;17;1.02812533703784
18/11/2016;18;1.09923322777625
18/11/2016;19;1.0
18/11/2016;20;1.0
18/11/2016;21;0.942427453822265
18/11/2016;22;0.96759912899283
18/11/2016;23;1.0
18/11/2016;24;0.911838216602302
18/11/2016;25;0.9676256503224641
18/11/2016;26;1.1539649811848
18/11/2016;27;1.0
18/11/2016;28;0.784933209719538
18/11/2016;29;0.9448256848286
19/11/2016;11;0.9439011574815931
19/11/2016;13;1.03039106016133
19/11/2016;14;0.9418859332677141
19/11/2016;15;0.892146464963705
19/11/2016;16;0.8718589931341391
19/11/2016;17;0.9424571507024421
19/11/2016;18;1.0
19/11/2016;19;0.823527992673056
19/11/2016;20;0.7603670741823519
19/11/2016;21;0.746901118584803
19/11/2016;22;0.7536285883033159
19/11/2016;23;0.9246368454858058
19/11/2016;24;0.776404465788027
19/11/2016;25;0.715841080889351
19/11/2016;26;0.9352212199350829
19/11/2016;27;0.920586099904509
19/11/2016;28;0.7407410351819129
19/11/2016;29;0.8205632756499359
20/11/2016;11;1.0
20/11/2016;13;1.0390339447428
20/11/2016;14;0.888923815718803
20/11/2016;15;0.8772209429197009
20/11/2016;16;0.7836210825517289
20/11/2016;17;0.864640402780649
20/11/2016;18;1.01633462144069
20/11/2016;19;0.729043740809685
20/11/2016;20;0.6803514674657459
20/11/2016;21;0.73612076093349
20/11/2016;22;0.705514723035395
20/11/2016;23;0.907181969060921
20/11/2016;24;0.786958453541297
20/11/2016;25;0.7116992818339309
20/11/2016;26;0.839661569599739
20/11/2016;27;0.89813279276685
20/11/2016;28;0.737856824242974
20/11/2016;29;0.876915977172986
21/11/2016;11;0.978209881774604
21/11/2016;13;0.9780220114014541
21/11/2016;14;0.86974491831092
21/11/2016;15;0.8346345012097991
21/11/2016;16;0.800062875017908
21/11/2016;17;0.8379551410160121
21/11/2016;18;0.9542453710705949
21/11/2016;19;0.73202977853167
21/11/2016;20;0.744410679479179
21/11/2016;21;0.8273151038501209
21/11/2016;22;0.78450269756588
21/11/2016;23;0.9595737517742281
21/11/2016;24;0.8590827138134169
21/11/2016;25;0.7704866247132641
21/11/2016;26;0.8909597241520161
21/11/2016;27;0.939170238341933
21/11/2016;28;0.79304998632589
21/11/2016;29;1.0
22/11/2016;11;0.8808127186260011
22/11/2016;13;0.870515443787466
22/11/2016;14;0.772431257782619
22/11/2016;15;0.710422403816545
22/11/2016;16;0.7257494281165201
22/11/2016;17;0.7566875646115409
22/11/2016;18;0.8257094820874008
22/11/2016;19;0.721888865085621
22/11/2016;20;0.769354099131646
22/11/2016;21;0.844193226025989
22/11/2016;22;0.7886989005262671
22/11/2016;23;0.9921011425889321
22/11/2016;24;0.836175017439114
22/11/2016;25;0.769536309263482
22/11/2016;26;0.860249502007804
22/11/2016;27;0.9647800683553149
22/11/2016;28;0.7973404133189592
22/11/2016;29;1.03897738270081
23/11/2016;11;0.7643984385608441
23/11/2016;13;0.718784775427921
23/11/2016;14;0.751410033884144
23/11/2016;15;0.634373947412452
23/11/2016;16;0.6908236593674859
23/11/2016;17;0.686926316235479
23/11/2016;18;0.7199284442752341
23/11/2016;19;0.7733146794221641
23/11/2016;20;0.8353601610181389
23/11/2016;21;0.836601736180456
23/11/2016;22;0.705516723987279
23/11/2016;23;0.978029325587794
23/11/2016;24;0.789064696134713
23/11/2016;25;0.7449542692502809
23/11/2016;26;0.8271851878834179
23/11/2016;27;0.8904121587333241
23/11/2016;28;0.768788722336577
23/11/2016;29;1.0
24/11/2016;11;0.652091229229063
24/11/2016;13;0.627393666796409
24/11/2016;14;0.7714235906759991
24/11/2016;15;0.612257861778809
24/11/2016;16;0.7101201919611959
24/11/2016;17;0.6767371934126981
24/11/2016;18;0.7149289099116141
24/11/2016;19;0.8930543935817459
24/11/2016;20;0.8919940289975101
24/11/2016;21;0.788523720311513
24/11/2016;22;0.6795129490678449
24/11/2016;23;0.93980870721566
24/11/2016;24;0.7792424266558041
24/11/2016;25;0.7102529769542679
24/11/2016;26;0.8212348326019571
24/11/2016;27;0.839048534647256
24/11/2016;28;0.73500135183039
24/11/2016;29;0.9453888575517221
25/11/2016;11;0.580706414830726
25/11/2016;13;0.6008857539088029
25/11/2016;14;0.7937776322943041
25/11/2016;15;0.6138221170921999
25/11/2016;16;0.661967210534167
25/11/2016;17;0.7152112817415509
25/11/2016;18;0.6646111380810771
25/11/2016;19;0.874147419681317
25/11/2016;20;0.8240444788599258
25/11/2016;21;0.773577846996405
25/11/2016;22;0.7075198915678179
25/11/2016;23;0.913469069552639
25/11/2016;24;0.794483544114124
25/11/2016;25;0.692467824782819
25/11/2016;26;0.842206420010902
25/11/2016;27;0.8225100332953149
25/11/2016;28;0.720879808553867
25/11/2016;29;0.748497581962601
26/11/2016;11;0.5626431932306201
26/11/2016;13;0.535464127365052
26/11/2016;14;0.7724466350414559
26/11/2016;15;0.6092767418751
26/11/2016;16;0.664737872250987
26/11/2016;17;0.808819535340772
26/11/2016;18;0.534243507635027
26/11/2016;19;0.7419922323403231
26/11/2016;20;0.7966292921767192
26/11/2016;21;0.709794509614928
26/11/2016;22;0.8284099823170319
26/11/2016;23;0.918029342641211
26/11/2016;24;0.769266683290885
26/11/2016;25;0.790575492842363
26/11/2016;26;0.8221405484769079
26/11/2016;27;0.783050482108645
26/11/2016;28;0.704815019771305
26/11/2016;29;0.7718943200907791
27/11/2016;11;0.7011173359373979
27/11/2016;13;0.700556782370906
27/11/2016;14;0.7405296314607359
27/11/2016;15;0.686000846471182
27/11/2016;16;0.7093312658443759
27/11/2016;17;0.80646281044777
27/11/2016;18;0.599129385105327
27/11/2016;19;0.863131206531268
27/11/2016;20;1.0
27/11/2016;21;0.788357510255335
27/11/2016;22;1.0
27/11/2016;23;0.917476541860783
27/11/2016;24;0.795821513437563
27/11/2016;25;0.931890177839487
27/11/2016;26;0.826744630707227
27/11/2016;27;0.837532660605828
27/11/2016;28;0.645752662869771
27/11/2016;29;0.8657555349083729
28/11/2016;11;0.792839193898442
28/11/2016;13;0.820762203142047
28/11/2016;14;0.8030223883475329
28/11/2016;15;0.7762750907801349
28/11/2016;16;0.8569272313708851
28/11/2016;17;0.831652852386278
28/11/2016;18;0.8016609985950799
28/11/2016;19;0.9356152832744251
28/11/2016;20;1.0
28/11/2016;21;0.889368990813968
28/11/2016;22;1.0633114748958699
28/11/2016;23;0.9344221700865559
28/11/2016;24;0.8637218248693629
28/11/2016;25;1.0
28/11/2016;26;0.8948828511814441
28/11/2016;27;0.9454595532998121
28/11/2016;28;0.823338693797193
28/11/2016;29;0.924151829028389
29/11/2016;11;0.877911141804871
29/11/2016;13;0.879567974219217
29/11/2016;14;1.0
29/11/2016;15;1.0
29/11/2016;16;1.1389621948601698
29/11/2016;17;1.02284564472402
29/11/2016;18;1.01905370775931
29/11/2016;19;1.0
29/11/2016;20;1.03072502963098
29/11/2016;21;1.00410338479287
29/11/2016;22;1.1275974074023798
29/11/2016;23;1.0199634987244202
29/11/2016;24;1.09190453147798
29/11/2016;25;1.16727690635906
29/11/2016;26;1.09150160399037
29/11/2016;27;1.1281865213903999
29/11/2016;28;1.0
29/11/2016;29;1.0
30/11/2016;11;1.01755709224397
30/11/2016;13;1.05673765564199
30/11/2016;14;1.0418114972574
30/11/2016;15;1.23524579552008
30/11/2016;16;1.22668084999796
30/11/2016;17;1.13068306940374
30/11/2016;18;1.15724156834541
30/11/2016;19;1.18248832590023
30/11/2016;20;1.20010116193054
30/11/2016;21;1.1492336299481498
30/11/2016;22;1.2146227582051299
30/11/2016;23;1.1341236100646201
30/11/2016;24;1.3550177569473298
30/11/2016;25;1.33519630125521
30/11/2016;26;1.3225066717621599
30/11/2016;27;1.3799034076675099
30/11/2016;28;1.1676623345751398
30/11/2016;29;1.13505896549369
01/12/2016;11;0.9931414881029029
01/12/2016;13;1.06664824229084
01/12/2016;14;1.03791805477032
01/12/2016;15;1.2400153956481799
01/12/2016;16;1.1339006788955401
01/12/2016;17;1.0
01/12/2016;18;1.13708098350249
01/12/2016;19;1.2364001491923202
01/12/2016;20;1.1963143988931202
01/12/2016;21;1.0
01/12/2016;22;1.2537014338587902
01/12/2016;23;1.18123667504312
01/12/2016;24;1.26258107142077
01/12/2016;25;1.2387683728841399
01/12/2016;26;1.1821579566741
01/12/2016;27;1.32260310981245
01/12/2016;28;1.2215672397031898
01/12/2016;29;1.1465591983441001
02/12/2016;11;0.855145971208463
02/12/2016;13;0.892087705571885
02/12/2016;14;0.976303869807187
02/12/2016;15;1.10997871824422
02/12/2016;16;1.06864896772078
02/12/2016;17;0.922488588608334
02/12/2016;18;1.05922709601363
02/12/2016;19;1.21752107036025
02/12/2016;20;1.17794673593076
02/12/2016;21;1.0
02/12/2016;22;1.18107459778215
02/12/2016;23;1.1720845755299099
02/12/2016;24;1.11682271711384
02/12/2016;25;1.25479034710171
02/12/2016;26;1.1761116075450602
02/12/2016;27;1.18837252898503
02/12/2016;28;1.12686922135854
02/12/2016;29;1.14241901139811
03/12/2016;11;0.8242463122914809
03/12/2016;13;0.8669008072743491
03/12/2016;14;1.0
03/12/2016;15;0.9662523660043231
03/12/2016;16;0.995919164614294
03/12/2016;17;1.0
03/12/2016;18;1.02713620674824
03/12/2016;19;1.04169078816301
03/12/2016;20;0.9668332520500571
03/12/2016;21;1.05194048802174
03/12/2016;22;1.0
03/12/2016;23;1.0
03/12/2016;24;1.0
03/12/2016;25;1.14605505173285
03/12/2016;26;1.20077584773955
03/12/2016;27;1.06804253031642
03/12/2016;28;1.04364808735872
03/12/2016;29;1.08629616846295
04/12/2016;11;0.8327830364166801
04/12/2016;13;0.872904594534072
04/12/2016;14;0.94369903698489
04/12/2016;15;0.914217093039387
04/12/2016;16;0.963848772136607
04/12/2016;17;1.03948160145366
04/12/2016;18;0.925528970006299
04/12/2016;19;0.953800201330266
04/12/2016;20;0.9187646800732249
04/12/2016;21;1.0
04/12/2016;22;0.9288738580291009
04/12/2016;23;1.0
04/12/2016;24;0.9648869864831991
04/12/2016;25;0.9897969808825071
04/12/2016;26;1.09961008209795
04/12/2016;27;1.04039528775349
04/12/2016;28;0.9978674538770121
04/12/2016;29;1.08460122963113
05/12/2016;11;0.839548176504933
05/12/2016;13;0.9014910019153829
05/12/2016;14;0.914981100248187
05/12/2016;15;0.919514023190194
05/12/2016;16;0.9258054156815221
05/12/2016;17;1.03964073132629
05/12/2016;18;0.865582393172453
05/12/2016;19;0.8786933291628559
05/12/2016;20;0.9180542659365959
05/12/2016;21;0.97897421023995
05/12/2016;22;0.891289075120984
05/12/2016;23;1.01600015307266
05/12/2016;24;1.0
05/12/2016;25;0.934459679761691
05/12/2016;26;1.09342340212387
05/12/2016;27;1.05178326487758
05/12/2016;28;0.9430562327838442
05/12/2016;29;1.0
06/12/2016;11;1.0
06/12/2016;13;0.934468387548967
06/12/2016;14;1.0
06/12/2016;15;1.0
06/12/2016;16;0.9441769390348249
06/12/2016;17;1.0
06/12/2016;18;0.866951293994523
06/12/2016;19;0.949863708857588
06/12/2016;20;0.926466942921202
06/12/2016;21;1.0008409545382901
06/12/2016;22;0.931350621900011
06/12/2016;23;1.05968658883087
06/12/2016;24;1.02582921175375
06/12/2016;25;1.0
06/12/2016;26;1.1257379613518301
06/12/2016;27;1.0796973605770799
06/12/2016;28;0.955573376160309
06/12/2016;29;0.993563897230805
07/12/2016;11;0.9579742391623449
07/12/2016;13;1.0
07/12/2016;14;1.0151538173377401
07/12/2016;15;1.00633134826803
07/12/2016;16;1.02412205787635
07/12/2016;17;0.940595118418428
07/12/2016;18;1.00428543665468
07/12/2016;19;0.914301429166923
07/12/2016;20;0.989271848469384
07/12/2016;21;1.01731795891042
07/12/2016;22;0.9776319193015021
07/12/2016;23;1.0
07/12/2016;24;1.0
07/12/2016;25;0.959109658345328
07/12/2016;26;1.0
07/12/2016;27;1.05928832718395
07/12/2016;28;0.9731616313979701
07/12/2016;29;0.96052565655691
08/12/2016;11;1.01315022089407
08/12/2016;13;1.0731394442720001
08/12/2016;14;1.01645695357517
08/12/2016;15;1.10345691251355
08/12/2016;16;1.06147608835677
08/12/2016;17;0.9563736239292849
08/12/2016;18;1.1263736440863101
08/12/2016;19;1.0
08/12/2016;20;1.02149431937842
08/12/2016;21;1.1041724816246699
08/12/2016;22;1.02667503663054
08/12/2016;23;1.02951825947984
08/12/2016;24;1.0338892945909202
08/12/2016;25;1.0
08/12/2016;26;1.0
08/12/2016;27;1.06887086912836
08/12/2016;28;0.9821742211032529
08/12/2016;29;0.954960707350211
09/12/2016;11;0.996734341677167
09/12/2016;13;1.13549458880231
09/12/2016;14;1.03215174491203
09/12/2016;15;1.2018803319868798
09/12/2016;16;1.0
09/12/2016;17;1.00933713770222
09/12/2016;18;1.22729832941247
09/12/2016;19;1.19263443304582
09/12/2016;20;1.10178429285462
09/12/2016;21;1.2073871031718502
09/12/2016;22;1.08876668403283
09/12/2016;23;1.14967098009863
09/12/2016;24;1.0
09/12/2016;25;1.0623124143854399
09/12/2016;26;1.14157148613878
09/12/2016;27;1.09005649481159
09/12/2016;28;0.9631758324587459
09/12/2016;29;0.9631676463837969
10/12/2016;11;0.9722753434375171
10/12/2016;13;1.14692039630198
10/12/2016;14;0.987908968776111
10/12/2016;15;1.25169819119062
10/12/2016;16;1.03624804270321
10/12/2016;17;0.9491638268263342
10/12/2016;18;1.2796445901593798
10/12/2016;19;1.12651318127378
10/12/2016;20;1.1163671003855502
10/12/2016;21;1.21208982746036
10/12/2016;22;1.0514786959570899
10/12/2016;23;1.1682522939903202
10/12/2016;24;0.9293428710888421
10/12/2016;25;1.0977009230089398
10/12/2016;26;1.20306782962206
10/12/2016;27;0.996144982652182
10/12/2016;28;1.0
10/12/2016;29;1.0
11/12/2016;11;0.9504810646066489
11/12/2016;13;1.07708951142405
11/12/2016;14;0.9616629795938342
11/12/2016;15;1.23641924108822
11/12/2016;16;1.12543983885972
11/12/2016;17;0.818163877540251
11/12/2016;18;1.1827985786476698
11/12/2016;19;0.9889195834660709
11/12/2016;20;1.0
11/12/2016;21;1.2331972365907
11/12/2016;22;0.989440286064872
11/12/2016;23;1.15695732329064
11/12/2016;24;0.909043824108144
11/12/2016;25;1.0892919850373801
11/12/2016;26;1.14011547958221
11/12/2016;27;0.9479765427271801
11/12/2016;28;1.0
11/12/2016;29;1.04872876164393
12/12/2016;11;1.10034107963905
12/12/2016;13;1.01194892006954
12/12/2016;14;0.9167153213397691
12/12/2016;15;1.0
12/12/2016;16;1.0
12/12/2016;17;0.8036702903565369
12/12/2016;18;1.0
12/12/2016;19;0.8801595466539921
12/12/2016;20;0.9008975180322478
12/12/2016;21;1.11788859784262
12/12/2016;22;0.9135163230037271
12/12/2016;23;1.0
12/12/2016;24;0.9313640322322572
12/12/2016;25;0.993089632371846
12/12/2016;26;1.08804756343632
12/12/2016;27;0.927407852395121
12/12/2016;28;0.9694080772518441
12/12/2016;29;1.0
13/12/2016;11;1.1879402362752198
13/12/2016;13;1.01384970898622
13/12/2016;14;0.9028101834209609
13/12/2016;15;1.02112169235321
13/12/2016;16;0.892151657117081
13/12/2016;17;0.8450238414288791
13/12/2016;18;1.07104780186681
13/12/2016;19;1.0
13/12/2016;20;0.8973074708283689
13/12/2016;21;1.0104723657258001
13/12/2016;22;0.924100422858784
13/12/2016;23;1.0
13/12/2016;24;0.9663555675596641
13/12/2016;25;0.9216749311932321
13/12/2016;26;0.9999804072890401
13/12/2016;27;0.9421358762337041
13/12/2016;28;0.977916476499593
13/12/2016;29;0.9782463713575942
14/12/2016;11;1.2075314369410801
14/12/2016;13;1.04360681729575
14/12/2016;14;0.9334560285245471
14/12/2016;15;1.0
14/12/2016;16;1.0
14/12/2016;17;0.88044290709812
14/12/2016;18;1.15496129412034
14/12/2016;19;1.14556419101387
14/12/2016;20;1.00772802810374
14/12/2016;21;1.0221404280508002
14/12/2016;22;1.00509021034308
14/12/2016;23;1.06306751599206
14/12/2016;24;1.00339955546182
14/12/2016;25;1.00563054056029
14/12/2016;26;1.03292059714078
14/12/2016;27;1.03404095000021
14/12/2016;28;1.01582445868019
14/12/2016;29;1.0
15/12/2016;11;1.18242957042791
15/12/2016;13;1.0499580371323398
15/12/2016;14;0.9505187076065891
15/12/2016;15;1.02114465930112
15/12/2016;16;0.9944296287751729
15/12/2016;17;0.9001695194367141
15/12/2016;18;1.18723208663756
15/12/2016;19;1.14112484773773
15/12/2016;20;1.0
15/12/2016;21;1.06726119200225
15/12/2016;22;1.0
15/12/2016;23;1.1075708846441998
15/12/2016;24;1.03310829384447
15/12/2016;25;1.10115636013833
15/12/2016;26;1.0
15/12/2016;27;1.09608648363849
15/12/2016;28;1.0
15/12/2016;29;1.0
16/12/2016;11;1.15295147736399
16/12/2016;13;1.0
16/12/2016;14;1.0
16/12/2016;15;1.0335665902464999
16/12/2016;16;1.03929400031812
16/12/2016;17;1.0
16/12/2016;18;1.1086107001311398
16/12/2016;19;1.07459954765794
16/12/2016;20;1.01307364531573
16/12/2016;21;1.0601224001770402
16/12/2016;22;1.0225619055676
16/12/2016;23;1.0629874517895301
16/12/2016;24;1.0289715252501
16/12/2016;25;1.11807275364693
16/12/2016;26;1.0792296764043499
16/12/2016;27;1.08416320952627
16/12/2016;28;1.0
16/12/2016;29;0.995826643562626
17/12/2016;11;1.0
17/12/2016;13;1.07552644715749
17/12/2016;14;1.02534744303205
17/12/2016;15;1.0532168879172499
17/12/2016;16;1.0
17/12/2016;17;1.04318350429354
17/12/2016;18;1.03291450169653
17/12/2016;19;1.0
17/12/2016;20;1.0
17/12/2016;21;1.0124954991025898
17/12/2016;22;1.07281715870039
17/12/2016;23;1.0
17/12/2016;24;1.03071190299355
17/12/2016;25;1.0722441416269701
17/12/2016;26;1.27320612348726
17/12/2016;27;1.08807986799918
17/12/2016;28;1.06310321474183
17/12/2016;29;0.9731702244882678
18/12/2016;11;1.01873707931135
18/12/2016;13;1.13481347860216
18/12/2016;14;1.02289922532197
18/12/2016;15;1.17691834721544
18/12/2016;16;1.0
18/12/2016;17;0.999334682881934
18/12/2016;18;1.2105128004766599
18/12/2016;19;1.0
18/12/2016;20;1.0
18/12/2016;21;1.03517546715709
18/12/2016;22;1.07604373187321
18/12/2016;23;1.01897976215314
18/12/2016;24;1.04828544482732
18/12/2016;25;1.09250904338419
18/12/2016;26;1.25501961341698
18/12/2016;27;1.09487060929932
18/12/2016;28;1.05939352573223
18/12/2016;29;0.994245649598884
19/12/2016;11;1.07148008299852
19/12/2016;13;1.07042648588292
19/12/2016;14;0.947524430085247
19/12/2016;15;1.1315805997096
19/12/2016;16;1.02063188801591
19/12/2016;17;1.04789819801651
19/12/2016;18;1.21651439628232
19/12/2016;19;1.04910122796372
19/12/2016;20;1.06397560151549
19/12/2016;21;1.07496084823029
19/12/2016;22;1.0
19/12/2016;23;1.07265621947841
19/12/2016;24;1.0587874063002098
19/12/2016;25;1.08899295161826
19/12/2016;26;1.11958595737391
19/12/2016;27;1.05220244319685
19/12/2016;28;1.03979683121874
19/12/2016;29;0.971885982607499
20/12/2016;11;0.919130307163522
20/12/2016;13;0.961687048393611
20/12/2016;14;0.897792761601448
20/12/2016;15;0.9038021304115799
20/12/2016;16;0.9658602214516909
20/12/2016;17;1.08121139698655
20/12/2016;18;0.9943296339781609
20/12/2016;19;0.963814166946246
20/12/2016;20;0.9986057479692858
20/12/2016;21;1.0
20/12/2016;22;0.920360781404934
20/12/2016;23;1.0
20/12/2016;24;1.0
20/12/2016;25;0.972620798184555
20/12/2016;26;1.0
20/12/2016;27;0.9866361622215941
20/12/2016;28;0.9897322389086729
20/12/2016;29;0.92186960956631
21/12/2016;11;0.7704699553795591
21/12/2016;13;0.81067003735786
21/12/2016;14;0.8979936871025251
21/12/2016;15;0.763634266766015
21/12/2016;16;0.9099669119374371
21/12/2016;17;1.0
21/12/2016;18;0.7545811797163381
21/12/2016;19;0.757516797794607
21/12/2016;20;0.8207142536870329
21/12/2016;21;0.85880356621932
21/12/2016;22;0.836023167691299
21/12/2016;23;0.9272917144845649
21/12/2016;24;0.9012757895300729
21/12/2016;25;0.869129734532798
21/12/2016;26;0.876487867082773
21/12/2016;27;0.8759887477739391
21/12/2016;28;0.8885622632827209
21/12/2016;29;0.89754539453793
22/12/2016;11;0.7276271437763729
22/12/2016;13;0.827123597880914
22/12/2016;14;0.9004091678547159
22/12/2016;15;0.8160770324805608
22/12/2016;16;0.88767009881224
22/12/2016;17;0.908256876042897
22/12/2016;18;0.748146322413221
22/12/2016;19;1.0
22/12/2016;20;1.0
22/12/2016;21;1.0
22/12/2016;22;1.0
22/12/2016;23;0.9220666467209591
22/12/2016;24;0.9110370444765631
22/12/2016;25;1.0
22/12/2016;26;1.00459351772334
22/12/2016;27;1.0
22/12/2016;28;0.9006849274759751
22/12/2016;29;0.98903491485883
23/12/2016;11;0.8098279656134041
23/12/2016;13;1.0
23/12/2016;14;0.927038025934508
23/12/2016;15;0.9022683436035269
23/12/2016;16;0.830155482666053
23/12/2016;17;0.902726783578152
23/12/2016;18;0.8101898691416809
23/12/2016;19;1.0757821712087199
23/12/2016;20;1.06836066311861
23/12/2016;21;1.03503933910957
23/12/2016;22;1.0908960773599499
23/12/2016;23;1.03026155724325
23/12/2016;24;1.01787887964877
23/12/2016;25;1.02840552506318
23/12/2016;26;1.12031470428721
23/12/2016;27;1.07326831401572
23/12/2016;28;1.0
23/12/2016;29;1.0
24/12/2016;11;0.8818303548602461
24/12/2016;13;1.0376503824124799
24/12/2016;14;1.0
24/12/2016;15;1.0
24/12/2016;16;1.0
24/12/2016;17;1.01427366431477
24/12/2016;18;0.796450690867806
24/12/2016;19;1.2279746754998402
24/12/2016;20;1.12492801767543
24/12/2016;21;1.1397694021920601
24/12/2016;22;1.13171271252545
24/12/2016;23;1.0
24/12/2016;24;1.0
24/12/2016;25;1.0826555059899001
24/12/2016;26;1.09238757068399
24/12/2016;27;1.08461273204348
24/12/2016;28;1.0517746130253
24/12/2016;29;1.06191565738526
25/12/2016;11;0.9266326522080072
25/12/2016;13;1.07143128642932
25/12/2016;14;0.995079971208416
25/12/2016;15;1.0
25/12/2016;16;1.0255808850114598
25/12/2016;17;1.04671850382486
25/12/2016;18;1.0
25/12/2016;19;1.2912057664823302
25/12/2016;20;1.14823656632222
25/12/2016;21;1.2189763698428702
25/12/2016;22;1.1487983102043
25/12/2016;23;1.03548850520084
25/12/2016;24;1.0
25/12/2016;25;1.09708195275129
25/12/2016;26;1.13315610221994
25/12/2016;27;1.05057230923902
25/12/2016;28;1.0
25/12/2016;29;1.03351454046776
26/12/2016;11;0.816132502078405
26/12/2016;13;1.0
26/12/2016;14;0.892164214589845
26/12/2016;15;0.990200513574565
26/12/2016;16;1.0
26/12/2016;17;0.9704442023177199
26/12/2016;18;0.961143938818121
26/12/2016;19;1.21077369517743
26/12/2016;20;1.10025441818204
26/12/2016;21;1.0
26/12/2016;22;1.09629184426413
26/12/2016;23;1.07771375681234
26/12/2016;24;0.9140480152433861
26/12/2016;25;1.04282388465387
26/12/2016;26;1.1353921977499
26/12/2016;27;1.0
26/12/2016;28;0.965994761346581
26/12/2016;29;1.0393983950264398
27/12/2016;11;0.665913169456994
27/12/2016;13;0.787130341124903
27/12/2016;14;0.7596418513524829
27/12/2016;15;0.977116295389098
27/12/2016;16;0.887926853264109
27/12/2016;17;0.8229594460302829
27/12/2016;18;0.833834600373474
27/12/2016;19;1.17109027079856
27/12/2016;20;1.0
27/12/2016;21;0.93355586818647
27/12/2016;22;1.0
27/12/2016;23;0.956030302514264
27/12/2016;24;0.8091612026589209
27/12/2016;25;0.9629607728887459
27/12/2016;26;0.9976509089483059
27/12/2016;27;0.9376969106470748
27/12/2016;28;0.955656858287059
27/12/2016;29;1.03170396794802
28/12/2016;11;0.670851761873116
28/12/2016;13;0.793776726713165
28/12/2016;14;0.666325709558745
28/12/2016;15;0.9431590641567009
28/12/2016;16;0.842027917162745
28/12/2016;17;0.7661078961455992
28/12/2016;18;0.8221189080224159
28/12/2016;19;1.07412103495
28/12/2016;20;0.910108668445284
28/12/2016;21;0.942744131041988
28/12/2016;22;0.95442415629613
28/12/2016;23;0.8543796016614191
28/12/2016;24;0.863221166978378
28/12/2016;25;0.905982700564991
28/12/2016;26;0.9294450139611329
28/12/2016;27;1.0
28/12/2016;28;0.943156933626298
28/12/2016;29;1.04626324009757
29/12/2016;11;0.8605659445244449
29/12/2016;13;0.9348994554115141
29/12/2016;14;0.7878045895334871
29/12/2016;15;0.931523320928006
29/12/2016;16;0.9161272574808059
29/12/2016;17;0.900882063850968
29/12/2016;18;0.912786850002016
29/12/2016;19;1.06696186457009
29/12/2016;20;1.0
29/12/2016;21;0.916673674915371
29/12/2016;22;1.0
29/12/2016;23;0.8888615681795942
29/12/2016;24;1.04150235240023
29/12/2016;25;1.0023379038018398
29/12/2016;26;1.0
29/12/2016;27;1.04908681895188
29/12/2016;28;1.10197700595699
29/12/2016;29;1.05576063277746
30/12/2016;11;0.90262772432108
30/12/2016;13;1.01782714383332
30/12/2016;14;1.0
30/12/2016;15;1.00874510574824
30/12/2016;16;1.0
30/12/2016;17;1.01131057699407
30/12/2016;18;1.01723572526131
30/12/2016;19;1.08533109336898
30/12/2016;20;1.0254024815640401
30/12/2016;21;0.907612677484323
30/12/2016;22;1.08776803195094
30/12/2016;23;0.9493405201285922
30/12/2016;24;1.16323584768917
30/12/2016;25;1.122237706017
30/12/2016;26;1.09999104139884
30/12/2016;27;1.15616581853573
30/12/2016;28;1.26235306946395
30/12/2016;29;1.13566515964149
31/12/2016;11;0.938043044857937
31/12/2016;13;1.06915632413629
31/12/2016;14;0.9979999016274209
31/12/2016;15;1.04590809585903
31/12/2016;16;0.9836912797971329
31/12/2016;17;0.9835584229993729
31/12/2016;18;1.0
31/12/2016;19;1.04240350215242
31/12/2016;20;1.0
31/12/2016;21;1.0
31/12/2016;22;1.13822036279919
31/12/2016;23;0.974560976711708
31/12/2016;24;1.10547726804809
31/12/2016;25;1.15060568234672
31/12/2016;26;1.1438129748697
31/12/2016;27;1.12559623024565
31/12/2016;28;1.2807768025178898
31/12/2016;29;1.1620535425324
01/01/2017;11;0.9802520754855899
01/01/2017;13;1.0591886557926
01/01/2017;14;0.964991829929264
01/01/2017;15;1.04576055490422
01/01/2017;16;1.0
01/01/2017;17;0.946848729212674
01/01/2017;18;1.0
01/01/2017;19;1.10446335561471
01/01/2017;20;1.05010746233427
01/01/2017;21;1.05148524746476
01/01/2017;22;1.1244010323625802
01/01/2017;23;1.0020613934429698
01/01/2017;24;1.0407012766761201
01/01/2017;25;1.15682458279439
01/01/2017;26;1.1448159051391
01/01/2017;27;1.09388572372746
01/01/2017;28;1.19290772204643
01/01/2017;29;1.14279740054898
02/01/2017;11;0.927316787682382
02/01/2017;13;1.03242204075786
02/01/2017;14;1.0
02/01/2017;15;1.07334992688583
02/01/2017;16;1.0
02/01/2017;17;0.8525498304138871
02/01/2017;18;0.9945202536119159
02/01/2017;19;1.0
02/01/2017;20;1.0
02/01/2017;21;0.993607833966876
02/01/2017;22;1.1011537483343898
02/01/2017;23;1.03770250747611
02/01/2017;24;1.0523968099435
02/01/2017;25;1.1890956974361
02/01/2017;26;1.07275061102525
02/01/2017;27;1.07020590626921
02/01/2017;28;1.1010402517112101
02/01/2017;29;1.16732752565461
03/01/2017;11;0.9111215524906741
03/01/2017;13;1.01428797076641
03/01/2017;14;0.9555494992409359
03/01/2017;15;1.0
03/01/2017;16;0.974253396241302
03/01/2017;17;0.854107469368831
03/01/2017;18;0.9905798285348829
03/01/2017;19;0.9679213414408641
03/01/2017;20;0.9815362887393171
03/01/2017;21;0.912352484197546
03/01/2017;22;1.0
03/01/2017;23;1.0
03/01/2017;24;1.0
03/01/2017;25;1.06272578534223
03/01/2017;26;1.05052006032078
03/01/2017;27;1.0330882953659999
03/01/2017;28;1.05786923600738
03/01/2017;29;1.11890265979651
04/01/2017;11;1.0226679441914202
04/01/2017;13;1.01307961515096
04/01/2017;14;0.9102474697935259
04/01/2017;15;1.04697855894676
04/01/2017;16;1.00696298466233
04/01/2017;17;0.9699425181564041
04/01/2017;18;1.00936983682299
04/01/2017;19;1.00689096435407
04/01/2017;20;1.01439047648768
04/01/2017;21;1.0
04/01/2017;22;1.00829623255659
04/01/2017;23;1.0
04/01/2017;24;1.04396022793383
04/01/2017;25;1.0466659336991602
04/01/2017;26;1.07132727474472
04/01/2017;27;1.04590743453857
04/01/2017;28;1.03432531971715
04/01/2017;29;1.0733702165191998
05/01/2017;11;1.0315375769654
05/01/2017;13;0.931457449600625
05/01/2017;14;0.915101537189433
05/01/2017;15;1.06175649996722
05/01/2017;16;1.059017695695
05/01/2017;17;0.9727855706878441
05/01/2017;18;1.01447149965823
05/01/2017;19;1.1298282489770501
05/01/2017;20;1.11402762491465
05/01/2017;21;1.0412151408055699
05/01/2017;22;1.11983416687481
05/01/2017;23;1.14819652689279
05/01/2017;24;1.1701641913670502
05/01/2017;25;1.1479815582624098
05/01/2017;26;1.13609251069151
05/01/2017;27;1.09696291540299
05/01/2017;28;1.02303967194596
05/01/2017;29;1.03768254746258
06/01/2017;11;1.21242437083554
06/01/2017;13;1.01295643190082
06/01/2017;14;1.0
06/01/2017;15;1.11513899770665
06/01/2017;16;1.2077109100465
06/01/2017;17;1.09757619173929
06/01/2017;18;1.1949966940467
06/01/2017;19;1.14153795100269
06/01/2017;20;1.14844540849816
06/01/2017;21;1.0835649622835302
06/01/2017;22;1.22501660077298
06/01/2017;23;1.1428118471663702
06/01/2017;24;1.1227297649991201
06/01/2017;25;1.16890993791174
06/01/2017;26;1.2745632316214999
06/01/2017;27;1.14713689766035
06/01/2017;28;1.0
06/01/2017;29;1.1516753130702
07/01/2017;11;1.3584156410668
07/01/2017;13;1.19108762282903
07/01/2017;14;1.2552843731699599
07/01/2017;15;1.29876744585873
07/01/2017;16;1.41105134722794
07/01/2017;17;1.2105566660471498
07/01/2017;18;1.4095005943504302
07/01/2017;19;1.2051262418056399
07/01/2017;20;1.31406449077477
07/01/2017;21;1.1878922961986
07/01/2017;22;1.3622529011090099
07/01/2017;23;1.1218690862468
07/01/2017;24;1.2886300110573001
07/01/2017;25;1.08166645445295
07/01/2017;26;1.3510827539811598
07/01/2017;27;1.31942414897872
07/01/2017;28;1.1752959165453998
07/01/2017;29;1.30529019435759
08/01/2017;11;1.4080851626831699
08/01/2017;13;1.24543126983705
08/01/2017;14;1.19883370021927
08/01/2017;15;1.3989422141149097
08/01/2017;16;1.43242418069516
08/01/2017;17;1.15449304405074
08/01/2017;18;1.46597360773038
08/01/2017;19;1.30506748764326
08/01/2017;20;1.39695583629569
08/01/2017;21;1.2184390553321498
08/01/2017;22;1.42497197222759
08/01/2017;23;1.1729212561407298
08/01/2017;24;1.6017128877688602
08/01/2017;25;1.24144869760884
08/01/2017;26;1.59030668603768
08/01/2017;27;1.46937905339435
08/01/2017;28;1.11137554867846
08/01/2017;29;1.2187332010232501
09/01/2017;11;1.35501149238264
09/01/2017;13;1.26546763510136
09/01/2017;14;1.0
09/01/2017;15;1.3889775084882399
09/01/2017;16;1.3684781216723503
09/01/2017;17;1.16168494235618
09/01/2017;18;1.4525202326762399
09/01/2017;19;1.3702289674568897
09/01/2017;20;1.37115681327572
09/01/2017;21;1.29197974353881
09/01/2017;22;1.3788434938517702
09/01/2017;23;1.3114166235875502
09/01/2017;24;1.4715421906634
09/01/2017;25;1.46958728889948
09/01/2017;26;1.4700902979189199
09/01/2017;27;1.3982310641680602
09/01/2017;28;1.38381145761534
09/01/2017;29;1.23831564731381
10/01/2017;11;1.41562086916648
10/01/2017;13;1.26160252546227
10/01/2017;14;1.09251676106719
10/01/2017;15;1.31642059177839
10/01/2017;16;1.42653650230749
10/01/2017;17;1.24039914046379
10/01/2017;18;1.4849052854956002
10/01/2017;19;1.35977292129897
10/01/2017;20;1.2715130518421298
10/01/2017;21;1.20414939254226
10/01/2017;22;1.2785406348046202
10/01/2017;23;1.1527057595364598
10/01/2017;24;1.38467188519847
10/01/2017;25;1.3347110673165201
10/01/2017;26;1.3788097274851998
10/01/2017;27;1.32888006106494
10/01/2017;28;1.3682540581104299
10/01/2017;29;1.26812707512673
11/01/2017;11;1.44628456016186
11/01/2017;13;1.22007087902197
11/01/2017;14;1.1453593741435601
11/01/2017;15;1.38081357096149
11/01/2017;16;1.6238640214335
11/01/2017;17;1.32532090703273
11/01/2017;18;1.43922080039355
11/01/2017;19;1.37401629197523
11/01/2017;20;1.3000654318312401
11/01/2017;21;1.22513403560915
11/01/2017;22;1.2757681998030201
11/01/2017;23;1.26518662002403
11/01/2017;24;1.3318790101501299
11/01/2017;25;1.3784813174338502
11/01/2017;26;1.40747610001227
11/01/2017;27;1.3149170178399099
11/01/2017;28;1.2749369655171001
11/01/2017;29;1.1844174057557801
12/01/2017;11;1.30944486587878
12/01/2017;13;1.1487147669026
12/01/2017;14;1.1676259262308601
12/01/2017;15;1.4195012441854298
12/01/2017;16;1.5805315747056001
12/01/2017;17;1.23542691300129
12/01/2017;18;1.4521145555938
12/01/2017;19;1.26988086328171
12/01/2017;20;1.28548414022882
12/01/2017;21;1.22892877366996
12/01/2017;22;1.25361711496776
12/01/2017;23;1.23983184770408
12/01/2017;24;1.3565337681368301
12/01/2017;25;1.3186466388433502
12/01/2017;26;1.49970238335972
12/01/2017;27;1.29667823186652
12/01/2017;28;1.2136336852795702
12/01/2017;29;1.08719633392038
13/01/2017;11;1.16584417624542
13/01/2017;13;1.09476877484216
13/01/2017;14;1.08891121178126
13/01/2017;15;1.25304938374257
13/01/2017;16;1.2788898766482502
13/01/2017;17;1.1358865453162
13/01/2017;18;1.3397379409467298
13/01/2017;19;1.16905151870269
13/01/2017;20;1.0
13/01/2017;21;1.0
13/01/2017;22;1.0
13/01/2017;23;1.14572224639865
13/01/2017;24;1.0
13/01/2017;25;1.0
13/01/2017;26;1.2840881950065501
13/01/2017;27;1.17347013408379
13/01/2017;28;1.12192930025901
13/01/2017;29;1.0377551936878
14/01/2017;11;0.9889905933147181
14/01/2017;13;1.0486181893648199
14/01/2017;14;1.05622097126065
14/01/2017;15;1.156671455584
14/01/2017;16;1.0990987219148
14/01/2017;17;1.12346278385079
14/01/2017;18;1.17996898545576
14/01/2017;19;1.09315817433371
14/01/2017;20;1.0152229977327298
14/01/2017;21;1.0
14/01/2017;22;1.0248191420008599
14/01/2017;23;1.03904444266407
14/01/2017;24;1.11410037043209
14/01/2017;25;1.07681626064494
14/01/2017;26;1.09012663793711
14/01/2017;27;1.0747772360674601
14/01/2017;28;1.07086530166931
14/01/2017;29;1.0183464638868198
15/01/2017;11;1.02311663641323
15/01/2017;13;1.0
15/01/2017;14;1.08095273590944
15/01/2017;15;1.1455474498603702
15/01/2017;16;1.13623691404051
15/01/2017;17;1.0977989568417
15/01/2017;18;1.15732106020721
15/01/2017;19;1.25138771187807
15/01/2017;20;1.19704547650399
15/01/2017;21;1.07486822224291
15/01/2017;22;1.1756978399039901
15/01/2017;23;1.10405570297144
15/01/2017;24;1.25437431314102
15/01/2017;25;1.18846957263642
15/01/2017;26;1.1895218625976398
15/01/2017;27;1.17636104886844
15/01/2017;28;1.18190216397558
15/01/2017;29;1.10737348417837
16/01/2017;11;1.10539980938442
16/01/2017;13;1.0392939249672601
16/01/2017;14;1.09715248147079
16/01/2017;15;1.1353952819283302
16/01/2017;16;1.16158540052364
16/01/2017;17;1.13772979003345
16/01/2017;18;1.16389114491449
16/01/2017;19;1.21464580088825
16/01/2017;20;1.13727293442173
16/01/2017;21;1.09476455451368
16/01/2017;22;1.13403254030833
16/01/2017;23;1.19695856866099
16/01/2017;24;1.2316820027497901
16/01/2017;25;1.2341809964273702
16/01/2017;26;1.2366353006598
16/01/2017;27;1.20504939377836
16/01/2017;28;1.18845719244846
16/01/2017;29;1.13404929188134
17/01/2017;11;1.1299461032765
17/01/2017;13;1.0723770736907199
17/01/2017;14;1.08979528408989
17/01/2017;15;1.0984525060048
17/01/2017;16;1.1528987354556899
17/01/2017;17;1.1606049311985702
17/01/2017;18;1.0997085021614
17/01/2017;19;1.11193223496697
17/01/2017;20;1.1000249981722399
17/01/2017;21;1.10710294264233
17/01/2017;22;1.09615995045405
17/01/2017;23;1.1890591689059
17/01/2017;24;1.1920433533044599
17/01/2017;25;1.1282075095221598
17/01/2017;26;1.19571578694447
17/01/2017;27;1.1188589330728302
17/01/2017;28;1.1808974233669298
17/01/2017;29;1.2064538609129498
18/01/2017;11;1.07307530898699
18/01/2017;13;1.04336337220404
18/01/2017;14;1.0750802545204499
18/01/2017;15;1.04527370954222
18/01/2017;16;1.17423503372066
18/01/2017;17;1.09195098076864
18/01/2017;18;1.0248546874586801
18/01/2017;19;1.11035167151049
18/01/2017;20;1.10813252900287
18/01/2017;21;1.0
18/01/2017;22;1.0619819225523102
18/01/2017;23;1.1440721203053201
18/01/2017;24;1.1604636349139
18/01/2017;25;1.10569600554531
18/01/2017;26;1.16262093349352
18/01/2017;27;1.1172144893446
18/01/2017;28;1.18896420848742
18/01/2017;29;1.3038588543335201
19/01/2017;11;1.0
19/01/2017;13;1.0
19/01/2017;14;1.04389146938844
19/01/2017;15;0.989303299646511
19/01/2017;16;1.17636869351588
19/01/2017;17;1.07035835791271
19/01/2017;18;0.930314098042563
19/01/2017;19;1.05718609818684
19/01/2017;20;1.05677691932978
19/01/2017;21;0.9862056086059259
19/01/2017;22;1.01925538718654
19/01/2017;23;1.13207685073535
19/01/2017;24;1.1293496318349199
19/01/2017;25;1.09026133981344
19/01/2017;26;1.0926816436950202
19/01/2017;27;1.0913296757747701
19/01/2017;28;1.1429740684617
19/01/2017;29;1.1346863908366
20/01/2017;11;1.0076617768684
20/01/2017;13;1.00221663746339
20/01/2017;14;1.01212428453686
20/01/2017;15;1.0268863198631
20/01/2017;16;1.2024327501221699
20/01/2017;17;1.08870996549422
20/01/2017;18;1.0
20/01/2017;19;1.03817907747807
20/01/2017;20;1.07951371653364
20/01/2017;21;1.01224775538864
20/01/2017;22;1.04882965085913
20/01/2017;23;1.12767205514031
20/01/2017;24;1.19200489528117
20/01/2017;25;1.1018388064841498
20/01/2017;26;1.11735408035106
20/01/2017;27;1.14273452328545
20/01/2017;28;1.10240091914615
20/01/2017;29;1.0063410690546601
21/01/2017;11;1.03635965206368
21/01/2017;13;1.03881928862515
21/01/2017;14;1.0555736587117601
21/01/2017;15;1.1436138868249799
21/01/2017;16;1.22389938786999
21/01/2017;17;1.09144988350207
21/01/2017;18;1.11681717936363
21/01/2017;19;1.1059317375846698
21/01/2017;20;1.12691854341975
21/01/2017;21;1.0837632354972
21/01/2017;22;1.08140717601891
21/01/2017;23;1.10788251831948
21/01/2017;24;1.1887070278236
21/01/2017;25;1.0775933396792599
21/01/2017;26;1.12506997413797
21/01/2017;27;1.12848566972188
21/01/2017;28;1.0
21/01/2017;29;1.0
22/01/2017;11;0.981377720182025
22/01/2017;13;1.0402565470802498
22/01/2017;14;1.10761809035724
22/01/2017;15;1.12091118074157
22/01/2017;16;1.1533522775156102
22/01/2017;17;1.08973260886903
22/01/2017;18;1.08379637980406
22/01/2017;19;1.10526264235119
22/01/2017;20;1.0
22/01/2017;21;1.06600561776657
22/01/2017;22;0.9717248384805849
22/01/2017;23;1.0874777590773
22/01/2017;24;1.0839204360169898
22/01/2017;25;0.981119699768182
22/01/2017;26;1.0
22/01/2017;27;1.05437281968919
22/01/2017;28;0.961841285404727
22/01/2017;29;0.953546055823507
23/01/2017;11;0.8960788213948491
23/01/2017;13;0.9994462109088671
23/01/2017;14;1.10812711483057
23/01/2017;15;1.0
23/01/2017;16;1.09008734442948
23/01/2017;17;1.0695022385050401
23/01/2017;18;0.97839370081303
23/01/2017;19;0.968310816185442
23/01/2017;20;0.9850480516809159
23/01/2017;21;1.0
23/01/2017;22;0.882659135236607
23/01/2017;23;1.0
23/01/2017;24;0.998624205466376
23/01/2017;25;0.909718108405963
23/01/2017;26;0.908771427862038
23/01/2017;27;0.9738423177455642
23/01/2017;28;1.0
23/01/2017;29;0.931887174690038
24/01/2017;11;0.8815398709124631
24/01/2017;13;0.9833958137440459
24/01/2017;14;1.07188080514395
24/01/2017;15;0.998082889804648
24/01/2017;16;1.04707606294028
24/01/2017;17;0.978975325295874
24/01/2017;18;0.8695337990815659
24/01/2017;19;0.8825082340152809
24/01/2017;20;0.958612795264392
24/01/2017;21;0.9917453538766969
24/01/2017;22;0.8978626358868621
24/01/2017;23;0.9779352834289851
24/01/2017;24;0.978119349734594
24/01/2017;25;0.9177514246670758
24/01/2017;26;0.907642685942585
24/01/2017;27;1.0
24/01/2017;28;1.01942110070618
24/01/2017;29;0.9638344554502851
25/01/2017;11;0.7963201766972551
25/01/2017;13;0.973533646069287
25/01/2017;14;1.03799799827831
25/01/2017;15;1.0277739365351999
25/01/2017;16;1.1044779922685
25/01/2017;17;0.9508033294517181
25/01/2017;18;1.0
25/01/2017;19;0.857717993404989
25/01/2017;20;0.9307636470090429
25/01/2017;21;1.0
25/01/2017;22;0.9119221283985491
25/01/2017;23;0.96206383350823
25/01/2017;24;0.979875560050977
25/01/2017;25;0.9138955970226079
25/01/2017;26;0.9335683719994571
25/01/2017;27;0.9955900306476371
25/01/2017;28;1.0
25/01/2017;29;0.993961947805693
26/01/2017;11;0.8879826444704839
26/01/2017;13;1.02727636947568
26/01/2017;14;1.04599842168061
26/01/2017;15;1.08072747784874
26/01/2017;16;1.1969310654085301
26/01/2017;17;1.0
26/01/2017;18;1.15018753784527
26/01/2017;19;1.0
26/01/2017;20;1.0
26/01/2017;21;1.0397500003509499
26/01/2017;22;0.930781856229082
26/01/2017;23;1.0
26/01/2017;24;1.00705789810992
26/01/2017;25;0.935107444274583
26/01/2017;26;1.0
26/01/2017;27;1.0
26/01/2017;28;1.02695822554407
26/01/2017;29;0.9812226612857041
27/01/2017;11;1.0
27/01/2017;13;1.0842130508566998
27/01/2017;14;1.06369313479569
27/01/2017;15;1.13769363547945
27/01/2017;16;1.19164858883413
27/01/2017;17;1.0471496106857499
27/01/2017;18;1.18622172024278
27/01/2017;19;1.03512204447134
27/01/2017;20;1.06477791220928
27/01/2017;21;1.06462070036108
27/01/2017;22;0.974071753646508
27/01/2017;23;1.03436034441225
27/01/2017;24;1.05182433066485
27/01/2017;25;0.986417036012087
27/01/2017;26;1.00979853705843
27/01/2017;27;1.02704923831159
27/01/2017;28;1.0394358431461
27/01/2017;29;0.978009400553534
28/01/2017;11;1.05679886985989
28/01/2017;13;1.08107233018708
28/01/2017;14;1.1026630300662
28/01/2017;15;1.16942730590196
28/01/2017;16;1.1604095865693898
28/01/2017;17;1.10918525575855
28/01/2017;18;1.1798955861673601
28/01/2017;19;1.0
28/01/2017;20;1.08126989088321
28/01/2017;21;1.09956473135056
28/01/2017;22;0.9594934811441881
28/01/2017;23;1.0649226037414101
28/01/2017;24;1.0576160406173
28/01/2017;25;0.9845397646099301
28/01/2017;26;1.05235840588396
28/01/2017;27;1.04470660232055
28/01/2017;28;0.9821530156850999
28/01/2017;29;0.9882844376013321
29/01/2017;11;0.984847845062637
29/01/2017;13;1.06597523916862
29/01/2017;14;1.08892505727275
29/01/2017;15;1.1006957477131598
29/01/2017;16;1.15621535695594
29/01/2017;17;1.0
29/01/2017;18;1.10866819663515
29/01/2017;19;0.986789214868313
29/01/2017;20;1.0629746809587
29/01/2017;21;1.10238854295617
29/01/2017;22;1.0
29/01/2017;23;1.03685366474742
29/01/2017;24;1.0452026865933899
29/01/2017;25;1.0
29/01/2017;26;1.0
29/01/2017;27;1.0604570479129598
29/01/2017;28;0.947135931125723
29/01/2017;29;0.9581554529076171
30/01/2017;11;0.949068168341554
30/01/2017;13;1.03184615930944
30/01/2017;14;1.07571116785108
30/01/2017;15;1.09316519219337
30/01/2017;16;1.1718996044381103
30/01/2017;17;0.9039987372686179
30/01/2017;18;1.05532369631931
30/01/2017;19;1.0516668599563002
30/01/2017;20;1.0603551498391899
30/01/2017;21;1.05332317212707
30/01/2017;22;1.0532811825989499
30/01/2017;23;1.0379218729489301
30/01/2017;24;1.0367870856521502
30/01/2017;25;1.04763916695546
30/01/2017;26;1.00375940346462
30/01/2017;27;1.05825586047927
30/01/2017;28;1.01649745427817
30/01/2017;29;1.0
31/01/2017;11;0.956629493585233
31/01/2017;13;1.0
31/01/2017;14;1.0
31/01/2017;15;1.09287146743819
31/01/2017;16;1.0945172687136702
31/01/2017;17;0.8814128553624191
31/01/2017;18;1.0
31/01/2017;19;1.11849020742361
31/01/2017;20;1.0
31/01/2017;21;1.0
31/01/2017;22;1.0
31/01/2017;23;1.0
31/01/2017;24;1.0
31/01/2017;25;1.13710622417679
31/01/2017;26;1.08242025736513
31/01/2017;27;1.09005057710233
31/01/2017;28;1.06422117034661
31/01/2017;29;1.0379818074098
01/02/2017;11;0.9472229825657679
01/02/2017;13;0.9501320531624721
01/02/2017;14;0.955216740712125
01/02/2017;15;1.02192899273548
01/02/2017;16;0.997897729843886
01/02/2017;17;0.834429267879292
01/02/2017;18;0.9246620784927091
01/02/2017;19;0.9825417049774859
01/02/2017;20;0.9355339164034359
01/02/2017;21;0.871406135193728
01/02/2017;22;0.9063425392879499
01/02/2017;23;0.91045023307597
01/02/2017;24;0.9225136527251201
01/02/2017;25;1.0
01/02/2017;26;1.0
01/02/2017;27;1.0
01/02/2017;28;1.0767049617011
01/02/2017;29;1.08642256595691
02/02/2017;11;0.925066597285976
02/02/2017;13;0.9139372623293209
02/02/2017;14;0.923117703575629
02/02/2017;15;0.9786358527253349
02/02/2017;16;0.9519124736300502
02/02/2017;17;0.7708243106510791
02/02/2017;18;0.912057729466071
02/02/2017;19;0.871142979432255
02/02/2017;20;0.855904110942085
02/02/2017;21;0.8178268127438021
02/02/2017;22;0.8345784610650121
02/02/2017;23;0.895274329759944
02/02/2017;24;0.857229832208028
02/02/2017;25;1.01366948422605
02/02/2017;26;0.9567481324933841
02/02/2017;27;1.0
02/02/2017;28;1.0
02/02/2017;29;1.04826369862345
03/02/2017;11;0.851291445650801
03/02/2017;13;0.8903085774187891
03/02/2017;14;0.9027839462468872
03/02/2017;15;0.894018381138422
03/02/2017;16;0.855692631742647
03/02/2017;17;0.747225270739485
03/02/2017;18;0.8159083284350629
03/02/2017;19;0.869821607740159
03/02/2017;20;0.8169590280907271
03/02/2017;21;0.814762488845325
03/02/2017;22;0.8194126934074741
03/02/2017;23;0.86339625385374
03/02/2017;24;0.821269061640455
03/02/2017;25;0.995284406053961
03/02/2017;26;0.9346643299239991
03/02/2017;27;0.9569692949110551
03/02/2017;28;0.9315342001080792
03/02/2017;29;1.0118863146880201
04/02/2017;11;0.837464791147897
04/02/2017;13;0.8723998023951272
04/02/2017;14;0.8899481049644721
04/02/2017;15;0.8819749297387321
04/02/2017;16;0.830075677444978
04/02/2017;17;0.8196121543004109
04/02/2017;18;0.7519410204536959
04/02/2017;19;0.865178152777178
04/02/2017;20;0.797032764758715
04/02/2017;21;0.755142347218604
04/02/2017;22;0.7961864474427779
04/02/2017;23;0.753553925252435
04/02/2017;24;0.7362842267410921
04/02/2017;25;0.9121723871025149
04/02/2017;26;0.883783386503265
04/02/2017;27;0.863013234578403
04/02/2017;28;0.8954393834095741
04/02/2017;29;0.9994741850964829
05/02/2017;11;0.892942622568907
05/02/2017;13;1.0
05/02/2017;14;0.9350682885840089
05/02/2017;15;0.9357735723373709
05/02/2017;16;0.922393547267126
05/02/2017;17;0.9187199657783741
05/02/2017;18;1.0
05/02/2017;19;0.866245388401795
05/02/2017;20;0.803310448872489
05/02/2017;21;0.8082443662120059
05/02/2017;22;0.795203049039158
05/02/2017;23;0.7457634032749009
05/02/2017;24;0.7257228638464358
05/02/2017;25;0.8265116722839101
05/02/2017;26;0.8285201302183319
05/02/2017;27;0.800849953825372
05/02/2017;28;0.8515551503485942
05/02/2017;29;0.942956903733699
06/02/2017;11;0.8072011708514691
06/02/2017;13;0.9489515775780221
06/02/2017;14;0.9425179247720881
06/02/2017;15;0.908163369210366
06/02/2017;16;0.9087405188067751
06/02/2017;17;0.956219207342434
06/02/2017;18;0.935860885992405
06/02/2017;19;0.879232760902683
06/02/2017;20;0.8550641248887
06/02/2017;21;0.873684304238633
06/02/2017;22;0.899445052065698
06/02/2017;23;0.816079632992801
06/02/2017;24;0.8611698496251708
06/02/2017;25;0.8671263094506891
06/02/2017;26;0.85131057466224
06/02/2017;27;1.0
06/02/2017;28;0.886589038341163
06/02/2017;29;1.0
07/02/2017;11;0.7894975427239042
07/02/2017;13;0.8688885503900992
07/02/2017;14;0.917965330565413
07/02/2017;15;0.8609838069155759
07/02/2017;16;0.8323830389586151
07/02/2017;17;0.8932717183323442
07/02/2017;18;0.8224427806237858
07/02/2017;19;0.880512969130482
07/02/2017;20;0.9141437889587439
07/02/2017;21;0.89286670858257
07/02/2017;22;0.987827928268129
07/02/2017;23;0.912052518684162
07/02/2017;24;0.9581732782251879
07/02/2017;25;0.933985549377726
07/02/2017;26;1.0
07/02/2017;27;1.01103153273116
07/02/2017;28;1.0
07/02/2017;29;1.00690125193208
08/02/2017;11;0.877779544703606
08/02/2017;13;0.8902982475460001
08/02/2017;14;0.9140717120067741
08/02/2017;15;0.868182038380478
08/02/2017;16;0.875264233668942
08/02/2017;17;0.8857061866977208
08/02/2017;18;0.900435707783325
08/02/2017;19;0.897772335520537
08/02/2017;20;0.950601070533766
08/02/2017;21;1.0
08/02/2017;22;0.972869867280381
08/02/2017;23;1.0
08/02/2017;24;0.9877919708356209
08/02/2017;25;0.923862998857698
08/02/2017;26;1.03764509381698
08/02/2017;27;1.01525491428268
08/02/2017;28;0.9888420467418749
08/02/2017;29;1.02503010913012
09/02/2017;11;0.8991915109726809
09/02/2017;13;0.9373405919540609
09/02/2017;14;0.927440534084923
09/02/2017;15;1.0
09/02/2017;16;1.01095503137083
09/02/2017;17;0.9572256606635701
09/02/2017;18;1.07386035945482
09/02/2017;19;0.989051255741417
09/02/2017;20;0.979295284272426
09/02/2017;21;0.993058295700506
09/02/2017;22;0.928701438246772
09/02/2017;23;1.0
09/02/2017;24;0.9829025287100559
09/02/2017;25;0.93062791829633
09/02/2017;26;0.9898439760588991
09/02/2017;27;0.9797508703109821
09/02/2017;28;0.9089779870517379
09/02/2017;29;0.998906076583645
10/02/2017;11;1.00015094794409
10/02/2017;13;0.959305460328104
10/02/2017;14;0.9434372622677549
10/02/2017;15;0.969602906133393
10/02/2017;16;1.0
10/02/2017;17;1.0015461800060799
10/02/2017;18;1.0
10/02/2017;19;0.9505391594548841
10/02/2017;20;0.94281401357226
10/02/2017;21;0.9619131385061271
10/02/2017;22;0.9032227904394008
10/02/2017;23;0.983281267005942
10/02/2017;24;0.927053322708115
10/02/2017;25;0.9106700616660459
10/02/2017;26;0.905794549212739
10/02/2017;27;0.939661805260214
10/02/2017;28;0.920391757873423
10/02/2017;29;1.0
11/02/2017;11;0.962299790690135
11/02/2017;13;0.942860812249885
11/02/2017;14;0.9181060732039009
11/02/2017;15;0.8845036895132479
11/02/2017;16;0.970167952686769
11/02/2017;17;1.01973365417749
11/02/2017;18;0.8597387560474691
11/02/2017;19;1.0
11/02/2017;20;0.9166434897770519
11/02/2017;21;0.975385296729572
11/02/2017;22;0.898742478286362
11/02/2017;23;0.975270508208998
11/02/2017;24;0.855135081137612
11/02/2017;25;0.924733931167287
11/02/2017;26;1.0
11/02/2017;27;0.9335266624886029
11/02/2017;28;1.00638851241233
11/02/2017;29;1.03454886657212
12/02/2017;11;0.881048170721845
12/02/2017;13;0.898898284899712
12/02/2017;14;0.883929305994038
12/02/2017;15;0.882314277382655
12/02/2017;16;0.9357519959567021
12/02/2017;17;1.00812807807022
12/02/2017;18;0.7774755829219859
12/02/2017;19;0.940593639961146
12/02/2017;20;0.875431588582037
12/02/2017;21;0.918433384101277
12/02/2017;22;0.862742623042794
12/02/2017;23;0.933878101094573
12/02/2017;24;0.823482265496278
12/02/2017;25;0.9066560503418951
12/02/2017;26;1.0
12/02/2017;27;0.952639761874922
12/02/2017;28;0.9814662364082909
12/02/2017;29;1.0
13/02/2017;11;0.826821144070723
13/02/2017;13;0.898920599819243
13/02/2017;14;0.8946093044530559
13/02/2017;15;0.913010594836266
13/02/2017;16;0.95102667418328
13/02/2017;17;0.937253834264811
13/02/2017;18;0.766840546677341
13/02/2017;19;0.8481892005076559
13/02/2017;20;0.861215172617943
13/02/2017;21;0.872344725953406
13/02/2017;22;0.836447042616439
13/02/2017;23;0.8935602565054479
13/02/2017;24;0.837961270328662
13/02/2017;25;0.849367030389751
13/02/2017;26;0.9126321717465659
13/02/2017;27;0.956956618221422
13/02/2017;28;0.919704053197366
13/02/2017;29;0.9890777882298281
14/02/2017;11;0.793763091798348
14/02/2017;13;0.836155252270027
14/02/2017;14;0.889220745116957
14/02/2017;15;0.955857931677154
14/02/2017;16;0.9843047072526551
14/02/2017;17;0.8802272531675529
14/02/2017;18;0.7556471409818449
14/02/2017;19;0.8929037859866379
14/02/2017;20;0.8982957555041371
14/02/2017;21;0.8900023793486801
14/02/2017;22;0.8617724205107349
14/02/2017;23;0.92658383663275
14/02/2017;24;0.8634173510341759
14/02/2017;25;0.863058224156
14/02/2017;26;0.892383028827552
14/02/2017;27;0.927171255583645
14/02/2017;28;0.899331465556406
14/02/2017;29;0.9769004029140981
15/02/2017;11;0.785375117552197
15/02/2017;13;0.8363675185790379
15/02/2017;14;0.8823782552694921
15/02/2017;15;1.00254148696133
15/02/2017;16;1.01730503769157
15/02/2017;17;0.8695246261376509
15/02/2017;18;0.8059718346172661
15/02/2017;19;0.9759499323900941
15/02/2017;20;0.9575411526233961
15/02/2017;21;1.0
15/02/2017;22;0.92717491967321
15/02/2017;23;1.0
15/02/2017;24;0.9061124706378091
15/02/2017;25;0.931438871768239
15/02/2017;26;1.0
15/02/2017;27;0.94008382327584
15/02/2017;28;0.9354305365928841
15/02/2017;29;0.940632442093032
16/02/2017;11;0.8015379707926891
16/02/2017;13;0.9065667754583392
16/02/2017;14;0.9072206797882009
16/02/2017;15;0.997180357002365
16/02/2017;16;1.0614679597729
16/02/2017;17;0.910309397204313
16/02/2017;18;0.806227512209895
16/02/2017;19;1.02947182255899
16/02/2017;20;1.0
16/02/2017;21;1.0217860461935
16/02/2017;22;1.0
16/02/2017;23;1.0636739421104902
16/02/2017;24;0.8876660907323891
16/02/2017;25;1.00579123664263
16/02/2017;26;1.08702279546739
16/02/2017;27;0.9573464066878159
16/02/2017;28;0.990021724660236
16/02/2017;29;1.0
17/02/2017;11;0.811291279036991
17/02/2017;13;0.919377430273766
17/02/2017;14;0.953863879248246
17/02/2017;15;1.0366945603589302
17/02/2017;16;1.12227320601633
17/02/2017;17;0.8852017282264592
17/02/2017;18;0.7833823937292309
17/02/2017;19;1.0
17/02/2017;20;0.995971925345354
17/02/2017;21;0.984510688944443
17/02/2017;22;1.03670534874289
17/02/2017;23;1.0507544677635101
17/02/2017;24;0.9075321672904209
17/02/2017;25;1.0447002606076101
17/02/2017;26;1.17614864255084
17/02/2017;27;1.0
17/02/2017;28;1.00424122064201
17/02/2017;29;1.06468822081467
18/02/2017;11;0.851833401585525
18/02/2017;13;0.9361403066683629
18/02/2017;14;0.972498593175119
18/02/2017;15;1.04374314367753
18/02/2017;16;1.0
18/02/2017;17;0.8481495971995751
18/02/2017;18;0.7842110101465909
18/02/2017;19;0.9109584735543159
18/02/2017;20;1.0
18/02/2017;21;0.87592616693389
18/02/2017;22;0.9815086976418441
18/02/2017;23;1.0474925725492301
18/02/2017;24;0.956770004542381
18/02/2017;25;0.9943694540178929
18/02/2017;26;1.1226994991844599
18/02/2017;27;1.0
18/02/2017;28;1.0631756674850898
18/02/2017;29;1.0622872355823199
19/02/2017;11;1.01044667330911
19/02/2017;13;0.9434864861644809
19/02/2017;14;0.9839026977411641
19/02/2017;15;0.965106800639244
19/02/2017;16;0.950112406661213
19/02/2017;17;0.935079392688261
19/02/2017;18;1.0
19/02/2017;19;1.0
19/02/2017;20;1.02781035805431
19/02/2017;21;1.0
19/02/2017;22;1.0
19/02/2017;23;1.0101250352214
19/02/2017;24;1.00402947856319
19/02/2017;25;1.00201042848386
19/02/2017;26;1.03774472309821
19/02/2017;27;1.00197471771601
19/02/2017;28;1.08718942999165
19/02/2017;29;1.06061238718109
20/02/2017;11;1.07258016301862
20/02/2017;13;1.0
20/02/2017;14;0.9865732906576079
20/02/2017;15;0.941482644431047
20/02/2017;16;1.00446140918735
20/02/2017;17;0.941057384496927
20/02/2017;18;1.0
20/02/2017;19;1.0553092833417501
20/02/2017;20;1.04068181575856
20/02/2017;21;1.0366892397167
20/02/2017;22;1.06528610914935
20/02/2017;23;1.04999900952273
20/02/2017;24;1.04175114394426
20/02/2017;25;1.07644878444967
20/02/2017;26;1.08241643613409
20/02/2017;27;1.03351983008893
20/02/2017;28;1.0461347625858701
20/02/2017;29;1.0
21/02/2017;11;0.9901921857503779
21/02/2017;13;0.950904665191833
21/02/2017;14;0.971358234720852
21/02/2017;15;0.9699621609609
21/02/2017;16;1.04195185829265
21/02/2017;17;0.91395339909897
21/02/2017;18;0.947610862675255
21/02/2017;19;1.01004897860881
21/02/2017;20;1.05217830944695
21/02/2017;21;1.05712876949882
21/02/2017;22;1.06400972136143
21/02/2017;23;1.07471786335874
21/02/2017;24;0.9875403624538299
21/02/2017;25;1.07759786629124
21/02/2017;26;1.06765852891802
21/02/2017;27;1.0513195999956
21/02/2017;28;1.06019652647067
21/02/2017;29;1.00796865717304
22/02/2017;11;0.918396347256376
22/02/2017;13;0.9201852458507439
22/02/2017;14;0.948675968027335
22/02/2017;15;0.952640001979333
22/02/2017;16;1.0
22/02/2017;17;0.896325934819054
22/02/2017;18;0.902962221802414
22/02/2017;19;1.0
22/02/2017;20;1.0
22/02/2017;21;1.0
22/02/2017;22;1.04891248795442
22/02/2017;23;1.02406089149087
22/02/2017;24;0.9110594741233209
22/02/2017;25;1.04769143946326
22/02/2017;26;1.06379099742806
22/02/2017;27;1.0
22/02/2017;28;1.07035822402034
22/02/2017;29;1.08978119905276
23/02/2017;11;1.00830330643519
23/02/2017;13;1.0
23/02/2017;14;0.8940226580623041
23/02/2017;15;0.909393277928343
23/02/2017;16;0.9628720565379859
23/02/2017;17;0.853860577584295
23/02/2017;18;1.0
23/02/2017;19;0.9454414092191898
23/02/2017;20;0.9335876622121879
23/02/2017;21;0.949837189874041
23/02/2017;22;0.970785026428431
23/02/2017;23;1.0
23/02/2017;24;0.8693028646729599
23/02/2017;25;0.9799618211181741
23/02/2017;26;1.10260740783373
23/02/2017;27;0.982998073849518
23/02/2017;28;1.0
23/02/2017;29;1.08823218143208
24/02/2017;11;0.87910860456069
24/02/2017;13;0.852335277878447
24/02/2017;14;0.8604290792299351
24/02/2017;15;0.908086616141667
24/02/2017;16;0.931630677597453
24/02/2017;17;0.826426889744543
24/02/2017;18;1.03607707504371
24/02/2017;19;0.8831415498395009
24/02/2017;20;0.8594093811977941
24/02/2017;21;0.8871114940240179
24/02/2017;22;0.8721467354719459
24/02/2017;23;0.9527359841941859
24/02/2017;24;0.811314194336188
24/02/2017;25;0.926757545532277
24/02/2017;26;1.0
24/02/2017;27;0.922385623206798
24/02/2017;28;0.9804502276760171
24/02/2017;29;1.03529224968746
25/02/2017;11;0.860512046495085
25/02/2017;13;0.79456403607311
25/02/2017;14;0.9064415110178929
25/02/2017;15;0.9061386493908721
25/02/2017;16;1.0
25/02/2017;17;0.8526684611693861
25/02/2017;18;0.9196013698586429
25/02/2017;19;0.9371265918354641
25/02/2017;20;0.9078033833623851
25/02/2017;21;0.8894791577103291
25/02/2017;22;0.839751966523988
25/02/2017;23;0.9100653326847479
25/02/2017;24;0.773942731699221
25/02/2017;25;0.8432836915746391
25/02/2017;26;0.892365370576327
25/02/2017;27;0.826202267392389
25/02/2017;28;0.8659765056608459
25/02/2017;29;0.989853386926051
26/02/2017;11;0.925856584557539
26/02/2017;13;0.9363172540621809
26/02/2017;14;0.9624872738468879
26/02/2017;15;1.0
26/02/2017;16;0.977441072889429
26/02/2017;17;0.909830220959285
26/02/2017;18;0.9377757393705699
26/02/2017;19;0.9403600479672009
26/02/2017;20;0.960529771097292
26/02/2017;21;1.0
26/02/2017;22;0.8668526286955359
26/02/2017;23;0.925297557752169
26/02/2017;24;0.842012848038889
26/02/2017;25;0.758711295086767
26/02/2017;26;0.863108566454257
26/02/2017;27;0.857052430703273
26/02/2017;28;0.7806051625224442
26/02/2017;29;0.902917245932373
27/02/2017;11;0.887205186048672
27/02/2017;13;0.9359065857882031
27/02/2017;14;0.9345551208170221
27/02/2017;15;1.0068708480378499
27/02/2017;16;1.0
27/02/2017;17;0.8916487537782621
27/02/2017;18;0.9937273220898158
27/02/2017;19;0.9637604523535078
27/02/2017;20;0.909567452242389
27/02/2017;21;1.0
27/02/2017;22;0.9187358459274009
27/02/2017;23;0.9445234104659821
27/02/2017;24;0.8510520614249649
27/02/2017;25;0.8480305263696819
27/02/2017;26;0.922438516431948
27/02/2017;27;0.8830313720221451
27/02/2017;28;0.88831675791204
27/02/2017;29;0.944306698642308
28/02/2017;11;0.872763377242948
28/02/2017;13;0.9061537120031141
28/02/2017;14;0.9257541523877489
28/02/2017;15;0.921539856315495
28/02/2017;16;0.9406303574741272
28/02/2017;17;0.845861230624325
28/02/2017;18;0.8322718751160779
28/02/2017;19;0.947795867176726
28/02/2017;20;0.898883492718343
28/02/2017;21;0.9600567639455501
28/02/2017;22;0.9433244851863251
28/02/2017;23;0.924556578831891
28/02/2017;24;0.845708314370757
28/02/2017;25;0.911905513956183
28/02/2017;26;0.8592754488965579
28/02/2017;27;0.844638721076985
28/02/2017;28;0.849702539658952
28/02/2017;29;0.9448958096876631
01/03/2017;11;0.7934653496926519
01/03/2017;13;0.863871294173419
01/03/2017;14;0.945233996780184
01/03/2017;15;0.8575922718354679
01/03/2017;16;0.8814396672197891
01/03/2017;17;0.822270614844135
01/03/2017;18;0.677870013905026
01/03/2017;19;0.866093443020553
01/03/2017;20;0.8851490138937959
01/03/2017;21;0.8531276157317971
01/03/2017;22;0.9214102751281309
01/03/2017;23;0.806294729377144
01/03/2017;24;0.808411103139164
01/03/2017;25;0.947612532087879
01/03/2017;26;0.8313885042468009
01/03/2017;27;0.855003463516927
01/03/2017;28;0.9204183594508109
01/03/2017;29;0.913653085755562
02/03/2017;11;0.8163340848787591
02/03/2017;13;0.8727053396619101
02/03/2017;14;1.0
02/03/2017;15;0.9054182567421051
02/03/2017;16;0.9355615703248109
02/03/2017;17;0.809794446509016
02/03/2017;18;0.7971323291550072
02/03/2017;19;0.8941159209996329
02/03/2017;20;0.9175286877377941
02/03/2017;21;0.8286145869336461
02/03/2017;22;1.0
02/03/2017;23;1.0
02/03/2017;24;0.844445678978515
02/03/2017;25;1.0
02/03/2017;26;1.0
02/03/2017;27;1.0
02/03/2017;28;1.0
02/03/2017;29;1.0
03/03/2017;11;0.9457354944390981
03/03/2017;13;0.928154033552981
03/03/2017;14;0.966270315777967
03/03/2017;15;0.8975953802793799
03/03/2017;16;0.905863964463947
03/03/2017;17;0.7939423459361892
03/03/2017;18;0.86361625942584
03/03/2017;19;0.900817102451357
03/03/2017;20;0.938793374469282
03/03/2017;21;0.8503845748576451
03/03/2017;22;1.0
03/03/2017;23;1.03627963974399
03/03/2017;24;0.907386975944944
03/03/2017;25;1.06847616477957
03/03/2017;26;1.09071867525462
03/03/2017;27;1.02888054093248
03/03/2017;28;1.05090892508614
03/03/2017;29;1.08385382758342
04/03/2017;11;0.909324884773815
04/03/2017;13;0.8884363896810099
04/03/2017;14;0.8744852875034741
04/03/2017;15;0.9150068536665459
04/03/2017;16;0.871118316817712
04/03/2017;17;0.8215517074952841
04/03/2017;18;0.8045296754354009
04/03/2017;19;0.8607949627446919
04/03/2017;20;0.8673337288842671
04/03/2017;21;0.8437364752942209
04/03/2017;22;0.956070777673513
04/03/2017;23;0.981765622212376
04/03/2017;24;0.8494436558916719
04/03/2017;25;1.03829299329535
04/03/2017;26;1.0
04/03/2017;27;0.9516414367441299
04/03/2017;28;1.04893034805056
04/03/2017;29;1.08100576559142
05/03/2017;11;0.9013556099091451
05/03/2017;13;0.845666196955055
05/03/2017;14;0.8554120680256949
05/03/2017;15;0.9107850862831859
05/03/2017;16;0.917076202757712
05/03/2017;17;0.8431138625595871
05/03/2017;18;0.740927443266926
05/03/2017;19;0.959731137231792
05/03/2017;20;0.9051916234458042
05/03/2017;21;0.8377687077094691
05/03/2017;22;0.908527269964371
05/03/2017;23;0.913389456250851
05/03/2017;24;0.799138887189104
05/03/2017;25;0.9901680756997091
05/03/2017;26;0.9155591179592851
05/03/2017;27;0.8823459271526651
05/03/2017;28;1.0
05/03/2017;29;1.0863536749806
06/03/2017;11;0.8353049563858241
06/03/2017;13;0.891812391317845
06/03/2017;14;0.8972323379161391
06/03/2017;15;0.9162555971001971
06/03/2017;16;0.9359243215050179
06/03/2017;17;0.865853200340384
06/03/2017;18;0.764049139277754
06/03/2017;19;0.95571218285636
06/03/2017;20;0.9425217273290959
06/03/2017;21;0.8422286488102328
06/03/2017;22;0.9216977680942281
06/03/2017;23;0.867960248313114
06/03/2017;24;0.7770398817565791
06/03/2017;25;0.943601891437697
06/03/2017;26;0.8688049244597329
06/03/2017;27;0.8903898131240671
06/03/2017;28;0.948387085215364
06/03/2017;29;1.0511497036027801
07/03/2017;11;0.794958167452244
07/03/2017;13;0.828523585927044
07/03/2017;14;0.8829250368236221
07/03/2017;15;0.884787951680945
07/03/2017;16;0.881565274383424
07/03/2017;17;0.8599108485526741
07/03/2017;18;0.806960827262119
07/03/2017;19;0.898853612216557
07/03/2017;20;0.937917091924251
07/03/2017;21;0.8995559146633141
07/03/2017;22;1.0
07/03/2017;23;0.904398017870103
07/03/2017;24;0.8055859332905779
07/03/2017;25;0.9397540418029959
07/03/2017;26;0.921522338316175
07/03/2017;27;0.922215653029769
07/03/2017;28;0.9553852240320421
07/03/2017;29;1.0
08/03/2017;11;0.8539277462851529
08/03/2017;13;0.8310229580144641
08/03/2017;14;0.9075846927363991
08/03/2017;15;0.843432287156342
08/03/2017;16;0.8314843831860429
08/03/2017;17;0.8257737748385121
08/03/2017;18;0.841216393772386
08/03/2017;19;0.9194119755679581
08/03/2017;20;0.9510282614209521
08/03/2017;21;0.88228567744855
08/03/2017;22;0.9801046945934291
08/03/2017;23;0.9472495940222041
08/03/2017;24;0.8961499851010899
08/03/2017;25;0.952830672239437
08/03/2017;26;0.9309290774956809
08/03/2017;27;1.0
08/03/2017;28;0.9482255402394749
08/03/2017;29;0.97693810620967
09/03/2017;11;0.8590182298350121
09/03/2017;13;0.8410262886263691
09/03/2017;14;0.878723286353499
09/03/2017;15;0.829147638216738
09/03/2017;16;0.8392064178801251
09/03/2017;17;0.8751890741411759
09/03/2017;18;0.8035213576601851
09/03/2017;19;0.9568660800078359
09/03/2017;20;0.9009705811891819
09/03/2017;21;0.838196064258101
09/03/2017;22;0.90643054846138
09/03/2017;23;0.9371785210568442
09/03/2017;24;0.86218303862434
09/03/2017;25;0.9168510777717729
09/03/2017;26;0.9509516735626279
09/03/2017;27;0.948301816681723
09/03/2017;28;0.962379933198585
09/03/2017;29;0.9681819246153539
10/03/2017;11;0.647398431260472
10/03/2017;13;0.6942128993544731
10/03/2017;14;0.813973952414966
10/03/2017;15;0.760007617319126
10/03/2017;16;0.853332896852841
10/03/2017;17;0.787943550343312
10/03/2017;18;0.7278744521084879
10/03/2017;19;0.970547061175167
10/03/2017;20;0.887834967385367
10/03/2017;21;0.9003649680034749
10/03/2017;22;0.871240203305766
10/03/2017;23;0.9674085091085309
10/03/2017;24;0.7952925772008149
10/03/2017;25;0.910314726404078
10/03/2017;26;0.9460447298796449
10/03/2017;27;0.890844308228989
10/03/2017;28;0.932076394547694
10/03/2017;29;1.0
11/03/2017;11;0.651162869859125
11/03/2017;13;0.7118033307250551
11/03/2017;14;0.848986640133652
11/03/2017;15;0.8429059376860679
11/03/2017;16;0.881267533778187
11/03/2017;17;0.788669027733593
11/03/2017;18;1.0
11/03/2017;19;0.9480349369263449
11/03/2017;20;1.0
11/03/2017;21;0.9350946757828941
11/03/2017;22;0.8892950993713321
11/03/2017;23;0.9619272350261692
11/03/2017;24;1.0
11/03/2017;25;0.9266132412369341
11/03/2017;26;0.919997208160287
11/03/2017;27;1.0
11/03/2017;28;0.959064818866611
11/03/2017;29;1.0
12/03/2017;11;0.8735674539491992
12/03/2017;13;0.8628889605975542
12/03/2017;14;1.0
12/03/2017;15;1.0
12/03/2017;16;0.9193882959228911
12/03/2017;17;1.0101495536764
12/03/2017;18;0.999016157967924
12/03/2017;19;1.00271750630283
12/03/2017;20;1.0
12/03/2017;21;1.0
12/03/2017;22;1.0101973635663501
12/03/2017;23;1.0
12/03/2017;24;0.9810598721467391
12/03/2017;25;1.0
12/03/2017;26;1.0
12/03/2017;27;1.0469119746515099
12/03/2017;28;1.00493786622629
12/03/2017;29;1.0064254330967901
13/03/2017;11;1.02648978818315
13/03/2017;13;1.0
13/03/2017;14;1.00926462628312
13/03/2017;15;1.03785160520513
13/03/2017;16;1.0
13/03/2017;17;0.9994262446586031
13/03/2017;18;1.09891658287965
13/03/2017;19;1.05636592259833
13/03/2017;20;1.0
13/03/2017;21;1.12987127539751
13/03/2017;22;1.0
13/03/2017;23;1.0921843744236601
13/03/2017;24;1.01031956036357
13/03/2017;25;1.02339235084252
13/03/2017;26;1.1421486157976002
13/03/2017;27;1.0514523898463801
13/03/2017;28;1.0
13/03/2017;29;1.0977989340688301
14/03/2017;11;0.9757545982336421
14/03/2017;13;0.9367721086369799
14/03/2017;14;0.923005264237895
14/03/2017;15;0.998197833391752
14/03/2017;16;1.0651763491016801
14/03/2017;17;0.9293601076157092
14/03/2017;18;1.0
14/03/2017;19;1.0
14/03/2017;20;1.01973097739016
14/03/2017;21;1.1587807098724698
14/03/2017;22;1.02253033173513
14/03/2017;23;1.12021195729325
14/03/2017;24;1.0617749449315401
14/03/2017;25;1.02451624411955
14/03/2017;26;1.1687310058382299
14/03/2017;27;1.09842277222946
14/03/2017;28;1.0
14/03/2017;29;1.0
15/03/2017;11;0.798105307241739
15/03/2017;13;0.807356333718144
15/03/2017;14;0.873897557932161
15/03/2017;15;0.91735282764647
15/03/2017;16;0.992823193708269
15/03/2017;17;0.935278793500285
15/03/2017;18;0.8912226161024579
15/03/2017;19;0.972844412525346
15/03/2017;20;0.99100662297837
15/03/2017;21;1.09286997548496
15/03/2017;22;1.0
15/03/2017;23;1.05100890896712
15/03/2017;24;1.04399221737218
15/03/2017;25;1.01563153076489
15/03/2017;26;1.0663208129687198
15/03/2017;27;1.08150511655786
15/03/2017;28;1.04050287373125
15/03/2017;29;1.01265452528729
16/03/2017;11;0.7230280667192329
16/03/2017;13;0.783057057963326
16/03/2017;14;0.8289581155442659
16/03/2017;15;0.8805559131327142
16/03/2017;16;0.933114343467157
16/03/2017;17;0.9108943786830179
16/03/2017;18;0.8926689233315469
16/03/2017;19;0.9628544070141309
16/03/2017;20;0.9405734220029929
16/03/2017;21;1.0
16/03/2017;22;1.0
16/03/2017;23;1.03052762311741
16/03/2017;24;1.01854765880169
16/03/2017;25;1.002618710745
16/03/2017;26;1.0254036278015999
16/03/2017;27;1.06504836548859
16/03/2017;28;1.0863870643923401
16/03/2017;29;1.0989258703811
17/03/2017;11;0.715645047841991
17/03/2017;13;0.79717113005936
17/03/2017;14;0.778459591597946
17/03/2017;15;0.9365049834078599
17/03/2017;16;0.9725286995862741
17/03/2017;17;0.9045361249381941
17/03/2017;18;0.79818941126027
17/03/2017;19;1.0025411979970602
17/03/2017;20;0.9336344794936929
17/03/2017;21;0.9696096235127459
17/03/2017;22;1.0
17/03/2017;23;1.0
17/03/2017;24;0.9417140334028521
17/03/2017;25;1.01687709396561
17/03/2017;26;1.04501514386364
17/03/2017;27;1.03591637250239
17/03/2017;28;1.08644288897079
17/03/2017;29;1.0853396457298399
18/03/2017;11;0.755427167061909
18/03/2017;13;0.6271956509440091
18/03/2017;14;0.73515508543023
18/03/2017;15;1.0
18/03/2017;16;0.9613126229455079
18/03/2017;17;0.903169956211364
18/03/2017;18;0.7461005431435992
18/03/2017;19;1.0
18/03/2017;20;0.957132610545053
18/03/2017;21;0.8502314825534999
18/03/2017;22;1.0006284250997
18/03/2017;23;0.8911882522303609
18/03/2017;24;0.820030291034573
18/03/2017;25;1.0
18/03/2017;26;0.998667602438833
18/03/2017;27;0.994735299882302
18/03/2017;28;1.0
18/03/2017;29;1.06029386333497
19/03/2017;11;0.7527946193719621
19/03/2017;13;0.5228506152647411
19/03/2017;14;0.7565366357140308
19/03/2017;15;0.948841849839193
19/03/2017;16;0.8866149850472379
19/03/2017;17;0.872150491864609
19/03/2017;18;0.8028896520557409
19/03/2017;19;0.900263391786859
19/03/2017;20;0.9514217833463129
19/03/2017;21;0.749040510632064
19/03/2017;22;0.9680872722007661
19/03/2017;23;0.874096702184122
19/03/2017;24;0.80456677613268
19/03/2017;25;0.9754586015333091
19/03/2017;26;0.932914883043141
19/03/2017;27;0.948655613012258
19/03/2017;28;0.914033736055658
19/03/2017;29;1.0
20/03/2017;11;0.6864532252418729
20/03/2017;13;0.656416908364334
20/03/2017;14;0.754298115059841
20/03/2017;15;0.8804073126813579
20/03/2017;16;0.878063845837716
20/03/2017;17;0.869273643623102
20/03/2017;18;0.8463117109212941
20/03/2017;19;0.8186221732749408
20/03/2017;20;0.8622467370705809
20/03/2017;21;0.8135959119342699
20/03/2017;22;0.902705983516928
20/03/2017;23;0.9218480113627321
20/03/2017;24;0.8360469728303629
20/03/2017;25;0.9499823083228649
20/03/2017;26;0.9275626205149681
20/03/2017;27;0.8886153630732428
20/03/2017;28;0.8471775519601071
20/03/2017;29;0.954807974618712
21/03/2017;11;0.6682501205097541
21/03/2017;13;0.7084147922051999
21/03/2017;14;0.7167078131843659
21/03/2017;15;0.849847038528463
21/03/2017;16;0.9184761572523721
21/03/2017;17;0.8920722632916741
21/03/2017;18;0.8170839268665071
21/03/2017;19;0.815702344548506
21/03/2017;20;0.783115356508369
21/03/2017;21;0.8943967467767728
21/03/2017;22;0.8594541417665319
21/03/2017;23;0.94120327591722
21/03/2017;24;0.814251606368925
21/03/2017;25;0.8440382059841229
21/03/2017;26;1.0
21/03/2017;27;0.888546739615589
21/03/2017;28;0.837519247330213
21/03/2017;29;1.0
22/03/2017;11;0.7176064688387321
22/03/2017;13;0.6996395923232779
22/03/2017;14;0.736005839891053
22/03/2017;15;0.864196521683096
22/03/2017;16;1.0
22/03/2017;17;0.9023558424309329
22/03/2017;18;0.741034562099983
22/03/2017;19;0.8431406759191149
22/03/2017;20;0.816055573875277
22/03/2017;21;0.9205114827280021
22/03/2017;22;0.8939269314476691
22/03/2017;23;0.927611482719432
22/03/2017;24;0.7748669476397242
22/03/2017;25;0.8557601244784159
22/03/2017;26;1.0
22/03/2017;27;0.8708153339150692
22/03/2017;28;0.906904935847052
22/03/2017;29;1.0501248319960401
23/03/2017;11;0.8766904527078779
23/03/2017;13;0.7773260071783
23/03/2017;14;0.8488058514868471
23/03/2017;15;0.798999315953037
23/03/2017;16;0.923745858009605
23/03/2017;17;0.888105312497077
23/03/2017;18;0.7234755030498371
23/03/2017;19;0.798837092064336
23/03/2017;20;0.8749346842143001
23/03/2017;21;0.874827195985015
23/03/2017;22;0.925880770776595
23/03/2017;23;0.9275442917439399
23/03/2017;24;0.7550706110828349
23/03/2017;25;0.866196456103241
23/03/2017;26;0.9089453730981949
23/03/2017;27;0.8392240874712041
23/03/2017;28;0.8990800722914579
23/03/2017;29;1.0022190203825698
24/03/2017;11;1.0
24/03/2017;13;0.847171529331271
24/03/2017;14;0.812615025041964
24/03/2017;15;0.7713964685573509
24/03/2017;16;0.852976511029248
24/03/2017;17;0.892846517449431
24/03/2017;18;0.7305092243293771
24/03/2017;19;0.762579633543229
24/03/2017;20;0.8478301853591921
24/03/2017;21;0.8880980930588179
24/03/2017;22;0.892955555756948
24/03/2017;23;1.0
24/03/2017;24;0.7623698426259008
24/03/2017;25;0.8102748091967
24/03/2017;26;0.9231768768656379
24/03/2017;27;0.818579862122506
24/03/2017;28;0.8905302051567819
24/03/2017;29;1.00769159468998
25/03/2017;11;0.8833121313122879
25/03/2017;13;0.714988618360509
25/03/2017;14;0.639717233457265
25/03/2017;15;0.7229592179500408
25/03/2017;16;0.7482195259614142
25/03/2017;17;0.7849684604579599
25/03/2017;18;0.646940762475424
25/03/2017;19;0.714871048671756
25/03/2017;20;0.755780710339037
25/03/2017;21;0.8942365725508431
25/03/2017;22;0.85112023582715
25/03/2017;23;0.9797486406880891
25/03/2017;24;0.7209917875122841
25/03/2017;25;0.799149079441721
25/03/2017;26;0.973996078209225
25/03/2017;27;0.800654585159585
25/03/2017;28;0.968251999035304
25/03/2017;29;1.0370500111883
26/03/2017;11;1.0890940490752299
26/03/2017;13;1.01969417673796
26/03/2017;14;1.0
26/03/2017;15;1.0
26/03/2017;16;1.0
26/03/2017;17;1.02684742888329
26/03/2017;18;1.0
26/03/2017;19;1.0
26/03/2017;20;1.0
26/03/2017;21;1.00967215648084
26/03/2017;22;1.0
26/03/2017;23;1.01867317993028
26/03/2017;24;1.0
26/03/2017;25;1.0
26/03/2017;26;1.01578472099149
26/03/2017;27;1.0
26/03/2017;28;1.09871962588201
26/03/2017;29;1.03058891950893
27/03/2017;11;1.0
27/03/2017;13;1.0
27/03/2017;14;0.905271036110754
27/03/2017;15;1.0
27/03/2017;16;1.0
27/03/2017;17;1.0
27/03/2017;18;1.16906415045207
27/03/2017;19;1.0
27/03/2017;20;1.11877602467451
27/03/2017;21;1.0
27/03/2017;22;1.16724482430866
27/03/2017;23;1.0
27/03/2017;24;1.1314392315553898
27/03/2017;25;1.16437846470625
27/03/2017;26;1.08918082278137
27/03/2017;27;1.15947556154006
27/03/2017;28;1.0
27/03/2017;29;1.10481415360478
28/03/2017;11;0.9593120021790451
28/03/2017;13;0.9295180524915508
28/03/2017;14;0.914128611821646
28/03/2017;15;0.935437195899385
28/03/2017;16;0.895208278746118
28/03/2017;17;0.9044133146986439
28/03/2017;18;1.12684188155484
28/03/2017;19;1.04685823516231
28/03/2017;20;1.0591046601685898
28/03/2017;21;1.09840805141984
28/03/2017;22;1.13563669445499
28/03/2017;23;1.02789755078689
28/03/2017;24;1.12697538716503
28/03/2017;25;1.06286419008265
28/03/2017;26;1.04774707388168
28/03/2017;27;1.16059560475664
28/03/2017;28;1.0114822424146
28/03/2017;29;1.06247704526516
29/03/2017;11;0.875107243791718
29/03/2017;13;0.872481586271962
29/03/2017;14;0.7917268140132808
29/03/2017;15;0.8356400527127671
29/03/2017;16;0.91419542489346
29/03/2017;17;1.0
29/03/2017;18;0.953749359249067
29/03/2017;19;1.10983017003971
29/03/2017;20;1.06712354325127
29/03/2017;21;1.17506053967075
29/03/2017;22;1.12866521944197
29/03/2017;23;1.08335028717205
29/03/2017;24;1.08710310908193
29/03/2017;25;1.0
29/03/2017;26;1.10151482664812
29/03/2017;27;1.15807976278118
29/03/2017;28;1.08603029842848
29/03/2017;29;1.01579696956422
30/03/2017;11;0.6717614083777529
30/03/2017;13;0.769683859762569
30/03/2017;14;0.67210975556128
30/03/2017;15;0.7588241628125281
30/03/2017;16;0.890190679746501
30/03/2017;17;1.0
30/03/2017;18;0.821339364597433
30/03/2017;19;0.989380321351745
30/03/2017;20;1.0
30/03/2017;21;1.09300242153057
30/03/2017;22;1.0
30/03/2017;23;1.06248937013972
30/03/2017;24;1.0
30/03/2017;25;1.0
30/03/2017;26;1.0903048455165
30/03/2017;27;1.12713539180591
30/03/2017;28;1.09959558791901
30/03/2017;29;1.0376022332653299
31/03/2017;11;0.542053224925231
31/03/2017;13;0.723540141935371
31/03/2017;14;0.7139837889565791
31/03/2017;15;0.7669043489176249
31/03/2017;16;0.821149603283001
31/03/2017;17;1.02371109262406
31/03/2017;18;0.792200512523191
31/03/2017;19;0.910001846817741
31/03/2017;20;0.9190637865246729
31/03/2017;21;1.0
31/03/2017;22;0.94595431946872
31/03/2017;23;0.944406630703888
31/03/2017;24;0.95100556379484
31/03/2017;25;1.0405919902401
31/03/2017;26;1.04026991892385
31/03/2017;27;1.06712854967527
31/03/2017;28;1.0
31/03/2017;29;1.06511914621682
01/04/2017;11;1.0
01/04/2017;13;0.465956385758975
01/04/2017;14;0.48052719880419004
01/04/2017;15;0.7509995813225551
01/04/2017;16;0.7729023765857209
01/04/2017;17;1.06464445510664
01/04/2017;18;0.618587665864516
01/04/2017;19;1.0
01/04/2017;20;0.828034728490188
01/04/2017;21;0.84939691470408
01/04/2017;22;1.0
01/04/2017;23;1.0
01/04/2017;24;0.7534227540437909
01/04/2017;25;0.903742603973721
01/04/2017;26;1.0
01/04/2017;27;0.984634195243254
01/04/2017;28;0.8418063830468691
01/04/2017;29;1.1866372929755602
02/04/2017;11;1.07281592675592
02/04/2017;13;0.525809124676422
02/04/2017;14;0.6342793010368349
02/04/2017;15;0.770181533795861
02/04/2017;16;0.7043155049414259
02/04/2017;17;0.9553136878169571
02/04/2017;18;0.606643722520129
02/04/2017;19;0.95796330599895
02/04/2017;20;1.0
02/04/2017;21;0.767794721265838
02/04/2017;22;0.9573039840919431
02/04/2017;23;1.0
02/04/2017;24;0.828427275457298
02/04/2017;25;0.564167210541156
02/04/2017;26;0.8648215455545479
02/04/2017;27;0.933398946206463
02/04/2017;28;0.784381161772067
02/04/2017;29;1.06226771454111
03/04/2017;11;0.8632001804194529
03/04/2017;13;0.668883785639297
03/04/2017;14;0.7693785772822641
03/04/2017;15;0.660880203012878
03/04/2017;16;0.631520040425254
03/04/2017;17;0.7211240810784221
03/04/2017;18;0.68277761005659
03/04/2017;19;0.623642109624871
03/04/2017;20;0.9377855599996221
03/04/2017;21;0.843921487787226
03/04/2017;22;0.8692597325970021
03/04/2017;23;0.9841679846433671
03/04/2017;24;1.09474228845789
03/04/2017;25;1.0
03/04/2017;26;1.0
03/04/2017;27;1.19292196281767
03/04/2017;28;1.0
03/04/2017;29;1.0614366297595
04/04/2017;11;0.6427380336198371
04/04/2017;13;0.536795329828615
04/04/2017;14;0.624476331822296
04/04/2017;15;0.561275956673592
04/04/2017;16;0.608686394741678
04/04/2017;17;0.6293358005402011
04/04/2017;18;0.6105268203711949
04/04/2017;19;0.661115098536458
04/04/2017;20;0.830354016034129
04/04/2017;21;0.8649556593524471
04/04/2017;22;1.0
04/04/2017;23;0.9825897906295309
04/04/2017;24;1.18424453555727
04/04/2017;25;0.9516138239856701
04/04/2017;26;1.10141375558029
04/04/2017;27;1.38709721817067
04/04/2017;28;1.1137777437896101
04/04/2017;29;1.04889571336065
05/04/2017;11;1.0
05/04/2017;13;0.7009682353429909
05/04/2017;14;1.0
05/04/2017;15;0.599374072564307
05/04/2017;16;0.7053387718185771
05/04/2017;17;0.8154529728859191
05/04/2017;18;0.772368533602761
05/04/2017;19;0.822288863374265
05/04/2017;20;0.863577178676288
05/04/2017;21;1.0
05/04/2017;22;1.04040512328972
05/04/2017;23;1.02706508337064
05/04/2017;24;1.1089375094138798
05/04/2017;25;1.00932405802221
05/04/2017;26;1.32523556648168
05/04/2017;27;1.37588568162908
05/04/2017;28;1.11513803419574
05/04/2017;29;1.1824974744218701
06/04/2017;11;1.0273030695358198
06/04/2017;13;0.890242180952385
06/04/2017;14;1.0
06/04/2017;15;0.873418884543188
06/04/2017;16;0.895745409959703
06/04/2017;17;1.0
06/04/2017;18;1.00760018135411
06/04/2017;19;1.00680487950165
06/04/2017;20;1.03399850199528
06/04/2017;21;1.11462213235202
06/04/2017;22;1.08158385459942
06/04/2017;23;1.0
06/04/2017;24;1.0
06/04/2017;25;1.22055152328918
06/04/2017;26;1.28560185946887
06/04/2017;27;1.22187791028622
06/04/2017;28;1.0
06/04/2017;29;1.1241741281872502
07/04/2017;11;0.9268117694785508
07/04/2017;13;0.918727432138841
07/04/2017;14;0.950852019708731
07/04/2017;15;1.0
07/04/2017;16;1.02700256214426
07/04/2017;17;1.1088263415654298
07/04/2017;18;1.03108259800711
07/04/2017;19;1.20240308167119
07/04/2017;20;1.10602394285446
07/04/2017;21;1.0
07/04/2017;22;1.1658969994243
07/04/2017;23;0.9741874447443131
07/04/2017;24;1.05293034022773
07/04/2017;25;1.0
07/04/2017;26;1.0237729821735
07/04/2017;27;1.1070667361029098
07/04/2017;28;1.0
07/04/2017;29;1.1089622661990701
08/04/2017;11;0.815221003798585
08/04/2017;13;0.8421927549223491
08/04/2017;14;0.755375766525885
08/04/2017;15;0.98954729043743
08/04/2017;16;1.11434441717675
08/04/2017;17;1.12016425514184
08/04/2017;18;0.9257696472851179
08/04/2017;19;1.0
08/04/2017;20;0.9875491581070059
08/04/2017;21;1.0286509351145998
08/04/2017;22;1.0
08/04/2017;23;1.0267822215763398
08/04/2017;24;1.13694459032786
08/04/2017;25;0.6494078540457379
08/04/2017;26;1.2032285753826102
08/04/2017;27;1.2197797203202498
08/04/2017;28;1.03591681205747
08/04/2017;29;1.19256536411472
09/04/2017;11;0.6019971709706651
09/04/2017;13;0.6038221411236651
09/04/2017;14;0.5589174731824549
09/04/2017;15;0.861150891320689
09/04/2017;16;1.0
09/04/2017;17;0.9611287258308729
09/04/2017;18;0.717529471108437
09/04/2017;19;0.687522141613493
09/04/2017;20;0.750988047849749
09/04/2017;21;0.926237043417329
09/04/2017;22;0.884299784330683
09/04/2017;23;1.0479359145763298
09/04/2017;24;0.9376347111875659
09/04/2017;25;0.648834303766002
09/04/2017;26;1.3585992741238702
09/04/2017;27;1.1747893702788101
09/04/2017;28;1.13049076915478
09/04/2017;29;1.1483353330459098
10/04/2017;11;0.441738780084512
10/04/2017;13;0.520721764068989
10/04/2017;14;0.679399938914423
10/04/2017;15;0.8462251193252959
10/04/2017;16;0.850879031807167
10/04/2017;17;0.902681467926785
10/04/2017;18;0.678528969449343
10/04/2017;19;0.694539085106241
10/04/2017;20;0.67657128216382
10/04/2017;21;0.8253287724546958
10/04/2017;22;0.7781795687584772
10/04/2017;23;0.975252899812157
10/04/2017;24;0.831700051566685
10/04/2017;25;0.754719816623632
10/04/2017;26;1.08888774499097
10/04/2017;27;0.996365971823351
10/04/2017;28;1.0
10/04/2017;29;1.0
11/04/2017;11;0.409798692698052
11/04/2017;13;0.420672785954951
11/04/2017;14;0.701340125878163
11/04/2017;15;0.8108043350727829
11/04/2017;16;0.829071710026422
11/04/2017;17;0.823661223318029
11/04/2017;18;0.626989503264582
11/04/2017;19;0.660795129992482
11/04/2017;20;0.7421946419092071
11/04/2017;21;0.812943537214162
11/04/2017;22;0.789126496131428
11/04/2017;23;0.8920716715443741
11/04/2017;24;0.8057578305497329
11/04/2017;25;0.732724144352615
11/04/2017;26;1.07593131083603
11/04/2017;27;0.9762574622397
11/04/2017;28;0.930360075558721
11/04/2017;29;1.0
12/04/2017;11;0.408729600650805
12/04/2017;13;0.414103432474558
12/04/2017;14;0.7055712046135869
12/04/2017;15;0.76722875494356
12/04/2017;16;0.798084245343374
12/04/2017;17;0.7780407879211271
12/04/2017;18;0.7753651335342209
12/04/2017;19;0.6381494035336059
12/04/2017;20;0.8062136050002771
12/04/2017;21;0.870191326765851
12/04/2017;22;0.823289591077439
12/04/2017;23;0.916319617178902
12/04/2017;24;0.82930575634449
12/04/2017;25;0.8058048615427901
12/04/2017;26;1.03091581041752
12/04/2017;27;1.02660178144245
12/04/2017;28;0.799561964394603
12/04/2017;29;1.16806106222311
13/04/2017;11;0.46341357230014896
13/04/2017;13;0.45257046151269703
13/04/2017;14;0.7143659145510151
13/04/2017;15;0.751361341629739
13/04/2017;16;0.8653140383453279
13/04/2017;17;0.8445823995188871
13/04/2017;18;0.762187059886132
13/04/2017;19;0.575254135442676
13/04/2017;20;0.740474557771261
13/04/2017;21;0.903190874837376
13/04/2017;22;1.0
13/04/2017;23;0.9113892151835121
13/04/2017;24;0.838964175764314
13/04/2017;25;0.831417513541832
13/04/2017;26;1.0
13/04/2017;27;0.9756285206746659
13/04/2017;28;0.68925388403916
13/04/2017;29;1.19074609351728
14/04/2017;11;0.500172797240144
14/04/2017;13;0.507332643227825
14/04/2017;14;0.726831951814849
14/04/2017;15;0.715164137846491
14/04/2017;16;0.834335709280685
14/04/2017;17;0.845886829075105
14/04/2017;18;0.5970396416797221
14/04/2017;19;0.716156937939801
14/04/2017;20;0.7316408834630319
14/04/2017;21;0.8391288805791579
14/04/2017;22;0.965600575384698
14/04/2017;23;0.932573960262903
14/04/2017;24;0.7871397129187291
14/04/2017;25;0.7866964198304829
14/04/2017;26;0.892563301475037
14/04/2017;27;0.89899579920063
14/04/2017;28;0.67637791099674
14/04/2017;29;1.15334773200785
15/04/2017;11;0.43278240646301896
15/04/2017;13;0.469685888963484
15/04/2017;14;0.645485795726412
15/04/2017;15;0.638731673015979
15/04/2017;16;1.0
15/04/2017;17;0.869577993402765
15/04/2017;18;0.552022527432657
15/04/2017;19;0.83086322383
15/04/2017;20;0.6438119390556459
15/04/2017;21;0.7314561754225641
15/04/2017;22;0.843755452074172
15/04/2017;23;0.948533328594636
15/04/2017;24;0.7513791049106509
15/04/2017;25;0.6939592668852709
15/04/2017;26;0.8348582206910029
15/04/2017;27;0.878028047146126
15/04/2017;28;0.606974784110364
15/04/2017;29;1.0
16/04/2017;11;0.39054011491559604
16/04/2017;13;0.404403903990127
16/04/2017;14;0.66431138188336
16/04/2017;15;0.792682520859168
16/04/2017;16;1.0
16/04/2017;17;0.918846783205477
16/04/2017;18;0.633853893375828
16/04/2017;19;0.7764625670819398
16/04/2017;20;0.66517340143785
16/04/2017;21;0.750180502827515
16/04/2017;22;0.693289841943789
16/04/2017;23;0.9612852176293349
16/04/2017;24;0.844871536110385
16/04/2017;25;0.6724900635554859
16/04/2017;26;0.929771278254745
16/04/2017;27;0.8973568229929821
16/04/2017;28;0.522330942255819
16/04/2017;29;0.965515224564277
17/04/2017;11;1.0
17/04/2017;13;1.0
17/04/2017;14;1.08547033675942
17/04/2017;15;1.1340523206508601
17/04/2017;16;1.15325023758212
17/04/2017;17;0.868943218677378
17/04/2017;18;1.0
17/04/2017;19;0.7579318889526478
17/04/2017;20;1.0
17/04/2017;21;1.0
17/04/2017;22;0.6222018332357659
17/04/2017;23;1.0
17/04/2017;24;1.0
17/04/2017;25;0.771334922147207
17/04/2017;26;1.0
17/04/2017;27;1.08371292277912
17/04/2017;28;0.6236567754012989
17/04/2017;29;1.0
18/04/2017;11;1.2027453284198002
18/04/2017;13;1.1522574346946002
18/04/2017;14;1.5633008416293799
18/04/2017;15;1.43695215017389
18/04/2017;16;1.4911299224399799
18/04/2017;17;0.874714463450937
18/04/2017;18;1.2542632199036101
18/04/2017;19;1.0
18/04/2017;20;1.1588054329522601
18/04/2017;21;1.0
18/04/2017;22;1.0
18/04/2017;23;0.99149502059529
18/04/2017;24;1.07646163700509
18/04/2017;25;0.781366698516891
18/04/2017;26;1.09264869065215
18/04/2017;27;1.1881491274006002
18/04/2017;28;0.7884650802055051
18/04/2017;29;0.843542420797137
19/04/2017;11;1.5025326121873
19/04/2017;13;1.36073664165437
19/04/2017;14;1.7630525078886399
19/04/2017;15;1.62807794872648
19/04/2017;16;1.6517702451767098
19/04/2017;17;1.0223680269435
19/04/2017;18;1.68014326706702
19/04/2017;19;1.27238246868274
19/04/2017;20;1.35525653340296
19/04/2017;21;1.08744732684084
19/04/2017;22;1.3273005397301398
19/04/2017;23;1.07407129560763
19/04/2017;24;1.5283139876336003
19/04/2017;25;1.08139201598838
19/04/2017;26;1.20199088707015
19/04/2017;27;1.4518084550696102
19/04/2017;28;0.728938913979163
19/04/2017;29;0.845751949250001
20/04/2017;11;1.82189520676825
20/04/2017;13;1.6689150854199901
20/04/2017;14;1.91329197501964
20/04/2017;15;1.71177089458085
20/04/2017;16;1.60669687458222
20/04/2017;17;1.2191046404823402
20/04/2017;18;1.81818811588376
20/04/2017;19;1.49813460034852
20/04/2017;20;1.5592723777320001
20/04/2017;21;1.33149722933646
20/04/2017;22;1.72939414604386
20/04/2017;23;1.2114842056014299
20/04/2017;24;1.88895029007853
20/04/2017;25;1.7483321526391797
20/04/2017;26;1.7562290677076102
20/04/2017;27;1.74090937587969
20/04/2017;28;1.0
20/04/2017;29;1.0051056064900799
21/04/2017;11;1.83078668362741
21/04/2017;13;1.9251643428186203
21/04/2017;14;1.76261352346447
21/04/2017;15;1.7621239348616102
21/04/2017;16;1.65960939446706
21/04/2017;17;1.4518413826461398
21/04/2017;18;1.8473417218268897
21/04/2017;19;1.55479330421496
21/04/2017;20;1.70518656491196
21/04/2017;21;1.51272256955396
21/04/2017;22;1.8892459889651998
21/04/2017;23;1.2796124962594
21/04/2017;24;1.9760557648814299
21/04/2017;25;2.0359477362737
21/04/2017;26;1.93619199362609
21/04/2017;27;1.86485708622136
21/04/2017;28;1.24000727964471
21/04/2017;29;1.2039785387138
22/04/2017;11;1.92083794992025
22/04/2017;13;1.9441738163843199
22/04/2017;14;1.56548720526429
22/04/2017;15;2.03927183926776
22/04/2017;16;1.7159444762668201
22/04/2017;17;1.40491224741278
22/04/2017;18;1.90304575119261
22/04/2017;19;1.57262281433144
22/04/2017;20;1.9558443242866799
22/04/2017;21;1.77418646181975
22/04/2017;22;1.8883681832129198
22/04/2017;23;1.3463938457926201
22/04/2017;24;2.19171694322732
22/04/2017;25;2.22563207980875
22/04/2017;26;1.9079159857861798
22/04/2017;27;2.0526770047267497
22/04/2017;28;1.3920163446154699
22/04/2017;29;1.29474692444586
23/04/2017;11;1.75358670848021
23/04/2017;13;1.47391086354832
23/04/2017;14;1.0
23/04/2017;15;1.79439696368902
23/04/2017;16;1.4324419257648302
23/04/2017;17;1.1738706795078402
23/04/2017;18;1.2809092219887
23/04/2017;19;1.40382803038604
23/04/2017;20;1.65985191668466
23/04/2017;21;1.4974012117564899
23/04/2017;22;1.69144903678194
23/04/2017;23;1.24460863925644
23/04/2017;24;1.52193126777818
23/04/2017;25;1.90486723264814
23/04/2017;26;1.8217204061255101
23/04/2017;27;1.76289424436198
23/04/2017;28;1.5571189436398998
23/04/2017;29;1.41452712054692
24/04/2017;11;1.44530983229521
24/04/2017;13;1.09877178465681
24/04/2017;14;0.814088992758158
24/04/2017;15;1.2960704759539798
24/04/2017;16;1.2127784258896899
24/04/2017;17;1.2489452536972099
24/04/2017;18;0.9705911681792528
24/04/2017;19;1.09846887000386
24/04/2017;20;1.1891056557698798
24/04/2017;21;1.0
24/04/2017;22;1.4520350343988502
24/04/2017;23;1.05737614458734
24/04/2017;24;1.04473231496462
24/04/2017;25;1.43151862131639
24/04/2017;26;1.25744033576855
24/04/2017;27;1.34041511656719
24/04/2017;28;1.23646601081501
24/04/2017;29;1.23841229313172
25/04/2017;11;1.38581481012043
25/04/2017;13;1.1856686275063402
25/04/2017;14;0.8143413139632629
25/04/2017;15;1.0
25/04/2017;16;1.14049421098699
25/04/2017;17;1.27053570151635
25/04/2017;18;0.861028898962259
25/04/2017;19;1.0
25/04/2017;20;1.18479649566696
25/04/2017;21;0.969846414459041
25/04/2017;22;1.34809686620318
25/04/2017;23;0.8923007284177791
25/04/2017;24;0.980445937676215
25/04/2017;25;1.4077324076481599
25/04/2017;26;1.0
25/04/2017;27;1.24594633169801
25/04/2017;28;1.2315051442165001
25/04/2017;29;1.2162545713714499
26/04/2017;11;1.31133861963231
26/04/2017;13;1.35903194465563
26/04/2017;14;1.19065765193779
26/04/2017;15;1.0777957005983199
26/04/2017;16;1.09845193555083
26/04/2017;17;1.09091071620239
26/04/2017;18;0.777352262404016
26/04/2017;19;0.9648132443496958
26/04/2017;20;1.12028347720834
26/04/2017;21;0.9331094506325731
26/04/2017;22;1.1412546657696399
26/04/2017;23;0.8346188828532679
26/04/2017;24;0.9549058114233511
26/04/2017;25;1.0
26/04/2017;26;0.8944575589009429
26/04/2017;27;1.17214239977653
26/04/2017;28;1.18712161828063
26/04/2017;29;1.1227517587263702
27/04/2017;11;1.40257806498512
27/04/2017;13;1.73634556845773
27/04/2017;14;1.5328470759309099
27/04/2017;15;1.1339162615963898
27/04/2017;16;1.1468813430340201
27/04/2017;17;1.17921108200554
27/04/2017;18;0.834860073063028
27/04/2017;19;0.861868928249259
27/04/2017;20;1.0
27/04/2017;21;0.9154835993964889
27/04/2017;22;0.9587982196197291
27/04/2017;23;0.869342443049117
27/04/2017;24;0.9109245760690581
27/04/2017;25;0.9279635336210501
27/04/2017;26;0.8809587394158621
27/04/2017;27;0.987593778278576
27/04/2017;28;1.1274615991807901
27/04/2017;29;1.07968628569965
28/04/2017;11;1.49323053388026
28/04/2017;13;1.7229985070018201
28/04/2017;14;1.53217937441302
28/04/2017;15;1.15073927662436
28/04/2017;16;1.15990375643805
28/04/2017;17;1.40052810529793
28/04/2017;18;1.03332124682179
28/04/2017;19;1.1103142718676497
28/04/2017;20;1.0669670700129101
28/04/2017;21;0.887867777956851
28/04/2017;22;1.15512383171216
28/04/2017;23;0.878302886902779
28/04/2017;24;0.86052960180661
28/04/2017;25;0.941151184711911
28/04/2017;26;0.869152345559046
28/04/2017;27;0.7821413259109781
28/04/2017;28;0.9214626627739448
28/04/2017;29;0.964718180397245
29/04/2017;11;1.73976168786443
29/04/2017;13;2.1138334403955303
29/04/2017;14;1.79481195342095
29/04/2017;15;1.66878778223363
29/04/2017;16;1.1903873637017701
29/04/2017;17;1.5444260540373502
29/04/2017;18;1.64060130789512
29/04/2017;19;1.4941131906610199
29/04/2017;20;1.45011380677978
29/04/2017;21;1.03622850631632
29/04/2017;22;1.56940540857893
29/04/2017;23;1.08478551198917
29/04/2017;24;1.09090944114912
29/04/2017;25;0.8294267369279531
29/04/2017;26;1.0234435124010302
29/04/2017;27;1.1153855589564499
29/04/2017;28;0.838476949704391
29/04/2017;29;0.753545460799837
30/04/2017;11;1.68472745214848
30/04/2017;13;2.17814061892017
30/04/2017;14;1.7356025065952
30/04/2017;15;1.7359392456287899
30/04/2017;16;1.23297942158231
30/04/2017;17;1.39644182509301
30/04/2017;18;2.00071187130557
30/04/2017;19;1.59971429923704
30/04/2017;20;1.7783974966665
30/04/2017;21;1.61830121685514
30/04/2017;22;1.56124881859115
30/04/2017;23;1.16472950805644
30/04/2017;24;1.45063053784389
30/04/2017;25;0.843931144537994
30/04/2017;26;1.3006733094993201
30/04/2017;27;1.52724953484498
30/04/2017;28;1.05499968216066
30/04/2017;29;1.01688754356997
01/05/2017;11;1.9562043154651698
01/05/2017;13;1.79068930720259
01/05/2017;14;1.8238590569672501
01/05/2017;15;1.45767351187805
01/05/2017;16;1.17040053413497
01/05/2017;17;1.49031109123694
01/05/2017;18;1.5297974827184497
01/05/2017;19;1.5041438827764402
01/05/2017;20;1.5038975574200701
01/05/2017;21;1.37779320703698
01/05/2017;22;1.6610902898764
01/05/2017;23;1.22350599077848
01/05/2017;24;1.2881609330720902
01/05/2017;25;1.29977666435168
01/05/2017;26;1.38738966385086
01/05/2017;27;1.46377055498869
01/05/2017;28;0.88673205016276
01/05/2017;29;1.2372809503131699
02/05/2017;11;2.0998410570779398
02/05/2017;13;2.00094428574413
02/05/2017;14;1.6728164405558101
02/05/2017;15;1.6845081743308503
02/05/2017;16;1.3354479297443502
02/05/2017;17;1.7386237878083899
02/05/2017;18;1.41527894761785
02/05/2017;19;1.50177718171308
02/05/2017;20;1.3283694474332701
02/05/2017;21;1.16428066658143
02/05/2017;22;1.43836682660391
02/05/2017;23;1.0241224181277
02/05/2017;24;1.17167874502441
02/05/2017;25;1.0
02/05/2017;26;1.32113931875686
02/05/2017;27;1.4634532277957202
02/05/2017;28;0.732927133105851
02/05/2017;29;0.916271236064235
03/05/2017;11;2.37952717441815
03/05/2017;13;2.24280577330665
03/05/2017;14;1.81909534997745
03/05/2017;15;1.68286845497771
03/05/2017;16;1.45471555809481
03/05/2017;17;1.79088084263543
03/05/2017;18;1.34125374683845
03/05/2017;19;1.4601734929769299
03/05/2017;20;1.0
03/05/2017;21;1.16378847129448
03/05/2017;22;1.2348183830725201
03/05/2017;23;1.09257212408613
03/05/2017;24;1.13948865402802
03/05/2017;25;0.9015458862886558
03/05/2017;26;1.16384375556673
03/05/2017;27;1.5128665977341598
03/05/2017;28;0.749366447564884
03/05/2017;29;1.07171339877497
04/05/2017;11;3.10889549378583
04/05/2017;13;2.42560825602996
04/05/2017;14;2.0445167042008303
04/05/2017;15;1.4827697797529098
04/05/2017;16;1.43579637651276
04/05/2017;17;1.6703919994706202
04/05/2017;18;1.3506819962447199
04/05/2017;19;1.4313164270827299
04/05/2017;20;0.819535344489405
04/05/2017;21;1.0
04/05/2017;22;1.1863159223901298
04/05/2017;23;1.0
04/05/2017;24;0.9547616771068651
04/05/2017;25;0.9020256282484179
04/05/2017;26;1.21557654130545
04/05/2017;27;1.1905940853706398
04/05/2017;28;0.817751200623845
04/05/2017;29;1.1826108460547
05/05/2017;11;2.70739165853419
05/05/2017;13;1.91400389027201
05/05/2017;14;1.0
05/05/2017;15;1.37954798309193
05/05/2017;16;1.4118961602903102
05/05/2017;17;1.5954978029662201
05/05/2017;18;1.27170429865962
05/05/2017;19;0.9891247374275891
05/05/2017;20;0.786741463908595
05/05/2017;21;1.0224809373776802
05/05/2017;22;0.916106322154838
05/05/2017;23;0.9895387132554481
05/05/2017;24;0.8672639253430159
05/05/2017;25;0.962879456519552
05/05/2017;26;1.0909215220291701
05/05/2017;27;0.981330641180283
05/05/2017;28;0.8429870897541172
05/05/2017;29;0.8680393699778042
06/05/2017;11;2.80764279178958
06/05/2017;13;1.74596207260122
06/05/2017;14;1.59617741959175
06/05/2017;15;1.40269148725296
06/05/2017;16;1.3651284728310502
06/05/2017;17;1.35335611520695
06/05/2017;18;1.41512717937167
06/05/2017;19;1.0494322265715401
06/05/2017;20;0.671594103469585
06/05/2017;21;1.21879116980825
06/05/2017;22;0.45845762535186796
06/05/2017;23;1.06011562264307
06/05/2017;24;1.0
06/05/2017;25;1.0
06/05/2017;26;1.11829234643781
06/05/2017;27;1.0
06/05/2017;28;0.7710244696973809
06/05/2017;29;1.0
07/05/2017;11;2.5056595050994703
07/05/2017;13;1.9602750288874098
07/05/2017;14;1.0
07/05/2017;15;1.45639295490352
07/05/2017;16;1.3393235117828601
07/05/2017;17;1.09326651600662
07/05/2017;18;2.26729767892548
07/05/2017;19;1.4851047827603998
07/05/2017;20;1.0
07/05/2017;21;1.2952824828998502
07/05/2017;22;1.0
07/05/2017;23;0.980445686335333
07/05/2017;24;0.947137035692271
07/05/2017;25;1.0
07/05/2017;26;1.0
07/05/2017;27;1.1583823060740401
07/05/2017;28;0.569671193548973
07/05/2017;29;0.7748121582899441
08/05/2017;11;1.0
08/05/2017;13;1.61197232451929
08/05/2017;14;0.959928869725841
08/05/2017;15;1.29562535292319
08/05/2017;16;1.2666175334261
08/05/2017;17;1.1280368241066399
08/05/2017;18;1.75255480084387
08/05/2017;19;1.4402434027681599
08/05/2017;20;1.0
08/05/2017;21;1.06338451410217
08/05/2017;22;1.23132220535303
08/05/2017;23;0.929992912490178
08/05/2017;24;1.06343190654518
08/05/2017;25;1.0
08/05/2017;26;1.0145668606440799
08/05/2017;27;1.4206601651585302
08/05/2017;28;0.887843273964792
08/05/2017;29;1.01303964851974
09/05/2017;11;0.743465680254952
09/05/2017;13;1.2945661738038898
09/05/2017;14;1.0
09/05/2017;15;1.24711536036793
09/05/2017;16;1.13196817689959
09/05/2017;17;1.0
09/05/2017;18;1.4370802633525699
09/05/2017;19;1.4987954974818998
09/05/2017;20;1.10667137771669
09/05/2017;21;1.04745193187813
09/05/2017;22;1.41027560590167
09/05/2017;23;0.971460931583508
09/05/2017;24;1.2867420626780801
09/05/2017;25;1.0
09/05/2017;26;1.1403039768711498
09/05/2017;27;1.5679199255792498
09/05/2017;28;0.9797980361560992
09/05/2017;29;0.84547995312927
10/05/2017;11;0.7147543901127891
10/05/2017;13;1.21197734769879
10/05/2017;14;1.0
10/05/2017;15;1.46338044257487
10/05/2017;16;1.31462953072149
10/05/2017;17;1.12077354700675
10/05/2017;18;1.44546465997695
10/05/2017;19;1.46115910665339
10/05/2017;20;1.24997274525205
10/05/2017;21;1.1387138552958798
10/05/2017;22;1.0
10/05/2017;23;1.12562062423393
10/05/2017;24;1.22850833827759
10/05/2017;25;1.0
10/05/2017;26;1.0
10/05/2017;27;1.55881766894346
10/05/2017;28;0.8871720566082559
10/05/2017;29;0.791298645507968
11/05/2017;11;1.6932767963207098
11/05/2017;13;1.58744633994056
11/05/2017;14;0.9951540127765139
11/05/2017;15;1.72659303707404
11/05/2017;16;1.4496197419532701
11/05/2017;17;1.0
11/05/2017;18;1.4283697292357098
11/05/2017;19;1.0
11/05/2017;20;1.0
11/05/2017;21;1.15062967642123
11/05/2017;22;0.960201347213042
11/05/2017;23;1.16492995779232
11/05/2017;24;1.0
11/05/2017;25;1.0
11/05/2017;26;0.98558721907446
11/05/2017;27;1.0
11/05/2017;28;0.9315898327545591
11/05/2017;29;0.876491636804412
12/05/2017;11;2.3780880901032297
12/05/2017;13;1.0
12/05/2017;14;0.9242695960079241
12/05/2017;15;1.0
12/05/2017;16;1.0
12/05/2017;17;1.0133185496609
12/05/2017;18;1.0
12/05/2017;19;0.9376838656176558
12/05/2017;20;1.0
12/05/2017;21;1.0
12/05/2017;22;0.981286459800503
12/05/2017;23;0.9528392004064129
12/05/2017;24;0.9114959220658531
12/05/2017;25;1.0
12/05/2017;26;0.973185122954459
12/05/2017;27;0.893956743542932
12/05/2017;28;0.992200150359967
12/05/2017;29;0.9427433790131791
13/05/2017;11;1.0
13/05/2017;13;0.8901292875980941
13/05/2017;14;0.8003676510019
13/05/2017;15;0.824024822552289
13/05/2017;16;0.882390854488333
13/05/2017;17;1.0
13/05/2017;18;0.7514137372067291
13/05/2017;19;0.877191020916975
13/05/2017;20;0.979672914805993
13/05/2017;21;0.983771709211362
13/05/2017;22;0.9644376268934419
13/05/2017;23;0.922191973422396
13/05/2017;24;0.70247424765375
13/05/2017;25;1.0
13/05/2017;26;0.985511407582493
13/05/2017;27;0.783817196136428
13/05/2017;28;1.0
13/05/2017;29;0.9345098686973541
14/05/2017;11;0.59629014716562
14/05/2017;13;0.615305726615964
14/05/2017;14;0.903994354789086
14/05/2017;15;0.7313686564159
14/05/2017;16;0.8247746521349258
14/05/2017;17;0.7864285582405358
14/05/2017;18;0.6904703850712359
14/05/2017;19;0.6622778176529169
14/05/2017;20;0.762634582081001
14/05/2017;21;0.905638021565543
14/05/2017;22;0.646374484003224
14/05/2017;23;0.834851830826787
14/05/2017;24;0.532115377318923
14/05/2017;25;0.894657013675418
14/05/2017;26;0.865167209697838
14/05/2017;27;0.554879984150874
14/05/2017;28;1.0
14/05/2017;29;0.946354502621389
15/05/2017;11;0.622827124435743
15/05/2017;13;0.6902538919653309
15/05/2017;14;0.902539091111457
15/05/2017;15;0.849246053296831
15/05/2017;16;0.8793895725855542
15/05/2017;17;0.841745249611758
15/05/2017;18;0.8182361403133209
15/05/2017;19;0.6195539616319361
15/05/2017;20;0.779666444691948
15/05/2017;21;0.923213492661811
15/05/2017;22;0.62889325767472
15/05/2017;23;0.8458881239487711
15/05/2017;24;0.767243992866109
15/05/2017;25;0.968793402333527
15/05/2017;26;0.905248425793256
15/05/2017;27;0.6267643128110091
15/05/2017;28;0.9542415457150258
15/05/2017;29;0.962624424114565
16/05/2017;11;0.601644209589934
16/05/2017;13;0.684197139891758
16/05/2017;14;0.771131178506654
16/05/2017;15;0.790597566467828
16/05/2017;16;0.794123603007052
16/05/2017;17;0.903425674281484
16/05/2017;18;0.779429624867123
16/05/2017;19;0.60226118934075
16/05/2017;20;0.7553788621755808
16/05/2017;21;0.8844324247518921
16/05/2017;22;0.565263369434561
16/05/2017;23;0.8136475983560799
16/05/2017;24;0.763374533764333
16/05/2017;25;1.0
16/05/2017;26;0.8759040823714459
16/05/2017;27;0.577660274524323
16/05/2017;28;0.9167137075212759
16/05/2017;29;0.938986807066399
17/05/2017;11;0.7261745310308209
17/05/2017;13;0.7464614248690391
17/05/2017;14;0.7616825869595291
17/05/2017;15;0.785220809693961
17/05/2017;16;0.781702826203568
17/05/2017;17;0.815110937312758
17/05/2017;18;0.8074567311120021
17/05/2017;19;0.665806651044219
17/05/2017;20;0.7615098063357919
17/05/2017;21;0.898307134251184
17/05/2017;22;0.6263289590650519
17/05/2017;23;0.81829982095542
17/05/2017;24;0.728397578725511
17/05/2017;25;1.0
17/05/2017;26;0.830886475022093
17/05/2017;27;0.5589645290296971
17/05/2017;28;0.9307560747641991
17/05/2017;29;0.8577465404289208
18/05/2017;11;0.7860433044994929
18/05/2017;13;0.813446220405791
18/05/2017;14;0.859219502889055
18/05/2017;15;0.837214415599568
18/05/2017;16;0.8623271645659458
18/05/2017;17;0.841713318014625
18/05/2017;18;0.852918607184442
18/05/2017;19;0.718834339203711
18/05/2017;20;0.819257884844505
18/05/2017;21;0.9082332567480921
18/05/2017;22;0.6710609757746879
18/05/2017;23;0.830903334136585
18/05/2017;24;0.7446677346536941
18/05/2017;25;1.0
18/05/2017;26;0.8437585548687221
18/05/2017;27;0.596302751105268
18/05/2017;28;0.899647823653425
18/05/2017;29;0.7688304301611311
19/05/2017;11;0.690609038829304
19/05/2017;13;0.80008544639976
19/05/2017;14;0.944681994922739
19/05/2017;15;0.878801570499716
19/05/2017;16;0.911095853508239
19/05/2017;17;0.8502972362339499
19/05/2017;18;0.8762196698771921
19/05/2017;19;0.7710430515498441
19/05/2017;20;0.890463228898278
19/05/2017;21;0.9211314255076121
19/05/2017;22;0.710230617101272
19/05/2017;23;0.8859949654095342
19/05/2017;24;0.8246233177972678
19/05/2017;25;1.0
19/05/2017;26;0.8868125531160171
19/05/2017;27;0.667564067572378
19/05/2017;28;0.814263475565741
19/05/2017;29;0.7821797917891221
20/05/2017;11;0.564024541823179
20/05/2017;13;0.65387374477295
20/05/2017;14;0.9860191297595691
20/05/2017;15;1.0119752636346702
20/05/2017;16;0.9394731306426071
20/05/2017;17;0.914980876711815
20/05/2017;18;0.826859314616932
20/05/2017;19;0.7305122229230121
20/05/2017;20;0.8746360726877859
20/05/2017;21;0.874521239901361
20/05/2017;22;1.0
20/05/2017;23;0.862733607680317
20/05/2017;24;0.717142795244438
20/05/2017;25;1.0
20/05/2017;26;0.8864867880924571
20/05/2017;27;0.626930049808833
20/05/2017;28;0.835975865788213
20/05/2017;29;0.8092607184585251
21/05/2017;11;0.5957232941997099
21/05/2017;13;0.6334965585886071
21/05/2017;14;0.850387007144125
21/05/2017;15;1.0
21/05/2017;16;0.963463947630941
21/05/2017;17;0.872695966453657
21/05/2017;18;0.8644009585659541
21/05/2017;19;0.662631632486979
21/05/2017;20;0.784296968944242
21/05/2017;21;0.930886971006968
21/05/2017;22;0.914752082250087
21/05/2017;23;1.04722036289762
21/05/2017;24;1.15071529730869
21/05/2017;25;1.0
21/05/2017;26;1.04781426312312
21/05/2017;27;1.17856395093039
21/05/2017;28;0.8474935745896551
21/05/2017;29;0.9108460297381271
22/05/2017;11;0.7244977344667779
22/05/2017;13;0.749954200524069
22/05/2017;14;0.885625812548097
22/05/2017;15;0.910553874854874
22/05/2017;16;0.943303412709742
22/05/2017;17;0.8665555131184159
22/05/2017;18;0.8774690438893671
22/05/2017;19;0.781363571407232
22/05/2017;20;0.933274421702945
22/05/2017;21;0.9710485847495299
22/05/2017;22;0.7841497812961021
22/05/2017;23;0.9492090791382719
22/05/2017;24;1.0
22/05/2017;25;1.0
22/05/2017;26;1.0
22/05/2017;27;1.0
22/05/2017;28;0.95791668552234
22/05/2017;29;0.9533291845770409
23/05/2017;11;0.9010377610329251
23/05/2017;13;0.8570505695211491
23/05/2017;14;1.0
23/05/2017;15;0.9091589801939199
23/05/2017;16;0.909434759314664
23/05/2017;17;0.9774128299724669
23/05/2017;18;0.876428898726989
23/05/2017;19;0.7992598371150759
23/05/2017;20;0.909661891785369
23/05/2017;21;0.947014330497572
23/05/2017;22;0.774888911581918
23/05/2017;23;0.8916960724605079
23/05/2017;24;0.9030417818250501
23/05/2017;25;1.0
23/05/2017;26;0.938642896617274
23/05/2017;27;0.8300924886899049
23/05/2017;28;0.992476659984358
23/05/2017;29;0.952938423113906
24/05/2017;11;0.942855996448876
24/05/2017;13;0.8975509124926031
24/05/2017;14;0.983434833798944
24/05/2017;15;0.9373537250259109
24/05/2017;16;0.91707150529396
24/05/2017;17;0.9098924985349379
24/05/2017;18;0.9085639644015642
24/05/2017;19;0.816465522344975
24/05/2017;20;0.9595907835514841
24/05/2017;21;0.9626071174426409
24/05/2017;22;0.8359055645856031
24/05/2017;23;0.940227071815386
24/05/2017;24;0.8786441766339441
24/05/2017;25;1.0
24/05/2017;26;0.950817705436133
24/05/2017;27;0.7903496389718281
24/05/2017;28;1.0
24/05/2017;29;0.9878482126848209
25/05/2017;11;0.806531645861581
25/05/2017;13;0.7437556632428319
25/05/2017;14;0.905963185740587
25/05/2017;15;0.887091790440554
25/05/2017;16;0.9151766353701691
25/05/2017;17;0.8101305060841251
25/05/2017;18;0.886533261061945
25/05/2017;19;0.774073728839152
25/05/2017;20;0.9856285811907219
25/05/2017;21;0.971722621554452
25/05/2017;22;0.8580709064603651
25/05/2017;23;0.9839144565926949
25/05/2017;24;1.0
25/05/2017;25;1.0
25/05/2017;26;0.9583943783028459
25/05/2017;27;1.0
25/05/2017;28;1.0
25/05/2017;29;0.948312663758029
26/05/2017;11;0.76645503149107
26/05/2017;13;0.7605631558956429
26/05/2017;14;0.919095780112567
26/05/2017;15;0.913251452356725
26/05/2017;16;0.9351318024478829
26/05/2017;17;0.823093811102626
26/05/2017;18;0.8956860053468871
26/05/2017;19;0.8119159646262379
26/05/2017;20;0.9350563043359001
26/05/2017;21;0.979671377031472
26/05/2017;22;0.809497160924868
26/05/2017;23;0.974307720400991
26/05/2017;24;1.12083241014133
26/05/2017;25;1.0
26/05/2017;26;0.968861425235439
26/05/2017;27;1.4823052026339498
26/05/2017;28;1.0
26/05/2017;29;0.9796477785171659
27/05/2017;11;0.8444903522280541
27/05/2017;13;0.7578939639808709
27/05/2017;14;0.9046501468622191
27/05/2017;15;0.937548685099597
27/05/2017;16;0.9590051081479458
27/05/2017;17;0.8729520084062942
27/05/2017;18;0.9059683763148629
27/05/2017;19;0.8762850773892249
27/05/2017;20;0.889119849893228
27/05/2017;21;0.91706454009812
27/05/2017;22;0.7651440908031879
27/05/2017;23;0.9507333274228871
27/05/2017;24;1.2481310547266202
27/05/2017;25;1.0
27/05/2017;26;0.958256389882438
27/05/2017;27;1.92737720187157
27/05/2017;28;0.9235402945882321
27/05/2017;29;0.91777578820001
28/05/2017;11;1.0
28/05/2017;13;0.970324831495653
28/05/2017;14;1.0
28/05/2017;15;0.9665870796470469
28/05/2017;16;0.9906419349169749
28/05/2017;17;0.891950450557413
28/05/2017;18;0.9135737223032329
28/05/2017;19;0.884737541425235
28/05/2017;20;0.8992527459374631
28/05/2017;21;0.9417314120066801
28/05/2017;22;0.8416255654897009
28/05/2017;23;0.911951770230743
28/05/2017;24;1.0
28/05/2017;25;1.0
28/05/2017;26;0.950929017087103
28/05/2017;27;1.0
28/05/2017;28;0.965147245296694
28/05/2017;29;0.951789190797621
29/05/2017;11;0.934780415889259
29/05/2017;13;0.972548678552093
29/05/2017;14;1.0
29/05/2017;15;0.9873448007265792
29/05/2017;16;0.990076370259193
29/05/2017;17;0.915686617191886
29/05/2017;18;0.972141964185228
29/05/2017;19;0.9379673817897309
29/05/2017;20;0.97124050562078
29/05/2017;21;0.9791409553141891
29/05/2017;22;0.961612707120135
29/05/2017;23;0.9700435107657209
29/05/2017;24;0.9337117988847479
29/05/2017;25;1.0
29/05/2017;26;0.9811229409683799
29/05/2017;27;0.8319926922998271
29/05/2017;28;1.0
29/05/2017;29;0.989337726955578
30/05/2017;11;0.896372987009875
30/05/2017;13;0.941409978763742
30/05/2017;14;0.9959281902421979
30/05/2017;15;0.9931981499498209
30/05/2017;16;0.9670436659783259
30/05/2017;17;0.899138221357542
30/05/2017;18;0.959157252874798
30/05/2017;19;0.8881314348492719
30/05/2017;20;0.988031630632409
30/05/2017;21;0.992085457562246
30/05/2017;22;0.888398572383208
30/05/2017;23;0.9697741663554581
30/05/2017;24;0.9057179375382859
30/05/2017;25;1.0
30/05/2017;26;0.976521300710565
30/05/2017;27;0.8567795667055641
30/05/2017;28;1.0
30/05/2017;29;0.994783150508325
31/05/2017;11;1.0
31/05/2017;13;0.8658843621140291
31/05/2017;14;0.9576027500246741
31/05/2017;15;0.9485914057270931
31/05/2017;16;0.9007690293041171
31/05/2017;17;0.8888738808340971
31/05/2017;18;0.9402741955196869
31/05/2017;19;0.898479576094065
31/05/2017;20;0.9444448067670491
31/05/2017;21;0.975949925570693
31/05/2017;22;0.84212442180415
31/05/2017;23;0.962010439343967
31/05/2017;24;0.902707536346854
31/05/2017;25;1.0
31/05/2017;26;0.992987439164122
31/05/2017;27;0.8895297315188359
31/05/2017;28;1.0
31/05/2017;29;0.9818637494896121
01/06/2017;11;0.8950352502640859
01/06/2017;13;0.918433435391028
01/06/2017;14;1.0
01/06/2017;15;0.9139928253489821
01/06/2017;16;0.9162472007874709
01/06/2017;17;0.9000199609786421
01/06/2017;18;0.9641573817076591
01/06/2017;19;0.876456957632029
01/06/2017;20;0.946401497565229
01/06/2017;21;0.9811854675219971
01/06/2017;22;0.9051821660821191
01/06/2017;23;0.9490840413405259
01/06/2017;24;0.8522506400476999
01/06/2017;25;1.0
01/06/2017;26;0.992003190790237
01/06/2017;27;0.87846523049549
01/06/2017;28;1.0
01/06/2017;29;0.993070222421299
02/06/2017;11;0.8310103195630391
02/06/2017;13;0.9789275720705091
02/06/2017;14;1.0
02/06/2017;15;0.956474785649102
02/06/2017;16;0.9711455329811349
02/06/2017;17;0.943707946566793
02/06/2017;18;0.9793321225442329
02/06/2017;19;0.9580491859990209
02/06/2017;20;0.970372629688285
02/06/2017;21;0.9811693385547241
02/06/2017;22;0.95274604561675
02/06/2017;23;0.9449652691094829
02/06/2017;24;0.8382984605423599
02/06/2017;25;1.0
02/06/2017;26;0.9811659711649751
02/06/2017;27;0.926794126852107
02/06/2017;28;1.0
02/06/2017;29;1.0
03/06/2017;11;1.0
03/06/2017;13;1.0
03/06/2017;14;1.0
03/06/2017;15;0.972397818403994
03/06/2017;16;0.9803165654750909
03/06/2017;17;0.970617435544366
03/06/2017;18;1.0
03/06/2017;19;0.9818877744488779
03/06/2017;20;0.9799039037240809
03/06/2017;21;0.996740531903913
03/06/2017;22;0.8752741803149301
03/06/2017;23;0.980139715960792
03/06/2017;24;0.663857363398783
03/06/2017;25;1.0
03/06/2017;26;0.968384149031848
03/06/2017;27;0.725483426840438
03/06/2017;28;1.0
03/06/2017;29;1.0
04/06/2017;11;1.0
04/06/2017;13;1.0
04/06/2017;14;1.0
04/06/2017;15;1.0
04/06/2017;16;0.9977715776145659
04/06/2017;17;1.0
04/06/2017;18;1.0
04/06/2017;19;1.0
04/06/2017;20;0.9019353390995308
04/06/2017;21;0.9929003865384279
04/06/2017;22;0.8462699247556409
04/06/2017;23;0.999927701534944
04/06/2017;24;0.5787332011110339
04/06/2017;25;1.0
04/06/2017;26;0.9632878869023141
04/06/2017;27;0.391318926714065
04/06/2017;28;1.0
04/06/2017;29;1.0
05/06/2017;11;1.0
05/06/2017;13;1.0
05/06/2017;14;1.0
05/06/2017;15;1.0
05/06/2017;16;1.0
05/06/2017;17;1.0
05/06/2017;18;1.0
05/06/2017;19;1.0
05/06/2017;20;1.0
05/06/2017;21;0.9912149371048531
05/06/2017;22;1.0
05/06/2017;23;1.0
05/06/2017;24;0.922995302930678
05/06/2017;25;1.0
05/06/2017;26;0.995376892191456
05/06/2017;27;0.9548520903073481
05/06/2017;28;1.0
05/06/2017;29;1.0
06/06/2017;11;1.0
06/06/2017;13;1.0
06/06/2017;14;1.0
06/06/2017;15;1.0
06/06/2017;16;1.0
06/06/2017;17;1.0
06/06/2017;18;1.0
06/06/2017;19;1.0
06/06/2017;20;1.0
06/06/2017;21;0.997305550372406
06/06/2017;22;1.0
06/06/2017;23;1.0
06/06/2017;24;0.9598881939782299
06/06/2017;25;1.0
06/06/2017;26;1.0
06/06/2017;27;1.0
06/06/2017;28;1.0
06/06/2017;29;1.0
07/06/2017;11;1.0
07/06/2017;13;0.996407754050512
07/06/2017;14;1.0
07/06/2017;15;1.0
07/06/2017;16;1.0
07/06/2017;17;1.0
07/06/2017;18;1.0
07/06/2017;19;1.0
07/06/2017;20;1.0
07/06/2017;21;1.0
07/06/2017;22;1.0
07/06/2017;23;1.0
07/06/2017;24;1.0
07/06/2017;25;1.0
07/06/2017;26;1.0
07/06/2017;27;1.0
07/06/2017;28;1.0
07/06/2017;29;1.0
08/06/2017;11;1.0
08/06/2017;13;0.972232984159966
08/06/2017;14;1.0
08/06/2017;15;1.0
08/06/2017;16;1.0
08/06/2017;17;1.0
08/06/2017;18;1.0
08/06/2017;19;1.0
08/06/2017;20;1.0
08/06/2017;21;1.0
08/06/2017;22;1.0
08/06/2017;23;1.0
08/06/2017;24;1.0
08/06/2017;25;1.0
08/06/2017;26;1.0
08/06/2017;27;1.0
08/06/2017;28;1.0
08/06/2017;29;1.0
09/06/2017;11;1.0
09/06/2017;13;1.0
09/06/2017;14;1.0
09/06/2017;15;1.0
09/06/2017;16;1.0
09/06/2017;17;1.0
09/06/2017;18;1.0
09/06/2017;19;1.0
09/06/2017;20;1.0
09/06/2017;21;1.0
09/06/2017;22;1.0
09/06/2017;23;1.0
09/06/2017;24;1.0
09/06/2017;25;1.0
09/06/2017;26;1.0
09/06/2017;27;1.0
09/06/2017;28;1.0
09/06/2017;29;1.0
10/06/2017;11;1.0
10/06/2017;13;1.0
10/06/2017;14;1.0
10/06/2017;15;1.0
10/06/2017;16;1.0
10/06/2017;17;0.990790249639644
10/06/2017;18;1.0
10/06/2017;19;1.0
10/06/2017;20;1.0
10/06/2017;21;1.0
10/06/2017;22;1.0
10/06/2017;23;1.0
10/06/2017;24;0.9907066484552101
10/06/2017;25;1.0
10/06/2017;26;1.0
10/06/2017;27;1.0
10/06/2017;28;1.0
10/06/2017;29;1.0
11/06/2017;11;1.0
11/06/2017;13;1.0
11/06/2017;14;1.0
11/06/2017;15;1.0
11/06/2017;16;1.0
11/06/2017;17;0.986068796852391
11/06/2017;18;1.0
11/06/2017;19;1.0
11/06/2017;20;1.0
11/06/2017;21;1.0
11/06/2017;22;1.0
11/06/2017;23;1.0
11/06/2017;24;0.9353708536440251
11/06/2017;25;1.0
11/06/2017;26;1.0
11/06/2017;27;1.0
11/06/2017;28;1.0
11/06/2017;29;1.0
12/06/2017;11;1.0
12/06/2017;13;1.0
12/06/2017;14;0.995343044047979
12/06/2017;15;1.0
12/06/2017;16;1.0
12/06/2017;17;1.0
12/06/2017;18;1.0
12/06/2017;19;1.0
12/06/2017;20;1.0
12/06/2017;21;1.0
12/06/2017;22;1.0
12/06/2017;23;1.0
12/06/2017;24;0.984186275451902
12/06/2017;25;1.0
12/06/2017;26;1.0
12/06/2017;27;1.0
12/06/2017;28;1.0
12/06/2017;29;1.0
13/06/2017;11;1.0
13/06/2017;13;0.9953701178129759
13/06/2017;14;0.9512059333142991
13/06/2017;15;1.0
13/06/2017;16;1.0
13/06/2017;17;1.0
13/06/2017;18;1.0
13/06/2017;19;1.0
13/06/2017;20;1.0
13/06/2017;21;1.0
13/06/2017;22;1.0
13/06/2017;23;1.0
13/06/2017;24;0.988034585336144
13/06/2017;25;1.0
13/06/2017;26;1.0
13/06/2017;27;1.0
13/06/2017;28;1.0
13/06/2017;29;1.0
14/06/2017;11;1.0
14/06/2017;13;0.9672431845122281
14/06/2017;14;1.0
14/06/2017;15;1.0
14/06/2017;16;1.0
14/06/2017;17;1.0
14/06/2017;18;1.0
14/06/2017;19;1.0
14/06/2017;20;1.0
14/06/2017;21;1.0
14/06/2017;22;1.0
14/06/2017;23;1.0
14/06/2017;24;0.982378824302364
14/06/2017;25;1.0
14/06/2017;26;1.0
14/06/2017;27;1.0
14/06/2017;28;1.0
14/06/2017;29;1.0
15/06/2017;11;1.0
15/06/2017;13;1.0
15/06/2017;14;1.0
15/06/2017;15;1.0
15/06/2017;16;1.0
15/06/2017;17;1.0
15/06/2017;18;1.0
15/06/2017;19;1.0
15/06/2017;20;1.0
15/06/2017;21;1.0
15/06/2017;22;1.0
15/06/2017;23;1.0
15/06/2017;24;0.9934152721963051
15/06/2017;25;1.0
15/06/2017;26;1.0
15/06/2017;27;1.0
15/06/2017;28;1.0
15/06/2017;29;1.0
16/06/2017;11;1.0
16/06/2017;13;1.0
16/06/2017;14;1.0
16/06/2017;15;1.0
16/06/2017;16;1.0
16/06/2017;17;1.0
16/06/2017;18;0.9988351475228571
16/06/2017;19;1.0
16/06/2017;20;1.0
16/06/2017;21;1.0
16/06/2017;22;1.0
16/06/2017;23;1.0
16/06/2017;24;0.9879564191291159
16/06/2017;25;1.0
16/06/2017;26;1.0
16/06/2017;27;1.0
16/06/2017;28;1.0
16/06/2017;29;1.0
17/06/2017;11;1.0
17/06/2017;13;1.0
17/06/2017;14;1.0
17/06/2017;15;1.0
17/06/2017;16;1.0
17/06/2017;17;1.0
17/06/2017;18;0.9968329409461499
17/06/2017;19;1.0
17/06/2017;20;1.0
17/06/2017;21;1.0
17/06/2017;22;1.0
17/06/2017;23;1.0
17/06/2017;24;0.90761253951772
17/06/2017;25;1.0
17/06/2017;26;1.0
17/06/2017;27;1.0
17/06/2017;28;1.0
17/06/2017;29;1.0
18/06/2017;11;1.0
18/06/2017;13;1.0
18/06/2017;14;1.0
18/06/2017;15;1.0
18/06/2017;16;1.0
18/06/2017;17;1.0
18/06/2017;18;1.0
18/06/2017;19;1.0
18/06/2017;20;1.0
18/06/2017;21;1.0
18/06/2017;22;1.0
18/06/2017;23;1.0
18/06/2017;24;0.835574888366506
18/06/2017;25;1.0
18/06/2017;26;1.0
18/06/2017;27;1.0
18/06/2017;28;1.0
18/06/2017;29;1.0
19/06/2017;11;1.0
19/06/2017;13;1.0
19/06/2017;14;1.0
19/06/2017;15;1.0
19/06/2017;16;1.0
19/06/2017;17;1.0
19/06/2017;18;1.0
19/06/2017;19;1.0
19/06/2017;20;1.0
19/06/2017;21;1.0
19/06/2017;22;1.0
19/06/2017;23;1.0
19/06/2017;24;0.949336545219872
19/06/2017;25;1.0
19/06/2017;26;1.0
19/06/2017;27;1.0
19/06/2017;28;1.0
19/06/2017;29;1.0
20/06/2017;11;1.0
20/06/2017;13;0.970389255935653
20/06/2017;14;0.990165842748625
20/06/2017;15;0.998369023365255
20/06/2017;16;1.0
20/06/2017;17;1.0
20/06/2017;18;0.968824699194588
20/06/2017;19;1.0
20/06/2017;20;1.0
20/06/2017;21;1.0
20/06/2017;22;1.0
20/06/2017;23;1.0
20/06/2017;24;0.9872909176732192
20/06/2017;25;1.0
20/06/2017;26;1.0
20/06/2017;27;1.0
20/06/2017;28;1.0
20/06/2017;29;1.0
21/06/2017;11;1.0
21/06/2017;13;0.8522305876436891
21/06/2017;14;0.9292936022101059
21/06/2017;15;0.9678089044769509
21/06/2017;16;0.99858019898442
21/06/2017;17;1.0
21/06/2017;18;0.951400821318066
21/06/2017;19;0.946179226481702
21/06/2017;20;0.9912765284190591
21/06/2017;21;0.999711503332586
21/06/2017;22;0.9841554876003911
21/06/2017;23;0.9656020626315799
21/06/2017;24;0.9658137184321031
21/06/2017;25;1.0
21/06/2017;26;1.0
21/06/2017;27;1.0
21/06/2017;28;1.0
21/06/2017;29;1.0
22/06/2017;11;1.0
22/06/2017;13;1.0
22/06/2017;14;1.0
22/06/2017;15;0.991270235724566
22/06/2017;16;0.9973526297507529
22/06/2017;17;1.0
22/06/2017;18;0.9814772575195959
22/06/2017;19;0.9669618385081941
22/06/2017;20;0.967891125130488
22/06/2017;21;0.9909063559140471
22/06/2017;22;0.9828074628373459
22/06/2017;23;0.9886464481126751
22/06/2017;24;0.9200667929386859
22/06/2017;25;1.0
22/06/2017;26;1.0
22/06/2017;27;0.954955467568545
22/06/2017;28;1.0
22/06/2017;29;1.0
23/06/2017;11;1.0
23/06/2017;13;1.0
23/06/2017;14;1.0
23/06/2017;15;1.0
23/06/2017;16;1.0
23/06/2017;17;1.0
23/06/2017;18;1.0
23/06/2017;19;1.0
23/06/2017;20;1.0
23/06/2017;21;1.0
23/06/2017;22;1.0
23/06/2017;23;1.0
23/06/2017;24;1.0
23/06/2017;25;1.0
23/06/2017;26;1.0
23/06/2017;27;1.0
23/06/2017;28;1.0
23/06/2017;29;1.0
24/06/2017;11;1.0
24/06/2017;13;1.0
24/06/2017;14;1.0
24/06/2017;15;1.0
24/06/2017;16;1.0
24/06/2017;17;1.0
24/06/2017;18;1.0
24/06/2017;19;1.0
24/06/2017;20;1.0
24/06/2017;21;1.0
24/06/2017;22;1.0
24/06/2017;23;1.0
24/06/2017;24;1.0
24/06/2017;25;1.0
24/06/2017;26;1.0
24/06/2017;27;1.0
24/06/2017;28;1.0
24/06/2017;29;1.0
25/06/2017;11;1.0
25/06/2017;13;1.0
25/06/2017;14;1.0
25/06/2017;15;1.0
25/06/2017;16;1.0
25/06/2017;17;1.0
25/06/2017;18;1.0
25/06/2017;19;1.0
25/06/2017;20;1.0
25/06/2017;21;1.0
25/06/2017;22;1.0
25/06/2017;23;1.0
25/06/2017;24;0.7535646541995459
25/06/2017;25;1.0
25/06/2017;26;0.9949082246918199
25/06/2017;27;1.0
25/06/2017;28;1.0
25/06/2017;29;1.0
26/06/2017;11;1.0
26/06/2017;13;1.0
26/06/2017;14;1.0
26/06/2017;15;1.0
26/06/2017;16;1.0
26/06/2017;17;1.0
26/06/2017;18;1.0
26/06/2017;19;1.0
26/06/2017;20;1.0
26/06/2017;21;1.0
26/06/2017;22;1.0
26/06/2017;23;1.0
26/06/2017;24;0.984162229268295
26/06/2017;25;1.0
26/06/2017;26;1.0
26/06/2017;27;1.0
26/06/2017;28;1.0
26/06/2017;29;1.0
27/06/2017;11;1.0
27/06/2017;13;1.0
27/06/2017;14;1.0
27/06/2017;15;1.0
27/06/2017;16;1.0
27/06/2017;17;1.0
27/06/2017;18;1.0
27/06/2017;19;1.0
27/06/2017;20;1.0
27/06/2017;21;1.0
27/06/2017;22;1.0
27/06/2017;23;1.0
27/06/2017;24;0.9855787736247941
27/06/2017;25;1.0
27/06/2017;26;1.0
27/06/2017;27;1.0
27/06/2017;28;1.0
27/06/2017;29;1.0
28/06/2017;11;1.0
28/06/2017;13;0.9971559372171551
28/06/2017;14;1.0
28/06/2017;15;1.0
28/06/2017;16;0.9984019200794709
28/06/2017;17;1.0
28/06/2017;18;0.9886122242300479
28/06/2017;19;1.0
28/06/2017;20;1.0
28/06/2017;21;1.0
28/06/2017;22;1.0
28/06/2017;23;1.0
28/06/2017;24;0.9874398351568019
28/06/2017;25;1.0
28/06/2017;26;1.0
28/06/2017;27;1.0
28/06/2017;28;1.0
28/06/2017;29;1.0
29/06/2017;11;1.0
29/06/2017;13;0.977658556241718
29/06/2017;14;1.0
29/06/2017;15;1.0
29/06/2017;16;0.9970226210717259
29/06/2017;17;1.0
29/06/2017;18;0.9860527155407921
29/06/2017;19;1.0
29/06/2017;20;1.0
29/06/2017;21;1.0
29/06/2017;22;1.0
29/06/2017;23;1.0
29/06/2017;24;0.9908771028059709
29/06/2017;25;1.0
29/06/2017;26;1.0
29/06/2017;27;1.0
29/06/2017;28;1.0
29/06/2017;29;1.0
30/06/2017;11;1.0
30/06/2017;13;1.0
30/06/2017;14;1.0
30/06/2017;15;1.0
30/06/2017;16;1.0
30/06/2017;17;1.0
30/06/2017;18;1.0
30/06/2017;19;1.0
30/06/2017;20;1.0
30/06/2017;21;1.0
30/06/2017;22;1.0
30/06/2017;23;1.0
30/06/2017;24;0.979966411943137
30/06/2017;25;1.0
30/06/2017;26;1.0
30/06/2017;27;1.0
30/06/2017;28;1.0
30/06/2017;29;1.0
01/07/2017;11;1.0
01/07/2017;13;1.0
01/07/2017;14;1.0
01/07/2017;15;1.0
01/07/2017;16;1.0
01/07/2017;17;1.0
01/07/2017;18;1.0
01/07/2017;19;1.0
01/07/2017;20;1.0
01/07/2017;21;1.0
01/07/2017;22;1.0
01/07/2017;23;1.0
01/07/2017;24;0.9775802649806871
01/07/2017;25;1.0
01/07/2017;26;1.0
01/07/2017;27;1.0
01/07/2017;28;1.0
01/07/2017;29;1.0
02/07/2017;11;1.0
02/07/2017;13;1.0
02/07/2017;14;1.0
02/07/2017;15;1.0
02/07/2017;16;1.0
02/07/2017;17;1.0
02/07/2017;18;1.0
02/07/2017;19;1.0
02/07/2017;20;1.0
02/07/2017;21;1.0
02/07/2017;22;1.0
02/07/2017;23;1.0
02/07/2017;24;0.998001366332519
02/07/2017;25;1.0
02/07/2017;26;1.0
02/07/2017;27;1.0
02/07/2017;28;1.0
02/07/2017;29;1.0
03/07/2017;11;1.0
03/07/2017;13;1.0
03/07/2017;14;1.0
03/07/2017;15;1.0
03/07/2017;16;1.0
03/07/2017;17;1.0
03/07/2017;18;1.0
03/07/2017;19;1.0
03/07/2017;20;1.0
03/07/2017;21;1.0
03/07/2017;22;1.0
03/07/2017;23;1.0
03/07/2017;24;0.9984801840538711
03/07/2017;25;1.0
03/07/2017;26;1.0
03/07/2017;27;1.0
03/07/2017;28;1.0
03/07/2017;29;1.0
04/07/2017;11;1.0
04/07/2017;13;1.0
04/07/2017;14;1.0
04/07/2017;15;1.0
04/07/2017;16;1.0
04/07/2017;17;1.0
04/07/2017;18;1.0
04/07/2017;19;1.0
04/07/2017;20;1.0
04/07/2017;21;1.0
04/07/2017;22;1.0
04/07/2017;23;1.0
04/07/2017;24;0.998549279549706
04/07/2017;25;1.0
04/07/2017;26;1.0
04/07/2017;27;1.0
04/07/2017;28;1.0
04/07/2017;29;1.0
05/07/2017;11;1.0
05/07/2017;13;1.0
05/07/2017;14;1.0
05/07/2017;15;1.0
05/07/2017;16;1.0
05/07/2017;17;1.0
05/07/2017;18;1.0
05/07/2017;19;1.0
05/07/2017;20;1.0
05/07/2017;21;1.0
05/07/2017;22;1.0
05/07/2017;23;1.0
05/07/2017;24;1.0
05/07/2017;25;1.0
05/07/2017;26;1.0
05/07/2017;27;1.0
05/07/2017;28;1.0
05/07/2017;29;1.0
06/07/2017;11;1.0
06/07/2017;13;1.0
06/07/2017;14;1.0
06/07/2017;15;1.0
06/07/2017;16;1.0
06/07/2017;17;1.0
06/07/2017;18;1.0
06/07/2017;19;1.0
06/07/2017;20;1.0
06/07/2017;21;1.0
06/07/2017;22;1.0
06/07/2017;23;1.0
06/07/2017;24;1.0
06/07/2017;25;1.0
06/07/2017;26;1.0
06/07/2017;27;1.0
06/07/2017;28;1.0
06/07/2017;29;1.0
07/07/2017;11;1.0
07/07/2017;13;1.0
07/07/2017;14;1.0
07/07/2017;15;1.0
07/07/2017;16;1.0
07/07/2017;17;1.0
07/07/2017;18;1.0
07/07/2017;19;1.0
07/07/2017;20;1.0
07/07/2017;21;1.0
07/07/2017;22;1.0
07/07/2017;23;1.0
07/07/2017;24;1.0
07/07/2017;25;1.0
07/07/2017;26;1.0
07/07/2017;27;1.0
07/07/2017;28;1.0
07/07/2017;29;1.0
08/07/2017;11;1.0
08/07/2017;13;1.0
08/07/2017;14;1.0
08/07/2017;15;1.0
08/07/2017;16;1.0
08/07/2017;17;1.0
08/07/2017;18;1.0
08/07/2017;19;1.0
08/07/2017;20;1.0
08/07/2017;21;1.0
08/07/2017;22;1.0
08/07/2017;23;1.0
08/07/2017;24;1.0
08/07/2017;25;1.0
08/07/2017;26;1.0
08/07/2017;27;1.0
08/07/2017;28;1.0
08/07/2017;29;1.0
09/07/2017;11;1.0
09/07/2017;13;1.0
09/07/2017;14;1.0
09/07/2017;15;1.0
09/07/2017;16;1.0
09/07/2017;17;1.0
09/07/2017;18;1.0
09/07/2017;19;1.0
09/07/2017;20;1.0
09/07/2017;21;1.0
09/07/2017;22;1.0
09/07/2017;23;1.0
09/07/2017;24;1.0
09/07/2017;25;1.0
09/07/2017;26;1.0
09/07/2017;27;1.0
09/07/2017;28;1.0
09/07/2017;29;1.0
10/07/2017;11;1.0
10/07/2017;13;1.0
10/07/2017;14;1.0
10/07/2017;15;1.0
10/07/2017;16;1.0
10/07/2017;17;1.0
10/07/2017;18;1.0
10/07/2017;19;1.0
10/07/2017;20;1.0
10/07/2017;21;1.0
10/07/2017;22;1.0
10/07/2017;23;1.0
10/07/2017;24;0.996032769036756
10/07/2017;25;1.0
10/07/2017;26;1.0
10/07/2017;27;1.0
10/07/2017;28;1.0
10/07/2017;29;1.0
11/07/2017;11;1.0
11/07/2017;13;1.0
11/07/2017;14;1.0
11/07/2017;15;1.0
11/07/2017;16;1.0
11/07/2017;17;1.0
11/07/2017;18;1.0
11/07/2017;19;1.0
11/07/2017;20;1.0
11/07/2017;21;1.0
11/07/2017;22;1.0
11/07/2017;23;1.0
11/07/2017;24;0.9888289214977231
11/07/2017;25;1.0
11/07/2017;26;1.0
11/07/2017;27;1.0
11/07/2017;28;1.0
11/07/2017;29;1.0
12/07/2017;11;1.0
12/07/2017;13;1.0
12/07/2017;14;1.0
12/07/2017;15;1.0
12/07/2017;16;1.0
12/07/2017;17;1.0
12/07/2017;18;1.0
12/07/2017;19;1.0
12/07/2017;20;1.0
12/07/2017;21;1.0
12/07/2017;22;1.0
12/07/2017;23;1.0
12/07/2017;24;0.997519706823556
12/07/2017;25;1.0
12/07/2017;26;1.0
12/07/2017;27;1.0
12/07/2017;28;1.0
12/07/2017;29;1.0
13/07/2017;11;1.0
13/07/2017;13;1.0
13/07/2017;14;1.0
13/07/2017;15;1.0
13/07/2017;16;1.0
13/07/2017;17;1.0
13/07/2017;18;1.0
13/07/2017;19;1.0
13/07/2017;20;1.0
13/07/2017;21;1.0
13/07/2017;22;1.0
13/07/2017;23;1.0
13/07/2017;24;1.0
13/07/2017;25;1.0
13/07/2017;26;1.0
13/07/2017;27;1.0
13/07/2017;28;1.0
13/07/2017;29;1.0
14/07/2017;11;1.0
14/07/2017;13;1.0
14/07/2017;14;1.0
14/07/2017;15;1.0
14/07/2017;16;1.0
14/07/2017;17;1.0
14/07/2017;18;1.0
14/07/2017;19;1.0
14/07/2017;20;1.0
14/07/2017;21;1.0
14/07/2017;22;1.0
14/07/2017;23;1.0
14/07/2017;24;1.0
14/07/2017;25;1.0
14/07/2017;26;1.0
14/07/2017;27;1.0
14/07/2017;28;1.0
14/07/2017;29;1.0
15/07/2017;11;1.0
15/07/2017;13;1.0
15/07/2017;14;1.0
15/07/2017;15;1.0
15/07/2017;16;1.0
15/07/2017;17;1.0
15/07/2017;18;1.0
15/07/2017;19;1.0
15/07/2017;20;1.0
15/07/2017;21;1.0
15/07/2017;22;1.0
15/07/2017;23;1.0
15/07/2017;24;0.994932047748773
15/07/2017;25;1.0
15/07/2017;26;1.0
15/07/2017;27;1.0
15/07/2017;28;1.0
15/07/2017;29;1.0
16/07/2017;11;1.0
16/07/2017;13;1.0
16/07/2017;14;1.0
16/07/2017;15;1.0
16/07/2017;16;1.0
16/07/2017;17;1.0
16/07/2017;18;1.0
16/07/2017;19;1.0
16/07/2017;20;1.0
16/07/2017;21;1.0
16/07/2017;22;1.0
16/07/2017;23;1.0
16/07/2017;24;0.92390656016782
16/07/2017;25;1.0
16/07/2017;26;1.0
16/07/2017;27;1.0
16/07/2017;28;1.0
16/07/2017;29;1.0
17/07/2017;11;1.0
17/07/2017;13;1.0
17/07/2017;14;1.0
17/07/2017;15;1.0
17/07/2017;16;1.0
17/07/2017;17;1.0
17/07/2017;18;1.0
17/07/2017;19;1.0
17/07/2017;20;1.0
17/07/2017;21;1.0
17/07/2017;22;1.0
17/07/2017;23;1.0
17/07/2017;24;0.966376155136555
17/07/2017;25;1.0
17/07/2017;26;1.0
17/07/2017;27;0.936426903372715
17/07/2017;28;1.0
17/07/2017;29;1.0
18/07/2017;11;1.0
18/07/2017;13;1.0
18/07/2017;14;1.0
18/07/2017;15;1.0
18/07/2017;16;1.0
18/07/2017;17;1.0
18/07/2017;18;1.0
18/07/2017;19;1.0
18/07/2017;20;1.0
18/07/2017;21;1.0
18/07/2017;22;1.0
18/07/2017;23;1.0
18/07/2017;24;0.9922197854413379
18/07/2017;25;1.0
18/07/2017;26;1.0
18/07/2017;27;1.0
18/07/2017;28;1.0
18/07/2017;29;1.0
19/07/2017;11;1.0
19/07/2017;13;1.0
19/07/2017;14;1.0
19/07/2017;15;1.0
19/07/2017;16;1.0
19/07/2017;17;1.0
19/07/2017;18;1.0
19/07/2017;19;1.0
19/07/2017;20;1.0
19/07/2017;21;1.0
19/07/2017;22;1.0
19/07/2017;23;1.0
19/07/2017;24;1.0
19/07/2017;25;1.0
19/07/2017;26;1.0
19/07/2017;27;1.0
19/07/2017;28;1.0
19/07/2017;29;1.0
20/07/2017;11;1.0
20/07/2017;13;1.0
20/07/2017;14;1.0
20/07/2017;15;1.0
20/07/2017;16;1.0
20/07/2017;17;1.0
20/07/2017;18;1.0
20/07/2017;19;1.0
20/07/2017;20;1.0
20/07/2017;21;1.0
20/07/2017;22;1.0
20/07/2017;23;1.0
20/07/2017;24;1.0
20/07/2017;25;1.0
20/07/2017;26;1.0
20/07/2017;27;1.0
20/07/2017;28;1.0
20/07/2017;29;1.0
21/07/2017;11;1.0
21/07/2017;13;1.0
21/07/2017;14;1.0
21/07/2017;15;1.0
21/07/2017;16;1.0
21/07/2017;17;1.0
21/07/2017;18;1.0
21/07/2017;19;1.0
21/07/2017;20;1.0
21/07/2017;21;1.0
21/07/2017;22;1.0
21/07/2017;23;1.0
21/07/2017;24;1.0
21/07/2017;25;1.0
21/07/2017;26;1.0
21/07/2017;27;1.0
21/07/2017;28;1.0
21/07/2017;29;1.0
22/07/2017;11;1.0
22/07/2017;13;1.0
22/07/2017;14;1.0
22/07/2017;15;1.0
22/07/2017;16;1.0
22/07/2017;17;1.0
22/07/2017;18;1.0
22/07/2017;19;1.0
22/07/2017;20;1.0
22/07/2017;21;1.0
22/07/2017;22;1.0
22/07/2017;23;1.0
22/07/2017;24;1.0
22/07/2017;25;1.0
22/07/2017;26;1.0
22/07/2017;27;1.0
22/07/2017;28;1.0
22/07/2017;29;1.0
23/07/2017;11;1.0
23/07/2017;13;1.0
23/07/2017;14;1.0
23/07/2017;15;1.0
23/07/2017;16;1.0
23/07/2017;17;1.0
23/07/2017;18;1.0
23/07/2017;19;1.0
23/07/2017;20;1.0
23/07/2017;21;1.0
23/07/2017;22;1.0
23/07/2017;23;1.0
23/07/2017;24;0.9960104103408242
23/07/2017;25;1.0
23/07/2017;26;1.0
23/07/2017;27;1.0
23/07/2017;28;1.0
23/07/2017;29;1.0
24/07/2017;11;1.0
24/07/2017;13;1.0
24/07/2017;14;1.0
24/07/2017;15;0.9998748776344609
24/07/2017;16;1.0
24/07/2017;17;1.0
24/07/2017;18;1.0
24/07/2017;19;1.0
24/07/2017;20;1.0
24/07/2017;21;1.0
24/07/2017;22;1.0
24/07/2017;23;1.0
24/07/2017;24;0.994703826038032
24/07/2017;25;1.0
24/07/2017;26;1.0
24/07/2017;27;1.0
24/07/2017;28;1.0
24/07/2017;29;1.0
25/07/2017;11;1.0
25/07/2017;13;1.0
25/07/2017;14;1.0
25/07/2017;15;0.99077940609404
25/07/2017;16;1.0
25/07/2017;17;1.0
25/07/2017;18;1.0
25/07/2017;19;1.0
25/07/2017;20;1.0
25/07/2017;21;1.0
25/07/2017;22;1.0
25/07/2017;23;1.0
25/07/2017;24;0.988982420434105
25/07/2017;25;1.0
25/07/2017;26;1.0
25/07/2017;27;1.0
25/07/2017;28;1.0
25/07/2017;29;1.0
26/07/2017;11;1.0
26/07/2017;13;1.0
26/07/2017;14;1.0
26/07/2017;15;1.0
26/07/2017;16;1.0
26/07/2017;17;1.0
26/07/2017;18;1.0
26/07/2017;19;1.0
26/07/2017;20;1.0
26/07/2017;21;1.0
26/07/2017;22;1.0
26/07/2017;23;1.0
26/07/2017;24;0.991509265305317
26/07/2017;25;1.0
26/07/2017;26;1.0
26/07/2017;27;1.0
26/07/2017;28;1.0
26/07/2017;29;1.0
27/07/2017;11;1.0
27/07/2017;13;1.0
27/07/2017;14;1.0
27/07/2017;15;1.0
27/07/2017;16;1.0
27/07/2017;17;1.0
27/07/2017;18;1.0
27/07/2017;19;1.0
27/07/2017;20;1.0
27/07/2017;21;1.0
27/07/2017;22;1.0
27/07/2017;23;1.0
27/07/2017;24;0.993338918514027
27/07/2017;25;1.0
27/07/2017;26;1.0
27/07/2017;27;1.0
27/07/2017;28;1.0
27/07/2017;29;1.0
28/07/2017;11;1.0
28/07/2017;13;1.0
28/07/2017;14;1.0
28/07/2017;15;1.0
28/07/2017;16;1.0
28/07/2017;17;1.0
28/07/2017;18;1.0
28/07/2017;19;1.0
28/07/2017;20;1.0
28/07/2017;21;1.0
28/07/2017;22;1.0
28/07/2017;23;1.0
28/07/2017;24;1.0
28/07/2017;25;1.0
28/07/2017;26;1.0
28/07/2017;27;1.0
28/07/2017;28;1.0
28/07/2017;29;1.0
29/07/2017;11;1.0
29/07/2017;13;1.0
29/07/2017;14;1.0
29/07/2017;15;1.0
29/07/2017;16;1.0
29/07/2017;17;1.0
29/07/2017;18;1.0
29/07/2017;19;1.0
29/07/2017;20;1.0
29/07/2017;21;1.0
29/07/2017;22;1.0
29/07/2017;23;1.0
29/07/2017;24;1.0
29/07/2017;25;1.0
29/07/2017;26;1.0
29/07/2017;27;1.0
29/07/2017;28;1.0
29/07/2017;29;1.0
30/07/2017;11;1.0
30/07/2017;13;1.0
30/07/2017;14;1.0
30/07/2017;15;1.0
30/07/2017;16;1.0
30/07/2017;17;1.0
30/07/2017;18;1.0
30/07/2017;19;1.0
30/07/2017;20;1.0
30/07/2017;21;1.0
30/07/2017;22;1.0
30/07/2017;23;1.0
30/07/2017;24;1.0
30/07/2017;25;1.0
30/07/2017;26;1.0
30/07/2017;27;1.0
30/07/2017;28;1.0
30/07/2017;29;1.0
31/07/2017;11;1.0
31/07/2017;13;1.0
31/07/2017;14;1.0
31/07/2017;15;1.0
31/07/2017;16;1.0
31/07/2017;17;1.0
31/07/2017;18;1.0
31/07/2017;19;1.0
31/07/2017;20;1.0
31/07/2017;21;1.0
31/07/2017;22;1.0
31/07/2017;23;1.0
31/07/2017;24;0.9969779025830491
31/07/2017;25;1.0
31/07/2017;26;1.0
31/07/2017;27;1.0
31/07/2017;28;1.0
31/07/2017;29;1.0
01/08/2017;11;1.0
01/08/2017;13;1.0
01/08/2017;14;1.0
01/08/2017;15;1.0
01/08/2017;16;1.0
01/08/2017;17;1.0
01/08/2017;18;1.0
01/08/2017;19;1.0
01/08/2017;20;1.0
01/08/2017;21;1.0
01/08/2017;22;1.0
01/08/2017;23;1.0
01/08/2017;24;0.98978923064944
01/08/2017;25;1.0
01/08/2017;26;1.0
01/08/2017;27;1.0
01/08/2017;28;1.0
01/08/2017;29;1.0
02/08/2017;11;1.0
02/08/2017;13;1.0
02/08/2017;14;1.0
02/08/2017;15;1.0
02/08/2017;16;1.0
02/08/2017;17;1.0
02/08/2017;18;1.0
02/08/2017;19;1.0
02/08/2017;20;1.0
02/08/2017;21;1.0
02/08/2017;22;1.0
02/08/2017;23;1.0
02/08/2017;24;1.0
02/08/2017;25;1.0
02/08/2017;26;1.0
02/08/2017;27;1.0
02/08/2017;28;1.0
02/08/2017;29;1.0
03/08/2017;11;1.0
03/08/2017;13;1.0
03/08/2017;14;1.0
03/08/2017;15;1.0
03/08/2017;16;1.0
03/08/2017;17;1.0
03/08/2017;18;1.0
03/08/2017;19;1.0
03/08/2017;20;1.0
03/08/2017;21;1.0
03/08/2017;22;1.0
03/08/2017;23;1.0
03/08/2017;24;1.0
03/08/2017;25;1.0
03/08/2017;26;1.0
03/08/2017;27;1.0
03/08/2017;28;1.0
03/08/2017;29;1.0
04/08/2017;11;1.0
04/08/2017;13;1.0
04/08/2017;14;1.0
04/08/2017;15;1.0
04/08/2017;16;1.0
04/08/2017;17;1.0
04/08/2017;18;1.0
04/08/2017;19;1.0
04/08/2017;20;1.0
04/08/2017;21;1.0
04/08/2017;22;1.0
04/08/2017;23;1.0
04/08/2017;24;1.0
04/08/2017;25;1.0
04/08/2017;26;1.0
04/08/2017;27;1.0
04/08/2017;28;1.0
04/08/2017;29;1.0
05/08/2017;11;1.0
05/08/2017;13;1.0
05/08/2017;14;1.0
05/08/2017;15;1.0
05/08/2017;16;1.0
05/08/2017;17;1.0
05/08/2017;18;1.0
05/08/2017;19;1.0
05/08/2017;20;1.0
05/08/2017;21;1.0
05/08/2017;22;1.0
05/08/2017;23;1.0
05/08/2017;24;1.0
05/08/2017;25;1.0
05/08/2017;26;1.0
05/08/2017;27;1.0
05/08/2017;28;1.0
05/08/2017;29;1.0
06/08/2017;11;1.0
06/08/2017;13;1.0
06/08/2017;14;1.0
06/08/2017;15;1.0
06/08/2017;16;1.0
06/08/2017;17;1.0
06/08/2017;18;1.0
06/08/2017;19;1.0
06/08/2017;20;1.0
06/08/2017;21;1.0
06/08/2017;22;1.0
06/08/2017;23;1.0
06/08/2017;24;1.0
06/08/2017;25;1.0
06/08/2017;26;1.0
06/08/2017;27;1.0
06/08/2017;28;1.0
06/08/2017;29;1.0
07/08/2017;11;1.0
07/08/2017;13;1.0
07/08/2017;14;1.0
07/08/2017;15;1.0
07/08/2017;16;1.0
07/08/2017;17;1.0
07/08/2017;18;1.0
07/08/2017;19;1.0
07/08/2017;20;1.0
07/08/2017;21;1.0
07/08/2017;22;1.0
07/08/2017;23;1.0
07/08/2017;24;0.998267850231134
07/08/2017;25;1.0
07/08/2017;26;1.0
07/08/2017;27;1.0
07/08/2017;28;1.0
07/08/2017;29;1.0
08/08/2017;11;1.0
08/08/2017;13;1.0
08/08/2017;14;1.0
08/08/2017;15;1.0
08/08/2017;16;1.0
08/08/2017;17;1.0
08/08/2017;18;1.0
08/08/2017;19;1.0
08/08/2017;20;1.0
08/08/2017;21;1.0
08/08/2017;22;1.0
08/08/2017;23;1.0
08/08/2017;24;0.995543633225275
08/08/2017;25;1.0
08/08/2017;26;1.0
08/08/2017;27;1.0
08/08/2017;28;1.0
08/08/2017;29;1.0
09/08/2017;11;1.0
09/08/2017;13;1.0
09/08/2017;14;1.0
09/08/2017;15;1.0
09/08/2017;16;1.0
09/08/2017;17;1.0
09/08/2017;18;1.0
09/08/2017;19;1.0
09/08/2017;20;1.0
09/08/2017;21;1.0
09/08/2017;22;1.0
09/08/2017;23;1.0
09/08/2017;24;1.0
09/08/2017;25;1.0
09/08/2017;26;1.0
09/08/2017;27;1.0
09/08/2017;28;1.0
09/08/2017;29;1.0
10/08/2017;11;1.0
10/08/2017;13;1.0
10/08/2017;14;1.0
10/08/2017;15;1.0
10/08/2017;16;1.0
10/08/2017;17;1.0
10/08/2017;18;1.0
10/08/2017;19;1.0
10/08/2017;20;1.0
10/08/2017;21;1.0
10/08/2017;22;1.0
10/08/2017;23;1.0
10/08/2017;24;1.0
10/08/2017;25;1.0
10/08/2017;26;1.0
10/08/2017;27;1.0
10/08/2017;28;1.0
10/08/2017;29;1.0
11/08/2017;11;1.0
11/08/2017;13;1.0
11/08/2017;14;1.0
11/08/2017;15;1.0
11/08/2017;16;1.0
11/08/2017;17;1.0
11/08/2017;18;1.0
11/08/2017;19;1.0
11/08/2017;20;1.0
11/08/2017;21;1.0
11/08/2017;22;1.0
11/08/2017;23;1.0
11/08/2017;24;1.0
11/08/2017;25;1.0
11/08/2017;26;1.0
11/08/2017;27;1.0
11/08/2017;28;1.0
11/08/2017;29;1.0
12/08/2017;11;1.0
12/08/2017;13;1.0
12/08/2017;14;1.0
12/08/2017;15;1.0
12/08/2017;16;1.0
12/08/2017;17;1.0
12/08/2017;18;1.0
12/08/2017;19;1.0
12/08/2017;20;1.0
12/08/2017;21;1.0
12/08/2017;22;1.0
12/08/2017;23;1.0
12/08/2017;24;0.8424905014132009
12/08/2017;25;1.0
12/08/2017;26;1.0
12/08/2017;27;1.0
12/08/2017;28;1.0
12/08/2017;29;1.0
13/08/2017;11;1.0
13/08/2017;13;1.0
13/08/2017;14;1.0
13/08/2017;15;1.0
13/08/2017;16;1.0
13/08/2017;17;1.0
13/08/2017;18;1.0
13/08/2017;19;1.0
13/08/2017;20;1.0
13/08/2017;21;1.0
13/08/2017;22;1.0
13/08/2017;23;1.0
13/08/2017;24;1.0
13/08/2017;25;1.0
13/08/2017;26;1.0
13/08/2017;27;1.0
13/08/2017;28;1.0
13/08/2017;29;1.0
14/08/2017;11;1.0
14/08/2017;13;1.0
14/08/2017;14;1.0
14/08/2017;15;1.0
14/08/2017;16;1.0
14/08/2017;17;1.0
14/08/2017;18;1.0
14/08/2017;19;1.0
14/08/2017;20;1.0
14/08/2017;21;1.0
14/08/2017;22;1.0
14/08/2017;23;1.0
14/08/2017;24;0.9949950014937529
14/08/2017;25;1.0
14/08/2017;26;1.0
14/08/2017;27;1.0
14/08/2017;28;1.0
14/08/2017;29;1.0
15/08/2017;11;1.0
15/08/2017;13;1.0
15/08/2017;14;1.0
15/08/2017;15;1.0
15/08/2017;16;1.0
15/08/2017;17;1.0
15/08/2017;18;1.0
15/08/2017;19;1.0
15/08/2017;20;1.0
15/08/2017;21;1.0
15/08/2017;22;1.0
15/08/2017;23;1.0
15/08/2017;24;1.0
15/08/2017;25;1.0
15/08/2017;26;1.0
15/08/2017;27;1.0
15/08/2017;28;1.0
15/08/2017;29;1.0
16/08/2017;11;1.0
16/08/2017;13;1.0
16/08/2017;14;1.0
16/08/2017;15;1.0
16/08/2017;16;1.0
16/08/2017;17;1.0
16/08/2017;18;1.0
16/08/2017;19;1.0
16/08/2017;20;1.0
16/08/2017;21;1.0
16/08/2017;22;1.0
16/08/2017;23;1.0
16/08/2017;24;1.0
16/08/2017;25;1.0
16/08/2017;26;1.0
16/08/2017;27;1.0
16/08/2017;28;1.0
16/08/2017;29;1.0
17/08/2017;11;1.0
17/08/2017;13;1.0
17/08/2017;14;1.0
17/08/2017;15;1.0
17/08/2017;16;1.0
17/08/2017;17;1.0
17/08/2017;18;1.0
17/08/2017;19;1.0
17/08/2017;20;1.0
17/08/2017;21;1.0
17/08/2017;22;1.0
17/08/2017;23;1.0
17/08/2017;24;1.0
17/08/2017;25;1.0
17/08/2017;26;1.0
17/08/2017;27;1.0
17/08/2017;28;1.0
17/08/2017;29;1.0
18/08/2017;11;1.0
18/08/2017;13;1.0
18/08/2017;14;1.0
18/08/2017;15;1.0
18/08/2017;16;1.0
18/08/2017;17;1.0
18/08/2017;18;1.0
18/08/2017;19;1.0
18/08/2017;20;1.0
18/08/2017;21;1.0
18/08/2017;22;1.0
18/08/2017;23;1.0
18/08/2017;24;1.0
18/08/2017;25;1.0
18/08/2017;26;1.0
18/08/2017;27;1.0
18/08/2017;28;1.0
18/08/2017;29;1.0
19/08/2017;11;1.0
19/08/2017;13;1.0
19/08/2017;14;1.0
19/08/2017;15;1.0
19/08/2017;16;1.0
19/08/2017;17;1.0
19/08/2017;18;1.0
19/08/2017;19;1.0
19/08/2017;20;1.0
19/08/2017;21;1.0
19/08/2017;22;1.0
19/08/2017;23;1.0
19/08/2017;24;1.0
19/08/2017;25;1.0
19/08/2017;26;1.0
19/08/2017;27;1.0
19/08/2017;28;1.0
19/08/2017;29;1.0
20/08/2017;11;1.0
20/08/2017;13;1.0
20/08/2017;14;1.0
20/08/2017;15;1.0
20/08/2017;16;1.0
20/08/2017;17;1.0
20/08/2017;18;1.0
20/08/2017;19;1.0
20/08/2017;20;1.0
20/08/2017;21;1.0
20/08/2017;22;1.0
20/08/2017;23;1.0
20/08/2017;24;1.0
20/08/2017;25;1.0
20/08/2017;26;1.0
20/08/2017;27;1.0
20/08/2017;28;1.0
20/08/2017;29;1.0
21/08/2017;11;1.0
21/08/2017;13;1.0
21/08/2017;14;1.0
21/08/2017;15;1.0
21/08/2017;16;1.0
21/08/2017;17;1.0
21/08/2017;18;1.0
21/08/2017;19;1.0
21/08/2017;20;1.0
21/08/2017;21;1.0
21/08/2017;22;1.0
21/08/2017;23;1.0
21/08/2017;24;1.0
21/08/2017;25;1.0
21/08/2017;26;1.0
21/08/2017;27;1.0
21/08/2017;28;1.0
21/08/2017;29;1.0
22/08/2017;11;1.0
22/08/2017;13;1.0
22/08/2017;14;1.0
22/08/2017;15;1.0
22/08/2017;16;1.0
22/08/2017;17;1.0
22/08/2017;18;1.0
22/08/2017;19;1.0
22/08/2017;20;1.0
22/08/2017;21;1.0
22/08/2017;22;1.0
22/08/2017;23;1.0
22/08/2017;24;1.0
22/08/2017;25;1.0
22/08/2017;26;1.0
22/08/2017;27;1.0
22/08/2017;28;1.0
22/08/2017;29;1.0
23/08/2017;11;1.0
23/08/2017;13;1.0
23/08/2017;14;1.0
23/08/2017;15;1.0
23/08/2017;16;1.0
23/08/2017;17;1.0
23/08/2017;18;1.0
23/08/2017;19;1.0
23/08/2017;20;1.0
23/08/2017;21;1.0
23/08/2017;22;1.0
23/08/2017;23;1.0
23/08/2017;24;0.996619971777467
23/08/2017;25;1.0
23/08/2017;26;1.0
23/08/2017;27;1.0
23/08/2017;28;1.0
23/08/2017;29;1.0
24/08/2017;11;1.0
24/08/2017;13;1.0
24/08/2017;14;1.0
24/08/2017;15;1.0
24/08/2017;16;1.0
24/08/2017;17;1.0
24/08/2017;18;1.0
24/08/2017;19;1.0
24/08/2017;20;1.0
24/08/2017;21;1.0
24/08/2017;22;1.0
24/08/2017;23;1.0
24/08/2017;24;0.991100576680771
24/08/2017;25;1.0
24/08/2017;26;1.0
24/08/2017;27;1.0
24/08/2017;28;1.0
24/08/2017;29;1.0
25/08/2017;11;1.0
25/08/2017;13;1.0
25/08/2017;14;1.0
25/08/2017;15;1.0
25/08/2017;16;1.0
25/08/2017;17;1.0
25/08/2017;18;1.0
25/08/2017;19;1.0
25/08/2017;20;1.0
25/08/2017;21;1.0
25/08/2017;22;1.0
25/08/2017;23;1.0
25/08/2017;24;1.0
25/08/2017;25;1.0
25/08/2017;26;1.0
25/08/2017;27;1.0
25/08/2017;28;1.0
25/08/2017;29;1.0
26/08/2017;11;1.0
26/08/2017;13;1.0
26/08/2017;14;1.0
26/08/2017;15;1.0
26/08/2017;16;0.9885794845752349
26/08/2017;17;1.0
26/08/2017;18;1.0
26/08/2017;19;1.0
26/08/2017;20;1.0
26/08/2017;21;1.0
26/08/2017;22;1.0
26/08/2017;23;1.0
26/08/2017;24;1.0
26/08/2017;25;1.0
26/08/2017;26;1.0
26/08/2017;27;1.0
26/08/2017;28;1.0
26/08/2017;29;1.0
27/08/2017;11;1.0
27/08/2017;13;1.0
27/08/2017;14;1.0
27/08/2017;15;1.0
27/08/2017;16;0.979570267726681
27/08/2017;17;1.0
27/08/2017;18;1.0
27/08/2017;19;1.0
27/08/2017;20;1.0
27/08/2017;21;1.0
27/08/2017;22;1.0
27/08/2017;23;1.0
27/08/2017;24;1.0
27/08/2017;25;1.0
27/08/2017;26;1.0
27/08/2017;27;1.0
27/08/2017;28;1.0
27/08/2017;29;1.0
28/08/2017;11;1.0
28/08/2017;13;1.0
28/08/2017;14;1.0
28/08/2017;15;1.0
28/08/2017;16;1.0
28/08/2017;17;1.0
28/08/2017;18;1.0
28/08/2017;19;1.0
28/08/2017;20;1.0
28/08/2017;21;1.0
28/08/2017;22;1.0
28/08/2017;23;1.0
28/08/2017;24;0.994367765589958
28/08/2017;25;1.0
28/08/2017;26;1.0
28/08/2017;27;1.0
28/08/2017;28;1.0
28/08/2017;29;1.0
29/08/2017;11;1.0
29/08/2017;13;1.0
29/08/2017;14;1.0
29/08/2017;15;1.0
29/08/2017;16;1.0
29/08/2017;17;1.0
29/08/2017;18;1.0
29/08/2017;19;1.0
29/08/2017;20;1.0
29/08/2017;21;1.0
29/08/2017;22;1.0
29/08/2017;23;1.0
29/08/2017;24;1.0
29/08/2017;25;1.0
29/08/2017;26;1.0
29/08/2017;27;1.0
29/08/2017;28;1.0
29/08/2017;29;1.0
30/08/2017;11;1.0
30/08/2017;13;1.0
30/08/2017;14;1.0
30/08/2017;15;0.999608364119625
30/08/2017;16;1.0
30/08/2017;17;1.0
30/08/2017;18;1.0
30/08/2017;19;1.0
30/08/2017;20;1.0
30/08/2017;21;1.0
30/08/2017;22;1.0
30/08/2017;23;1.0
30/08/2017;24;1.0
30/08/2017;25;1.0
30/08/2017;26;1.0
30/08/2017;27;1.0
30/08/2017;28;1.0
30/08/2017;29;1.0
31/08/2017;11;1.0
31/08/2017;13;1.0
31/08/2017;14;1.0
31/08/2017;15;0.981943464888731
31/08/2017;16;0.99857696939247
31/08/2017;17;1.0
31/08/2017;18;1.0
31/08/2017;19;1.0
31/08/2017;20;1.0
31/08/2017;21;1.0
31/08/2017;22;1.0
31/08/2017;23;1.0
31/08/2017;24;0.9948665180425991
31/08/2017;25;1.0
31/08/2017;26;1.0
31/08/2017;27;1.0
31/08/2017;28;1.0
31/08/2017;29;1.0
01/09/2017;11;1.0
01/09/2017;13;1.0
01/09/2017;14;1.0
01/09/2017;15;0.9844913238170441
01/09/2017;16;0.9965431880120759
01/09/2017;17;1.0
01/09/2017;18;1.0
01/09/2017;19;1.0
01/09/2017;20;1.0
01/09/2017;21;0.999972567160202
01/09/2017;22;1.0
01/09/2017;23;1.0
01/09/2017;24;0.989337194754377
01/09/2017;25;1.0
01/09/2017;26;1.0
01/09/2017;27;1.0
01/09/2017;28;1.0
01/09/2017;29;1.0
02/09/2017;11;1.0
02/09/2017;13;1.16254138124836
02/09/2017;14;1.0
02/09/2017;15;1.0
02/09/2017;16;0.990825668747979
02/09/2017;17;1.0
02/09/2017;18;1.0
02/09/2017;19;1.0
02/09/2017;20;1.0
02/09/2017;21;0.9934717286543271
02/09/2017;22;1.0
02/09/2017;23;1.0
02/09/2017;24;0.977624282255566
02/09/2017;25;1.0
02/09/2017;26;1.0
02/09/2017;27;1.0
02/09/2017;28;1.0
02/09/2017;29;1.0
03/09/2017;11;1.0
03/09/2017;13;1.88567253094065
03/09/2017;14;1.0
03/09/2017;15;1.0
03/09/2017;16;0.9833298095150781
03/09/2017;17;1.0
03/09/2017;18;1.0
03/09/2017;19;1.0
03/09/2017;20;1.0
03/09/2017;21;1.0
03/09/2017;22;1.0
03/09/2017;23;1.0
03/09/2017;24;1.0
03/09/2017;25;1.0
03/09/2017;26;1.0
03/09/2017;27;1.0
03/09/2017;28;1.0
03/09/2017;29;1.0
04/09/2017;11;1.0
04/09/2017;13;1.0
04/09/2017;14;1.0
04/09/2017;15;1.0
04/09/2017;16;1.0
04/09/2017;17;1.0
04/09/2017;18;1.0
04/09/2017;19;1.0
04/09/2017;20;1.0
04/09/2017;21;1.0
04/09/2017;22;1.0
04/09/2017;23;1.0
04/09/2017;24;1.01104821192527
04/09/2017;25;1.0
04/09/2017;26;1.0
04/09/2017;27;1.0
04/09/2017;28;1.0
04/09/2017;29;1.0
05/09/2017;11;1.0
05/09/2017;13;1.0
05/09/2017;14;1.0
05/09/2017;15;1.0
05/09/2017;16;1.0
05/09/2017;17;1.0
05/09/2017;18;1.0
05/09/2017;19;1.0
05/09/2017;20;1.0
05/09/2017;21;1.0
05/09/2017;22;1.0
05/09/2017;23;1.0
05/09/2017;24;1.0
05/09/2017;25;1.0
05/09/2017;26;1.0
05/09/2017;27;1.0
05/09/2017;28;1.0
05/09/2017;29;1.0
06/09/2017;11;1.0
06/09/2017;13;1.0
06/09/2017;14;1.0
06/09/2017;15;0.999988362541935
06/09/2017;16;0.9983361314429221
06/09/2017;17;1.0
06/09/2017;18;1.0
06/09/2017;19;1.0
06/09/2017;20;1.0
06/09/2017;21;1.0
06/09/2017;22;1.0
06/09/2017;23;1.0
06/09/2017;24;0.984897557696541
06/09/2017;25;1.0
06/09/2017;26;1.0
06/09/2017;27;1.0
06/09/2017;28;1.0
06/09/2017;29;1.0
07/09/2017;11;1.0
07/09/2017;13;0.997642407052807
07/09/2017;14;1.0
07/09/2017;15;0.9968628110701979
07/09/2017;16;0.9941215130887819
07/09/2017;17;1.0
07/09/2017;18;1.0
07/09/2017;19;1.0
07/09/2017;20;1.0
07/09/2017;21;1.0
07/09/2017;22;1.0
07/09/2017;23;1.0
07/09/2017;24;0.95762751790821
07/09/2017;25;1.0
07/09/2017;26;1.0
07/09/2017;27;1.0
07/09/2017;28;1.0
07/09/2017;29;1.0
08/09/2017;11;1.0
08/09/2017;13;0.9810721300210358
08/09/2017;14;1.0
08/09/2017;15;0.987556138555626
08/09/2017;16;0.9948232245879131
08/09/2017;17;1.0
08/09/2017;18;1.0
08/09/2017;19;1.0
08/09/2017;20;1.0
08/09/2017;21;1.0
08/09/2017;22;1.0
08/09/2017;23;1.0
08/09/2017;24;0.964105028107713
08/09/2017;25;1.0
08/09/2017;26;1.0
08/09/2017;27;1.0
08/09/2017;28;1.0
08/09/2017;29;1.0
09/09/2017;11;1.0
09/09/2017;13;1.0
09/09/2017;14;1.0
09/09/2017;15;1.0
09/09/2017;16;1.0
09/09/2017;17;1.0
09/09/2017;18;1.0
09/09/2017;19;1.0
09/09/2017;20;1.0
09/09/2017;21;1.0
09/09/2017;22;1.0
09/09/2017;23;1.0
09/09/2017;24;0.913414534255503
09/09/2017;25;1.0
09/09/2017;26;1.0
09/09/2017;27;1.0
09/09/2017;28;1.0
09/09/2017;29;1.0
10/09/2017;11;1.0
10/09/2017;13;1.6901479695817399
10/09/2017;14;1.0
10/09/2017;15;1.0090010422465099
10/09/2017;16;1.0
10/09/2017;17;1.0
10/09/2017;18;1.0
10/09/2017;19;1.0
10/09/2017;20;1.0
10/09/2017;21;1.0
10/09/2017;22;1.0
10/09/2017;23;1.0
10/09/2017;24;0.8481504634165842
10/09/2017;25;1.0
10/09/2017;26;1.0
10/09/2017;27;1.0
10/09/2017;28;1.0
10/09/2017;29;1.0
11/09/2017;11;1.0
11/09/2017;13;1.5659116964233797
11/09/2017;14;1.0
11/09/2017;15;1.0
11/09/2017;16;0.993983152276022
11/09/2017;17;1.0
11/09/2017;18;1.0
11/09/2017;19;1.0
11/09/2017;20;1.0
11/09/2017;21;1.0
11/09/2017;22;1.0
11/09/2017;23;1.0
11/09/2017;24;1.0
11/09/2017;25;1.0
11/09/2017;26;1.0
11/09/2017;27;1.0
11/09/2017;28;1.0
11/09/2017;29;1.0
12/09/2017;11;1.0
12/09/2017;13;1.0
12/09/2017;14;1.0
12/09/2017;15;0.9915105239108392
12/09/2017;16;0.9873818696894449
12/09/2017;17;1.0
12/09/2017;18;1.0
12/09/2017;19;1.0
12/09/2017;20;1.0
12/09/2017;21;0.9996914894254529
12/09/2017;22;1.0
12/09/2017;23;1.0
12/09/2017;24;1.0
12/09/2017;25;1.0
12/09/2017;26;1.0
12/09/2017;27;1.0
12/09/2017;28;1.0
12/09/2017;29;1.0
13/09/2017;11;1.0
13/09/2017;13;1.0
13/09/2017;14;1.0
13/09/2017;15;1.01647114458264
13/09/2017;16;0.976994551359335
13/09/2017;17;1.0
13/09/2017;18;0.9864648542328471
13/09/2017;19;1.0
13/09/2017;20;1.0
13/09/2017;21;0.9906914141609541
13/09/2017;22;1.0
13/09/2017;23;1.0
13/09/2017;24;0.9782181306193009
13/09/2017;25;1.0
13/09/2017;26;1.0
13/09/2017;27;1.0
13/09/2017;28;1.0
13/09/2017;29;1.0
14/09/2017;11;0.9075600720457301
14/09/2017;13;0.9794728588385749
14/09/2017;14;0.9878035348718509
14/09/2017;15;1.0
14/09/2017;16;0.9543074962836541
14/09/2017;17;1.0
14/09/2017;18;0.9445265879435369
14/09/2017;19;0.993467549749193
14/09/2017;20;1.0
14/09/2017;21;0.9990977212721079
14/09/2017;22;0.957213081699399
14/09/2017;23;1.0
14/09/2017;24;0.9647087527382329
14/09/2017;25;1.0
14/09/2017;26;1.0
14/09/2017;27;1.0
14/09/2017;28;1.0
14/09/2017;29;1.0
15/09/2017;11;0.7159464441068419
15/09/2017;13;1.31295630609539
15/09/2017;14;0.8974136883182541
15/09/2017;15;0.961743702285125
15/09/2017;16;0.9714606930392459
15/09/2017;17;0.9981744443458679
15/09/2017;18;0.9172518312035699
15/09/2017;19;0.942802189417641
15/09/2017;20;0.993140556776301
15/09/2017;21;0.999067556420511
15/09/2017;22;0.908331793085759
15/09/2017;23;0.993719454831247
15/09/2017;24;0.942942140891273
15/09/2017;25;1.0
15/09/2017;26;1.0
15/09/2017;27;1.0
15/09/2017;28;1.0
15/09/2017;29;1.0
16/09/2017;11;0.475664234427304
16/09/2017;13;3.38543160576333
16/09/2017;14;0.7988883454514009
16/09/2017;15;1.0224512725226
16/09/2017;16;0.9758606731057892
16/09/2017;17;0.996800732859302
16/09/2017;18;1.0388426956546
16/09/2017;19;0.9329238175074158
16/09/2017;20;0.915658068109936
16/09/2017;21;0.962016376588984
16/09/2017;22;0.862536851403922
16/09/2017;23;0.977415049390565
16/09/2017;24;0.852683962995614
16/09/2017;25;1.0
16/09/2017;26;1.0
16/09/2017;27;1.0
16/09/2017;28;1.0
16/09/2017;29;1.0
17/09/2017;11;0.531566735539839
17/09/2017;13;1.8118917737471398
17/09/2017;14;1.48988171355654
17/09/2017;15;1.0
17/09/2017;16;0.9751727517691771
17/09/2017;17;1.0
17/09/2017;18;1.0
17/09/2017;19;0.90586597305386
17/09/2017;20;0.863699054638575
17/09/2017;21;0.9765533938784571
17/09/2017;22;0.833809661471837
17/09/2017;23;0.9702693395610871
17/09/2017;24;0.79508559590127
17/09/2017;25;1.0
17/09/2017;26;0.9730551427812141
17/09/2017;27;1.0
17/09/2017;28;1.0
17/09/2017;29;1.0
18/09/2017;11;1.8534610995208702
18/09/2017;13;1.64390848148122
18/09/2017;14;1.33715015137152
18/09/2017;15;1.0
18/09/2017;16;0.951746718330078
18/09/2017;17;1.0
18/09/2017;18;1.01853192794414
18/09/2017;19;1.12287064059195
18/09/2017;20;0.965390465551842
18/09/2017;21;0.9881806613927441
18/09/2017;22;0.913072632073731
18/09/2017;23;0.9639960973243341
18/09/2017;24;1.0
18/09/2017;25;1.0
18/09/2017;26;0.982043667694775
18/09/2017;27;0.9392766333316791
18/09/2017;28;1.0
18/09/2017;29;1.0
19/09/2017;11;2.4517394562529597
19/09/2017;13;2.34161260292981
19/09/2017;14;0.993776674465447
19/09/2017;15;1.51038634547741
19/09/2017;16;1.29336808488591
19/09/2017;17;1.0
19/09/2017;18;1.39001157822691
19/09/2017;19;1.362547866541
19/09/2017;20;0.9922731747760161
19/09/2017;21;1.0127989303543
19/09/2017;22;0.864372922879182
19/09/2017;23;0.9553037553645649
19/09/2017;24;1.0227815002945502
19/09/2017;25;1.0
19/09/2017;26;0.9891649485675029
19/09/2017;27;0.9558728862609001
19/09/2017;28;1.0
19/09/2017;29;1.0
20/09/2017;11;1.0
20/09/2017;13;1.75542362250604
20/09/2017;14;0.943721730777425
20/09/2017;15;1.0
20/09/2017;16;1.64754866935071
20/09/2017;17;1.0
20/09/2017;18;1.0
20/09/2017;19;1.0
20/09/2017;20;0.9616780444546479
20/09/2017;21;1.0981763732192802
20/09/2017;22;1.2464233032479701
20/09/2017;23;1.10737002931213
20/09/2017;24;1.19657145633066
20/09/2017;25;1.0
20/09/2017;26;0.985390899497854
20/09/2017;27;1.4737198527447901
20/09/2017;28;1.0
20/09/2017;29;1.0
21/09/2017;11;1.0
21/09/2017;13;1.21858691982292
21/09/2017;14;0.9543069191965741
21/09/2017;15;1.0511112233964002
21/09/2017;16;1.3385561063980802
21/09/2017;17;1.0
21/09/2017;18;0.959355114900542
21/09/2017;19;0.897764481190698
21/09/2017;20;0.9643942839047029
21/09/2017;21;1.09216305497206
21/09/2017;22;1.52144304054129
21/09/2017;23;0.941363415428104
21/09/2017;24;1.25817109600517
21/09/2017;25;1.0
21/09/2017;26;0.9896144980110051
21/09/2017;27;1.98864129102316
21/09/2017;28;1.0
21/09/2017;29;0.9860581258521619
22/09/2017;11;1.0
22/09/2017;13;1.0
22/09/2017;14;0.930603265521985
22/09/2017;15;1.1936739181919398
22/09/2017;16;1.0
22/09/2017;17;1.0
22/09/2017;18;0.9340967430124579
22/09/2017;19;0.8772205617313671
22/09/2017;20;0.9595547386845891
22/09/2017;21;1.0
22/09/2017;22;1.0
22/09/2017;23;0.939517139021153
22/09/2017;24;1.0
22/09/2017;25;1.0
22/09/2017;26;0.966089953589719
22/09/2017;27;1.7963593070406398
22/09/2017;28;1.0
22/09/2017;29;0.994782835250673
23/09/2017;11;0.7518891797071708
23/09/2017;13;0.667747956502908
23/09/2017;14;0.8528123103245109
23/09/2017;15;1.2370411534535402
23/09/2017;16;0.956369632217102
23/09/2017;17;0.9782777472714791
23/09/2017;18;0.7918277782339059
23/09/2017;19;0.9028959541332191
23/09/2017;20;0.869341050198325
23/09/2017;21;0.9582783376311271
23/09/2017;22;0.7265130349287809
23/09/2017;23;0.976247857358167
23/09/2017;24;0.944613210410838
23/09/2017;25;1.0
23/09/2017;26;0.963065407999203
23/09/2017;27;1.0
23/09/2017;28;1.0
23/09/2017;29;1.0
24/09/2017;11;0.530696065855516
24/09/2017;13;0.504571494347998
24/09/2017;14;0.821912755541487
24/09/2017;15;1.17554291763615
24/09/2017;16;1.07989517355343
24/09/2017;17;0.946020240123935
24/09/2017;18;1.0
24/09/2017;19;1.19242816450628
24/09/2017;20;0.8307026305093891
24/09/2017;21;0.914305012281486
24/09/2017;22;0.787990817678639
24/09/2017;23;0.9175343684269041
24/09/2017;24;0.843382111662838
24/09/2017;25;1.0
24/09/2017;26;0.963937550147325
24/09/2017;27;0.0
24/09/2017;28;1.0
24/09/2017;29;1.0
25/09/2017;11;0.7547258470144191
25/09/2017;13;0.801269878230962
25/09/2017;14;0.953788908299603
25/09/2017;15;1.1569004270716399
25/09/2017;16;1.0
25/09/2017;17;0.9730009337127729
25/09/2017;18;1.0446057115899101
25/09/2017;19;1.0
25/09/2017;20;0.924259088482809
25/09/2017;21;1.00112971435459
25/09/2017;22;0.892172116332715
25/09/2017;23;0.9521962759410458
25/09/2017;24;0.974627393430348
25/09/2017;25;1.0
25/09/2017;26;1.05050155506273
25/09/2017;27;1.01707311756728
25/09/2017;28;1.0
25/09/2017;29;1.0
26/09/2017;11;0.783835350131798
26/09/2017;13;0.8204658529736129
26/09/2017;14;0.9372895074109019
26/09/2017;15;1.0
26/09/2017;16;0.96831999498477
26/09/2017;17;1.0
26/09/2017;18;1.10134322798851
26/09/2017;19;0.900316258073023
26/09/2017;20;0.961658197165256
26/09/2017;21;1.0
26/09/2017;22;0.888566973746933
26/09/2017;23;1.0326454002098
26/09/2017;24;0.982969629034338
26/09/2017;25;1.0
26/09/2017;26;0.99667138157276
26/09/2017;27;1.0
26/09/2017;28;1.0
26/09/2017;29;1.0
27/09/2017;11;0.9021106368474491
27/09/2017;13;0.727106537667495
27/09/2017;14;0.874064389530041
27/09/2017;15;0.946326322084212
27/09/2017;16;0.940218930640523
27/09/2017;17;1.0
27/09/2017;18;1.0
27/09/2017;19;0.876117671919172
27/09/2017;20;0.9448525675315429
27/09/2017;21;0.975060546999519
27/09/2017;22;0.869747547785539
27/09/2017;23;0.942834832243149
27/09/2017;24;0.9715198528301241
27/09/2017;25;1.0
27/09/2017;26;0.961105417942248
27/09/2017;27;1.0
27/09/2017;28;1.0
27/09/2017;29;0.9587651109963851
28/09/2017;11;0.7807684007694441
28/09/2017;13;0.743518014530935
28/09/2017;14;0.8382013668981559
28/09/2017;15;0.8929593777212879
28/09/2017;16;0.972994635966535
28/09/2017;17;0.9788229765239429
28/09/2017;18;0.887013155121543
28/09/2017;19;0.8571206251282741
28/09/2017;20;0.948247141649526
28/09/2017;21;0.9647665941067579
28/09/2017;22;0.792836582233794
28/09/2017;23;0.971501905147543
28/09/2017;24;0.981067250960653
28/09/2017;25;1.0
28/09/2017;26;0.9599346455450658
28/09/2017;27;1.0
28/09/2017;28;1.0
28/09/2017;29;0.985464698930919
29/09/2017;11;0.732438183741899
29/09/2017;13;0.7466881107571709
29/09/2017;14;0.839902559265448
29/09/2017;15;0.893280742638399
29/09/2017;16;0.9812882120643441
29/09/2017;17;0.952200416416047
29/09/2017;18;0.86458635401727
29/09/2017;19;0.7953906531389141
29/09/2017;20;0.9005666979905971
29/09/2017;21;0.964494353473223
29/09/2017;22;0.73950877363801
29/09/2017;23;0.938627145930164
29/09/2017;24;1.0377307553964898
29/09/2017;25;1.0
29/09/2017;26;0.968504592027827
29/09/2017;27;1.12132492428015
29/09/2017;28;1.0
29/09/2017;29;0.985118678413189
30/09/2017;11;0.39469564788540995
30/09/2017;13;0.37520113074823797
30/09/2017;14;0.638528480557761
30/09/2017;15;0.740595151601705
30/09/2017;16;0.9121880302832741
30/09/2017;17;0.968956235017869
30/09/2017;18;0.757198870835548
30/09/2017;19;0.7527786609506641
30/09/2017;20;0.7970368758000029
30/09/2017;21;1.0
30/09/2017;22;0.6259983690963999
30/09/2017;23;1.01699823358349
30/09/2017;24;1.40765845940117
30/09/2017;25;1.0
30/09/2017;26;0.9347059367213191
30/09/2017;27;2.37165540275298
30/09/2017;28;1.0
30/09/2017;29;0.947664040916619
01/10/2017;11;0.7351439594346278
01/10/2017;13;1.0
01/10/2017;14;1.08151944775822
01/10/2017;15;1.0
01/10/2017;16;0.889338229384062
01/10/2017;17;0.9548382646487309
01/10/2017;18;1.12635256910342
01/10/2017;19;1.0
01/10/2017;20;0.800207761544427
01/10/2017;21;1.10109750625606
01/10/2017;22;0.24779657272590197
01/10/2017;23;1.09850490987574
01/10/2017;24;1.0
01/10/2017;25;1.0
01/10/2017;26;1.15620042455028
01/10/2017;27;1.0
01/10/2017;28;1.0
01/10/2017;29;0.983698987295938
02/10/2017;11;0.8244014479010171
02/10/2017;13;1.170575046606
02/10/2017;14;1.0
02/10/2017;15;1.04495308765533
02/10/2017;16;0.941625468892235
02/10/2017;17;0.920765001635235
02/10/2017;18;1.0
02/10/2017;19;0.9741480185368431
02/10/2017;20;1.0
02/10/2017;21;1.0733164754257098
02/10/2017;22;0.823939046218568
02/10/2017;23;1.00573888576208
02/10/2017;24;1.0015216524150399
02/10/2017;25;1.0
02/10/2017;26;1.04298450506659
02/10/2017;27;1.1083655752478898
02/10/2017;28;1.0
02/10/2017;29;1.0
03/10/2017;11;0.8173334186084159
03/10/2017;13;1.1283292982881998
03/10/2017;14;0.944308187222683
03/10/2017;15;1.09906095536383
03/10/2017;16;1.07775381189447
03/10/2017;17;0.953760026840491
03/10/2017;18;1.0
03/10/2017;19;0.9445162066130309
03/10/2017;20;1.0
03/10/2017;21;1.0
03/10/2017;22;0.8652391848846359
03/10/2017;23;0.9866156914695751
03/10/2017;24;0.988170196637047
03/10/2017;25;1.0
03/10/2017;26;0.9947600839485
03/10/2017;27;1.0
03/10/2017;28;1.0
03/10/2017;29;1.0
04/10/2017;11;1.02599051696341
04/10/2017;13;1.0
04/10/2017;14;1.07723993263399
04/10/2017;15;1.0
04/10/2017;16;1.0
04/10/2017;17;0.9556161282059209
04/10/2017;18;0.9490601132633678
04/10/2017;19;0.8621325949054441
04/10/2017;20;0.9852021313537759
04/10/2017;21;0.962462070662971
04/10/2017;22;0.7472710179519291
04/10/2017;23;0.980918503069057
04/10/2017;24;0.919882941290616
04/10/2017;25;1.0
04/10/2017;26;0.9738450297541569
04/10/2017;27;0.9034021364502449
04/10/2017;28;1.0
04/10/2017;29;1.0
05/10/2017;11;1.0
05/10/2017;13;0.9053398597291971
05/10/2017;14;1.0
05/10/2017;15;0.993042722368926
05/10/2017;16;0.8888442090997181
05/10/2017;17;0.908395150891397
05/10/2017;18;0.8350667537924191
05/10/2017;19;0.806492163291489
05/10/2017;20;0.931959427510004
05/10/2017;21;0.945838761389615
05/10/2017;22;0.658093220285239
05/10/2017;23;0.927769261869171
05/10/2017;24;0.8793411712626851
05/10/2017;25;0.923581753016641
05/10/2017;26;0.9485159818476999
05/10/2017;27;0.9057325413973141
05/10/2017;28;1.0
05/10/2017;29;1.0
06/10/2017;11;0.758295374949975
06/10/2017;13;0.683471590602337
06/10/2017;14;0.879549997596093
06/10/2017;15;0.961220172075275
06/10/2017;16;0.8801559540649019
06/10/2017;17;0.904158271068118
06/10/2017;18;0.7802236729544572
06/10/2017;19;0.8486736842008281
06/10/2017;20;0.9066091656816371
06/10/2017;21;0.9380536462335071
06/10/2017;22;0.667184771671561
06/10/2017;23;0.9319823155269241
06/10/2017;24;0.878681914555016
06/10/2017;25;0.9562941283927429
06/10/2017;26;0.909981412656688
06/10/2017;27;0.869621561850133
06/10/2017;28;1.0
06/10/2017;29;0.974152185938634
07/10/2017;11;1.07423158174572
07/10/2017;13;1.0
07/10/2017;14;1.06188037037571
07/10/2017;15;1.0711843029455799
07/10/2017;16;1.05734762656124
07/10/2017;17;0.934789590740507
07/10/2017;18;1.0
07/10/2017;19;1.16601951521467
07/10/2017;20;1.11623746401512
07/10/2017;21;1.0
07/10/2017;22;1.64300215076923
07/10/2017;23;1.16217565533392
07/10/2017;24;1.40872829921017
07/10/2017;25;1.0
07/10/2017;26;1.2081317288041298
07/10/2017;27;1.71006061603219
07/10/2017;28;1.0
07/10/2017;29;0.949802438598523
08/10/2017;11;1.0
08/10/2017;13;1.4358396969577198
08/10/2017;14;1.0
08/10/2017;15;1.31547530074429
08/10/2017;16;1.0
08/10/2017;17;0.969596976930822
08/10/2017;18;1.0
08/10/2017;19;1.38161888973448
08/10/2017;20;2.27661231963778
08/10/2017;21;1.19104534221906
08/10/2017;22;5.22927058761125
08/10/2017;23;1.18855198898823
08/10/2017;24;1.95909359027119
08/10/2017;25;1.0
08/10/2017;26;1.47757205003015
08/10/2017;27;2.72559111375735
08/10/2017;28;1.0
08/10/2017;29;1.1716827146693898
09/10/2017;11;0.761014631089062
09/10/2017;13;1.0646940160343001
09/10/2017;14;1.15283124278556
09/10/2017;15;1.08336219761723
09/10/2017;16;1.02437550097582
09/10/2017;17;0.975853295344102
09/10/2017;18;1.0
09/10/2017;19;1.14477113961902
09/10/2017;20;1.0
09/10/2017;21;1.05570886771584
09/10/2017;22;1.0
09/10/2017;23;0.967222546725384
09/10/2017;24;1.15833263377404
09/10/2017;25;0.9329979670462709
09/10/2017;26;1.1360562305694
09/10/2017;27;1.52368880632089
09/10/2017;28;0.871837106050147
09/10/2017;29;1.0
10/10/2017;11;0.680728526593765
10/10/2017;13;1.0
10/10/2017;14;1.33884951077636
10/10/2017;15;1.12008028241947
10/10/2017;16;0.9884042966143369
10/10/2017;17;0.890003783399904
10/10/2017;18;0.9504630678741322
10/10/2017;19;0.862904042964015
10/10/2017;20;0.899537042210867
10/10/2017;21;1.05404639054297
10/10/2017;22;0.7478819633335579
10/10/2017;23;1.0354755465599499
10/10/2017;24;1.0
10/10/2017;25;0.9667986840601089
10/10/2017;26;1.11701325588426
10/10/2017;27;1.3056069863920001
10/10/2017;28;0.874759152751751
10/10/2017;29;0.970563658251515
11/10/2017;11;0.615919142227126
11/10/2017;13;0.8805169894367859
11/10/2017;14;1.0
11/10/2017;15;1.06371916019519
11/10/2017;16;1.0
11/10/2017;17;0.810800478692123
11/10/2017;18;0.845833690676768
11/10/2017;19;0.8320368326363901
11/10/2017;20;0.860311698122134
11/10/2017;21;1.0348846010530999
11/10/2017;22;0.671786594855421
11/10/2017;23;0.9927821386432379
11/10/2017;24;1.0
11/10/2017;25;1.0
11/10/2017;26;0.9544396638697399
11/10/2017;27;1.0
11/10/2017;28;0.97171426781224
11/10/2017;29;0.981047902417886
12/10/2017;11;0.547349258510046
12/10/2017;13;0.8838044593487551
12/10/2017;14;0.8301446973016191
12/10/2017;15;0.985041823215992
12/10/2017;16;0.9655624138802379
12/10/2017;17;0.8163047600930259
12/10/2017;18;0.784979367861807
12/10/2017;19;0.7581029107859529
12/10/2017;20;0.908763130477888
12/10/2017;21;1.0
12/10/2017;22;0.591411589697681
12/10/2017;23;0.9971253559097671
12/10/2017;24;0.9752160567942479
12/10/2017;25;1.0
12/10/2017;26;1.01640877491461
12/10/2017;27;0.849466106399726
12/10/2017;28;1.0
12/10/2017;29;0.99563562702717
13/10/2017;11;0.5378155956620679
13/10/2017;13;0.6442377686744699
13/10/2017;14;0.705125448775984
13/10/2017;15;0.8555015905728229
13/10/2017;16;0.922090692025559
13/10/2017;17;0.816710496898609
13/10/2017;18;0.6990681859549109
13/10/2017;19;0.683290006203236
13/10/2017;20;0.8552176645224259
13/10/2017;21;0.9447083880278381
13/10/2017;22;0.511683724908964
13/10/2017;23;0.870359110482814
13/10/2017;24;0.9142734667789929
13/10/2017;25;0.9374125853967841
13/10/2017;26;1.08106978833414
13/10/2017;27;0.843346178931251
13/10/2017;28;1.0
13/10/2017;29;0.974152185938634
14/10/2017;11;0.467383685270184
14/10/2017;13;0.48440814191621295
14/10/2017;14;0.523987103438037
14/10/2017;15;0.908639941151437
14/10/2017;16;1.01340868381917
14/10/2017;17;0.7520315076178381
14/10/2017;18;0.484321050044553
14/10/2017;19;0.768839924942649
14/10/2017;20;0.700490473308043
14/10/2017;21;0.8912020704236071
14/10/2017;22;0.31282475815841
14/10/2017;23;0.8291344304604599
14/10/2017;24;0.8574130437284281
14/10/2017;25;0.81345345157995
14/10/2017;26;0.9653772375576422
14/10/2017;27;0.7830738486552541
14/10/2017;28;0.8912494553375531
14/10/2017;29;0.8390484906070841
15/10/2017;11;0.432987664647856
15/10/2017;13;0.344871431384713
15/10/2017;14;0.5192123418671301
15/10/2017;15;0.888730070624071
15/10/2017;16;1.03719375794959
15/10/2017;17;0.7477947236820122
15/10/2017;18;0.412308140589498
15/10/2017;19;0.7686907817650591
15/10/2017;20;0.6899560556933171
15/10/2017;21;0.9261537467272879
15/10/2017;22;0.172538720131276
15/10/2017;23;1.00885827738677
15/10/2017;24;0.7529503778021291
15/10/2017;25;0.7422211831289521
15/10/2017;26;1.0
15/10/2017;27;0.6761098236125159
15/10/2017;28;0.7704130867563971
15/10/2017;29;0.8321590355750121
16/10/2017;11;0.47135162509971296
16/10/2017;13;0.39324670964660297
16/10/2017;14;0.615982610683263
16/10/2017;15;0.8793231809735569
16/10/2017;16;0.997139387109165
16/10/2017;17;0.7435008894172841
16/10/2017;18;0.5962328064114389
16/10/2017;19;0.809490536714517
16/10/2017;20;0.8149430305612672
16/10/2017;21;0.9588336377197472
16/10/2017;22;0.55886989635745
16/10/2017;23;0.935259302118713
16/10/2017;24;0.802765591955232
16/10/2017;25;0.86676686365584
16/10/2017;26;1.04996899533617
16/10/2017;27;0.803539159829237
16/10/2017;28;0.892237528783615
16/10/2017;29;0.914132127667986
17/10/2017;11;0.461852470829755
17/10/2017;13;0.437058730467604
17/10/2017;14;0.5613627036762161
17/10/2017;15;0.817593002943251
17/10/2017;16;0.970910053356604
17/10/2017;17;0.705195362321812
17/10/2017;18;0.628153691832332
17/10/2017;19;0.913377299764493
17/10/2017;20;0.835326938017989
17/10/2017;21;0.9564275592845759
17/10/2017;22;0.46256850064194394
17/10/2017;23;0.87183042421332
17/10/2017;24;0.775485788699499
17/10/2017;25;0.817783769596067
17/10/2017;26;1.0503024192233401
17/10/2017;27;0.7674261018590909
17/10/2017;28;0.7922080236578241
17/10/2017;29;0.877481158030305
18/10/2017;11;0.45700477692932395
18/10/2017;13;0.6082963611368821
18/10/2017;14;0.570825119286845
18/10/2017;15;0.8808062711367289
18/10/2017;16;0.98231984859572
18/10/2017;17;0.6751735598384521
18/10/2017;18;0.72474610904942
18/10/2017;19;1.0
18/10/2017;20;0.828072431472477
18/10/2017;21;1.0
18/10/2017;22;0.401116895641365
18/10/2017;23;0.9787484037697809
18/10/2017;24;0.7822070428225021
18/10/2017;25;0.7822822705413841
18/10/2017;26;1.05608872059645
18/10/2017;27;0.702080254173273
18/10/2017;28;0.772897800086016
18/10/2017;29;0.811102519362902
19/10/2017;11;0.5799691786949289
19/10/2017;13;1.0
19/10/2017;14;0.709016770829629
19/10/2017;15;1.02219585292297
19/10/2017;16;0.9715668251133521
19/10/2017;17;0.693178187318074
19/10/2017;18;1.0
19/10/2017;19;1.1133466209274299
19/10/2017;20;0.809151863846803
19/10/2017;21;1.0872126102091801
19/10/2017;22;0.48873644995817994
19/10/2017;23;1.05936797031974
19/10/2017;24;0.8040823621850121
19/10/2017;25;0.823557356813959
19/10/2017;26;0.991548593845732
19/10/2017;27;0.692156869276223
19/10/2017;28;0.8086694432336781
19/10/2017;29;0.843530414955359
20/10/2017;11;1.0
20/10/2017;13;1.27716593883751
20/10/2017;14;0.8418991268674592
20/10/2017;15;1.18741765427934
20/10/2017;16;1.02592492523675
20/10/2017;17;0.75778680497906
20/10/2017;18;1.0
20/10/2017;19;1.0
20/10/2017;20;0.792634325374437
20/10/2017;21;1.0
20/10/2017;22;0.534427497213797
20/10/2017;23;0.961125356065511
20/10/2017;24;1.0
20/10/2017;25;0.8274155898202309
20/10/2017;26;0.9471436566359308
20/10/2017;27;1.0
20/10/2017;28;0.882655961246838
20/10/2017;29;0.9430585518032379
21/10/2017;11;1.0675672252961
21/10/2017;13;1.0
21/10/2017;14;0.8096778628782489
21/10/2017;15;1.0
21/10/2017;16;1.0
21/10/2017;17;0.643813259280352
21/10/2017;18;0.8583503991439829
21/10/2017;19;0.756853110018979
21/10/2017;20;0.5519428905957529
21/10/2017;21;0.8331574243228571
21/10/2017;22;0.47374046623393395
21/10/2017;23;0.9820824521419509
21/10/2017;24;0.9126005977696929
21/10/2017;25;0.875386037398857
21/10/2017;26;1.0
21/10/2017;27;1.0
21/10/2017;28;0.965280874356914
21/10/2017;29;0.9588810322088809
22/10/2017;11;0.72743690084767
22/10/2017;13;0.70586525192396
22/10/2017;14;1.0
22/10/2017;15;0.730850018509176
22/10/2017;16;0.862032693022165
22/10/2017;17;0.574449911789442
22/10/2017;18;0.7302335156183399
22/10/2017;19;0.5436879586702
22/10/2017;20;0.46665670688129796
22/10/2017;21;0.6659121965598289
22/10/2017;22;0.346391623533193
22/10/2017;23;0.80503240312224
22/10/2017;24;0.767037613067157
22/10/2017;25;0.858100559150588
22/10/2017;26;0.772420591245511
22/10/2017;27;0.8493185295441941
22/10/2017;28;1.0
22/10/2017;29;0.8370704263957529
23/10/2017;11;0.422002561174059
23/10/2017;13;0.6245768448735489
23/10/2017;14;0.9271860117066979
23/10/2017;15;1.0
23/10/2017;16;0.887851999648163
23/10/2017;17;0.6077100569371829
23/10/2017;18;0.8146224013312741
23/10/2017;19;1.0
23/10/2017;20;1.0
23/10/2017;21;1.0
23/10/2017;22;1.0
23/10/2017;23;0.9818770710707622
23/10/2017;24;1.06982831433323
23/10/2017;25;0.8893355085624799
23/10/2017;26;0.865088369397175
23/10/2017;27;1.1227649037444398
23/10/2017;28;0.948351867218968
23/10/2017;29;0.9227458160582501
24/10/2017;11;0.600355428134652
24/10/2017;13;0.7712612230411141
24/10/2017;14;0.783348646900077
24/10/2017;15;1.07941162044194
24/10/2017;16;1.03046193836188
24/10/2017;17;0.6338598002671441
24/10/2017;18;0.922285383824533
24/10/2017;19;1.29092941091552
24/10/2017;20;1.35437227313963
24/10/2017;21;1.0687993587483
24/10/2017;22;1.61921799098617
24/10/2017;23;1.0332193927081899
24/10/2017;24;1.30470208639955
24/10/2017;25;1.21930582491769
24/10/2017;26;1.0
24/10/2017;27;1.5472454198986298
24/10/2017;28;1.20585536115721
24/10/2017;29;0.892458817379923
25/10/2017;11;0.869831395353217
25/10/2017;13;1.0
25/10/2017;14;0.7702822070987259
25/10/2017;15;1.07933613048033
25/10/2017;16;1.0
25/10/2017;17;0.665512692266565
25/10/2017;18;0.9708344462572809
25/10/2017;19;1.3821732993712899
25/10/2017;20;1.3472733939733001
25/10/2017;21;1.0714302733282601
25/10/2017;22;1.7141305516943899
25/10/2017;23;0.9618268412032759
25/10/2017;24;1.2947700979841101
25/10/2017;25;1.0
25/10/2017;26;0.895825941575175
25/10/2017;27;1.60043414110201
25/10/2017;28;1.0
25/10/2017;29;0.885997185577585
26/10/2017;11;0.9198846722499959
26/10/2017;13;0.947637331969996
26/10/2017;14;0.890195837688341
26/10/2017;15;1.0907115361617499
26/10/2017;16;1.0
26/10/2017;17;0.7618755240783509
26/10/2017;18;0.8743652143186129
26/10/2017;19;1.3307404388556898
26/10/2017;20;1.17840407474001
26/10/2017;21;1.0
26/10/2017;22;1.5418227094145602
26/10/2017;23;0.9776679120957671
26/10/2017;24;1.0
26/10/2017;25;0.8980048690331071
26/10/2017;26;0.929374492538773
26/10/2017;27;1.2772826885026
26/10/2017;28;0.952753775219276
26/10/2017;29;1.1770902592386001
27/10/2017;11;0.873543868234223
27/10/2017;13;0.7333570997881691
27/10/2017;14;0.7704902829707159
27/10/2017;15;1.08958090007634
27/10/2017;16;1.0520263125170601
27/10/2017;17;0.793693392054793
27/10/2017;18;0.8494389759530759
27/10/2017;19;1.22493463478085
27/10/2017;20;1.25933253455323
27/10/2017;21;1.0099478881389101
27/10/2017;22;1.6142590950780502
27/10/2017;23;1.06502655769163
27/10/2017;24;0.91440449783807
27/10/2017;25;0.8525073063831631
27/10/2017;26;0.9679202980275871
27/10/2017;27;1.0
27/10/2017;28;0.837699150802239
27/10/2017;29;0.983583379688864
28/10/2017;11;0.8491035238780129
28/10/2017;13;0.682828075485443
28/10/2017;14;0.755285148644766
28/10/2017;15;1.17824609841746
28/10/2017;16;1.05585346304823
28/10/2017;17;0.5808802882128671
28/10/2017;18;0.911543650061012
28/10/2017;19;1.16818467358124
28/10/2017;20;1.39107077398257
28/10/2017;21;1.23897496027944
28/10/2017;22;1.0
28/10/2017;23;1.09677173014871
28/10/2017;24;1.0
28/10/2017;25;0.7634078425208779
28/10/2017;26;0.87931038641261
28/10/2017;27;1.24569142796135
28/10/2017;28;0.767437270547154
28/10/2017;29;1.01490758437632
29/10/2017;11;0.90822991538997
29/10/2017;13;0.7289029138400792
29/10/2017;14;0.7409768614182621
29/10/2017;15;1.41377456627204
29/10/2017;16;1.08233591669269
29/10/2017;17;0.6292937925949439
29/10/2017;18;0.8107601559726859
29/10/2017;19;1.10389071135988
29/10/2017;20;1.257590212705
29/10/2017;21;1.0
29/10/2017;22;1.0
29/10/2017;23;1.03893276932455
29/10/2017;24;1.25903332198842
29/10/2017;25;1.16717359336096
29/10/2017;26;0.9142240124824691
29/10/2017;27;1.5656253002449199
29/10/2017;28;0.797263582880812
29/10/2017;29;1.0
30/10/2017;11;0.878185294800522
30/10/2017;13;0.6231357321382571
30/10/2017;14;0.7105685858706999
30/10/2017;15;1.0
30/10/2017;16;0.9368397110836459
30/10/2017;17;0.760981610125329
30/10/2017;18;1.0
30/10/2017;19;1.0
30/10/2017;20;1.0
30/10/2017;21;0.951064405861501
30/10/2017;22;1.24190075897048
30/10/2017;23;1.0295832114466401
30/10/2017;24;1.0886687928047398
30/10/2017;25;1.0
30/10/2017;26;0.99869682556387
30/10/2017;27;1.21558652446928
30/10/2017;28;0.8579125108012501
30/10/2017;29;0.81633184390449
31/10/2017;11;0.789136418340266
31/10/2017;13;0.7280121343950109
31/10/2017;14;1.0
31/10/2017;15;0.9112746460461361
31/10/2017;16;1.0
31/10/2017;17;0.67084204227422
31/10/2017;18;1.0295310009881
31/10/2017;19;0.929009338580168
31/10/2017;20;0.958909855908155
31/10/2017;21;1.0014806409486399
31/10/2017;22;0.8125021353639929
31/10/2017;23;0.976751138642091
31/10/2017;24;1.0
31/10/2017;25;0.849919115696837
31/10/2017;26;1.01281613695321
31/10/2017;27;1.13678891737502
31/10/2017;28;0.755390853780625
31/10/2017;29;0.8008043175431429
01/11/2017;11;0.834939892920518
01/11/2017;13;0.8978599719559759
01/11/2017;14;1.07271728214576
01/11/2017;15;1.08114596887616
01/11/2017;16;0.998161299117022
01/11/2017;17;0.8645583778279291
01/11/2017;18;1.0492459414492
01/11/2017;19;1.08878096838193
01/11/2017;20;1.0699940288985101
01/11/2017;21;1.09756154272571
01/11/2017;22;1.00138567132222
01/11/2017;23;1.03761766601246
01/11/2017;24;1.08413122178127
01/11/2017;25;1.06907869800739
01/11/2017;26;1.06655532308045
01/11/2017;27;1.20643178615056
01/11/2017;28;0.8629365505145309
01/11/2017;29;0.9297760773541259
02/11/2017;11;1.0
02/11/2017;13;1.0604240834232501
02/11/2017;14;1.1590938568865201
02/11/2017;15;1.16407435318946
02/11/2017;16;1.06471611918395
02/11/2017;17;1.0
02/11/2017;18;1.05762633402486
02/11/2017;19;1.3286500074228602
02/11/2017;20;1.2444045273781499
02/11/2017;21;1.14716883225225
02/11/2017;22;1.20050887077774
02/11/2017;23;1.12967650604175
02/11/2017;24;1.0987812665576802
02/11/2017;25;1.19877830199748
02/11/2017;26;1.16445434129679
02/11/2017;27;1.2542606362449
02/11/2017;28;0.9427950014281841
02/11/2017;29;0.877745787350408
03/11/2017;11;1.0
03/11/2017;13;0.9599850944374159
03/11/2017;14;1.1160864542402902
03/11/2017;15;1.0989417829943
03/11/2017;16;1.0
03/11/2017;17;0.958547503513485
03/11/2017;18;0.9955423993973359
03/11/2017;19;1.32179335290478
03/11/2017;20;1.1821621794861399
03/11/2017;21;1.08828251954722
03/11/2017;22;1.0
03/11/2017;23;1.11211640646147
03/11/2017;24;1.0625771631926
03/11/2017;25;1.0
03/11/2017;26;1.10316686797616
03/11/2017;27;1.1402111553641598
03/11/2017;28;0.952674320316013
03/11/2017;29;1.02698880511861
04/11/2017;11;0.902992042630167
04/11/2017;13;0.81222033194854
04/11/2017;14;1.06560200498872
04/11/2017;15;1.07403274743376
04/11/2017;16;0.9370114685292759
04/11/2017;17;1.0
04/11/2017;18;1.01201822907145
04/11/2017;19;1.0
04/11/2017;20;1.1227418096843
04/11/2017;21;1.07177893462853
04/11/2017;22;1.0426703676397602
04/11/2017;23;1.07424298979372
04/11/2017;24;1.1143611573335102
04/11/2017;25;0.910011712527052
04/11/2017;26;1.0640841867318
04/11/2017;27;1.1153997258014
04/11/2017;28;0.985114856651797
04/11/2017;29;1.16958716678544
05/11/2017;11;1.0
05/11/2017;13;1.0
05/11/2017;14;1.1003350803311398
05/11/2017;15;0.975316161544793
05/11/2017;16;0.945270864231198
05/11/2017;17;1.17646941942115
05/11/2017;18;1.13150266607827
05/11/2017;19;1.14556778729663
05/11/2017;20;1.23052638915603
05/11/2017;21;1.09851864951732
05/11/2017;22;1.1781771786308899
05/11/2017;23;1.0993741866739
05/11/2017;24;1.08607823220518
05/11/2017;25;1.15611544908282
05/11/2017;26;1.1200321871935
05/11/2017;27;1.2156061430242
05/11/2017;28;0.989285916948793
05/11/2017;29;1.2075601237271898
06/11/2017;11;1.23989714543618
06/11/2017;13;1.22589828478396
06/11/2017;14;1.08873949390442
06/11/2017;15;1.0
06/11/2017;16;1.05607257293619
06/11/2017;17;1.3480693384404498
06/11/2017;18;1.30523887680957
06/11/2017;19;1.19902056107439
06/11/2017;20;1.1333647996087
06/11/2017;21;1.0618688787111599
06/11/2017;22;1.15814176156473
06/11/2017;23;1.0371346559586998
06/11/2017;24;1.05581257979313
06/11/2017;25;1.1463852204357199
06/11/2017;26;1.0
06/11/2017;27;1.21094843888671
06/11/2017;28;0.9976770776450999
06/11/2017;29;1.0
07/11/2017;11;1.20310925559607
07/11/2017;13;1.3059401817349598
07/11/2017;14;1.08070566414593
07/11/2017;15;1.14479482383821
07/11/2017;16;1.28531578757101
07/11/2017;17;1.3275884191996798
07/11/2017;18;1.3002705727616297
07/11/2017;19;1.1567344455240602
07/11/2017;20;1.13397681595047
07/11/2017;21;1.05049394363537
07/11/2017;22;1.19642071658057
07/11/2017;23;1.0317260808795001
07/11/2017;24;1.17256991757546
07/11/2017;25;1.14048028610097
07/11/2017;26;1.0
07/11/2017;27;1.24127596622124
07/11/2017;28;1.1407549913246102
07/11/2017;29;1.09402568312947
08/11/2017;11;1.11403953666769
08/11/2017;13;1.1877990871106299
08/11/2017;14;1.06642433401161
08/11/2017;15;1.17291495367537
08/11/2017;16;1.0
08/11/2017;17;1.2896837110901598
08/11/2017;18;1.2121837644569
08/11/2017;19;1.23712940172467
08/11/2017;20;1.2469547185908998
08/11/2017;21;1.0693709749331801
08/11/2017;22;1.29608462223406
08/11/2017;23;1.06725131363508
08/11/2017;24;1.20443690844866
08/11/2017;25;1.2776747514465099
08/11/2017;26;1.02926136085407
08/11/2017;27;1.2038318414298799
08/11/2017;28;1.17926266303995
08/11/2017;29;1.1040519597856002
09/11/2017;11;1.12041592392653
09/11/2017;13;1.15920925536516
09/11/2017;14;1.0245423127043
09/11/2017;15;1.0
09/11/2017;16;1.04584851216482
09/11/2017;17;1.27378280457546
09/11/2017;18;1.17403261437179
09/11/2017;19;1.1440385745976598
09/11/2017;20;1.16281254430141
09/11/2017;21;1.09693216384474
09/11/2017;22;1.22210033455982
09/11/2017;23;1.09736757146835
09/11/2017;24;1.13828520619867
09/11/2017;25;1.2000868813643601
09/11/2017;26;1.0838621784292701
09/11/2017;27;1.1036680935563001
09/11/2017;28;1.07466086476844
09/11/2017;29;1.04949899022617
10/11/2017;11;1.1244470883843998
10/11/2017;13;1.1661319067226499
10/11/2017;14;1.05791101935849
10/11/2017;15;1.02880647752597
10/11/2017;16;1.0
10/11/2017;17;1.18004424314918
10/11/2017;18;1.11969198646545
10/11/2017;19;1.07229120552464
10/11/2017;20;1.0
10/11/2017;21;1.04862039365221
10/11/2017;22;1.0
10/11/2017;23;1.05906540121096
10/11/2017;24;1.1459237212873998
10/11/2017;25;1.0
10/11/2017;26;1.0635546870602501
10/11/2017;27;1.10725629972104
10/11/2017;28;0.967733687673365
10/11/2017;29;1.0
11/11/2017;11;1.1565932101446001
11/11/2017;13;1.31239590651854
11/11/2017;14;1.14563391202311
11/11/2017;15;1.2439740589065502
11/11/2017;16;1.04534921062005
11/11/2017;17;1.1606522983149299
11/11/2017;18;1.16496879251071
11/11/2017;19;1.08073682848035
11/11/2017;20;1.11402006763669
11/11/2017;21;1.08018469386227
11/11/2017;22;0.989027112489713
11/11/2017;23;1.0360501340231199
11/11/2017;24;1.1797093302639299
11/11/2017;25;1.0
11/11/2017;26;1.10748157834125
11/11/2017;27;1.17324777572074
11/11/2017;28;1.0
11/11/2017;29;0.875108164390694
12/11/2017;11;1.325467443523
12/11/2017;13;1.4257781101889802
12/11/2017;14;1.2277143498486298
12/11/2017;15;1.35104490770153
12/11/2017;16;1.13637173533317
12/11/2017;17;1.1866278972416102
12/11/2017;18;1.32423800991382
12/11/2017;19;1.1926811012886698
12/11/2017;20;1.24643175389015
12/11/2017;21;1.0
12/11/2017;22;1.0260602776258
12/11/2017;23;1.07684655129847
12/11/2017;24;1.0
12/11/2017;25;1.0919716559664001
12/11/2017;26;1.0649185204265699
12/11/2017;27;1.11922660647539
12/11/2017;28;0.86429976201462
12/11/2017;29;0.776981100649121
13/11/2017;11;1.0
13/11/2017;13;1.27580923477824
13/11/2017;14;1.14218401422149
13/11/2017;15;1.306433266795
13/11/2017;16;1.3128919901465501
13/11/2017;17;1.19655678787982
13/11/2017;18;1.46086143770298
13/11/2017;19;1.2394514219476598
13/11/2017;20;1.1389708771146398
13/11/2017;21;1.1038054256338898
13/11/2017;22;1.04668261681747
13/11/2017;23;0.985658132105374
13/11/2017;24;0.9891859025846501
13/11/2017;25;1.0
13/11/2017;26;0.9601106723863759
13/11/2017;27;1.02514921969913
13/11/2017;28;0.8235427120738101
13/11/2017;29;0.8245162264241921
14/11/2017;11;1.05406758776572
14/11/2017;13;1.18144137674519
14/11/2017;14;1.0
14/11/2017;15;1.2333005494516298
14/11/2017;16;1.38625139487625
14/11/2017;17;1.29103875400418
14/11/2017;18;1.39297947333027
14/11/2017;19;1.3433963319592601
14/11/2017;20;1.23591545732127
14/11/2017;21;1.19122048129059
14/11/2017;22;1.19536341108945
14/11/2017;23;1.0462713222372
14/11/2017;24;1.1689644636436103
14/11/2017;25;1.1265808717043302
14/11/2017;26;1.0
14/11/2017;27;1.12549085593409
14/11/2017;28;1.0
14/11/2017;29;1.0
15/11/2017;11;1.15244793701118
15/11/2017;13;1.14467189852088
15/11/2017;14;1.0345878798694101
15/11/2017;15;1.1120219343639601
15/11/2017;16;1.25245285674521
15/11/2017;17;1.2340047137060601
15/11/2017;18;1.2376408618047499
15/11/2017;19;1.23224748062406
15/11/2017;20;1.22337792147933
15/11/2017;21;1.0
15/11/2017;22;1.2991750237981898
15/11/2017;23;1.1238646487913702
15/11/2017;24;1.18898037206836
15/11/2017;25;1.29282367701042
15/11/2017;26;1.0
15/11/2017;27;1.13838513192746
15/11/2017;28;1.11187375381349
15/11/2017;29;1.09280354018235
16/11/2017;11;1.16831431179235
16/11/2017;13;1.06198913550057
16/11/2017;14;1.0
16/11/2017;15;1.06614724558981
16/11/2017;16;1.23313954055198
16/11/2017;17;1.0
16/11/2017;18;1.13887619470855
16/11/2017;19;1.1146042174253799
16/11/2017;20;1.17615813830036
16/11/2017;21;1.02585695365176
16/11/2017;22;1.1990882355703
16/11/2017;23;1.0495379549026
16/11/2017;24;1.10284965237672
16/11/2017;25;1.1116320667044
16/11/2017;26;1.0
16/11/2017;27;1.0886829056726601
16/11/2017;28;1.17441341267225
16/11/2017;29;1.1258479494331899
17/11/2017;11;1.1247221142018
17/11/2017;13;1.0277774898707799
17/11/2017;14;0.9867582024318321
17/11/2017;15;1.0686854668952
17/11/2017;16;1.17984123216096
17/11/2017;17;0.9655132679194409
17/11/2017;18;1.09032454477267
17/11/2017;19;1.0
17/11/2017;20;1.0
17/11/2017;21;1.07230870671131
17/11/2017;22;1.11844395193103
17/11/2017;23;1.0478283040129202
17/11/2017;24;1.11583354292689
17/11/2017;25;1.0
17/11/2017;26;1.0
17/11/2017;27;1.1127216852818302
17/11/2017;28;1.1792463196393899
17/11/2017;29;1.0835350445863001
18/11/2017;11;1.0
18/11/2017;13;1.05161410610071
18/11/2017;14;1.01415965335666
18/11/2017;15;1.0
18/11/2017;16;1.0
18/11/2017;17;0.9359045682896501
18/11/2017;18;1.0
18/11/2017;19;0.9378753062744599
18/11/2017;20;1.0157327925967599
18/11/2017;21;1.0
18/11/2017;22;1.09402489882483
18/11/2017;23;1.01772813984474
18/11/2017;24;1.14687444989049
18/11/2017;25;1.06632471219709
18/11/2017;26;1.0
18/11/2017;27;1.15362862886546
18/11/2017;28;1.1298869011488601
18/11/2017;29;1.02254585235193
19/11/2017;11;0.969263207776035
19/11/2017;13;1.06316716673566
19/11/2017;14;1.0322110965709799
19/11/2017;15;1.11046311903767
19/11/2017;16;1.07299708208898
19/11/2017;17;1.0
19/11/2017;18;1.01418189922271
19/11/2017;19;1.0404622691472
19/11/2017;20;1.17814980484663
19/11/2017;21;1.0432742833852098
19/11/2017;22;1.22441989083222
19/11/2017;23;1.04906760372214
19/11/2017;24;1.1725748489290901
19/11/2017;25;1.26065897570357
19/11/2017;26;1.02106875633403
19/11/2017;27;1.2096392730565901
19/11/2017;28;1.11672909799843
19/11/2017;29;1.06242499581673
20/11/2017;11;1.0337000390084201
20/11/2017;13;1.10700831007745
20/11/2017;14;1.0554520554148499
20/11/2017;15;1.1681765346056399
20/11/2017;16;1.12700615531205
20/11/2017;17;1.06545777415527
20/11/2017;18;1.07137344954811
20/11/2017;19;1.231766224594
20/11/2017;20;1.19010745481018
20/11/2017;21;1.0935508879739202
20/11/2017;22;1.27368329392907
20/11/2017;23;1.0834088775900699
20/11/2017;24;1.18274758190277
20/11/2017;25;1.30784408320137
20/11/2017;26;1.1003913913249799
20/11/2017;27;1.24085013447278
20/11/2017;28;1.18457530587679
20/11/2017;29;1.02062170969383
21/11/2017;11;1.0
21/11/2017;13;0.978154366489231
21/11/2017;14;1.0525493812009001
21/11/2017;15;1.15487949217269
21/11/2017;16;1.08500104224451
21/11/2017;17;0.9431386404629419
21/11/2017;18;1.1064557056270101
21/11/2017;19;1.23638272389268
21/11/2017;20;1.14929671860822
21/11/2017;21;1.13008672396781
21/11/2017;22;1.2151722484208
21/11/2017;23;1.10347834271689
21/11/2017;24;1.1815482145771699
21/11/2017;25;1.41626216572531
21/11/2017;26;1.23699959238801
21/11/2017;27;1.29235942833682
21/11/2017;28;1.19343463312097
21/11/2017;29;1.03834681573926
22/11/2017;11;0.983872813871265
22/11/2017;13;0.923792652710432
22/11/2017;14;1.02416182703128
22/11/2017;15;1.2000677065761698
22/11/2017;16;1.0
22/11/2017;17;0.802835280917495
22/11/2017;18;1.09830232378885
22/11/2017;19;1.1424361566316101
22/11/2017;20;1.0
22/11/2017;21;1.08093074114285
22/11/2017;22;1.0
22/11/2017;23;1.1177002414913302
22/11/2017;24;1.0
22/11/2017;25;1.33021284153893
22/11/2017;26;1.2251661393703501
22/11/2017;27;1.22376141289704
22/11/2017;28;1.23391866277421
22/11/2017;29;1.1432784107551002
23/11/2017;11;0.888082317759739
23/11/2017;13;0.9179899939907509
23/11/2017;14;1.03130870103412
23/11/2017;15;1.11857028958782
23/11/2017;16;0.98486636892687
23/11/2017;17;0.80786357600395
23/11/2017;18;1.06631168541536
23/11/2017;19;1.0
23/11/2017;20;0.9479286421397599
23/11/2017;21;0.932876466252501
23/11/2017;22;0.9347370174119949
23/11/2017;23;1.06267665546188
23/11/2017;24;0.9319027825442601
23/11/2017;25;1.0
23/11/2017;26;1.0
23/11/2017;27;1.0
23/11/2017;28;1.0860448356741899
23/11/2017;29;1.11163359615896
24/11/2017;11;1.0
24/11/2017;13;0.9141503767423141
24/11/2017;14;1.04591206592651
24/11/2017;15;1.04854429827082
24/11/2017;16;0.9701696035216271
24/11/2017;17;0.8340269832851359
24/11/2017;18;1.0
24/11/2017;19;0.9597608404184291
24/11/2017;20;0.8924146270051679
24/11/2017;21;1.0
24/11/2017;22;0.9005904325920041
24/11/2017;23;1.01783982279505
24/11/2017;24;0.9223718464950691
24/11/2017;25;1.00008796797153
24/11/2017;26;1.03178086397644
24/11/2017;27;1.00962220619553
24/11/2017;28;1.08966290427451
24/11/2017;29;1.07172911132665
25/11/2017;11;1.0
25/11/2017;13;0.93068448442824
25/11/2017;14;1.0
25/11/2017;15;0.986224400468207
25/11/2017;16;0.910570688765195
25/11/2017;17;0.817836225053493
25/11/2017;18;0.81757404282795
25/11/2017;19;0.891348477958878
25/11/2017;20;0.83148936710815
25/11/2017;21;0.9422939814214691
25/11/2017;22;0.8522839157467291
25/11/2017;23;1.0
25/11/2017;24;0.9115829782121179
25/11/2017;25;1.02753691162702
25/11/2017;26;1.0764534377422599
25/11/2017;27;1.0
25/11/2017;28;1.11358555698422
25/11/2017;29;1.06380445544643
26/11/2017;11;0.9653473084812539
26/11/2017;13;0.858142125692841
26/11/2017;14;0.929775145092465
26/11/2017;15;0.959399755958745
26/11/2017;16;1.0165651156717401
26/11/2017;17;0.857895632072081
26/11/2017;18;0.8375786776777141
26/11/2017;19;1.0
26/11/2017;20;0.8358503103265259
26/11/2017;21;0.8930787247007079
26/11/2017;22;0.8259413045205111
26/11/2017;23;0.8612235306521541
26/11/2017;24;0.78688989243335
26/11/2017;25;0.817565345850629
26/11/2017;26;0.948424653557672
26/11/2017;27;0.901882236404205
26/11/2017;28;1.0
26/11/2017;29;0.978347987324258
27/11/2017;11;1.05561236603206
27/11/2017;13;1.00652179503796
27/11/2017;14;1.00155885548065
27/11/2017;15;1.1001431149941399
27/11/2017;16;1.17188260830357
27/11/2017;17;1.02686267798349
27/11/2017;18;1.11083560753705
27/11/2017;19;1.1005839569396598
27/11/2017;20;1.02562399465562
27/11/2017;21;0.957058211461557
27/11/2017;22;1.0
27/11/2017;23;1.0
27/11/2017;24;1.0
27/11/2017;25;1.0
27/11/2017;26;1.0
27/11/2017;27;1.0212683606933
27/11/2017;28;1.0
27/11/2017;29;0.893223163615247
28/11/2017;11;1.14545496529473
28/11/2017;13;1.15642648075905
28/11/2017;14;1.1345907507537
28/11/2017;15;1.24365438155347
28/11/2017;16;1.15810561692495
28/11/2017;17;1.09204432769805
28/11/2017;18;1.11137473636445
28/11/2017;19;1.28738184392329
28/11/2017;20;1.1824234752649698
28/11/2017;21;1.02711225226305
28/11/2017;22;1.2321227107725399
28/11/2017;23;1.05776889512887
28/11/2017;24;1.17553487059902
28/11/2017;25;1.308758534881
28/11/2017;26;1.1966555122420202
28/11/2017;27;1.2137470769813201
28/11/2017;28;1.14877128582178
28/11/2017;29;1.0066830972332699
29/11/2017;11;1.16550014163069
29/11/2017;13;1.1150865590005
29/11/2017;14;1.0904513538926999
29/11/2017;15;1.17769583992147
29/11/2017;16;1.06690020475886
29/11/2017;17;1.16998343599702
29/11/2017;18;1.1217088707046898
29/11/2017;19;1.30096728610957
29/11/2017;20;1.0
29/11/2017;21;1.0
29/11/2017;22;1.0
29/11/2017;23;1.06640481574155
29/11/2017;24;1.0
29/11/2017;25;1.0
29/11/2017;26;1.2657568536638
29/11/2017;27;1.1515171609461101
29/11/2017;28;1.19879575822325
29/11/2017;29;1.16126272232726
30/11/2017;11;1.12089290139294
30/11/2017;13;1.0
30/11/2017;14;0.9874501621561659
30/11/2017;15;1.07233821756284
30/11/2017;16;1.0765692112153
30/11/2017;17;1.1645247658458302
30/11/2017;18;1.11739047650871
30/11/2017;19;1.06324972108585
30/11/2017;20;1.0033617147314
30/11/2017;21;1.0
30/11/2017;22;1.0225322952979399
30/11/2017;23;0.9738294348838701
30/11/2017;24;0.969947990285068
30/11/2017;25;0.9791934279437099
30/11/2017;26;1.0
30/11/2017;27;1.0
30/11/2017;28;0.923816561641451
30/11/2017;29;0.9944288488327799
01/12/2017;11;1.2620212279130902
01/12/2017;13;1.02768215851912
01/12/2017;14;1.03783756592548
01/12/2017;15;1.12945698432272
01/12/2017;16;1.1720120871080602
01/12/2017;17;1.14484866413984
01/12/2017;18;1.2896141195363702
01/12/2017;19;1.14517315403296
01/12/2017;20;1.1267457655197701
01/12/2017;21;1.10602553073828
01/12/2017;22;1.10241403385619
01/12/2017;23;1.0275712845797802
01/12/2017;24;1.0936746804895698
01/12/2017;25;1.01596478535709
01/12/2017;26;1.01068603782821
01/12/2017;27;1.09893407508568
01/12/2017;28;1.0
01/12/2017;29;0.9339618798268409
02/12/2017;11;1.33471167254471
02/12/2017;13;1.1020407662893301
02/12/2017;14;1.13681442489646
02/12/2017;15;1.14806693265605
02/12/2017;16;1.2293292678936898
02/12/2017;17;1.22265387081959
02/12/2017;18;1.22368168399864
02/12/2017;19;1.27710076396329
02/12/2017;20;1.2234029745160402
02/12/2017;21;1.2235443650476499
02/12/2017;22;1.1607035022976497
02/12/2017;23;1.15041468255638
02/12/2017;24;1.2842384034672099
02/12/2017;25;1.1962413524658502
02/12/2017;26;1.1849821737747601
02/12/2017;27;1.2259411454094098
02/12/2017;28;1.12154361042502
02/12/2017;29;1.0
03/12/2017;11;1.2647204852179499
03/12/2017;13;1.1555304786631202
03/12/2017;14;1.13953140814126
03/12/2017;15;1.1415978330198
03/12/2017;16;1.2180451404363501
03/12/2017;17;1.22116944211793
03/12/2017;18;1.1021604048848501
03/12/2017;19;1.203454786567
03/12/2017;20;1.1032005653442398
03/12/2017;21;1.12035940879653
03/12/2017;22;1.14415261047416
03/12/2017;23;1.1171633117080602
03/12/2017;24;1.26081928577252
03/12/2017;25;1.22242967328225
03/12/2017;26;1.19937652931064
03/12/2017;27;1.20515523251571
03/12/2017;28;1.1334358201421002
03/12/2017;29;1.09801759584443
04/12/2017;11;1.18387378116195
04/12/2017;13;1.1818709707683301
04/12/2017;14;1.0830900898731899
04/12/2017;15;1.20692682685696
04/12/2017;16;1.18751693615648
04/12/2017;17;1.12966655614745
04/12/2017;18;1.1313043885519298
04/12/2017;19;1.13577187094075
04/12/2017;20;1.10903411063931
04/12/2017;21;1.09766677682861
04/12/2017;22;1.14687190775996
04/12/2017;23;1.08900760741294
04/12/2017;24;1.19545398181779
04/12/2017;25;1.1734491999719
04/12/2017;26;1.19185462439074
04/12/2017;27;1.17208865173711
04/12/2017;28;1.12643460892009
04/12/2017;29;1.09579106148433
05/12/2017;11;1.0902185887342501
05/12/2017;13;1.14727358118277
05/12/2017;14;1.0250314320908298
05/12/2017;15;1.23714173610236
05/12/2017;16;1.31618973571731
05/12/2017;17;1.05669334103352
05/12/2017;18;1.1514096253145
05/12/2017;19;1.16898948704999
05/12/2017;20;1.1854558154906798
05/12/2017;21;1.12656261664753
05/12/2017;22;1.19888127802088
05/12/2017;23;1.1045750627452
05/12/2017;24;1.22949734264348
05/12/2017;25;1.2322854580453502
05/12/2017;26;1.18592065979098
05/12/2017;27;1.20229264227617
05/12/2017;28;1.1408395897808998
05/12/2017;29;1.1113025166321202
06/12/2017;11;1.0457839150571702
06/12/2017;13;1.07348855502081
06/12/2017;14;1.00919520105319
06/12/2017;15;1.21666996794156
06/12/2017;16;1.2804398268050199
06/12/2017;17;1.0
06/12/2017;18;1.07333870591762
06/12/2017;19;1.1598160245395601
06/12/2017;20;1.1883091433993898
06/12/2017;21;1.11008446831517
06/12/2017;22;1.20073585233474
06/12/2017;23;1.15509549546104
06/12/2017;24;1.1222804429501299
06/12/2017;25;1.23890294475879
06/12/2017;26;1.12186800810759
06/12/2017;27;1.16806194878253
06/12/2017;28;1.11828396150602
06/12/2017;29;1.10883418783869
07/12/2017;11;1.02712604380718
07/12/2017;13;0.9974842582771809
07/12/2017;14;1.01353720071264
07/12/2017;15;1.1555616277898302
07/12/2017;16;1.09413338421139
07/12/2017;17;0.918258835272524
07/12/2017;18;0.988898015067792
07/12/2017;19;1.1033645108382
07/12/2017;20;1.11277124063517
07/12/2017;21;1.0
07/12/2017;22;1.12030838922995
07/12/2017;23;1.07970307138589
07/12/2017;24;1.0655685406794
07/12/2017;25;1.19814312412602
07/12/2017;26;1.16253600812324
07/12/2017;27;1.10829631491288
07/12/2017;28;1.09888708462871
07/12/2017;29;1.09566368214147
08/12/2017;11;1.03945033711684
08/12/2017;13;0.9693530035055541
08/12/2017;14;1.03189539641165
08/12/2017;15;1.11020806772257
08/12/2017;16;1.04041771659378
08/12/2017;17;0.8869045355744091
08/12/2017;18;1.07833742181602
08/12/2017;19;1.0
08/12/2017;20;1.0
08/12/2017;21;0.992704387556654
08/12/2017;22;1.0356163856981
08/12/2017;23;1.02876800772591
08/12/2017;24;1.08363927629412
08/12/2017;25;1.1324894988699499
08/12/2017;26;1.16821661585836
08/12/2017;27;1.08098260120999
08/12/2017;28;1.06119474791976
08/12/2017;29;1.09778337549852
09/12/2017;11;1.0234462624189
09/12/2017;13;0.9362797342172091
09/12/2017;14;0.9901497766114878
09/12/2017;15;1.0
09/12/2017;16;1.06443548001405
09/12/2017;17;1.0475919991132299
09/12/2017;18;1.08485341508057
09/12/2017;19;1.0
09/12/2017;20;1.00055779169436
09/12/2017;21;1.03160495784337
09/12/2017;22;1.00781620712947
09/12/2017;23;0.9978070644378321
09/12/2017;24;1.0
09/12/2017;25;1.0
09/12/2017;26;1.0
09/12/2017;27;1.0
09/12/2017;28;1.03180330581923
09/12/2017;29;1.08893575891923
10/12/2017;11;1.11143650871879
10/12/2017;13;1.0
10/12/2017;14;1.01519629437611
10/12/2017;15;1.08741978782373
10/12/2017;16;1.17846490283699
10/12/2017;17;1.20843186925777
10/12/2017;18;0.9793088468510971
10/12/2017;19;1.11219421936762
10/12/2017;20;1.08436683727023
10/12/2017;21;1.09556362407811
10/12/2017;22;1.05989707518086
10/12/2017;23;1.0
10/12/2017;24;1.11709228098036
10/12/2017;25;1.0
10/12/2017;26;1.05017793178634
10/12/2017;27;1.0514443247090801
10/12/2017;28;1.04160931489387
10/12/2017;29;1.0
11/12/2017;11;1.26095495679337
11/12/2017;13;1.0959995875308002
11/12/2017;14;1.1144881809301002
11/12/2017;15;1.0
11/12/2017;16;1.1292356693587902
11/12/2017;17;1.1862397847039
11/12/2017;18;1.08852074659681
11/12/2017;19;1.0
11/12/2017;20;1.0
11/12/2017;21;0.8974094999008859
11/12/2017;22;0.9797722327327409
11/12/2017;23;0.9115894718503541
11/12/2017;24;1.0
11/12/2017;25;0.9899358086995809
11/12/2017;26;1.0
11/12/2017;27;1.0
11/12/2017;28;1.0
11/12/2017;29;1.0018376950410401
12/12/2017;11;1.224807667004
12/12/2017;13;1.06458945149629
12/12/2017;14;1.0
12/12/2017;15;0.8293135132866091
12/12/2017;16;0.895488053666928
12/12/2017;17;0.995784703274297
12/12/2017;18;1.0
12/12/2017;19;0.8622437263936229
12/12/2017;20;0.775153984102186
12/12/2017;21;0.6697116089622199
12/12/2017;22;0.790237575157411
12/12/2017;23;0.73453077013323
12/12/2017;24;0.797781991935025
12/12/2017;25;0.7997436762383421
12/12/2017;26;0.89191074865191
12/12/2017;27;0.8541807122804029
12/12/2017;28;0.9661035480773801
12/12/2017;29;1.0
13/12/2017;11;1.1255909130066202
13/12/2017;13;1.00839494253939
13/12/2017;14;0.93834859526793
13/12/2017;15;0.830115826578455
13/12/2017;16;0.8027090826713821
13/12/2017;17;0.9013174373022841
13/12/2017;18;0.8683734270808909
13/12/2017;19;0.8293361510137321
13/12/2017;20;0.7811736650866291
13/12/2017;21;0.696628251967554
13/12/2017;22;0.7668035895549721
13/12/2017;23;0.8298240625017059
13/12/2017;24;0.76079808244029
13/12/2017;25;0.7705320162623599
13/12/2017;26;0.8188328097621791
13/12/2017;27;0.781903971275312
13/12/2017;28;0.881979375852346
13/12/2017;29;0.967978591486375
14/12/2017;11;1.08161585414814
14/12/2017;13;0.9892578137689109
14/12/2017;14;0.945268260840475
14/12/2017;15;0.9307894018756742
14/12/2017;16;0.8900974628484809
14/12/2017;17;0.8893418474947672
14/12/2017;18;1.0
14/12/2017;19;0.865985880343135
14/12/2017;20;0.9046067153396291
14/12/2017;21;0.8291120501154391
14/12/2017;22;0.8849523308625921
14/12/2017;23;0.877217724815294
14/12/2017;24;0.8470040753614271
14/12/2017;25;0.8702523275762071
14/12/2017;26;0.904638434435817
14/12/2017;27;0.8644118400229391
14/12/2017;28;1.0
14/12/2017;29;0.9675540428621558
15/12/2017;11;1.0
15/12/2017;13;1.0009313208134598
15/12/2017;14;1.0
15/12/2017;15;0.949322810669149
15/12/2017;16;0.898221415602493
15/12/2017;17;0.834576431286052
15/12/2017;18;1.00955694165132
15/12/2017;19;0.889579474393052
15/12/2017;20;0.888681911745678
15/12/2017;21;0.7821796513538108
15/12/2017;22;0.8980474263780709
15/12/2017;23;0.7892259285449101
15/12/2017;24;0.833658509290879
15/12/2017;25;0.9338866993460709
15/12/2017;26;0.9455075447767509
15/12/2017;27;0.8937108362692749
15/12/2017;28;1.0
15/12/2017;29;0.9847015262108141
16/12/2017;11;1.03866994146234
16/12/2017;13;1.03550236425532
16/12/2017;14;0.992995936450491
16/12/2017;15;0.925077215887478
16/12/2017;16;0.923323677379385
16/12/2017;17;1.0
16/12/2017;18;1.02096196853479
16/12/2017;19;1.0
16/12/2017;20;0.866615702225129
16/12/2017;21;0.777552685727487
16/12/2017;22;0.8951740574553159
16/12/2017;23;0.831752139597637
16/12/2017;24;0.814817695480496
16/12/2017;25;0.888918600681397
16/12/2017;26;0.894199819430621
16/12/2017;27;0.89189927261928
16/12/2017;28;0.9836291658086149
16/12/2017;29;0.980132425487687
17/12/2017;11;1.09468510206743
17/12/2017;13;1.0
17/12/2017;14;0.9705194168963979
17/12/2017;15;1.0
17/12/2017;16;0.9910964103355869
17/12/2017;17;1.03067308108334
17/12/2017;18;1.02099520756864
17/12/2017;19;1.03930123575436
17/12/2017;20;1.00817448114894
17/12/2017;21;0.9526465699442579
17/12/2017;22;1.03750684245417
17/12/2017;23;1.0
17/12/2017;24;1.0191155221571402
17/12/2017;25;1.0114284503793398
17/12/2017;26;1.05310460021789
17/12/2017;27;1.0
17/12/2017;28;1.0
17/12/2017;29;1.0
18/12/2017;11;1.1100318564639198
18/12/2017;13;1.02630091372998
18/12/2017;14;1.01393670874126
18/12/2017;15;1.0552494623161701
18/12/2017;16;1.02402041443966
18/12/2017;17;1.05780110843367
18/12/2017;18;1.05943913364276
18/12/2017;19;1.0509174360986802
18/12/2017;20;1.04503669686234
18/12/2017;21;1.0
18/12/2017;22;1.09502827990662
18/12/2017;23;1.0167755572708
18/12/2017;24;1.14455912724909
18/12/2017;25;1.10655933317833
18/12/2017;26;1.1439852761773601
18/12/2017;27;1.0831363972062098
18/12/2017;28;1.1532431830091299
18/12/2017;29;1.05699166846516
19/12/2017;11;1.14400816004965
19/12/2017;13;1.05788750386627
19/12/2017;14;1.08977090543007
19/12/2017;15;1.04005215186516
19/12/2017;16;1.0816119926263499
19/12/2017;17;1.0997499231994299
19/12/2017;18;1.1095448720988301
19/12/2017;19;1.07812411106695
19/12/2017;20;1.07797695084621
19/12/2017;21;1.0
19/12/2017;22;1.11748660977788
19/12/2017;23;1.02259717947849
19/12/2017;24;1.1575686417242501
19/12/2017;25;1.0757467141455999
19/12/2017;26;1.17619043488214
19/12/2017;27;1.1049561700125
19/12/2017;28;1.23018742662657
19/12/2017;29;1.1658599041573703
20/12/2017;11;1.1760176875683501
20/12/2017;13;1.05831450988
20/12/2017;14;1.0659268809291702
20/12/2017;15;1.0328446693942
20/12/2017;16;1.0856157849053498
20/12/2017;17;1.0868675144955402
20/12/2017;18;1.07887353054184
20/12/2017;19;1.08835991606197
20/12/2017;20;1.1176581558970902
20/12/2017;21;1.01252189385733
20/12/2017;22;1.16800290814032
20/12/2017;23;1.08260841365468
20/12/2017;24;1.20814846855017
20/12/2017;25;1.1252803544218402
20/12/2017;26;1.25439312434427
20/12/2017;27;1.16593461186524
20/12/2017;28;1.23435197731144
20/12/2017;29;1.1638647346056101
21/12/2017;11;1.12428148378983
21/12/2017;13;1.10101437594639
21/12/2017;14;1.0351974222043399
21/12/2017;15;1.0796768199533
21/12/2017;16;1.08719963319059
21/12/2017;17;1.0792989727059699
21/12/2017;18;1.0858780977986
21/12/2017;19;1.0523185013034
21/12/2017;20;1.09699416975319
21/12/2017;21;1.04678022308177
21/12/2017;22;1.2160923038737599
21/12/2017;23;1.12067180476255
21/12/2017;24;1.2637983387027198
21/12/2017;25;1.2079123855288798
21/12/2017;26;1.2206431148436299
21/12/2017;27;1.2210817797901399
21/12/2017;28;1.2648281673483899
21/12/2017;29;1.07645755056251
22/12/2017;11;1.12235220479797
22/12/2017;13;1.10660412247616
22/12/2017;14;1.0428618285525801
22/12/2017;15;1.12348031642195
22/12/2017;16;1.12321630492879
22/12/2017;17;1.07472661665855
22/12/2017;18;1.1382270757197
22/12/2017;19;1.0676053940206
22/12/2017;20;1.0765991755752
22/12/2017;21;1.07260775077075
22/12/2017;22;1.18811075597168
22/12/2017;23;1.05346830285207
22/12/2017;24;1.23509951254169
22/12/2017;25;1.17075334765298
22/12/2017;26;1.0
22/12/2017;27;1.15832726497074
22/12/2017;28;1.2240551599519298
22/12/2017;29;1.06920305737059
23/12/2017;11;1.0
23/12/2017;13;1.05590175685645
23/12/2017;14;1.03266365680731
23/12/2017;15;1.11383960182854
23/12/2017;16;1.13603505965821
23/12/2017;17;1.07219316140971
23/12/2017;18;1.0
23/12/2017;19;1.16652004823421
23/12/2017;20;1.0
23/12/2017;21;1.0
23/12/2017;22;1.0881405834614999
23/12/2017;23;1.05554270215755
23/12/2017;24;1.1521484949003402
23/12/2017;25;1.0
23/12/2017;26;0.980710039143707
23/12/2017;27;1.1084034182048301
23/12/2017;28;1.14437970291722
23/12/2017;29;1.13775038280209
24/12/2017;11;0.934043280963362
24/12/2017;13;1.02781254425636
24/12/2017;14;0.919439564680866
24/12/2017;15;1.11405009040322
24/12/2017;16;1.13227694969623
24/12/2017;17;1.0955802904264
24/12/2017;18;0.933774791220435
24/12/2017;19;1.28094465722928
24/12/2017;20;1.06104776908245
24/12/2017;21;1.05646041790234
24/12/2017;22;1.04921560666973
24/12/2017;23;1.1226596731643999
24/12/2017;24;1.0
24/12/2017;25;1.0389895289761801
24/12/2017;26;1.0
24/12/2017;27;1.0797581833692902
24/12/2017;28;1.11165777474055
24/12/2017;29;1.0797668502125999
25/12/2017;11;1.01557937398384
25/12/2017;13;1.04175722287601
25/12/2017;14;1.0
25/12/2017;15;1.19586379834461
25/12/2017;16;1.1775168525678201
25/12/2017;17;1.0
25/12/2017;18;1.0205842866634
25/12/2017;19;1.27135370948128
25/12/2017;20;1.14217062833393
25/12/2017;21;1.1178869067439299
25/12/2017;22;1.10952951225475
25/12/2017;23;1.0952279024504
25/12/2017;24;0.9757298812158292
25/12/2017;25;1.1441617187292301
25/12/2017;26;1.03442263387717
25/12/2017;27;1.0
25/12/2017;28;1.07118678315475
25/12/2017;29;1.07062418837486
26/12/2017;11;1.02618451680681
26/12/2017;13;1.0
26/12/2017;14;1.06040228044425
26/12/2017;15;1.14381058111372
26/12/2017;16;1.11312406736791
26/12/2017;17;0.936183806093778
26/12/2017;18;1.0543561887121
26/12/2017;19;1.0
26/12/2017;20;1.0
26/12/2017;21;1.0
26/12/2017;22;1.0
26/12/2017;23;1.04315042489735
26/12/2017;24;1.00398474362613
26/12/2017;25;1.0
26/12/2017;26;1.10241739128853
26/12/2017;27;1.01743502416087
26/12/2017;28;1.03518315668297
26/12/2017;29;1.0
27/12/2017;11;0.9629406043633469
27/12/2017;13;0.9313995778166508
27/12/2017;14;1.0
27/12/2017;15;0.942276472431532
27/12/2017;16;0.9223881310660179
27/12/2017;17;0.949181119769193
27/12/2017;18;0.881921545910027
27/12/2017;19;0.859890255696082
27/12/2017;20;0.9206995133994891
27/12/2017;21;0.9146973881821551
27/12/2017;22;0.913038583492011
27/12/2017;23;1.0
27/12/2017;24;0.950051557479614
27/12/2017;25;0.9013499424698951
27/12/2017;26;1.0
27/12/2017;27;1.0
27/12/2017;28;1.04246873877844
27/12/2017;29;1.0
28/12/2017;11;0.923212690545284
28/12/2017;13;0.85361756094217
28/12/2017;14;0.9647446655943771
28/12/2017;15;0.8651060735615459
28/12/2017;16;0.8618621067194592
28/12/2017;17;1.00955197150712
28/12/2017;18;0.909026730676029
28/12/2017;19;0.8717929359413001
28/12/2017;20;1.0
28/12/2017;21;0.8565965535929809
28/12/2017;22;1.0
28/12/2017;23;0.9192096579701041
28/12/2017;24;1.00482441778421
28/12/2017;25;1.0
28/12/2017;26;0.9118837840719141
28/12/2017;27;1.0
28/12/2017;28;1.0
28/12/2017;29;1.0
29/12/2017;11;1.03098975298598
29/12/2017;13;0.85635082271631
29/12/2017;14;1.0
29/12/2017;15;0.8484870246705329
29/12/2017;16;0.9264254261146049
29/12/2017;17;1.06105994328632
29/12/2017;18;0.8985535001325451
29/12/2017;19;0.9678746391680999
29/12/2017;20;1.01904416982562
29/12/2017;21;0.910527455020387
29/12/2017;22;1.06389130765727
29/12/2017;23;1.0
29/12/2017;24;1.1234365889398201
29/12/2017;25;1.0522437722454399
29/12/2017;26;1.0
29/12/2017;27;1.0406013308152802
29/12/2017;28;1.03249540708863
29/12/2017;29;1.00348892719536
30/12/2017;11;1.04531998454485
30/12/2017;13;0.9399581663286871
30/12/2017;14;1.06818606194953
30/12/2017;15;1.0
30/12/2017;16;1.01314746660284
30/12/2017;17;1.0
30/12/2017;18;0.9116778794936929
30/12/2017;19;1.00276080091036
30/12/2017;20;1.0694802770252099
30/12/2017;21;0.981300738140488
30/12/2017;22;1.06942068537712
30/12/2017;23;1.06216811812132
30/12/2017;24;1.1080439175751
30/12/2017;25;1.1209583573263202
30/12/2017;26;1.12171492637268
30/12/2017;27;1.03279976141389
30/12/2017;28;1.05399514814483
30/12/2017;29;1.0
31/12/2017;11;1.0555190524740299
31/12/2017;13;1.0146338035103
31/12/2017;14;1.0639831233800099
31/12/2017;15;1.06183702618064
31/12/2017;16;1.09166991234145
31/12/2017;17;0.995207998470303
31/12/2017;18;0.9894006497353521
31/12/2017;19;0.9765182167529529
31/12/2017;20;1.0
31/12/2017;21;1.00633299280132
31/12/2017;22;0.960370695185413
31/12/2017;23;1.0
31/12/2017;24;0.950935483448771
31/12/2017;25;1.13668223909876
31/12/2017;26;1.06876324198538
31/12/2017;27;0.977550312407788
31/12/2017;28;0.955699428132869
31/12/2017;29;0.956182870947597
01/01/2018;11;0.987676702625662
01/01/2018;13;0.974355571160157
01/01/2018;14;0.987058249545028
01/01/2018;15;0.955561009114836
01/01/2018;16;1.0
01/01/2018;17;0.9729134281835049
01/01/2018;18;1.0121388585059499
01/01/2018;19;0.865001528148468
01/01/2018;20;0.9086778966222809
01/01/2018;21;0.980173516021203
01/01/2018;22;0.885276919820005
01/01/2018;23;0.9214922191037571
01/01/2018;24;0.8488892990619851
01/01/2018;25;1.0
01/01/2018;26;1.03544088669147
01/01/2018;27;0.8963066512478242
01/01/2018;28;0.910957162647089
01/01/2018;29;0.960261182657367
02/01/2018;11;0.847688739196175
02/01/2018;13;0.8542102250443571
02/01/2018;14;0.9179282837845649
02/01/2018;15;0.895267110880702
02/01/2018;16;0.932968851147364
02/01/2018;17;0.9378583599873871
02/01/2018;18;0.916870127952943
02/01/2018;19;0.814946250566206
02/01/2018;20;0.8636684346648241
02/01/2018;21;0.922287355874741
02/01/2018;22;0.9098322312123158
02/01/2018;23;0.9234936420351479
02/01/2018;24;0.8749478639131991
02/01/2018;25;0.9198071673454941
02/01/2018;26;1.01760056194681
02/01/2018;27;0.910799509257435
02/01/2018;28;0.906358129912744
02/01/2018;29;0.9391749138161222
03/01/2018;11;0.838025830862136
03/01/2018;13;0.867477604885071
03/01/2018;14;1.0
03/01/2018;15;1.0
03/01/2018;16;0.948573202708961
03/01/2018;17;0.9105118580603909
03/01/2018;18;0.90162522122455
03/01/2018;19;1.0
03/01/2018;20;1.0
03/01/2018;21;0.92357125498697
03/01/2018;22;1.04226615103651
03/01/2018;23;1.02523245493362
03/01/2018;24;1.0
03/01/2018;25;1.02172849827208
03/01/2018;26;0.9807248797077859
03/01/2018;27;1.0
03/01/2018;28;0.965597623622636
03/01/2018;29;0.9657683778838649
04/01/2018;11;0.77322652745012
04/01/2018;13;0.891173436635282
04/01/2018;14;0.994901713720424
04/01/2018;15;1.0
04/01/2018;16;0.959941699284568
04/01/2018;17;0.8532863764865459
04/01/2018;18;0.865886439547432
04/01/2018;19;1.05405053048171
04/01/2018;20;1.0
04/01/2018;21;0.8778733928338092
04/01/2018;22;1.0
04/01/2018;23;0.9836273096044309
04/01/2018;24;0.925661811130107
04/01/2018;25;1.0
04/01/2018;26;0.9130185375750419
04/01/2018;27;0.963607369247079
04/01/2018;28;0.9741909849803291
04/01/2018;29;0.9305878285208828
05/01/2018;11;1.0
05/01/2018;13;0.9180476639892149
05/01/2018;14;1.0
05/01/2018;15;0.9188486560762941
05/01/2018;16;0.874086653494907
05/01/2018;17;0.800622939138801
05/01/2018;18;0.918526591830174
05/01/2018;19;0.9318433983981271
05/01/2018;20;0.903241147192958
05/01/2018;21;0.875541561781612
05/01/2018;22;0.8977226596119979
05/01/2018;23;0.9102365031434929
05/01/2018;24;0.830963681545005
05/01/2018;25;0.920465990144551
05/01/2018;26;0.8883716971710579
05/01/2018;27;0.884463275189101
05/01/2018;28;0.889708725474633
05/01/2018;29;0.862009963277879
06/01/2018;11;0.898778717344173
06/01/2018;13;0.9044363836783621
06/01/2018;14;0.9551755741368531
06/01/2018;15;0.8416741684606999
06/01/2018;16;0.788874065142016
06/01/2018;17;0.7930185489604029
06/01/2018;18;0.94403158840708
06/01/2018;19;0.811332165345601
06/01/2018;20;0.82082533572877
06/01/2018;21;0.8297976724278291
06/01/2018;22;0.855783281541187
06/01/2018;23;1.0
06/01/2018;24;0.770060668392945
06/01/2018;25;0.853198424607587
06/01/2018;26;0.883765693488075
06/01/2018;27;0.8737181711584749
06/01/2018;28;0.893363898869609
06/01/2018;29;0.9213561952920879
07/01/2018;11;0.7299572677704901
07/01/2018;13;0.801637138133588
07/01/2018;14;0.8956373375116891
07/01/2018;15;0.731293108673859
07/01/2018;16;0.7486731805484459
07/01/2018;17;0.8477546006810609
07/01/2018;18;0.791562272319177
07/01/2018;19;0.8394105128295078
07/01/2018;20;0.8033829626109259
07/01/2018;21;0.774667757722703
07/01/2018;22;0.8127320144544878
07/01/2018;23;1.02882146543186
07/01/2018;24;0.7630456848698699
07/01/2018;25;0.832060407471389
07/01/2018;26;0.8679617405111508
07/01/2018;27;0.8502742712911271
07/01/2018;28;0.915134982535028
07/01/2018;29;0.9839266870395179
08/01/2018;11;0.6548542988238389
08/01/2018;13;0.74259113707679
08/01/2018;14;0.891892904043735
08/01/2018;15;0.6469676018229139
08/01/2018;16;0.7022549249137929
08/01/2018;17;0.816149434098102
08/01/2018;18;0.715657833998643
08/01/2018;19;0.9190390238245699
08/01/2018;20;0.8680710267273399
08/01/2018;21;0.8348053571108249
08/01/2018;22;0.7518745790884159
08/01/2018;23;0.993094701268675
08/01/2018;24;0.8105690823208891
08/01/2018;25;0.858228210501557
08/01/2018;26;0.8677882913461791
08/01/2018;27;0.8307298755620269
08/01/2018;28;0.7700533626230779
08/01/2018;29;0.894399427880953
09/01/2018;11;0.63260511590947
09/01/2018;13;0.678863273485578
09/01/2018;14;0.8925254195929498
09/01/2018;15;0.619468813910578
09/01/2018;16;0.6738122606677851
09/01/2018;17;0.7673729324883158
09/01/2018;18;0.644817103318818
09/01/2018;19;0.9112810571585509
09/01/2018;20;0.823323047815053
09/01/2018;21;0.8035241212006808
09/01/2018;22;0.690410188185975
09/01/2018;23;0.8936400168935992
09/01/2018;24;0.7915755217883811
09/01/2018;25;0.79662523967513
09/01/2018;26;0.7894313374050009
09/01/2018;27;0.8012890284428801
09/01/2018;28;0.808451862639657
09/01/2018;29;0.8667127292793231
10/01/2018;11;0.739373872029854
10/01/2018;13;0.735196980225896
10/01/2018;14;0.9185016958681741
10/01/2018;15;0.7623475280225541
10/01/2018;16;0.789821317404588
10/01/2018;17;0.819948193743912
10/01/2018;18;0.689813264573368
10/01/2018;19;0.949158794386518
10/01/2018;20;1.0
10/01/2018;21;0.823342896554922
10/01/2018;22;0.8571743861578409
10/01/2018;23;0.877312008883573
10/01/2018;24;0.854324470662297
10/01/2018;25;0.8322776864343829
10/01/2018;26;0.810314318325041
10/01/2018;27;0.836864070953352
10/01/2018;28;1.0
10/01/2018;29;0.881784112052345
11/01/2018;11;0.9042727159394541
11/01/2018;13;0.8173277457712579
11/01/2018;14;1.0
11/01/2018;15;0.872809367344677
11/01/2018;16;1.0
11/01/2018;17;1.0
11/01/2018;18;0.8155406832645831
11/01/2018;19;0.9811249097007191
11/01/2018;20;1.0103882352518
11/01/2018;21;1.0
11/01/2018;22;0.9834809490926499
11/01/2018;23;1.0
11/01/2018;24;1.0
11/01/2018;25;1.00628153686173
11/01/2018;26;1.0
11/01/2018;27;1.0
11/01/2018;28;0.997524238277905
11/01/2018;29;0.9222718204133159
12/01/2018;11;0.9385381864516521
12/01/2018;13;0.829165153184115
12/01/2018;14;0.967371635171822
12/01/2018;15;0.8572763836564209
12/01/2018;16;0.967134367204244
12/01/2018;17;0.991315350515898
12/01/2018;18;0.835705943592611
12/01/2018;19;0.946873081806386
12/01/2018;20;0.95094214351491
12/01/2018;21;0.9508459888104149
12/01/2018;22;0.950425903350465
12/01/2018;23;1.03923708944561
12/01/2018;24;0.975567702433604
12/01/2018;25;1.0
12/01/2018;26;1.04605450642757
12/01/2018;27;1.0
12/01/2018;28;1.0
12/01/2018;29;1.0
13/01/2018;11;0.8859588118754621
13/01/2018;13;0.8839164809982809
13/01/2018;14;0.955978967865206
13/01/2018;15;0.809748209872638
13/01/2018;16;0.934219548796953
13/01/2018;17;0.9830837225092891
13/01/2018;18;0.883011914877076
13/01/2018;19;0.8800178819200991
13/01/2018;20;0.901257668783775
13/01/2018;21;0.9097306514164292
13/01/2018;22;1.0
13/01/2018;23;0.9741643851845608
13/01/2018;24;1.0
13/01/2018;25;0.959628856113624
13/01/2018;26;1.0
13/01/2018;27;1.00251848485631
13/01/2018;28;1.02915985137156
13/01/2018;29;1.0
14/01/2018;11;0.9392995953834941
14/01/2018;13;1.0
14/01/2018;14;1.0463630976707
14/01/2018;15;0.8813661959318849
14/01/2018;16;1.0
14/01/2018;17;0.982006118718628
14/01/2018;18;1.0
14/01/2018;19;0.9292420058226479
14/01/2018;20;0.977162536303158
14/01/2018;21;0.954815661128461
14/01/2018;22;1.01582020845931
14/01/2018;23;0.95165072471608
14/01/2018;24;1.04034043988342
14/01/2018;25;0.960985080359769
14/01/2018;26;1.0
14/01/2018;27;1.0403952103437801
14/01/2018;28;1.04101457019361
14/01/2018;29;1.0
15/01/2018;11;0.9501755135082349
15/01/2018;13;1.02497074942493
15/01/2018;14;1.04427927359803
15/01/2018;15;1.0
15/01/2018;16;1.01343842349342
15/01/2018;17;1.00452343455145
15/01/2018;18;1.0845661912861
15/01/2018;19;1.0207502476027601
15/01/2018;20;1.01903608464775
15/01/2018;21;0.929460161229878
15/01/2018;22;1.0
15/01/2018;23;1.00070309118535
15/01/2018;24;1.0201774309476501
15/01/2018;25;1.0
15/01/2018;26;1.05454146969659
15/01/2018;27;1.03157077546544
15/01/2018;28;1.03376331857801
15/01/2018;29;1.0092647965625199
16/01/2018;11;0.880491921246044
16/01/2018;13;0.9489787934547421
16/01/2018;14;1.00190700548171
16/01/2018;15;0.9937676732371999
16/01/2018;16;1.02463713606185
16/01/2018;17;0.9830350644276871
16/01/2018;18;1.0
16/01/2018;19;1.0
16/01/2018;20;0.9916001202133728
16/01/2018;21;0.880927866795277
16/01/2018;22;0.92030735206202
16/01/2018;23;0.9718431808727249
16/01/2018;24;0.9505198493974399
16/01/2018;25;0.974634667247428
16/01/2018;26;1.0
16/01/2018;27;0.97337093719274
16/01/2018;28;0.982818278435726
16/01/2018;29;1.0
17/01/2018;11;0.841266459088725
17/01/2018;13;0.93297759551838
17/01/2018;14;0.9864803079426869
17/01/2018;15;0.9182848815682779
17/01/2018;16;1.0
17/01/2018;17;0.89963519297573
17/01/2018;18;0.8935142825515041
17/01/2018;19;0.782504593772785
17/01/2018;20;0.827966676034032
17/01/2018;21;0.78554594419567
17/01/2018;22;0.827916673609995
17/01/2018;23;0.7881305129040269
17/01/2018;24;0.817333360068806
17/01/2018;25;0.8825088290461129
17/01/2018;26;0.889477650243662
17/01/2018;27;0.8882629037264029
17/01/2018;28;0.9110901469953071
17/01/2018;29;0.9722026498857491
18/01/2018;11;0.8376261307314229
18/01/2018;13;0.917728858441678
18/01/2018;14;0.9602765890443629
18/01/2018;15;0.8825083583489829
18/01/2018;16;0.9715884537330269
18/01/2018;17;0.9252698506936
18/01/2018;18;0.795891405931594
18/01/2018;19;1.0
18/01/2018;20;1.0
18/01/2018;21;0.8015399874515191
18/01/2018;22;1.0
18/01/2018;23;0.8330602665402191
18/01/2018;24;1.0
18/01/2018;25;1.0
18/01/2018;26;0.843826195324332
18/01/2018;27;1.0
18/01/2018;28;0.86989296317445
18/01/2018;29;0.8984878096745179
19/01/2018;11;0.800954281887777
19/01/2018;13;0.850948177774505
19/01/2018;14;0.954964900237999
19/01/2018;15;0.9301569483575942
19/01/2018;16;0.9540186615543341
19/01/2018;17;0.922498617356568
19/01/2018;18;0.827669953098583
19/01/2018;19;1.0
19/01/2018;20;0.9844540794129131
19/01/2018;21;0.8587041907355359
19/01/2018;22;0.945800318485045
19/01/2018;23;0.861962489408274
19/01/2018;24;0.9061039858960559
19/01/2018;25;1.0
19/01/2018;26;1.02009251527129
19/01/2018;27;0.968194636861745
19/01/2018;28;1.0
19/01/2018;29;1.0
20/01/2018;11;0.8233614952446949
20/01/2018;13;0.915565635610952
20/01/2018;14;0.961863531345947
20/01/2018;15;0.960189192250041
20/01/2018;16;1.0
20/01/2018;17;0.8821001917958309
20/01/2018;18;0.935773786045722
20/01/2018;19;0.864453131903182
20/01/2018;20;0.8777694242687081
20/01/2018;21;0.8436643702986601
20/01/2018;22;0.9043773647325569
20/01/2018;23;0.8370345946044101
20/01/2018;24;0.834924098231272
20/01/2018;25;0.908539555224746
20/01/2018;26;1.0
20/01/2018;27;0.913321416845438
20/01/2018;28;1.0072133198044901
20/01/2018;29;1.02813841721551
21/01/2018;11;0.8194887461508109
21/01/2018;13;0.9107794597232192
21/01/2018;14;0.946188743308925
21/01/2018;15;0.9666131544322951
21/01/2018;16;0.9879181166084
21/01/2018;17;0.8923982597029001
21/01/2018;18;0.9185780058981259
21/01/2018;19;0.902940264562882
21/01/2018;20;0.9159694411990671
21/01/2018;21;0.918190461420088
21/01/2018;22;0.935647554248198
21/01/2018;23;1.0
21/01/2018;24;0.872648890236717
21/01/2018;25;0.9269649210626529
21/01/2018;26;1.0
21/01/2018;27;0.940731359591757
21/01/2018;28;1.0042244993637
21/01/2018;29;1.0202157807197
22/01/2018;11;0.82389083987728
22/01/2018;13;0.8922319958833492
22/01/2018;14;0.932689989623943
22/01/2018;15;1.0
22/01/2018;16;0.9670818747979609
22/01/2018;17;0.881759866878802
22/01/2018;18;1.0
22/01/2018;19;1.0
22/01/2018;20;1.0
22/01/2018;21;1.0
22/01/2018;22;1.0
22/01/2018;23;1.03367551642539
22/01/2018;24;0.9394594737408821
22/01/2018;25;0.9466133358978531
22/01/2018;26;1.0
22/01/2018;27;1.0
22/01/2018;28;0.997521060125379
22/01/2018;29;1.0
23/01/2018;11;0.8515299238852109
23/01/2018;13;0.9587378651533159
23/01/2018;14;0.916831092755381
23/01/2018;15;0.9808389541292779
23/01/2018;16;0.9567010284735191
23/01/2018;17;0.8796800895462049
23/01/2018;18;0.9840790635910341
23/01/2018;19;0.978221300876093
23/01/2018;20;0.9928547558091619
23/01/2018;21;1.0
23/01/2018;22;0.9635998098841709
23/01/2018;23;1.0
23/01/2018;24;0.955369883561208
23/01/2018;25;0.937301110155201
23/01/2018;26;1.03983327108517
23/01/2018;27;1.0
23/01/2018;28;0.9474305297234179
23/01/2018;29;0.9514685228465409
24/01/2018;11;0.883805260282609
24/01/2018;13;0.9321875961230229
24/01/2018;14;0.895645261833377
24/01/2018;15;0.9611356669731759
24/01/2018;16;0.9267080798010509
24/01/2018;17;0.9104095079991921
24/01/2018;18;0.888276644875231
24/01/2018;19;0.941528313487321
24/01/2018;20;0.9373790646351209
24/01/2018;21;0.938587431017081
24/01/2018;22;0.95296676528154
24/01/2018;23;1.0
24/01/2018;24;0.940428586092346
24/01/2018;25;0.917284312506505
24/01/2018;26;1.0
24/01/2018;27;1.0011935663361802
24/01/2018;28;1.0
24/01/2018;29;1.0017809912955
25/01/2018;11;1.0
25/01/2018;13;0.8866120104324141
25/01/2018;14;1.0
25/01/2018;15;0.9833297654745291
25/01/2018;16;0.942359019832235
25/01/2018;17;0.8844707067301201
25/01/2018;18;0.882542034454292
25/01/2018;19;0.9713970494303341
25/01/2018;20;0.941077819045933
25/01/2018;21;0.958739292887423
25/01/2018;22;0.9757732197509499
25/01/2018;23;1.0485956651879
25/01/2018;24;0.9126795590254649
25/01/2018;25;1.0
25/01/2018;26;1.01171726481348
25/01/2018;27;1.0
25/01/2018;28;1.0624380980428199
25/01/2018;29;1.0
26/01/2018;11;0.9282270100404351
26/01/2018;13;0.8798320579813441
26/01/2018;14;0.9393380216643779
26/01/2018;15;0.8933479812486379
26/01/2018;16;0.8726071638089129
26/01/2018;17;0.8228133400803359
26/01/2018;18;0.9177498894245709
26/01/2018;19;0.920366787053832
26/01/2018;20;0.91310300763181
26/01/2018;21;0.935335147175981
26/01/2018;22;0.9399147854394201
26/01/2018;23;1.07569300100501
26/01/2018;24;0.8721649155979609
26/01/2018;25;0.997924583628217
26/01/2018;26;1.0
26/01/2018;27;0.98815247739206
26/01/2018;28;1.03083582877758
26/01/2018;29;1.0
27/01/2018;11;0.7648870699982099
27/01/2018;13;0.8072736579780659
27/01/2018;14;0.823124333749509
27/01/2018;15;0.8362540533430071
27/01/2018;16;0.8038440821002841
27/01/2018;17;0.879456461952037
27/01/2018;18;0.8088524690829828
27/01/2018;19;0.8479819607746641
27/01/2018;20;0.852832905744533
27/01/2018;21;0.8895434373646569
27/01/2018;22;0.8664771896036629
27/01/2018;23;0.9949412468161879
27/01/2018;24;0.858284718765693
27/01/2018;25;0.904405689126913
27/01/2018;26;0.9662885262428791
27/01/2018;27;0.984026348188884
27/01/2018;28;0.9629299924188721
27/01/2018;29;0.9875511993806371
28/01/2018;11;0.715824580490767
28/01/2018;13;0.805695372130702
28/01/2018;14;0.7753368640874709
28/01/2018;15;0.8818339348673299
28/01/2018;16;0.807963036854465
28/01/2018;17;0.878306135203592
28/01/2018;18;0.7104536620011899
28/01/2018;19;0.784712975311549
28/01/2018;20;0.851710440809035
28/01/2018;21;0.8292994956126278
28/01/2018;22;0.8518065904937099
28/01/2018;23;0.8659911718742309
28/01/2018;24;0.85665369019365
28/01/2018;25;0.836722593735465
28/01/2018;26;0.8839547076325309
28/01/2018;27;0.9420766441251959
28/01/2018;28;0.9098825639350991
28/01/2018;29;0.904730009046489
29/01/2018;11;0.732331485916152
29/01/2018;13;0.8844242298256659
29/01/2018;14;0.745231219975235
29/01/2018;15;0.921578787640364
29/01/2018;16;0.853982307780891
29/01/2018;17;0.841629061172511
29/01/2018;18;0.7543932894408492
29/01/2018;19;0.859860759350977
29/01/2018;20;0.941252543378282
29/01/2018;21;0.905105563209317
29/01/2018;22;0.9151859243657242
29/01/2018;23;0.896129857678014
29/01/2018;24;0.834243820853543
29/01/2018;25;0.8888302041491499
29/01/2018;26;0.86764233533284
29/01/2018;27;0.9199379506048341
29/01/2018;28;0.947505548366994
29/01/2018;29;0.942790255074652
30/01/2018;11;0.722424065170183
30/01/2018;13;0.9185161823660369
30/01/2018;14;0.7406500987862501
30/01/2018;15;0.9156448913068879
30/01/2018;16;0.9019683118720708
30/01/2018;17;0.8369419274673661
30/01/2018;18;0.893778653613133
30/01/2018;19;0.8492753590940041
30/01/2018;20;1.0
30/01/2018;21;0.990234138067863
30/01/2018;22;1.0
30/01/2018;23;0.9516363397038521
30/01/2018;24;0.8546437450987159
30/01/2018;25;0.939692614539489
30/01/2018;26;1.0
30/01/2018;27;0.929961526941315
30/01/2018;28;1.0
30/01/2018;29;0.9638752757611591
31/01/2018;11;0.7519211541026659
31/01/2018;13;0.905449474561547
31/01/2018;14;0.836584831968323
31/01/2018;15;0.912390832504683
31/01/2018;16;0.904525262445713
31/01/2018;17;0.851472116176978
31/01/2018;18;0.872885063576971
31/01/2018;19;0.8763447287253141
31/01/2018;20;1.0
31/01/2018;21;0.9774801655004971
31/01/2018;22;1.02320083212145
31/01/2018;23;0.98006198992928
31/01/2018;24;0.946075033191797
31/01/2018;25;1.0063961306992701
31/01/2018;26;1.02835080842204
31/01/2018;27;1.0
31/01/2018;28;1.03431861942897
31/01/2018;29;0.9851674646462141
01/02/2018;11;0.759334021088055
01/02/2018;13;0.842521909573458
01/02/2018;14;0.871460440652165
01/02/2018;15;0.8929714906483158
01/02/2018;16;0.879444329828693
01/02/2018;17;0.8565715183770379
01/02/2018;18;0.7260152412241401
01/02/2018;19;0.8718688642006959
01/02/2018;20;0.9714638016393341
01/02/2018;21;0.8711173333760591
01/02/2018;22;0.961624919278491
01/02/2018;23;0.9344735420377951
01/02/2018;24;0.934817590148591
01/02/2018;25;1.0
01/02/2018;26;0.9966365689299609
01/02/2018;27;0.9904025201382459
01/02/2018;28;1.09833366976651
01/02/2018;29;0.998120595213277
02/02/2018;11;0.8089038968181039
02/02/2018;13;0.8477039116853922
02/02/2018;14;0.894541920476119
02/02/2018;15;0.864500071662113
02/02/2018;16;0.825643138287018
02/02/2018;17;0.893926243603093
02/02/2018;18;0.6936902679814139
02/02/2018;19;0.873027263649928
02/02/2018;20;0.9187999816585579
02/02/2018;21;0.8083377616639571
02/02/2018;22;0.8494778767650991
02/02/2018;23;0.850184261374528
02/02/2018;24;0.863068444698839
02/02/2018;25;0.9247286511728391
02/02/2018;26;0.885524000299716
02/02/2018;27;0.9109155727250791
02/02/2018;28;1.0
02/02/2018;29;0.9777437379768079
03/02/2018;11;0.873901030068465
03/02/2018;13;0.9053903091999019
03/02/2018;14;0.965241822753505
03/02/2018;15;1.0
03/02/2018;16;1.0
03/02/2018;17;0.969661252583605
03/02/2018;18;1.0
03/02/2018;19;1.0
03/02/2018;20;1.0
03/02/2018;21;1.0
03/02/2018;22;0.850630523653563
03/02/2018;23;0.845639491486261
03/02/2018;24;0.8635766704147341
03/02/2018;25;0.896785575958405
03/02/2018;26;0.812646316265952
03/02/2018;27;0.8686028528948492
03/02/2018;28;0.868194392687865
03/02/2018;29;0.90431870970491
04/02/2018;11;0.935764578848827
04/02/2018;13;1.0
04/02/2018;14;1.03512481764458
04/02/2018;15;0.9879588691650799
04/02/2018;16;1.01004303690942
04/02/2018;17;1.0535677411204498
04/02/2018;18;1.04679573700373
04/02/2018;19;1.1211500691828602
04/02/2018;20;1.1084712422526999
04/02/2018;21;1.05134516743531
04/02/2018;22;1.0
04/02/2018;23;1.0
04/02/2018;24;1.0
04/02/2018;25;1.01686754980496
04/02/2018;26;1.0
04/02/2018;27;1.0
04/02/2018;28;1.0
04/02/2018;29;0.923641274761968
05/02/2018;11;0.9647433837018159
05/02/2018;13;0.973023725299973
05/02/2018;14;1.04824030303932
05/02/2018;15;0.9580486279071379
05/02/2018;16;1.03144616802025
05/02/2018;17;1.09221182887281
05/02/2018;18;0.996158422027871
05/02/2018;19;1.09624081206361
05/02/2018;20;1.1513839219266397
05/02/2018;21;1.06577695878158
05/02/2018;22;1.0
05/02/2018;23;1.0
05/02/2018;24;1.0651245164085998
05/02/2018;25;1.0
05/02/2018;26;1.07726261364235
05/02/2018;27;1.09616597838159
05/02/2018;28;1.07598384522153
05/02/2018;29;1.0
06/02/2018;11;1.00745059109095
06/02/2018;13;0.949737210461283
06/02/2018;14;1.03198062411752
06/02/2018;15;1.0
06/02/2018;16;1.05456828095429
06/02/2018;17;1.11969629751395
06/02/2018;18;0.9795851050406049
06/02/2018;19;1.0
06/02/2018;20;1.09166851554261
06/02/2018;21;1.04937704892222
06/02/2018;22;0.9410271104159731
06/02/2018;23;1.01782423111194
06/02/2018;24;1.07797946819155
06/02/2018;25;0.988946936725158
06/02/2018;26;1.0
06/02/2018;27;1.06198342951895
06/02/2018;28;1.0
06/02/2018;29;0.996683018674698
07/02/2018;11;0.9348312580281329
07/02/2018;13;0.9504288531273621
07/02/2018;14;1.0
07/02/2018;15;1.0
07/02/2018;16;1.06703657645804
07/02/2018;17;1.1089696139690302
07/02/2018;18;1.0702793944589999
07/02/2018;19;0.9909247594809321
07/02/2018;20;1.0492716752851998
07/02/2018;21;1.01812188262072
07/02/2018;22;0.947825569402618
07/02/2018;23;1.0
07/02/2018;24;1.0
07/02/2018;25;0.950149121288208
07/02/2018;26;0.9128722190266929
07/02/2018;27;0.9421639994896421
07/02/2018;28;0.914199284168188
07/02/2018;29;0.945968370476338
08/02/2018;11;0.862791243174315
08/02/2018;13;0.946339454303573
08/02/2018;14;0.9545733157882959
08/02/2018;15;0.949554308688923
08/02/2018;16;1.0
08/02/2018;17;1.0
08/02/2018;18;1.0
08/02/2018;19;0.976746591686783
08/02/2018;20;1.01903311987585
08/02/2018;21;0.99595142339287
08/02/2018;22;0.981612787686382
08/02/2018;23;0.969450984563134
08/02/2018;24;0.980053448610943
08/02/2018;25;0.9313097728502908
08/02/2018;26;0.8224657607449352
08/02/2018;27;0.918475999395552
08/02/2018;28;0.888069212022283
08/02/2018;29;0.9167529521951991
09/02/2018;11;0.8322720355423671
09/02/2018;13;0.8908121086577059
09/02/2018;14;0.94297192485183
09/02/2018;15;0.88876117616149
09/02/2018;16;0.91346059610034
09/02/2018;17;1.0
09/02/2018;18;0.8351445550004479
09/02/2018;19;1.0
09/02/2018;20;1.03657552310427
09/02/2018;21;0.9626267065938822
09/02/2018;22;1.0
09/02/2018;23;0.9722033515435329
09/02/2018;24;0.979912142888731
09/02/2018;25;0.957461164324585
09/02/2018;26;0.897361122941855
09/02/2018;27;0.9519008898488471
09/02/2018;28;0.963338597275552
09/02/2018;29;0.930652422280723
10/02/2018;11;0.8200198045885079
10/02/2018;13;0.85713288140347
10/02/2018;14;0.940186617538902
10/02/2018;15;0.893979879018584
10/02/2018;16;0.935455807350556
10/02/2018;17;1.01528939284977
10/02/2018;18;0.8910265625418399
10/02/2018;19;1.0575667070550898
10/02/2018;20;1.0680015284597801
10/02/2018;21;1.0
10/02/2018;22;1.0
10/02/2018;23;1.0
10/02/2018;24;1.0108625207116
10/02/2018;25;0.956730086901177
10/02/2018;26;0.9446125487504441
10/02/2018;27;0.9711890481180779
10/02/2018;28;1.04865980568462
10/02/2018;29;0.9731739682687042
11/02/2018;11;0.865105737479191
11/02/2018;13;0.92252628076313
11/02/2018;14;1.0
11/02/2018;15;0.9441623884317529
11/02/2018;16;1.0038665883659799
11/02/2018;17;0.9863457478116031
11/02/2018;18;0.9109757085531971
11/02/2018;19;1.0
11/02/2018;20;1.08672284711582
11/02/2018;21;1.0
11/02/2018;22;1.01629156688781
11/02/2018;23;1.01413418531485
11/02/2018;24;1.0568627321914699
11/02/2018;25;1.00510916591323
11/02/2018;26;0.9917808034281759
11/02/2018;27;1.02127912077642
11/02/2018;28;1.10316959167796
11/02/2018;29;0.9590732979093101
12/02/2018;11;0.892895152504998
12/02/2018;13;0.9509658196259129
12/02/2018;14;1.01447848386393
12/02/2018;15;1.0
12/02/2018;16;1.04910434518692
12/02/2018;17;0.9652479909716509
12/02/2018;18;1.0
12/02/2018;19;1.0
12/02/2018;20;1.08568711341704
12/02/2018;21;1.00473303787676
12/02/2018;22;1.0507084766856198
12/02/2018;23;1.01230603341486
12/02/2018;24;1.05779578880441
12/02/2018;25;1.02840542746897
12/02/2018;26;1.01634992421418
12/02/2018;27;1.05112977051371
12/02/2018;28;1.0860042153879599
12/02/2018;29;0.971800289024109
13/02/2018;11;0.941768877555155
13/02/2018;13;0.956747215212685
13/02/2018;14;1.01094264714535
13/02/2018;15;0.9516142569645759
13/02/2018;16;1.05865266681416
13/02/2018;17;1.0040004776387499
13/02/2018;18;1.02287288129445
13/02/2018;19;1.0
13/02/2018;20;1.09138163878977
13/02/2018;21;1.04306807291877
13/02/2018;22;1.0
13/02/2018;23;1.02227691392446
13/02/2018;24;1.0
13/02/2018;25;0.9787088526325759
13/02/2018;26;0.978861869091361
13/02/2018;27;1.0
13/02/2018;28;1.0
13/02/2018;29;0.9828283913961608
14/02/2018;11;0.9733792835293141
14/02/2018;13;1.00826770494498
14/02/2018;14;1.06060227078829
14/02/2018;15;1.0
14/02/2018;16;1.08695212780313
14/02/2018;17;1.05610561956854
14/02/2018;18;1.04434190297121
14/02/2018;19;1.0469315204413199
14/02/2018;20;1.1313624106556899
14/02/2018;21;1.04753267937627
14/02/2018;22;1.05964074972914
14/02/2018;23;1.05969034764412
14/02/2018;24;1.0438761773043599
14/02/2018;25;1.01974920864106
14/02/2018;26;1.0
14/02/2018;27;1.02379166089678
14/02/2018;28;1.04222620909576
14/02/2018;29;1.0
15/02/2018;11;0.9706865538276941
15/02/2018;13;1.03706250841396
15/02/2018;14;1.11967121526922
15/02/2018;15;1.1102450829868602
15/02/2018;16;1.1350602887894
15/02/2018;17;1.0839152392239202
15/02/2018;18;1.0824143124403498
15/02/2018;19;1.10883503861188
15/02/2018;20;1.18016744318047
15/02/2018;21;1.0707063335481402
15/02/2018;22;1.10757969840264
15/02/2018;23;1.08621704274672
15/02/2018;24;1.14164807699469
15/02/2018;25;1.1188118771825601
15/02/2018;26;1.03368330581583
15/02/2018;27;1.08978068646628
15/02/2018;28;1.12529364997037
15/02/2018;29;1.01572143031636
16/02/2018;11;1.00395348161588
16/02/2018;13;1.05318521973391
16/02/2018;14;1.0
16/02/2018;15;1.13849325041149
16/02/2018;16;1.18342772256887
16/02/2018;17;1.0
16/02/2018;18;1.04001073777902
16/02/2018;19;1.0916575067221201
16/02/2018;20;1.13461849882294
16/02/2018;21;1.06057344542227
16/02/2018;22;1.08500799096573
16/02/2018;23;1.02124809339983
16/02/2018;24;1.1072084285047201
16/02/2018;25;1.11348528978565
16/02/2018;26;1.05919135307729
16/02/2018;27;1.12829767971955
16/02/2018;28;1.16117003987151
16/02/2018;29;1.02349203503598
17/02/2018;11;1.02251088904428
17/02/2018;13;1.0638792353584499
17/02/2018;14;0.962659198461505
17/02/2018;15;1.1150732584274499
17/02/2018;16;1.1432382171908502
17/02/2018;17;1.03267977066906
17/02/2018;18;1.04223736232178
17/02/2018;19;1.08602461189763
17/02/2018;20;1.14979797793617
17/02/2018;21;1.09935247210338
17/02/2018;22;1.06830571927138
17/02/2018;23;1.0278271164778199
17/02/2018;24;1.07383615603113
17/02/2018;25;1.11812908733922
17/02/2018;26;1.1005205239209799
17/02/2018;27;1.11370560477368
17/02/2018;28;1.13702045129839
17/02/2018;29;1.03056623771806
18/02/2018;11;1.08883180695802
18/02/2018;13;1.0374206773449899
18/02/2018;14;0.967230610316177
18/02/2018;15;1.0471495680753
18/02/2018;16;1.06960934826779
18/02/2018;17;1.07509092420587
18/02/2018;18;1.07488464758726
18/02/2018;19;1.04315378813867
18/02/2018;20;1.09835884867334
18/02/2018;21;1.04302190273588
18/02/2018;22;1.0
18/02/2018;23;1.0
18/02/2018;24;0.968977737363184
18/02/2018;25;1.0
18/02/2018;26;1.0
18/02/2018;27;1.06801991046954
18/02/2018;28;1.08771470591705
18/02/2018;29;1.0
19/02/2018;11;1.0
19/02/2018;13;1.0223249647682
19/02/2018;14;1.0
19/02/2018;15;1.02041860262359
19/02/2018;16;1.1214769125746
19/02/2018;17;1.09282282104424
19/02/2018;18;1.09617429197243
19/02/2018;19;1.0556284603355899
19/02/2018;20;1.04379333059243
19/02/2018;21;1.02802033032654
19/02/2018;22;1.0006353347317298
19/02/2018;23;1.0
19/02/2018;24;1.0
19/02/2018;25;0.9819292609528301
19/02/2018;26;0.9586631570796491
19/02/2018;27;1.0
19/02/2018;28;1.0
19/02/2018;29;0.9677250653600541
20/02/2018;11;0.974982977941458
20/02/2018;13;1.02115003149359
20/02/2018;14;1.01468899018887
20/02/2018;15;1.06811027838527
20/02/2018;16;1.16251400703074
20/02/2018;17;1.12550903513665
20/02/2018;18;1.16136820199925
20/02/2018;19;1.06549356838563
20/02/2018;20;1.11301591681456
20/02/2018;21;1.05941343728161
20/02/2018;22;1.0
20/02/2018;23;1.04408764911944
20/02/2018;24;1.05555053584091
20/02/2018;25;1.0
20/02/2018;26;0.9813267773088901
20/02/2018;27;1.00676588484942
20/02/2018;28;1.00391756771201
20/02/2018;29;0.966785013340185
21/02/2018;11;0.9401255394246151
21/02/2018;13;1.02914831262391
21/02/2018;14;1.01387635647378
21/02/2018;15;1.0720785788679799
21/02/2018;16;1.11742063750274
21/02/2018;17;1.12025073915803
21/02/2018;18;1.1720047283793602
21/02/2018;19;1.06937071212374
21/02/2018;20;1.15623956493903
21/02/2018;21;1.0875610401510698
21/02/2018;22;0.9907899332439649
21/02/2018;23;1.0838932869536702
21/02/2018;24;1.1298164976668301
21/02/2018;25;1.03952002008148
21/02/2018;26;1.0
21/02/2018;27;1.05670450266187
21/02/2018;28;1.05035712581994
21/02/2018;29;0.976552549719835
22/02/2018;11;0.928046159737087
22/02/2018;13;1.01799836016379
22/02/2018;14;1.01324241229606
22/02/2018;15;1.05203402727686
22/02/2018;16;1.07453322601668
22/02/2018;17;1.08587785532125
22/02/2018;18;1.1300310992803202
22/02/2018;19;1.08067250807532
22/02/2018;20;1.15522974338053
22/02/2018;21;1.10705558861702
22/02/2018;22;1.02548345768077
22/02/2018;23;1.10013052761982
22/02/2018;24;1.18027258465233
22/02/2018;25;1.09957366035443
22/02/2018;26;1.0393072444365998
22/02/2018;27;1.1556755165461898
22/02/2018;28;1.09953170443344
22/02/2018;29;0.9780244810542009
23/02/2018;11;1.06909693848796
23/02/2018;13;1.0132430274814899
23/02/2018;14;1.0202465142441501
23/02/2018;15;1.08024020605959
23/02/2018;16;1.11217017186929
23/02/2018;17;1.0912543944264201
23/02/2018;18;1.20173789928386
23/02/2018;19;1.0945357027351899
23/02/2018;20;1.1819634699967398
23/02/2018;21;1.11424984716493
23/02/2018;22;1.11947048806756
23/02/2018;23;1.1082981391454199
23/02/2018;24;1.2042133246325
23/02/2018;25;1.10386629646979
23/02/2018;26;1.05381943631837
23/02/2018;27;1.1539707384898001
23/02/2018;28;1.1246739294789099
23/02/2018;29;1.0
24/02/2018;11;1.23033065039723
24/02/2018;13;1.07995662749847
24/02/2018;14;1.0
24/02/2018;15;1.10490531463358
24/02/2018;16;1.1781876425461297
24/02/2018;17;1.10110382928395
24/02/2018;18;1.35524122084025
24/02/2018;19;1.1013165641732299
24/02/2018;20;1.22272853015116
24/02/2018;21;1.06174820832535
24/02/2018;22;1.11193821265155
24/02/2018;23;1.0995564543476202
24/02/2018;24;1.1140308420253
24/02/2018;25;1.0
24/02/2018;26;0.9595972498424721
24/02/2018;27;1.0
24/02/2018;28;1.0
24/02/2018;29;1.0
25/02/2018;11;1.22469960817929
25/02/2018;13;1.06346712861108
25/02/2018;14;0.9147819012795941
25/02/2018;15;0.992326655550771
25/02/2018;16;1.1342506846298899
25/02/2018;17;1.11617113703474
25/02/2018;18;1.2772220787467
25/02/2018;19;1.0
25/02/2018;20;1.13033985484729
25/02/2018;21;0.9589680184675141
25/02/2018;22;1.0
25/02/2018;23;1.0
25/02/2018;24;0.9662498536194979
25/02/2018;25;0.9448257693661078
25/02/2018;26;0.8645561577988841
25/02/2018;27;1.0
25/02/2018;28;1.0
25/02/2018;29;0.969702364624574
26/02/2018;11;1.46633452772381
26/02/2018;13;1.17899882234783
26/02/2018;14;1.16804209486587
26/02/2018;15;1.17654351117226
26/02/2018;16;1.42356244018711
26/02/2018;17;1.36247980310891
26/02/2018;18;1.53254491202429
26/02/2018;19;1.1306937257287701
26/02/2018;20;1.1711468995451397
26/02/2018;21;1.03827937724744
26/02/2018;22;1.1683859346891001
26/02/2018;23;1.00002812176556
26/02/2018;24;1.04449774048893
26/02/2018;25;1.0890216790988299
26/02/2018;26;1.03365043811263
26/02/2018;27;1.0768403414358
26/02/2018;28;1.0823213919980401
26/02/2018;29;0.9548956642286609
27/02/2018;11;1.6786538044262498
27/02/2018;13;1.34705709732185
27/02/2018;14;1.47652144401257
27/02/2018;15;1.41491109025334
27/02/2018;16;1.6644185761403798
27/02/2018;17;1.5281919027318098
27/02/2018;18;1.80318940250888
27/02/2018;19;1.3721384883339598
27/02/2018;20;1.50759300840859
27/02/2018;21;1.29422225661041
27/02/2018;22;1.3793379778763601
27/02/2018;23;1.22972243234098
27/02/2018;24;1.2071013933011698
27/02/2018;25;1.2414939461063101
27/02/2018;26;1.2478269812889298
27/02/2018;27;1.24540246136761
27/02/2018;28;1.16273990697554
27/02/2018;29;1.0068718815631401
28/02/2018;11;1.7093601116288302
28/02/2018;13;1.39269405293511
28/02/2018;14;1.4938719036975
28/02/2018;15;1.4621530191022
28/02/2018;16;1.6308173298471698
28/02/2018;17;1.45825630178756
28/02/2018;18;1.8249072371229398
28/02/2018;19;1.3447053572715801
28/02/2018;20;1.55254522760275
28/02/2018;21;1.35995265065234
28/02/2018;22;1.38336449019276
28/02/2018;23;1.30866998722912
28/02/2018;24;1.3665077879906002
28/02/2018;25;1.3403995430988
28/02/2018;26;1.4863745553243601
28/02/2018;27;1.30061706442509
28/02/2018;28;1.1964932619904098
28/02/2018;29;1.03533692421471
01/03/2018;11;1.79303235180816
01/03/2018;13;1.49820484352076
01/03/2018;14;1.50098678159211
01/03/2018;15;1.59594961603394
01/03/2018;16;1.6875530434261101
01/03/2018;17;1.5960676291465903
01/03/2018;18;1.93047925445479
01/03/2018;19;1.40796789520805
01/03/2018;20;1.5460100173903102
01/03/2018;21;1.4705847967529602
01/03/2018;22;1.29397917513564
01/03/2018;23;1.4050756320016997
01/03/2018;24;1.5525133614071798
01/03/2018;25;1.3515193912576398
01/03/2018;26;1.50900768028453
01/03/2018;27;1.36532520061697
01/03/2018;28;1.1647775487268701
01/03/2018;29;1.0
02/03/2018;11;1.7811878183736398
02/03/2018;13;1.53775315272425
02/03/2018;14;1.3636775658538898
02/03/2018;15;1.5611272501618
02/03/2018;16;1.51071832445879
02/03/2018;17;1.5517963479659098
02/03/2018;18;1.85410701491622
02/03/2018;19;1.32266840127806
02/03/2018;20;1.3410822617309799
02/03/2018;21;1.4231373142769599
02/03/2018;22;1.0
02/03/2018;23;1.25892701037086
02/03/2018;24;1.0
02/03/2018;25;0.9948320666709709
02/03/2018;26;1.0
02/03/2018;27;1.0
02/03/2018;28;0.9818850238342829
02/03/2018;29;0.90110302066158
03/03/2018;11;1.55439934883982
03/03/2018;13;1.4692124173796999
03/03/2018;14;1.19863599900381
03/03/2018;15;1.42939382144553
03/03/2018;16;1.3244718607017
03/03/2018;17;1.3789149405648402
03/03/2018;18;1.70208518934894
03/03/2018;19;1.1753786168347
03/03/2018;20;1.1243592304163899
03/03/2018;21;1.35455278154582
03/03/2018;22;0.940751751394837
03/03/2018;23;1.0590972038584598
03/03/2018;24;1.0
03/03/2018;25;0.839530463753538
03/03/2018;26;0.8252031297862921
03/03/2018;27;1.0
03/03/2018;28;0.8094167647258471
03/03/2018;29;0.820411510682995
04/03/2018;11;1.4381957157393899
04/03/2018;13;1.3285335483695602
04/03/2018;14;1.0
04/03/2018;15;1.31051406861475
04/03/2018;16;1.1773524361905
04/03/2018;17;1.1800594177686798
04/03/2018;18;1.6044587750433001
04/03/2018;19;1.07183952427099
04/03/2018;20;1.07656328488028
04/03/2018;21;1.19755971556643
04/03/2018;22;0.952781778648244
04/03/2018;23;1.01154177406427
04/03/2018;24;1.03803045171486
04/03/2018;25;0.9622114722906899
04/03/2018;26;0.9048265157057621
04/03/2018;27;1.0
04/03/2018;28;0.8451101283415421
04/03/2018;29;0.834439926150735
05/03/2018;11;1.2301481515656398
05/03/2018;13;1.1708890671314198
05/03/2018;14;0.988068143012094
05/03/2018;15;1.2019805061760902
05/03/2018;16;1.14697640579449
05/03/2018;17;1.14008279458521
05/03/2018;18;1.50222753449045
05/03/2018;19;1.02406901763842
05/03/2018;20;1.0433477733466099
05/03/2018;21;1.11323613821339
05/03/2018;22;0.9880260451401329
05/03/2018;23;1.0
05/03/2018;24;0.9835849250663559
05/03/2018;25;0.940231543756865
05/03/2018;26;0.910994349431558
05/03/2018;27;0.9694235383917071
05/03/2018;28;0.9056272320246391
05/03/2018;29;0.8601720739626558
06/03/2018;11;1.0
06/03/2018;13;1.0
06/03/2018;14;1.02208242954105
06/03/2018;15;1.1047910895231499
06/03/2018;16;1.2252066520051101
06/03/2018;17;1.08272864898428
06/03/2018;18;1.28038599489821
06/03/2018;19;0.9940619055446122
06/03/2018;20;1.06259750445305
06/03/2018;21;1.14041847875847
06/03/2018;22;0.9823355498764621
06/03/2018;23;1.00140417620907
06/03/2018;24;0.879002754033084
06/03/2018;25;0.9275089776739691
06/03/2018;26;0.8784164534278069
06/03/2018;27;0.922149595219593
06/03/2018;28;0.931254358859646
06/03/2018;29;0.865122564614484
07/03/2018;11;0.8916182661144879
07/03/2018;13;1.00127998698335
07/03/2018;14;1.05444754404254
07/03/2018;15;1.0
07/03/2018;16;1.14778771692878
07/03/2018;17;0.967441506324396
07/03/2018;18;0.998450001481025
07/03/2018;19;0.950006639044568
07/03/2018;20;1.0
07/03/2018;21;0.96307040016681
07/03/2018;22;0.937223957193795
07/03/2018;23;0.9515303746326321
07/03/2018;24;0.7929469119799829
07/03/2018;25;0.913710454552124
07/03/2018;26;0.825836338430908
07/03/2018;27;0.871645115001541
07/03/2018;28;0.8940630990043309
07/03/2018;29;0.867358774199211
08/03/2018;11;0.8484048482352979
08/03/2018;13;0.9461521442644659
08/03/2018;14;1.06134546936369
08/03/2018;15;0.9930983821441591
08/03/2018;16;0.979217426895096
08/03/2018;17;0.95094105537415
08/03/2018;18;0.816640156845707
08/03/2018;19;0.9027867803673041
08/03/2018;20;0.990019277927953
08/03/2018;21;0.8647982352679929
08/03/2018;22;0.9354865161557591
08/03/2018;23;0.8869293255023859
08/03/2018;24;0.7656683592186301
08/03/2018;25;0.903460248684551
08/03/2018;26;0.85279832283177
08/03/2018;27;0.881732987633348
08/03/2018;28;0.8749031890839541
08/03/2018;29;0.8871113814136361
09/03/2018;11;0.8748670880055579
09/03/2018;13;0.9083987297256949
09/03/2018;14;1.0420558842125
09/03/2018;15;1.01959510794316
09/03/2018;16;0.945202335400673
09/03/2018;17;0.966329249110302
09/03/2018;18;0.779950954280898
09/03/2018;19;0.8904603642308259
09/03/2018;20;1.0
09/03/2018;21;0.885267690010822
09/03/2018;22;0.9765415470275151
09/03/2018;23;0.912864268987579
09/03/2018;24;0.7922657850203321
09/03/2018;25;0.9425152450859241
09/03/2018;26;0.899985115606443
09/03/2018;27;0.9212762824959398
09/03/2018;28;0.912902064302078
09/03/2018;29;0.889622477866693
10/03/2018;11;0.8514121801163911
10/03/2018;13;0.889993850742924
10/03/2018;14;1.01711131638193
10/03/2018;15;0.9602107445928749
10/03/2018;16;0.947799806203302
10/03/2018;17;0.972437965390432
10/03/2018;18;0.7800141042126079
10/03/2018;19;0.92476289956709
10/03/2018;20;1.02474386435905
10/03/2018;21;0.844984041135025
10/03/2018;22;0.945682240643282
10/03/2018;23;0.903439173420057
10/03/2018;24;0.773653061954762
10/03/2018;25;0.9233359973177571
10/03/2018;26;0.8901696820959342
10/03/2018;27;0.9187086524799051
10/03/2018;28;0.882590861199256
10/03/2018;29;0.871352604035648
11/03/2018;11;1.0
11/03/2018;13;0.9321653096363349
11/03/2018;14;1.01456118093968
11/03/2018;15;0.8805999376845831
11/03/2018;16;0.912053149996885
11/03/2018;17;0.978160424490468
11/03/2018;18;0.829796870879935
11/03/2018;19;0.9393077529798042
11/03/2018;20;0.954484520506025
11/03/2018;21;0.826572076728441
11/03/2018;22;0.8277531428176039
11/03/2018;23;0.8913902318459029
11/03/2018;24;0.6873425641507271
11/03/2018;25;0.8156622115177921
11/03/2018;26;0.847351724573773
11/03/2018;27;0.782444690175256
11/03/2018;28;0.689050687220727
11/03/2018;29;0.767927989068695
12/03/2018;11;1.0
12/03/2018;13;0.9650185509917221
12/03/2018;14;1.06460565957779
12/03/2018;15;0.853574095961126
12/03/2018;16;0.878427057622164
12/03/2018;17;0.954179044410415
12/03/2018;18;0.8502068191358879
12/03/2018;19;0.8784325659973101
12/03/2018;20;0.8965674857939442
12/03/2018;21;0.808033420997007
12/03/2018;22;0.7810277393664681
12/03/2018;23;0.839524732693713
12/03/2018;24;0.7190651330141391
12/03/2018;25;0.8029018447354169
12/03/2018;26;0.771090404579391
12/03/2018;27;0.752467775394632
12/03/2018;28;0.7696997288455171
12/03/2018;29;0.784656027425362
13/03/2018;11;0.8653244900463991
13/03/2018;13;0.90823784461282
13/03/2018;14;1.0
13/03/2018;15;0.84429941711713
13/03/2018;16;0.899507838133053
13/03/2018;17;0.928273089042672
13/03/2018;18;0.830195816758018
13/03/2018;19;0.8768386486710459
13/03/2018;20;0.9422495414167121
13/03/2018;21;0.735229558710354
13/03/2018;22;0.837642834319268
13/03/2018;23;0.8297418374281921
13/03/2018;24;0.773588832935302
13/03/2018;25;0.883325967344573
13/03/2018;26;0.7722544808825551
13/03/2018;27;0.823930943057242
13/03/2018;28;0.8337717695959092
13/03/2018;29;0.836770735103775
14/03/2018;11;0.8203352218950359
14/03/2018;13;0.894086766638375
14/03/2018;14;1.02998917771726
14/03/2018;15;0.837863556308506
14/03/2018;16;0.96076297005988
14/03/2018;17;0.945073055783562
14/03/2018;18;0.8501086545292729
14/03/2018;19;0.863889356514971
14/03/2018;20;1.0
14/03/2018;21;0.766834888611047
14/03/2018;22;0.8943047568745629
14/03/2018;23;0.8608219045692069
14/03/2018;24;0.87450306286451
14/03/2018;25;0.9151946613392601
14/03/2018;26;0.8527212066071591
14/03/2018;27;0.9120628882664491
14/03/2018;28;0.907079222751455
14/03/2018;29;0.88402293446841
15/03/2018;11;1.00733800066655
15/03/2018;13;1.0006333451041
15/03/2018;14;1.08242470949436
15/03/2018;15;0.8842428209521399
15/03/2018;16;0.9547608217726659
15/03/2018;17;0.964025995461944
15/03/2018;18;1.0
15/03/2018;19;1.0
15/03/2018;20;1.04334562542292
15/03/2018;21;0.8079343380957601
15/03/2018;22;1.0
15/03/2018;23;0.8807325976008871
15/03/2018;24;0.9651125597467031
15/03/2018;25;0.969954689355139
15/03/2018;26;0.9093453940897271
15/03/2018;27;0.9744025769914979
15/03/2018;28;0.978843934735802
15/03/2018;29;0.920435103721016
16/03/2018;11;1.0
16/03/2018;13;1.0
16/03/2018;14;1.06398318148883
16/03/2018;15;0.878504368133629
16/03/2018;16;0.9398454327175642
16/03/2018;17;1.0
16/03/2018;18;0.926542325999749
16/03/2018;19;1.0
16/03/2018;20;1.0
16/03/2018;21;0.8004022703099071
16/03/2018;22;0.924526727822333
16/03/2018;23;0.82249675658644
16/03/2018;24;0.8804939476514692
16/03/2018;25;0.8944020252367609
16/03/2018;26;0.8777524510422559
16/03/2018;27;0.8993027438742371
16/03/2018;28;0.821174673335174
16/03/2018;29;0.822457461206898
17/03/2018;11;1.0383739929462201
17/03/2018;13;1.0
17/03/2018;14;1.04262035243357
17/03/2018;15;0.861172207577396
17/03/2018;16;0.9714155356726991
17/03/2018;17;1.01734011469668
17/03/2018;18;0.8509086881290271
17/03/2018;19;0.904988238407149
17/03/2018;20;0.92749576306686
17/03/2018;21;0.7555085753634709
17/03/2018;22;0.8059106335002171
17/03/2018;23;0.803061077058855
17/03/2018;24;0.7847568783394979
17/03/2018;25;0.754892825710678
17/03/2018;26;0.8172494241012069
17/03/2018;27;0.807672632036267
17/03/2018;28;0.676288246649475
17/03/2018;29;0.7298331758720601
18/03/2018;11;1.2685095646053202
18/03/2018;13;1.17397677170088
18/03/2018;14;1.12378542197173
18/03/2018;15;1.02055847967318
18/03/2018;16;1.08401582137248
18/03/2018;17;1.13589056175704
18/03/2018;18;1.0995476032111
18/03/2018;19;1.0
18/03/2018;20;1.04699339150098
18/03/2018;21;1.0
18/03/2018;22;1.0
18/03/2018;23;0.914835506634391
18/03/2018;24;1.00757337937458
18/03/2018;25;1.0
18/03/2018;26;0.8806159676922479
18/03/2018;27;1.0
18/03/2018;28;0.8202841012595551
18/03/2018;29;0.847640815877853
19/03/2018;11;1.46557537119124
19/03/2018;13;1.5200709811464301
19/03/2018;14;1.23007737217304
19/03/2018;15;1.34235301058809
19/03/2018;16;1.3646208296198898
19/03/2018;17;1.2601589506308999
19/03/2018;18;1.6011334197848301
19/03/2018;19;1.21093601420994
19/03/2018;20;1.20920295138997
19/03/2018;21;1.1204440322470601
19/03/2018;22;1.0785377269792
19/03/2018;23;0.985038534173618
19/03/2018;24;1.20581120025812
19/03/2018;25;1.1201849138406101
19/03/2018;26;0.961294348455538
19/03/2018;27;1.1221205700064198
19/03/2018;28;1.0
19/03/2018;29;0.9584343060645871
20/03/2018;11;1.4195171434350702
20/03/2018;13;1.5066858429355001
20/03/2018;14;1.28692335332298
20/03/2018;15;1.42443242949989
20/03/2018;16;1.51451504027201
20/03/2018;17;1.28150045195997
20/03/2018;18;1.58571965665267
20/03/2018;19;1.2593947635256102
20/03/2018;20;1.23816097094451
20/03/2018;21;1.1809315372325702
20/03/2018;22;1.1178614381141498
20/03/2018;23;1.03513982457802
20/03/2018;24;1.21381365685169
20/03/2018;25;1.11895524403193
20/03/2018;26;0.951587839790235
20/03/2018;27;1.1189249047668102
20/03/2018;28;1.03031716573399
20/03/2018;29;0.9655688876208441
21/03/2018;11;1.45757069906797
21/03/2018;13;1.37490584559543
21/03/2018;14;1.36556571957644
21/03/2018;15;1.3431711499819698
21/03/2018;16;1.41436890631953
21/03/2018;17;1.33050367305292
21/03/2018;18;1.41397094727378
21/03/2018;19;1.20582709774645
21/03/2018;20;1.26418323624854
21/03/2018;21;1.26395659928251
21/03/2018;22;1.13623677974248
21/03/2018;23;1.16767785122018
21/03/2018;24;1.3127116344476002
21/03/2018;25;1.1431925148951
21/03/2018;26;0.953670156540249
21/03/2018;27;1.17811148741597
21/03/2018;28;1.0067842375862799
21/03/2018;29;0.981354499767979
22/03/2018;11;1.4439116109610801
22/03/2018;13;1.41392760939448
22/03/2018;14;1.4301288708118898
22/03/2018;15;1.41154741468229
22/03/2018;16;1.42176417019573
22/03/2018;17;1.3589689792878703
22/03/2018;18;1.51107126179081
22/03/2018;19;1.28177252433397
22/03/2018;20;1.35940685775926
22/03/2018;21;1.29566310819218
22/03/2018;22;1.1579994644032099
22/03/2018;23;1.24317724646785
22/03/2018;24;1.47197264743271
22/03/2018;25;1.24694904127839
22/03/2018;26;1.07154621643914
22/03/2018;27;1.33267491665726
22/03/2018;28;1.0653607045526
22/03/2018;29;1.0
23/03/2018;11;1.26664046121681
23/03/2018;13;1.4295344032897401
23/03/2018;14;1.3343458052730301
23/03/2018;15;1.43035730906482
23/03/2018;16;1.4510851427335398
23/03/2018;17;1.309115798519
23/03/2018;18;1.59424121072072
23/03/2018;19;1.2841605353866998
23/03/2018;20;1.39106317407703
23/03/2018;21;1.26929264244082
23/03/2018;22;1.23643486019774
23/03/2018;23;1.2123675724250702
23/03/2018;24;1.55165267091609
23/03/2018;25;1.3718273959948302
23/03/2018;26;1.3204665289283
23/03/2018;27;1.4660295420896599
23/03/2018;28;1.23339735337992
23/03/2018;29;1.0131420013466
24/03/2018;11;1.31634376785803
24/03/2018;13;1.4065414266971001
24/03/2018;14;1.37390809888423
24/03/2018;15;1.33076365704774
24/03/2018;16;1.3422250968873501
24/03/2018;17;1.2452517469751399
24/03/2018;18;1.4775342573204397
24/03/2018;19;1.2568967630409
24/03/2018;20;1.4569185824755502
24/03/2018;21;1.32889758048203
24/03/2018;22;1.3144380793203998
24/03/2018;23;1.21924206578028
24/03/2018;24;1.59576221690615
24/03/2018;25;1.3801470111594
24/03/2018;26;1.44445538050908
24/03/2018;27;1.46711248569042
24/03/2018;28;1.30503077772581
24/03/2018;29;1.05691427044817
25/03/2018;11;1.23487217121156
25/03/2018;13;1.26584098925788
25/03/2018;14;1.31813438296417
25/03/2018;15;1.2202921916578502
25/03/2018;16;1.2095846464009699
25/03/2018;17;1.20391826788712
25/03/2018;18;1.4157819749553897
25/03/2018;19;1.24816334572108
25/03/2018;20;1.40115276165705
25/03/2018;21;1.3298024277354
25/03/2018;22;1.20035053181205
25/03/2018;23;1.14998995931869
25/03/2018;24;1.54892604764629
25/03/2018;25;1.2997095536969299
25/03/2018;26;1.3362983234036399
25/03/2018;27;1.41446357237778
25/03/2018;28;1.28871065137196
25/03/2018;29;1.07764108942197
26/03/2018;11;1.06249886560702
26/03/2018;13;1.1691883801139098
26/03/2018;14;1.1627505131054299
26/03/2018;15;1.15604030929971
26/03/2018;16;1.12872374927225
26/03/2018;17;1.1292540785971001
26/03/2018;18;1.3151647561138797
26/03/2018;19;1.12404410486895
26/03/2018;20;1.2629453007976599
26/03/2018;21;1.1822158595689698
26/03/2018;22;1.07833026270084
26/03/2018;23;1.0967888502768102
26/03/2018;24;1.3535237423479198
26/03/2018;25;1.1702553077187001
26/03/2018;26;1.2014576740729601
26/03/2018;27;1.3241854738618
26/03/2018;28;1.1471192795515701
26/03/2018;29;1.05587209313509
27/03/2018;11;0.962026869035203
27/03/2018;13;1.1042075144124899
27/03/2018;14;1.16411973149257
27/03/2018;15;1.0
27/03/2018;16;1.09161544178846
27/03/2018;17;1.08953228249836
27/03/2018;18;1.0
27/03/2018;19;1.01655124276031
27/03/2018;20;1.1645059732100702
27/03/2018;21;1.13680008153436
27/03/2018;22;1.0998469313435701
27/03/2018;23;1.05759829130071
27/03/2018;24;1.1900345043274099
27/03/2018;25;1.10566112894884
27/03/2018;26;1.08291277833088
27/03/2018;27;1.24347463290632
27/03/2018;28;1.0809691185599
27/03/2018;29;1.02068960348717
28/03/2018;11;1.0181578314350601
28/03/2018;13;1.09468811210363
28/03/2018;14;1.2222314147928799
28/03/2018;15;1.04655863845984
28/03/2018;16;1.10050528725992
28/03/2018;17;1.08387939281979
28/03/2018;18;1.02870035129473
28/03/2018;19;1.03440692157565
28/03/2018;20;1.1361133631136102
28/03/2018;21;1.1067101673555
28/03/2018;22;1.05443745648822
28/03/2018;23;1.0
28/03/2018;24;1.0755008441181801
28/03/2018;25;1.12088459310202
28/03/2018;26;1.12451454323774
28/03/2018;27;1.194223444171
28/03/2018;28;1.13880321561149
28/03/2018;29;1.04982226279789
29/03/2018;11;1.0
29/03/2018;13;1.09178321910483
29/03/2018;14;1.1618900045071001
29/03/2018;15;1.09451916545768
29/03/2018;16;1.1276199849822501
29/03/2018;17;1.0
29/03/2018;18;1.0
29/03/2018;19;0.9989758859550409
29/03/2018;20;1.0883025084918199
29/03/2018;21;1.0
29/03/2018;22;0.9806819284966328
29/03/2018;23;0.9635680973620121
29/03/2018;24;1.01932446676284
29/03/2018;25;1.08540353377961
29/03/2018;26;1.0850411411919
29/03/2018;27;1.1340399534218502
29/03/2018;28;1.06949878151407
29/03/2018;29;1.0
30/03/2018;11;1.16584499354483
30/03/2018;13;1.03889155773366
30/03/2018;14;1.1843810665049
30/03/2018;15;1.0
30/03/2018;16;1.0
30/03/2018;17;1.0
30/03/2018;18;0.8936093167539251
30/03/2018;19;0.876022470408184
30/03/2018;20;1.03243803071317
30/03/2018;21;0.9567188089965899
30/03/2018;22;0.9278441281817881
30/03/2018;23;0.896045473177865
30/03/2018;24;1.0
30/03/2018;25;0.9496234228723709
30/03/2018;26;1.0
30/03/2018;27;1.06556100427971
30/03/2018;28;0.8762226955179009
30/03/2018;29;0.8730780743986151
31/03/2018;11;1.4449984994081202
31/03/2018;13;1.14357542896172
31/03/2018;14;1.39855528782832
31/03/2018;15;1.01230272097561
31/03/2018;16;0.964928389796666
31/03/2018;17;1.09639616684645
31/03/2018;18;1.00083192014588
31/03/2018;19;1.0
31/03/2018;20;1.05333727276151
31/03/2018;21;0.985295822044016
31/03/2018;22;0.958394137682642
31/03/2018;23;0.9315313053684742
31/03/2018;24;0.956396631399257
31/03/2018;25;0.873006508350272
31/03/2018;26;0.9545155534640971
31/03/2018;27;1.0
31/03/2018;28;0.78732727295221
31/03/2018;29;0.776863370175533
01/04/2018;11;1.36771037773226
01/04/2018;13;1.3000017505061698
01/04/2018;14;1.87433136917597
01/04/2018;15;1.05205026696975
01/04/2018;16;1.11020320920411
01/04/2018;17;1.21323096155724
01/04/2018;18;1.15625936102194
01/04/2018;19;1.1580911428384701
01/04/2018;20;1.2875783172091102
01/04/2018;21;1.05680057429078
01/04/2018;22;1.09441865602809
01/04/2018;23;1.03540981907407
01/04/2018;24;1.2924810150036399
01/04/2018;25;1.0002327942504001
01/04/2018;26;1.0
01/04/2018;27;1.41561934354627
01/04/2018;28;1.0
01/04/2018;29;0.809381502666803
02/04/2018;11;1.10267998043955
02/04/2018;13;1.24040542465204
02/04/2018;14;1.61567463727217
02/04/2018;15;1.14085358100754
02/04/2018;16;1.24293278297191
02/04/2018;17;1.19871597027978
02/04/2018;18;1.0
02/04/2018;19;1.2386030354780901
02/04/2018;20;1.3109943839162699
02/04/2018;21;1.0
02/04/2018;22;1.2882697206328702
02/04/2018;23;1.0
02/04/2018;24;1.31506918016991
02/04/2018;25;1.31185881362558
02/04/2018;26;1.07927635375248
02/04/2018;27;1.44354848667731
02/04/2018;28;1.26238558376189
02/04/2018;29;1.0
03/04/2018;11;1.2341495603526398
03/04/2018;13;1.3301410629102801
03/04/2018;14;1.6054493337277702
03/04/2018;15;1.1293199451958602
03/04/2018;16;1.142233318677
03/04/2018;17;1.22855061025239
03/04/2018;18;0.952262392121311
03/04/2018;19;1.0
03/04/2018;20;1.23809849342378
03/04/2018;21;1.0
03/04/2018;22;1.0
03/04/2018;23;0.9467975851912149
03/04/2018;24;1.0
03/04/2018;25;1.0
03/04/2018;26;1.0
03/04/2018;27;1.16740771324295
03/04/2018;28;1.2172937368272099
03/04/2018;29;1.02898602799355
04/04/2018;11;1.3413881849797
04/04/2018;13;1.3933639157315298
04/04/2018;14;1.6737485365832099
04/04/2018;15;1.14757268261494
04/04/2018;16;1.0997353853391498
04/04/2018;17;1.27216105608959
04/04/2018;18;0.9398009531604491
04/04/2018;19;1.03272004929373
04/04/2018;20;1.14203151022752
04/04/2018;21;0.97756034879362
04/04/2018;22;0.9568692926363309
04/04/2018;23;0.9251475732782359
04/04/2018;24;0.8799565085175141
04/04/2018;25;0.8979391086395709
04/04/2018;26;0.858794544028455
04/04/2018;27;1.0378141748824001
04/04/2018;28;1.0
04/04/2018;29;0.956173308075258
05/04/2018;11;1.18874578508705
05/04/2018;13;1.0
05/04/2018;14;1.40345872132345
05/04/2018;15;1.0
05/04/2018;16;1.0
05/04/2018;17;1.23330564030645
05/04/2018;18;0.953985892223042
05/04/2018;19;1.0
05/04/2018;20;1.16366032572139
05/04/2018;21;0.9111245910599058
05/04/2018;22;0.90064400378811
05/04/2018;23;0.9058436979352421
05/04/2018;24;0.8155478890620591
05/04/2018;25;0.782696935078655
05/04/2018;26;0.914693120165383
05/04/2018;27;0.9966225588250729
05/04/2018;28;0.948686923643572
05/04/2018;29;0.888201025921819
06/04/2018;11;0.9708138601023599
06/04/2018;13;0.9131362972352429
06/04/2018;14;1.25846218169749
06/04/2018;15;0.917595997247053
06/04/2018;16;0.954924496997789
06/04/2018;17;1.07082817251708
06/04/2018;18;0.9582441173533471
06/04/2018;19;0.853042097908908
06/04/2018;20;1.08527789368113
06/04/2018;21;0.837811310340718
06/04/2018;22;0.779891852747491
06/04/2018;23;0.798912068751425
06/04/2018;24;0.795892519330463
06/04/2018;25;0.7328073018190742
06/04/2018;26;0.9389234379488071
06/04/2018;27;1.0457421846735
06/04/2018;28;1.02878961063432
06/04/2018;29;0.8969789675478421
07/04/2018;11;0.881430059195527
07/04/2018;13;0.919231977062168
07/04/2018;14;1.22493051925221
07/04/2018;15;0.9045966643272499
07/04/2018;16;0.8900444805491721
07/04/2018;17;0.8532693296782871
07/04/2018;18;0.9212355621425079
07/04/2018;19;0.7193427064670742
07/04/2018;20;1.04347071638819
07/04/2018;21;1.0
07/04/2018;22;0.76158315038077
07/04/2018;23;0.9134401013225849
07/04/2018;24;0.81954872216049
07/04/2018;25;0.6545269674700649
07/04/2018;26;0.9640466652005809
07/04/2018;27;1.0
07/04/2018;28;1.0
07/04/2018;29;0.793891152503888
08/04/2018;11;0.848932542458016
08/04/2018;13;0.796305072769513
08/04/2018;14;0.997693803703635
08/04/2018;15;0.932056864272563
08/04/2018;16;0.8817867447701941
08/04/2018;17;0.621744935210598
08/04/2018;18;0.9367518579769459
08/04/2018;19;0.55513169659451
08/04/2018;20;0.9790149997792441
08/04/2018;21;0.987780228471621
08/04/2018;22;0.6671468152454829
08/04/2018;23;0.9572171522989109
08/04/2018;24;0.8147143502607759
08/04/2018;25;0.6301093860154859
08/04/2018;26;0.9333539800742191
08/04/2018;27;0.8882563933018341
08/04/2018;28;0.7223161886606351
08/04/2018;29;0.7681294611779641
09/04/2018;11;1.15641270419426
09/04/2018;13;1.0
09/04/2018;14;1.03708796748532
09/04/2018;15;0.823235696916396
09/04/2018;16;0.824768783526718
09/04/2018;17;1.0
09/04/2018;18;1.047563199588
09/04/2018;19;1.0
09/04/2018;20;1.0441013872268299
09/04/2018;21;0.9717553673379971
09/04/2018;22;1.0
09/04/2018;23;0.911501546497103
09/04/2018;24;0.8511483815283329
09/04/2018;25;0.744630089033367
09/04/2018;26;0.8700678147112919
09/04/2018;27;0.867832640443415
09/04/2018;28;0.8417125783388031
09/04/2018;29;0.763949077138405
10/04/2018;11;1.47238198679002
10/04/2018;13;1.27182812993143
10/04/2018;14;1.2471052027264098
10/04/2018;15;0.7359253396830171
10/04/2018;16;0.789442276260068
10/04/2018;17;1.17647756284992
10/04/2018;18;1.1195977217631699
10/04/2018;19;1.0
10/04/2018;20;1.20694118756406
10/04/2018;21;0.91254295839918
10/04/2018;22;0.9819574626471941
10/04/2018;23;0.8514518092186809
10/04/2018;24;0.91250754035806
10/04/2018;25;1.0
10/04/2018;26;0.8427860506682929
10/04/2018;27;0.9363045069012711
10/04/2018;28;1.0
10/04/2018;29;0.85096362722599
11/04/2018;11;1.4960624822716102
11/04/2018;13;1.51746593123271
11/04/2018;14;1.5760113495011498
11/04/2018;15;0.8346050511053829
11/04/2018;16;0.857608653926704
11/04/2018;17;1.33341327166456
11/04/2018;18;1.18204939673292
11/04/2018;19;1.05819196206904
11/04/2018;20;1.1598247598286202
11/04/2018;21;0.865349905473513
11/04/2018;22;0.8255855265133579
11/04/2018;23;0.90985179396404
11/04/2018;24;0.902201469180767
11/04/2018;25;0.916097123228114
11/04/2018;26;0.8357653154102941
11/04/2018;27;0.9314740950142321
11/04/2018;28;0.8845040735252979
11/04/2018;29;0.7854908376378299
12/04/2018;11;1.6348171131109699
12/04/2018;13;1.49789131633423
12/04/2018;14;1.80257673293589
12/04/2018;15;1.0
12/04/2018;16;1.0
12/04/2018;17;1.31956710073319
12/04/2018;18;1.0
12/04/2018;19;1.0
12/04/2018;20;1.13542640896526
12/04/2018;21;0.9264444807199709
12/04/2018;22;0.754788046259782
12/04/2018;23;0.9124559352290441
12/04/2018;24;0.8200076246639649
12/04/2018;25;0.800895458536357
12/04/2018;26;0.801903798740578
12/04/2018;27;0.7870633496562429
12/04/2018;28;0.64672290213753
12/04/2018;29;0.6631316089275451
13/04/2018;11;1.7254573813055603
13/04/2018;13;1.53600976198381
13/04/2018;14;1.90320016654459
13/04/2018;15;0.992696010010778
13/04/2018;16;1.0
13/04/2018;17;1.24681119988529
13/04/2018;18;1.0
13/04/2018;19;1.0
13/04/2018;20;1.14311961148559
13/04/2018;21;0.8876517766773491
13/04/2018;22;0.8217782844723851
13/04/2018;23;0.911817875620951
13/04/2018;24;0.7932403037384871
13/04/2018;25;0.824197512815462
13/04/2018;26;0.8066642200319241
13/04/2018;27;0.709203073563485
13/04/2018;28;0.637720064260473
13/04/2018;29;0.695689514228449
14/04/2018;11;1.44260180888056
14/04/2018;13;1.62638676330892
14/04/2018;14;1.77565028680534
14/04/2018;15;0.866828641444975
14/04/2018;16;0.9435801811093649
14/04/2018;17;1.0
14/04/2018;18;1.08594172275125
14/04/2018;19;0.939654041567652
14/04/2018;20;1.14780605365822
14/04/2018;21;0.856976076237042
14/04/2018;22;0.667633063511132
14/04/2018;23;0.926012539855424
14/04/2018;24;0.87089989859679
14/04/2018;25;0.722382912678653
14/04/2018;26;0.8647523854164579
14/04/2018;27;0.8122715914947378
14/04/2018;28;0.599810769135983
14/04/2018;29;0.661511812153657
15/04/2018;11;1.0
15/04/2018;13;1.0
15/04/2018;14;1.25035858784777
15/04/2018;15;0.7020014120061179
15/04/2018;16;0.8274122089903142
15/04/2018;17;0.7398831832075429
15/04/2018;18;1.0
15/04/2018;19;0.555991607844787
15/04/2018;20;0.9319681255244879
15/04/2018;21;0.935543141047935
15/04/2018;22;0.440576318455928
15/04/2018;23;0.8894424546203549
15/04/2018;24;0.9020178048540971
15/04/2018;25;0.675889212816842
15/04/2018;26;0.9189116362515841
15/04/2018;27;0.747577935250672
15/04/2018;28;0.545849906504135
15/04/2018;29;0.6132100044558629
16/04/2018;11;0.7598748763697359
16/04/2018;13;0.822123288700828
16/04/2018;14;0.9340658569764649
16/04/2018;15;0.625598456302296
16/04/2018;16;0.723652293058645
16/04/2018;17;0.6411645664427851
16/04/2018;18;0.821531751878612
16/04/2018;19;0.602470660555038
16/04/2018;20;0.7703263598517249
16/04/2018;21;0.921594951145947
16/04/2018;22;0.578153062072091
16/04/2018;23;0.831576834298736
16/04/2018;24;0.8868589650650529
16/04/2018;25;0.7642426405953349
16/04/2018;26;0.852401788373208
16/04/2018;27;0.867181572293001
16/04/2018;28;0.7981756155204879
16/04/2018;29;0.683308555837335
17/04/2018;11;0.46849998904499396
17/04/2018;13;0.49944997548656395
17/04/2018;14;0.744572878972966
17/04/2018;15;0.636539705066858
17/04/2018;16;0.7528269668095321
17/04/2018;17;0.727744347933934
17/04/2018;18;0.619518581884166
17/04/2018;19;0.594875691516718
17/04/2018;20;0.756909040781375
17/04/2018;21;0.85248053640974
17/04/2018;22;0.631933197210702
17/04/2018;23;0.9144173642496279
17/04/2018;24;0.814909783589943
17/04/2018;25;0.77812489648928
17/04/2018;26;0.8460358739587759
17/04/2018;27;0.9577175938622171
17/04/2018;28;0.759943202676174
17/04/2018;29;0.756327686512135
18/04/2018;11;0.44631231905530894
18/04/2018;13;0.468725507391733
18/04/2018;14;0.691863787485785
18/04/2018;15;0.6090556548277709
18/04/2018;16;0.739761062030218
18/04/2018;17;0.7374157665416441
18/04/2018;18;0.629783380771452
18/04/2018;19;0.590261947038533
18/04/2018;20;0.7385508154496909
18/04/2018;21;0.829880500136195
18/04/2018;22;0.6276447895779139
18/04/2018;23;0.810140888813747
18/04/2018;24;0.8576712316975601
18/04/2018;25;0.784624197846341
18/04/2018;26;0.8400697392827841
18/04/2018;27;0.909447227155409
18/04/2018;28;0.77108695961198
18/04/2018;29;0.7912901470885692
19/04/2018;11;0.383642573508747
19/04/2018;13;0.40762559343262605
19/04/2018;14;0.6362343347148779
19/04/2018;15;0.5812406497728599
19/04/2018;16;0.6938967037669879
19/04/2018;17;0.5891958672114511
19/04/2018;18;0.58764605262861
19/04/2018;19;0.552334940764865
19/04/2018;20;0.707737264029353
19/04/2018;21;0.7689801136775029
19/04/2018;22;0.574272054393095
19/04/2018;23;0.7785555187925771
19/04/2018;24;0.8113337860051508
19/04/2018;25;0.7551429762719729
19/04/2018;26;0.7796420204309441
19/04/2018;27;0.809704521886628
19/04/2018;28;0.7059603680156429
19/04/2018;29;0.723658770019327
20/04/2018;11;0.3851633252722771
20/04/2018;13;0.389876284566024
20/04/2018;14;0.633152671231286
20/04/2018;15;0.570119901597119
20/04/2018;16;0.691633291326043
20/04/2018;17;0.580464836999046
20/04/2018;18;0.540061858024309
20/04/2018;19;0.5616967087176761
20/04/2018;20;0.656679745481874
20/04/2018;21;0.7312109129604828
20/04/2018;22;0.5286322316616721
20/04/2018;23;0.767793091942665
20/04/2018;24;0.681226389930291
20/04/2018;25;0.742032102892516
20/04/2018;26;0.7460535257274079
20/04/2018;27;0.7186327527569508
20/04/2018;28;0.6659695804872879
20/04/2018;29;0.690158616446901
21/04/2018;11;0.4092192279039
21/04/2018;13;0.325106582338138
21/04/2018;14;0.6144685981206149
21/04/2018;15;0.498399364071079
21/04/2018;16;0.6859360836338722
21/04/2018;17;0.598126506233075
21/04/2018;18;0.45633589960019605
21/04/2018;19;0.570303718307267
21/04/2018;20;0.5796720464406949
21/04/2018;21;0.6100082180169979
21/04/2018;22;0.49850420725410705
21/04/2018;23;0.744465747795558
21/04/2018;24;0.572873293271966
21/04/2018;25;0.6925713811536391
21/04/2018;26;0.705662737558188
21/04/2018;27;0.720711126334471
21/04/2018;28;0.5634683532827081
21/04/2018;29;0.618032120530932
22/04/2018;11;0.518167205609725
22/04/2018;13;0.414040214732645
22/04/2018;14;0.7152446027061521
22/04/2018;15;0.531076629242318
22/04/2018;16;0.6868933249483271
22/04/2018;17;0.580755775552829
22/04/2018;18;0.553889206359245
22/04/2018;19;0.563966651488536
22/04/2018;20;0.6470225372621821
22/04/2018;21;0.6365014826615
22/04/2018;22;0.501762191631426
22/04/2018;23;0.8219131819311299
22/04/2018;24;0.598911086160146
22/04/2018;25;0.6863921194623311
22/04/2018;26;0.681723547549243
22/04/2018;27;0.80159598086787
22/04/2018;28;0.48447970456283795
22/04/2018;29;0.5908353893590649
23/04/2018;11;0.675076583031411
23/04/2018;13;0.640253944488184
23/04/2018;14;0.8222061648453141
23/04/2018;15;0.633040374788816
23/04/2018;16;0.723819902021198
23/04/2018;17;0.6129535095714389
23/04/2018;18;0.6876970686956779
23/04/2018;19;0.631324122762921
23/04/2018;20;0.8031247432924509
23/04/2018;21;0.848783385826639
23/04/2018;22;0.576313318103963
23/04/2018;23;0.88663046308872
23/04/2018;24;0.764443131911491
23/04/2018;25;0.813734148090328
23/04/2018;26;0.806668608676559
23/04/2018;27;0.8529079869101469
23/04/2018;28;0.6688313804428371
23/04/2018;29;0.678147164804245
24/04/2018;11;0.61858691796349
24/04/2018;13;0.6091823035099481
24/04/2018;14;0.811011023221798
24/04/2018;15;0.636350362070474
24/04/2018;16;0.722424988164842
24/04/2018;17;0.701416201306365
24/04/2018;18;0.6308076738627559
24/04/2018;19;0.63252829643006
24/04/2018;20;0.796760046376379
24/04/2018;21;0.862794148888121
24/04/2018;22;0.6375181277988929
24/04/2018;23;0.8521382368037091
24/04/2018;24;0.749327888908845
24/04/2018;25;0.851390294606798
24/04/2018;26;0.8307031371830571
24/04/2018;27;0.7885763165829409
24/04/2018;28;0.7539067186687008
24/04/2018;29;0.7407886118053331
25/04/2018;11;0.575748307495246
25/04/2018;13;0.604994673271938
25/04/2018;14;0.8118930052520551
25/04/2018;15;0.665596146414578
25/04/2018;16;0.7292788357173149
25/04/2018;17;0.7509313162969409
25/04/2018;18;0.678029807997466
25/04/2018;19;0.666040328928389
25/04/2018;20;0.8416076803475321
25/04/2018;21;0.8293193220348801
25/04/2018;22;0.6915339631066421
25/04/2018;23;0.8278306763303341
25/04/2018;24;0.7009636950354641
25/04/2018;25;0.863304751319752
25/04/2018;26;0.8162801986105491
25/04/2018;27;0.688440636707481
25/04/2018;28;0.7634420728190409
25/04/2018;29;0.7530664269839409
26/04/2018;11;0.530948184377626
26/04/2018;13;0.570918076060546
26/04/2018;14;0.813222312268095
26/04/2018;15;0.7025971202976561
26/04/2018;16;0.7855920321016221
26/04/2018;17;0.740330741058672
26/04/2018;18;0.727293593788601
26/04/2018;19;0.687195117527541
26/04/2018;20;0.843069490760139
26/04/2018;21;0.835223964859999
26/04/2018;22;0.7069492258020991
26/04/2018;23;0.836388093512014
26/04/2018;24;0.7363636686767191
26/04/2018;25;0.83693782912405
26/04/2018;26;0.8242211463164809
26/04/2018;27;0.727601812307933
26/04/2018;28;0.762928989401097
26/04/2018;29;0.739343151232151
27/04/2018;11;0.48393242212844295
27/04/2018;13;0.546350082975304
27/04/2018;14;0.757080259665408
27/04/2018;15;0.743289640430582
27/04/2018;16;0.840188333845855
27/04/2018;17;0.7296968055094549
27/04/2018;18;0.73995670063226
27/04/2018;19;0.7474359355046422
27/04/2018;20;0.889554648828472
27/04/2018;21;0.8631863752218569
27/04/2018;22;0.773941147547338
27/04/2018;23;0.866177983897607
27/04/2018;24;0.7710807547531829
27/04/2018;25;0.924500725881533
27/04/2018;26;0.850433025864213
27/04/2018;27;0.7593376644231351
27/04/2018;28;0.805268893441948
27/04/2018;29;0.72403124905132
28/04/2018;11;0.40479912494694004
28/04/2018;13;0.40445901416963004
28/04/2018;14;0.626762669621548
28/04/2018;15;0.699384219901575
28/04/2018;16;0.8094590681534809
28/04/2018;17;0.684231366997713
28/04/2018;18;0.599562333649525
28/04/2018;19;0.70310864386593
28/04/2018;20;0.8567933386954159
28/04/2018;21;0.8169791130705629
28/04/2018;22;0.695840556594792
28/04/2018;23;0.8603828409329181
28/04/2018;24;0.658423516443866
28/04/2018;25;0.9185684771046551
28/04/2018;26;0.839302756542141
28/04/2018;27;0.7473845570389309
28/04/2018;28;0.7943380932375491
28/04/2018;29;0.7213955967210729
29/04/2018;11;0.3971000598735271
29/04/2018;13;0.415890369519007
29/04/2018;14;0.68344941350343
29/04/2018;15;0.6768697710942679
29/04/2018;16;0.80361612458477
29/04/2018;17;0.6904290320467339
29/04/2018;18;0.5564272542248591
29/04/2018;19;0.617145052109941
29/04/2018;20;0.703267769512533
29/04/2018;21;0.739110740105703
29/04/2018;22;0.593778199408629
29/04/2018;23;0.8199816773806891
29/04/2018;24;0.6230076532873771
29/04/2018;25;0.817237176562859
29/04/2018;26;0.796324973204935
29/04/2018;27;0.6773169948107751
29/04/2018;28;0.804213049039858
29/04/2018;29;0.729825527418859
30/04/2018;11;0.503875788702956
30/04/2018;13;0.632374471663064
30/04/2018;14;0.82375157125743
30/04/2018;15;0.7420283046124642
30/04/2018;16;0.839166092325559
30/04/2018;17;0.82863927076334
30/04/2018;18;0.707578288283471
30/04/2018;19;0.6664136729835439
30/04/2018;20;0.8312529492599559
30/04/2018;21;0.844885959000486
30/04/2018;22;0.682470376765926
30/04/2018;23;0.8183572097506191
30/04/2018;24;0.773545320929103
30/04/2018;25;0.89514308495407
30/04/2018;26;0.83029859193745
30/04/2018;27;0.737630542403337
30/04/2018;28;0.8844940959981391
30/04/2018;29;0.7689227805242459
01/05/2018;11;1.0
01/05/2018;13;1.0
01/05/2018;14;1.0546384775467
01/05/2018;15;1.0
01/05/2018;16;0.85986048122611
01/05/2018;17;1.0
01/05/2018;18;1.0
01/05/2018;19;1.0
01/05/2018;20;1.04193035147327
01/05/2018;21;0.83361606535136
01/05/2018;22;1.0
01/05/2018;23;0.8515418901482591
01/05/2018;24;1.0
01/05/2018;25;0.913110378657835
01/05/2018;26;0.7713239577167851
01/05/2018;27;0.6980621995153001
01/05/2018;28;0.8258631406229742
01/05/2018;29;0.7003192726790131
02/05/2018;11;1.35482552904327
02/05/2018;13;1.4398025696494199
02/05/2018;14;1.44685334128682
02/05/2018;15;0.9476747111519269
02/05/2018;16;0.924133192720936
02/05/2018;17;1.3125899972833401
02/05/2018;18;1.2191909803340302
02/05/2018;19;0.986784712880855
02/05/2018;20;1.37229621796467
02/05/2018;21;0.921653227009968
02/05/2018;22;0.9325821914410319
02/05/2018;23;0.8308289840082529
02/05/2018;24;0.9941388743667242
02/05/2018;25;0.904978829310905
02/05/2018;26;0.814930923449958
02/05/2018;27;0.81547300636965
02/05/2018;28;0.7348069717944481
02/05/2018;29;0.7096841653577
03/05/2018;11;1.6299232100798602
03/05/2018;13;1.6656660974984399
03/05/2018;14;1.0
03/05/2018;15;0.7913863492765029
03/05/2018;16;0.882939381250318
03/05/2018;17;1.0
03/05/2018;18;1.28495075632422
03/05/2018;19;0.6743477990380071
03/05/2018;20;1.0
03/05/2018;21;0.933457772825397
03/05/2018;22;0.572134181052417
03/05/2018;23;0.9088876522998409
03/05/2018;24;1.0
03/05/2018;25;0.898084157686837
03/05/2018;26;0.8499436846480609
03/05/2018;27;1.0
03/05/2018;28;1.04611572829607
03/05/2018;29;0.8908280431980601
04/05/2018;11;1.0
04/05/2018;13;1.0
04/05/2018;14;0.8823464302189921
04/05/2018;15;0.823139262995915
04/05/2018;16;0.898033149472869
04/05/2018;17;0.7567291511225341
04/05/2018;18;1.0
04/05/2018;19;0.6906505397274999
04/05/2018;20;0.8093800447433421
04/05/2018;21;0.9447668652220079
04/05/2018;22;0.5872072738540749
04/05/2018;23;0.8231386196103829
04/05/2018;24;0.953434627037308
04/05/2018;25;0.896294483078507
04/05/2018;26;0.8267224900450709
04/05/2018;27;1.10528597780509
04/05/2018;28;0.940368103059802
04/05/2018;29;0.8166995883229291
05/05/2018;11;0.47847243178937504
05/05/2018;13;0.43313654171562105
05/05/2018;14;0.6657662165215881
05/05/2018;15;0.680143430270742
05/05/2018;16;0.8611450363304259
05/05/2018;17;0.6028434331056229
05/05/2018;18;0.587910055985781
05/05/2018;19;0.648275280411496
05/05/2018;20;0.634302398017583
05/05/2018;21;0.693680410109891
05/05/2018;22;0.466314571230115
05/05/2018;23;0.759610267329694
05/05/2018;24;0.83974401774786
05/05/2018;25;0.94234799431678
05/05/2018;26;0.7534091673589208
05/05/2018;27;1.17747308344108
05/05/2018;28;0.77878000094776
05/05/2018;29;0.698201521421725
06/05/2018;11;0.443401265221904
06/05/2018;13;0.399794218762945
06/05/2018;14;0.7409513611263171
06/05/2018;15;0.6467573023873311
06/05/2018;16;0.864107586083854
06/05/2018;17;0.6465181952868461
06/05/2018;18;0.542075458253674
06/05/2018;19;0.522242203815295
06/05/2018;20;0.617428940252542
06/05/2018;21;0.6011017567198411
06/05/2018;22;0.392045941436259
06/05/2018;23;0.746676518025042
06/05/2018;24;0.880925827160292
06/05/2018;25;1.0
06/05/2018;26;0.683689817532575
06/05/2018;27;1.43836472347072
06/05/2018;28;0.6910940467030551
06/05/2018;29;0.6546247234043521
07/05/2018;11;0.602006569860839
07/05/2018;13;0.60621692494055
07/05/2018;14;0.9364368486857991
07/05/2018;15;0.78696210944684
07/05/2018;16;0.870394608058464
07/05/2018;17;0.7040138571663259
07/05/2018;18;0.772145932766155
07/05/2018;19;0.632963126152639
07/05/2018;20;0.8344624534686741
07/05/2018;21;0.838652497318327
07/05/2018;22;0.622528594862648
07/05/2018;23;0.815640170229756
07/05/2018;24;0.927482271755058
07/05/2018;25;1.0
07/05/2018;26;0.8124470143634799
07/05/2018;27;1.0
07/05/2018;28;0.756481355725156
07/05/2018;29;0.740125215904077
08/05/2018;11;0.712723875660011
08/05/2018;13;0.6943327126281221
08/05/2018;14;0.958656638232823
08/05/2018;15;0.819199738343104
08/05/2018;16;0.881510081759083
08/05/2018;17;0.7157089194292919
08/05/2018;18;0.841861846222682
08/05/2018;19;0.685175932967694
08/05/2018;20;0.9003448393012099
08/05/2018;21;0.887583170768095
08/05/2018;22;0.663460850837485
08/05/2018;23;0.8447011494895249
08/05/2018;24;0.8900010566534581
08/05/2018;25;1.0
08/05/2018;26;0.8362130806602909
08/05/2018;27;1.0
08/05/2018;28;0.889261020432437
08/05/2018;29;0.7911065804534109
09/05/2018;11;0.747796474652092
09/05/2018;13;0.7719416108396261
09/05/2018;14;1.0
09/05/2018;15;0.8563654630342141
09/05/2018;16;0.92319234487851
09/05/2018;17;0.771129663618014
09/05/2018;18;0.868299546427708
09/05/2018;19;0.746622693313866
09/05/2018;20;0.92571564845063
09/05/2018;21;0.904981488517369
09/05/2018;22;0.654631758213768
09/05/2018;23;0.835402095871621
09/05/2018;24;0.894205867240797
09/05/2018;25;1.0
09/05/2018;26;0.8433570429485601
09/05/2018;27;1.1146117624987901
09/05/2018;28;0.9799876769439959
09/05/2018;29;0.752995290809492
10/05/2018;11;0.7070791146520841
10/05/2018;13;0.799996784326807
10/05/2018;14;1.0
10/05/2018;15;0.896076948224934
10/05/2018;16;0.954919266115382
10/05/2018;17;0.8619476577063451
10/05/2018;18;0.883993444035326
10/05/2018;19;0.8644552869547371
10/05/2018;20;0.8917928431205792
10/05/2018;21;0.928303380064853
10/05/2018;22;0.7382427928377259
10/05/2018;23;0.900943439603245
10/05/2018;24;0.972203432955527
10/05/2018;25;1.0
10/05/2018;26;0.917024273267552
10/05/2018;27;1.1568706317489499
10/05/2018;28;0.807051742209099
10/05/2018;29;0.777225525789299
11/05/2018;11;0.6710389291949711
11/05/2018;13;0.741456120113078
11/05/2018;14;0.994618126647971
11/05/2018;15;0.8874575269084231
11/05/2018;16;0.9393447840264308
11/05/2018;17;0.898206322808234
11/05/2018;18;0.915480166135424
11/05/2018;19;0.95450426139819
11/05/2018;20;1.0
11/05/2018;21;0.9676559134108491
11/05/2018;22;0.95581232687296
11/05/2018;23;0.9595447381995981
11/05/2018;24;1.0
11/05/2018;25;1.0
11/05/2018;26;0.9841642690668079
11/05/2018;27;1.0
11/05/2018;28;0.901041524271518
11/05/2018;29;0.8631595645962009
12/05/2018;11;0.512984133887154
12/05/2018;13;0.626644388618459
12/05/2018;14;0.865121993657182
12/05/2018;15;0.810997478589782
12/05/2018;16;0.9620673712975301
12/05/2018;17;0.918835944864112
12/05/2018;18;0.855362813622573
12/05/2018;19;0.9295987958526372
12/05/2018;20;1.0
12/05/2018;21;0.957421113151225
12/05/2018;22;0.967627035164661
12/05/2018;23;0.9289843508238541
12/05/2018;24;1.0
12/05/2018;25;1.0
12/05/2018;26;0.9616726719448431
12/05/2018;27;0.83696609982566
12/05/2018;28;0.9881530565194179
12/05/2018;29;0.922161416468627
13/05/2018;11;0.5841903402148421
13/05/2018;13;0.6819277740102779
13/05/2018;14;0.8223136393681351
13/05/2018;15;0.824024822552289
13/05/2018;16;0.882390854488333
13/05/2018;17;0.876137809023643
13/05/2018;18;0.7514137372067291
13/05/2018;19;0.8323673586783449
13/05/2018;20;0.9743820518699909
13/05/2018;21;0.9778446838226909
13/05/2018;22;0.9538271356169459
13/05/2018;23;0.922191973422396
13/05/2018;24;0.952760610185628
13/05/2018;25;1.0
13/05/2018;26;0.9808194700550029
13/05/2018;27;0.644528727870503
13/05/2018;28;1.0
13/05/2018;29;0.9245581853505122
14/05/2018;11;1.57528737693759
14/05/2018;13;1.16747979334277
14/05/2018;14;1.31384342046605
14/05/2018;15;0.8339862727812791
14/05/2018;16;0.8444293435587449
14/05/2018;17;1.5680135185882602
14/05/2018;18;1.0
14/05/2018;19;1.33778136807133
14/05/2018;20;1.18325418550785
14/05/2018;21;0.9693317759841751
14/05/2018;22;1.27031821447148
14/05/2018;23;0.8641859334994179
14/05/2018;24;0.9596255461462679
14/05/2018;25;0.939945928448043
14/05/2018;26;0.925168475698384
14/05/2018;27;1.07261351128519
14/05/2018;28;1.0
14/05/2018;29;0.965307009563193
15/05/2018;11;1.0
15/05/2018;13;2.05084941210702
15/05/2018;14;2.09202420235035
15/05/2018;15;1.0217585545504
15/05/2018;16;1.02457104085621
15/05/2018;17;2.21553660971373
15/05/2018;18;1.1664299412806298
15/05/2018;19;1.58417350100925
15/05/2018;20;1.6402365948931101
15/05/2018;21;1.0
15/05/2018;22;1.79847001872108
15/05/2018;23;1.00367327694511
15/05/2018;24;1.18054972578823
15/05/2018;25;0.970221542482823
15/05/2018;26;0.909754191982813
15/05/2018;27;1.5863123592092299
15/05/2018;28;1.33241447664745
15/05/2018;29;0.96398768443373
16/05/2018;11;0.607103961129514
16/05/2018;13;1.0
16/05/2018;14;1.64329265432588
16/05/2018;15;1.2844315552033
16/05/2018;16;1.09654928650826
16/05/2018;17;1.86261348914383
16/05/2018;18;1.1535836087354
16/05/2018;19;1.49262440773824
16/05/2018;20;1.69305890908774
16/05/2018;21;1.03883030755338
16/05/2018;22;1.75364196659504
16/05/2018;23;0.9527316529398979
16/05/2018;24;1.33277928180616
16/05/2018;25;1.0
16/05/2018;26;1.0
16/05/2018;27;1.61220479370168
16/05/2018;28;1.22402789591772
16/05/2018;29;1.0288177113419599
17/05/2018;11;0.718685600942432
17/05/2018;13;0.8846530330369221
17/05/2018;14;1.0
17/05/2018;15;1.0
17/05/2018;16;0.9423647148005431
17/05/2018;17;1.0
17/05/2018;18;1.0
17/05/2018;19;1.2193889915148601
17/05/2018;20;1.38126716271485
17/05/2018;21;0.9985735981251641
17/05/2018;22;1.0
17/05/2018;23;0.865619526149379
17/05/2018;24;1.0
17/05/2018;25;1.0
17/05/2018;26;0.89461893450714
17/05/2018;27;1.2295548874056499
17/05/2018;28;0.9866796434927991
17/05/2018;29;0.8901105973619542
18/05/2018;11;0.7770279709124799
18/05/2018;13;0.8971854992808409
18/05/2018;14;0.845978055093263
18/05/2018;15;0.829385442173062
18/05/2018;16;0.862142418054745
18/05/2018;17;0.881161246177915
18/05/2018;18;0.9272282041274259
18/05/2018;19;0.86413990544175
18/05/2018;20;1.0
18/05/2018;21;0.9782129734159448
18/05/2018;22;0.7791839660273921
18/05/2018;23;0.850684885725445
18/05/2018;24;0.9250246762934029
18/05/2018;25;1.0
18/05/2018;26;0.852716761689519
18/05/2018;27;1.1412344260339
18/05/2018;28;0.8962365337042671
18/05/2018;29;0.7595524200054861
19/05/2018;11;0.5998301446862989
19/05/2018;13;0.660556954682344
19/05/2018;14;0.8997478141797571
19/05/2018;15;0.8125511733963001
19/05/2018;16;0.900905499356028
19/05/2018;17;0.8287998816031771
19/05/2018;18;0.7739797229577858
19/05/2018;19;0.7471671749221709
19/05/2018;20;0.792622469200477
19/05/2018;21;0.8619560507236941
19/05/2018;22;0.582832089437547
19/05/2018;23;0.892801576367858
19/05/2018;24;1.0
19/05/2018;25;1.0
19/05/2018;26;0.8897779260980592
19/05/2018;27;1.43173811575512
19/05/2018;28;0.741906665379668
19/05/2018;29;0.720963688307516
20/05/2018;11;0.5498862623575129
20/05/2018;13;0.65387374477295
20/05/2018;14;0.9878654998538899
20/05/2018;15;0.9038272865077109
20/05/2018;16;0.9394731306426071
20/05/2018;17;0.9116551513324019
20/05/2018;18;0.758659946993924
20/05/2018;19;0.653311470953738
20/05/2018;20;0.84629498686949
20/05/2018;21;0.8617363790445709
20/05/2018;22;0.70079055700642
20/05/2018;23;0.8630829734312171
20/05/2018;24;1.0
20/05/2018;25;1.0
20/05/2018;26;0.8713894053896301
20/05/2018;27;1.0
20/05/2018;28;0.77201431387071
20/05/2018;29;0.784662180069427
21/05/2018;11;0.7171039817594509
21/05/2018;13;0.7992896451140771
21/05/2018;14;0.9191405732084359
21/05/2018;15;0.9169966419736059
21/05/2018;16;0.9681626281658371
21/05/2018;17;0.889753142844158
21/05/2018;18;0.889500435343124
21/05/2018;19;0.744535780824655
21/05/2018;20;0.9109942243149071
21/05/2018;21;0.961892813245202
21/05/2018;22;0.8441049812697429
21/05/2018;23;0.961931648839042
21/05/2018;24;0.9072952888666109
21/05/2018;25;1.0
21/05/2018;26;0.935321920304385
21/05/2018;27;0.743215076740904
21/05/2018;28;0.9287768864433751
21/05/2018;29;0.941568822116496
22/05/2018;11;0.7205621453719409
22/05/2018;13;0.743317965419796
22/05/2018;14;0.882283802176995
22/05/2018;15;0.910985383757562
22/05/2018;16;0.943250287108229
22/05/2018;17;0.866218735670981
22/05/2018;18;0.8835868288442409
22/05/2018;19;0.7808448086943659
22/05/2018;20;0.9336796248984821
22/05/2018;21;0.966460774714543
22/05/2018;22;0.773157776696312
22/05/2018;23;0.950891422923568
22/05/2018;24;0.8411466456412131
22/05/2018;25;1.0
22/05/2018;26;0.9618553889759891
22/05/2018;27;0.7942725752060211
22/05/2018;28;0.958490064211391
22/05/2018;29;0.955015641640652
23/05/2018;11;0.903055302818332
23/05/2018;13;0.8928660943562651
23/05/2018;14;1.0
23/05/2018;15;0.90688102619577
23/05/2018;16;0.908011635077309
23/05/2018;17;0.978093571170138
23/05/2018;18;0.901695902575572
23/05/2018;19;0.8014092370078599
23/05/2018;20;0.9078259826002242
23/05/2018;21;0.9483871057564609
23/05/2018;22;0.769848661589638
23/05/2018;23;0.8895025595495399
23/05/2018;24;0.870728521482133
23/05/2018;25;1.0
23/05/2018;26;0.939304847968218
23/05/2018;27;0.8289303970283459
23/05/2018;28;0.9925481886030121
23/05/2018;29;0.9535225785476209
24/05/2018;11;0.9408101189005742
24/05/2018;13;0.9264599975129959
24/05/2018;14;0.982955828401316
24/05/2018;15;0.9361822632506509
24/05/2018;16;0.916838878057898
24/05/2018;17;0.912149562673003
24/05/2018;18;0.917179786330975
24/05/2018;19;0.8139718855348009
24/05/2018;20;0.961087806783663
24/05/2018;21;0.961779658507028
24/05/2018;22;0.8380004709221709
24/05/2018;23;0.9420413857114421
24/05/2018;24;0.880841887805098
24/05/2018;25;1.0
24/05/2018;26;0.952152763891959
24/05/2018;27;0.795147292179473
24/05/2018;28;1.0
24/05/2018;29;0.9881501229713691
25/05/2018;11;0.798157933498144
25/05/2018;13;0.7358681062671
25/05/2018;14;0.896589178568488
25/05/2018;15;0.881321570223722
25/05/2018;16;0.9150558228177389
25/05/2018;17;0.807401457389024
25/05/2018;18;0.875668412919682
25/05/2018;19;0.792030189700765
25/05/2018;20;0.9846447347794549
25/05/2018;21;0.9691209581805059
25/05/2018;22;0.8442458485875299
25/05/2018;23;0.9832323922723649
25/05/2018;24;0.888684177980375
25/05/2018;25;1.0
25/05/2018;26;0.954410907180403
25/05/2018;27;0.8123643413557009
25/05/2018;28;1.0
25/05/2018;29;0.945729704191788
26/05/2018;11;0.6878722684123321
26/05/2018;13;0.6069997571291359
26/05/2018;14;0.8565345099042501
26/05/2018;15;0.862894363414742
26/05/2018;16;0.9274771920352329
26/05/2018;17;0.7986152356552859
26/05/2018;18;0.8059642520146891
26/05/2018;19;0.791147839367248
26/05/2018;20;0.8712897287379371
26/05/2018;21;0.955778748836035
26/05/2018;22;0.7077853309988609
26/05/2018;23;0.929273733173042
26/05/2018;24;0.7067503832777969
26/05/2018;25;1.0
26/05/2018;26;0.955577411493707
26/05/2018;27;0.754148562977491
26/05/2018;28;1.0
26/05/2018;29;0.971936897328389
27/05/2018;11;0.8368158733258649
27/05/2018;13;0.7578939639808709
27/05/2018;14;0.9163305798584179
27/05/2018;15;0.937548685099597
27/05/2018;16;0.9590051081479458
27/05/2018;17;0.868219010991348
27/05/2018;18;0.9059683763148629
27/05/2018;19;0.8311943890137221
27/05/2018;20;0.863542265185283
27/05/2018;21;0.889510489065814
27/05/2018;22;0.7127801668148019
27/05/2018;23;0.95045131308012
27/05/2018;24;0.6254390381356041
27/05/2018;25;1.0
27/05/2018;26;0.9452288053233209
27/05/2018;27;0.7200172166268359
27/05/2018;28;0.8891989384144259
27/05/2018;29;0.9055382806403101
28/05/2018;11;1.0
28/05/2018;13;0.986899711339836
28/05/2018;14;1.0
28/05/2018;15;0.9816101890209978
28/05/2018;16;0.9918748947878991
28/05/2018;17;0.9067035656170559
28/05/2018;18;0.959755098554632
28/05/2018;19;0.919288133853458
28/05/2018;20;0.961723812839223
28/05/2018;21;0.9815584512692199
28/05/2018;22;0.936489452195894
28/05/2018;23;0.928759763771353
28/05/2018;24;0.8935526266764879
28/05/2018;25;1.0
28/05/2018;26;0.9739164526766759
28/05/2018;27;0.884453639314958
28/05/2018;28;0.9848445426914251
28/05/2018;29;0.9688847964149692
29/05/2018;11;0.9335733260593209
29/05/2018;13;0.971058450380412
29/05/2018;14;1.0
29/05/2018;15;0.9874109741735559
29/05/2018;16;0.99006661014358
29/05/2018;17;0.915461736844626
29/05/2018;18;0.971445710195864
29/05/2018;19;0.937790612224584
29/05/2018;20;0.9714222127261422
29/05/2018;21;0.9794067926294631
29/05/2018;22;0.9591875086785521
29/05/2018;23;0.971664150651716
29/05/2018;24;0.902336808254507
29/05/2018;25;1.0
29/05/2018;26;0.982091987550488
29/05/2018;27;0.834967592582027
29/05/2018;28;1.0
29/05/2018;29;0.9897370175028392
30/05/2018;11;0.898474913939498
30/05/2018;13;0.9423047010648149
30/05/2018;14;0.9958202528785101
30/05/2018;15;0.9930113856283721
30/05/2018;16;0.96649244312521
30/05/2018;17;0.90194136100795
30/05/2018;18;0.9616203231118159
30/05/2018;19;0.8894608588534291
30/05/2018;20;0.9877669835660758
30/05/2018;21;0.9923000054199201
30/05/2018;22;0.8855243518364251
30/05/2018;23;0.969107207722837
30/05/2018;24;0.903726204475805
30/05/2018;25;1.0
30/05/2018;26;0.976784707852195
30/05/2018;27;0.8557682878826111
30/05/2018;28;1.0
30/05/2018;29;0.994850711682216
31/05/2018;11;1.0
31/05/2018;13;0.8618241363879671
31/05/2018;14;0.956409882129695
31/05/2018;15;0.9476183411848779
31/05/2018;16;0.9004956330196109
31/05/2018;17;0.8915947053191898
31/05/2018;18;0.9389679423265691
31/05/2018;19;0.896959615083893
31/05/2018;20;0.9464716367009259
31/05/2018;21;0.975410184299403
31/05/2018;22;0.844154737208933
31/05/2018;23;0.963189439590394
31/05/2018;24;0.9002790005326541
31/05/2018;25;1.0
31/05/2018;26;0.9931859993147041
31/05/2018;27;0.8923668304617941
31/05/2018;28;1.0
31/05/2018;29;0.982311681022027
01/06/2018;11;0.888106527426925
01/06/2018;13;0.9139870893219209
01/06/2018;14;1.0
01/06/2018;15;0.9095003952673442
01/06/2018;16;0.916133614241391
01/06/2018;17;0.8982425123091291
01/06/2018;18;0.9600879843666971
01/06/2018;19;0.904502562065735
01/06/2018;20;0.942583323638248
01/06/2018;21;0.9795427915924629
01/06/2018;22;0.8961557736619341
01/06/2018;23;0.9474497244990291
01/06/2018;24;0.839767456846004
01/06/2018;25;1.0
01/06/2018;26;0.9911768979997181
01/06/2018;27;0.868894516607604
01/06/2018;28;1.0
01/06/2018;29;0.9926429526982758
02/06/2018;11;0.729985847484408
02/06/2018;13;0.92551574716885
02/06/2018;14;1.0
02/06/2018;15;0.929687143551741
02/06/2018;16;0.967787334140703
02/06/2018;17;0.9333866944428789
02/06/2018;18;0.954400033444506
02/06/2018;19;0.940624397537604
02/06/2018;20;0.9328365593332221
02/06/2018;21;0.9617232208608051
02/06/2018;22;0.924129384026033
02/06/2018;23;0.9339067398492191
02/06/2018;24;0.5854910686296829
02/06/2018;25;1.0
02/06/2018;26;0.9725170653708429
02/06/2018;27;0.852497444713359
02/06/2018;28;1.0
02/06/2018;29;1.0
03/06/2018;11;1.0
03/06/2018;13;1.0
03/06/2018;14;1.0
03/06/2018;15;0.972397818403994
03/06/2018;16;0.9803165654750909
03/06/2018;17;0.969224051480257
03/06/2018;18;1.0
03/06/2018;19;0.658405857800118
03/06/2018;20;0.9732420716653579
03/06/2018;21;0.995729868582152
03/06/2018;22;0.84767707815252
03/06/2018;23;0.980139715960792
03/06/2018;24;0.5730617637913791
03/06/2018;25;1.0
03/06/2018;26;0.957606204973925
03/06/2018;27;0.161984138704088
03/06/2018;28;1.0
03/06/2018;29;1.0
04/06/2018;11;1.0
04/06/2018;13;1.0
04/06/2018;14;1.0
04/06/2018;15;1.0
04/06/2018;16;0.998052868152155
04/06/2018;17;1.0
04/06/2018;18;1.0
04/06/2018;19;1.0
04/06/2018;20;0.9682360093586229
04/06/2018;21;0.9975504898665319
04/06/2018;22;0.9317748500675319
04/06/2018;23;0.999939310874583
04/06/2018;24;0.8975365310743121
04/06/2018;25;1.0
04/06/2018;26;0.981293999518873
04/06/2018;27;0.951958211586431
04/06/2018;28;1.0
04/06/2018;29;1.0
05/06/2018;11;1.0
05/06/2018;13;1.0
05/06/2018;14;1.0
05/06/2018;15;1.0
05/06/2018;16;1.0
05/06/2018;17;1.0
05/06/2018;18;1.0
05/06/2018;19;1.0
05/06/2018;20;1.0
05/06/2018;21;0.991321868795753
05/06/2018;22;1.0
05/06/2018;23;1.0
05/06/2018;24;0.921987578363083
05/06/2018;25;1.0
05/06/2018;26;0.995626391130055
05/06/2018;27;0.956104240293763
05/06/2018;28;1.0
05/06/2018;29;1.0
06/06/2018;11;1.0
06/06/2018;13;1.0
06/06/2018;14;1.0
06/06/2018;15;1.0
06/06/2018;16;1.0
06/06/2018;17;1.0
06/06/2018;18;1.0
06/06/2018;19;1.0
06/06/2018;20;1.0
06/06/2018;21;0.9973749316024659
06/06/2018;22;1.0
06/06/2018;23;1.0
06/06/2018;24;0.9588875104228441
06/06/2018;25;1.0
06/06/2018;26;1.0
06/06/2018;27;1.0
06/06/2018;28;1.0
06/06/2018;29;1.0
07/06/2018;11;1.0
07/06/2018;13;0.9962315243905641
07/06/2018;14;1.0
07/06/2018;15;1.0
07/06/2018;16;1.0
07/06/2018;17;1.0
07/06/2018;18;1.0
07/06/2018;19;1.0
07/06/2018;20;1.0
07/06/2018;21;1.0
07/06/2018;22;1.0
07/06/2018;23;1.0
07/06/2018;24;1.0
07/06/2018;25;1.0
07/06/2018;26;1.0
07/06/2018;27;1.0
07/06/2018;28;1.0
07/06/2018;29;1.0
08/06/2018;11;1.0
08/06/2018;13;0.970625554569827
08/06/2018;14;1.0
08/06/2018;15;1.0
08/06/2018;16;1.0
08/06/2018;17;1.0
08/06/2018;18;1.0
08/06/2018;19;1.0
08/06/2018;20;1.0
08/06/2018;21;1.0
08/06/2018;22;1.0
08/06/2018;23;1.0
08/06/2018;24;1.0
08/06/2018;25;1.0
08/06/2018;26;1.0
08/06/2018;27;1.0
08/06/2018;28;1.0
08/06/2018;29;1.0
09/06/2018;11;1.0
09/06/2018;13;1.0
09/06/2018;14;1.0
09/06/2018;15;1.0
09/06/2018;16;1.0
09/06/2018;17;1.0
09/06/2018;18;1.0
09/06/2018;19;1.0
09/06/2018;20;1.0
09/06/2018;21;1.0
09/06/2018;22;1.0
09/06/2018;23;1.0
09/06/2018;24;1.0
09/06/2018;25;1.0
09/06/2018;26;1.0
09/06/2018;27;1.0
09/06/2018;28;1.0
09/06/2018;29;1.0
10/06/2018;11;1.0
10/06/2018;13;1.0
10/06/2018;14;1.0
10/06/2018;15;1.0
10/06/2018;16;1.0
10/06/2018;17;0.9903439866338349
10/06/2018;18;1.0
10/06/2018;19;1.0
10/06/2018;20;1.0
10/06/2018;21;1.0
10/06/2018;22;1.0
10/06/2018;23;1.0
10/06/2018;24;0.986385899954025
10/06/2018;25;1.0
10/06/2018;26;1.0
10/06/2018;27;1.0
10/06/2018;28;1.0
10/06/2018;29;1.0
11/06/2018;11;1.0
11/06/2018;13;1.0
11/06/2018;14;1.0
11/06/2018;15;1.0
11/06/2018;16;1.0
11/06/2018;17;0.988384313196579
11/06/2018;18;1.0
11/06/2018;19;1.0
11/06/2018;20;1.0
11/06/2018;21;1.0
11/06/2018;22;1.0
11/06/2018;23;1.0
11/06/2018;24;0.989279826217905
11/06/2018;25;1.0
11/06/2018;26;1.0
11/06/2018;27;1.0
11/06/2018;28;1.0
11/06/2018;29;1.0
12/06/2018;11;1.0
12/06/2018;13;1.0
12/06/2018;14;0.9951604794869141
12/06/2018;15;1.0
12/06/2018;16;1.0
12/06/2018;17;1.0
12/06/2018;18;1.0
12/06/2018;19;1.0
12/06/2018;20;1.0
12/06/2018;21;1.0
12/06/2018;22;1.0
12/06/2018;23;1.0
12/06/2018;24;0.9839654172335759
12/06/2018;25;1.0
12/06/2018;26;1.0
12/06/2018;27;1.0
12/06/2018;28;1.0
12/06/2018;29;1.0
13/06/2018;11;1.0
13/06/2018;13;1.0622917168489001
13/06/2018;14;0.949731189112542
13/06/2018;15;1.0
13/06/2018;16;1.0
13/06/2018;17;1.0
13/06/2018;18;1.0
13/06/2018;19;1.0
13/06/2018;20;1.0
13/06/2018;21;1.0
13/06/2018;22;1.0
13/06/2018;23;1.0
13/06/2018;24;0.987727101982782
13/06/2018;25;1.0
13/06/2018;26;1.0
13/06/2018;27;1.0
13/06/2018;28;1.0
13/06/2018;29;1.0
14/06/2018;11;1.0
14/06/2018;13;1.31704803540111
14/06/2018;14;1.0
14/06/2018;15;1.0
14/06/2018;16;1.0
14/06/2018;17;1.0
14/06/2018;18;1.0
14/06/2018;19;1.0
14/06/2018;20;1.0
14/06/2018;21;1.0
14/06/2018;22;1.0
14/06/2018;23;1.0
14/06/2018;24;1.0
14/06/2018;25;1.0
14/06/2018;26;1.0
14/06/2018;27;1.0
14/06/2018;28;1.0
14/06/2018;29;1.0
15/06/2018;11;1.0
15/06/2018;13;1.0
15/06/2018;14;1.0
15/06/2018;15;1.0
15/06/2018;16;1.0
15/06/2018;17;1.0
15/06/2018;18;1.0
15/06/2018;19;1.0
15/06/2018;20;1.0
15/06/2018;21;1.0
15/06/2018;22;1.0
15/06/2018;23;1.0
15/06/2018;24;1.04508654241337
15/06/2018;25;1.0
15/06/2018;26;1.0
15/06/2018;27;1.0
15/06/2018;28;1.0
15/06/2018;29;1.0
16/06/2018;11;1.0
16/06/2018;13;1.0
16/06/2018;14;1.0
16/06/2018;15;1.0
16/06/2018;16;1.0
16/06/2018;17;1.0
16/06/2018;18;0.9973667009890649
16/06/2018;19;1.0
16/06/2018;20;1.0
16/06/2018;21;1.0
16/06/2018;22;1.0
16/06/2018;23;1.0
16/06/2018;24;1.0
16/06/2018;25;1.0
16/06/2018;26;1.0
16/06/2018;27;1.0
16/06/2018;28;1.0
16/06/2018;29;1.0
17/06/2018;11;1.0
17/06/2018;13;1.0
17/06/2018;14;1.0
17/06/2018;15;1.0
17/06/2018;16;1.0
17/06/2018;17;1.0
17/06/2018;18;0.9968329409461499
17/06/2018;19;1.0
17/06/2018;20;1.0
17/06/2018;21;1.0
17/06/2018;22;1.0
17/06/2018;23;1.0
17/06/2018;24;0.8972944577987609
17/06/2018;25;1.0
17/06/2018;26;1.0
17/06/2018;27;1.0
17/06/2018;28;1.0
17/06/2018;29;1.0
18/06/2018;11;1.0
18/06/2018;13;1.0
18/06/2018;14;1.0
18/06/2018;15;1.0
18/06/2018;16;1.0
18/06/2018;17;1.0
18/06/2018;18;1.0
18/06/2018;19;1.0
18/06/2018;20;1.0
18/06/2018;21;1.0
18/06/2018;22;1.0
18/06/2018;23;1.0
18/06/2018;24;0.9700621631407459
18/06/2018;25;1.0
18/06/2018;26;1.0
18/06/2018;27;1.0
18/06/2018;28;1.0
18/06/2018;29;1.0
19/06/2018;11;1.0
19/06/2018;13;1.0
19/06/2018;14;1.0
19/06/2018;15;1.0
19/06/2018;16;1.0
19/06/2018;17;1.0
19/06/2018;18;1.0
19/06/2018;19;1.0
19/06/2018;20;1.0
19/06/2018;21;1.0
19/06/2018;22;1.0
19/06/2018;23;1.0
19/06/2018;24;0.948654359902105
19/06/2018;25;1.0
19/06/2018;26;1.0
19/06/2018;27;1.0
19/06/2018;28;1.0
19/06/2018;29;1.0
20/06/2018;11;1.0
20/06/2018;13;0.9710336847735171
20/06/2018;14;0.9898560593244301
20/06/2018;15;0.99832440135958
20/06/2018;16;1.0
20/06/2018;17;1.0
20/06/2018;18;0.9708576947399549
20/06/2018;19;1.0
20/06/2018;20;1.0
20/06/2018;21;1.0
20/06/2018;22;1.0
20/06/2018;23;1.0
20/06/2018;24;0.98696457591967
20/06/2018;25;1.0
20/06/2018;26;1.0
20/06/2018;27;1.0
20/06/2018;28;1.0
20/06/2018;29;1.0
21/06/2018;11;1.0
21/06/2018;13;0.846073922758055
21/06/2018;14;0.9269752051169879
21/06/2018;15;0.9671926486681619
21/06/2018;16;0.998576073022844
21/06/2018;17;1.0
21/06/2018;18;0.9502468067355591
21/06/2018;19;0.9436326109493279
21/06/2018;20;0.9916369515376371
21/06/2018;21;0.999705240019394
21/06/2018;22;0.984376063537888
21/06/2018;23;0.966451066926154
21/06/2018;24;0.9647927120294499
21/06/2018;25;1.0
21/06/2018;26;1.0
21/06/2018;27;1.0
21/06/2018;28;1.0
21/06/2018;29;1.0
22/06/2018;11;1.0
22/06/2018;13;1.0
22/06/2018;14;1.0
22/06/2018;15;0.990773505421937
22/06/2018;16;0.997348721067631
22/06/2018;17;1.0
22/06/2018;18;0.9793321225442329
22/06/2018;19;0.9750468016548349
22/06/2018;20;0.965548071180287
22/06/2018;21;0.9901038398276079
22/06/2018;22;0.9810157985105971
22/06/2018;23;0.9882663183273891
22/06/2018;24;0.912726580461035
22/06/2018;25;1.0
22/06/2018;26;1.0
22/06/2018;27;0.9510727788829779
22/06/2018;28;1.0
22/06/2018;29;1.0
23/06/2018;11;1.0
23/06/2018;13;1.0
23/06/2018;14;1.0
23/06/2018;15;1.0
23/06/2018;16;0.990238286091636
23/06/2018;17;1.0
23/06/2018;18;1.0
23/06/2018;19;1.0
23/06/2018;20;1.0
23/06/2018;21;1.0
23/06/2018;22;1.0
23/06/2018;23;0.994675143159705
23/06/2018;24;0.8029461243043851
23/06/2018;25;1.0
23/06/2018;26;0.997518229537922
23/06/2018;27;0.903764268955021
23/06/2018;28;1.0
23/06/2018;29;1.0
24/06/2018;11;1.0
24/06/2018;13;1.0
24/06/2018;14;1.0
24/06/2018;15;1.0
24/06/2018;16;0.98242871035391
24/06/2018;17;1.0
24/06/2018;18;1.0
24/06/2018;19;1.0
24/06/2018;20;1.0
24/06/2018;21;1.0
24/06/2018;22;1.0
24/06/2018;23;0.999994622068323
24/06/2018;24;1.0
24/06/2018;25;1.0
24/06/2018;26;0.9842626667295441
24/06/2018;27;0.36980474572134703
24/06/2018;28;1.0
24/06/2018;29;1.0
25/06/2018;11;1.0
25/06/2018;13;1.0
25/06/2018;14;1.0
25/06/2018;15;1.0
25/06/2018;16;1.0
25/06/2018;17;1.0
25/06/2018;18;1.0
25/06/2018;19;1.0
25/06/2018;20;1.0
25/06/2018;21;1.0
25/06/2018;22;1.0
25/06/2018;23;1.0
25/06/2018;24;1.06351427389053
25/06/2018;25;1.0
25/06/2018;26;0.9974466848895
25/06/2018;27;1.0
25/06/2018;28;1.0
25/06/2018;29;1.0
26/06/2018;11;1.0
26/06/2018;13;1.0
26/06/2018;14;1.0
26/06/2018;15;1.0
26/06/2018;16;1.0
26/06/2018;17;1.0
26/06/2018;18;1.0
26/06/2018;19;1.0
26/06/2018;20;1.0
26/06/2018;21;1.0
26/06/2018;22;1.0
26/06/2018;23;1.0
26/06/2018;24;1.07138256081732
26/06/2018;25;1.0
26/06/2018;26;1.0
26/06/2018;27;1.0
26/06/2018;28;1.0
26/06/2018;29;1.0
27/06/2018;11;1.0
27/06/2018;13;1.0
27/06/2018;14;1.0
27/06/2018;15;1.0
27/06/2018;16;1.0
27/06/2018;17;1.0
27/06/2018;18;1.0
27/06/2018;19;1.0
27/06/2018;20;1.0
27/06/2018;21;1.0
27/06/2018;22;1.0
27/06/2018;23;1.0
27/06/2018;24;1.04973582126104
27/06/2018;25;1.0
27/06/2018;26;1.0
27/06/2018;27;1.0
27/06/2018;28;1.0
27/06/2018;29;1.0
28/06/2018;11;1.0
28/06/2018;13;0.997016302278691
28/06/2018;14;1.0
28/06/2018;15;1.0
28/06/2018;16;0.99839727686843
28/06/2018;17;1.0
28/06/2018;18;0.9883309776416519
28/06/2018;19;1.0
28/06/2018;20;1.0
28/06/2018;21;1.0
28/06/2018;22;1.0
28/06/2018;23;1.0
28/06/2018;24;1.05460691915077
28/06/2018;25;1.0
28/06/2018;26;1.0
28/06/2018;27;1.0
28/06/2018;28;1.0
28/06/2018;29;1.0
29/06/2018;11;1.0
29/06/2018;13;0.9763575746120441
29/06/2018;14;1.0
29/06/2018;15;1.0
29/06/2018;16;0.9970182266073051
29/06/2018;17;1.0
29/06/2018;18;0.984429061790242
29/06/2018;19;1.0
29/06/2018;20;1.0
29/06/2018;21;1.0
29/06/2018;22;1.0
29/06/2018;23;1.0
29/06/2018;24;1.0
29/06/2018;25;1.0
29/06/2018;26;1.0
29/06/2018;27;1.0
29/06/2018;28;1.0
29/06/2018;29;1.0
30/06/2018;11;1.0
30/06/2018;13;1.0
30/06/2018;14;1.0
30/06/2018;15;1.0
30/06/2018;16;1.0
30/06/2018;17;1.0
30/06/2018;18;1.0
30/06/2018;19;1.0
30/06/2018;20;1.0
30/06/2018;21;1.0
30/06/2018;22;1.0
30/06/2018;23;1.0
30/06/2018;24;0.930204994190014
30/06/2018;25;1.0
30/06/2018;26;1.0
30/06/2018;27;1.0
30/06/2018;28;1.0
30/06/2018;29;1.0
01/07/2018;11;1.0
01/07/2018;13;1.0
01/07/2018;14;1.0
01/07/2018;15;1.0
01/07/2018;16;1.0
01/07/2018;17;1.0
01/07/2018;18;1.0
01/07/2018;19;1.0
01/07/2018;20;1.0
01/07/2018;21;1.0
01/07/2018;22;1.0
01/07/2018;23;1.0
01/07/2018;24;0.969399208551378
01/07/2018;25;1.0
01/07/2018;26;1.0
01/07/2018;27;1.0
01/07/2018;28;1.0
01/07/2018;29;1.0
02/07/2018;11;1.0
02/07/2018;13;1.0
02/07/2018;14;1.0
02/07/2018;15;1.0
02/07/2018;16;1.0
02/07/2018;17;1.0
02/07/2018;18;1.0
02/07/2018;19;1.0
02/07/2018;20;1.0
02/07/2018;21;1.0
02/07/2018;22;1.0
02/07/2018;23;1.0
02/07/2018;24;0.999621823499672
02/07/2018;25;1.0
02/07/2018;26;1.0
02/07/2018;27;1.0
02/07/2018;28;1.0
02/07/2018;29;1.0
03/07/2018;11;1.0
03/07/2018;13;1.0
03/07/2018;14;1.0
03/07/2018;15;1.0
03/07/2018;16;1.0
03/07/2018;17;1.0
03/07/2018;18;1.0
03/07/2018;19;1.0
03/07/2018;20;1.0
03/07/2018;21;1.0
03/07/2018;22;1.0
03/07/2018;23;1.0
03/07/2018;24;0.9984594758852281
03/07/2018;25;1.0
03/07/2018;26;1.0
03/07/2018;27;1.0
03/07/2018;28;1.0
03/07/2018;29;1.0
04/07/2018;11;1.0
04/07/2018;13;1.0
04/07/2018;14;1.0
04/07/2018;15;1.0
04/07/2018;16;1.0
04/07/2018;17;1.0
04/07/2018;18;1.0
04/07/2018;19;1.0
04/07/2018;20;1.0
04/07/2018;21;1.0
04/07/2018;22;1.0
04/07/2018;23;1.0
04/07/2018;24;0.9985130819676881
04/07/2018;25;1.0
04/07/2018;26;1.0
04/07/2018;27;1.0
04/07/2018;28;1.0
04/07/2018;29;1.0
05/07/2018;11;1.0
05/07/2018;13;1.0
05/07/2018;14;1.0
05/07/2018;15;1.0
05/07/2018;16;1.0
05/07/2018;17;1.0
05/07/2018;18;1.0
05/07/2018;19;1.0
05/07/2018;20;1.0
05/07/2018;21;1.0
05/07/2018;22;1.0
05/07/2018;23;1.0
05/07/2018;24;1.0
05/07/2018;25;1.0
05/07/2018;26;1.0
05/07/2018;27;1.0
05/07/2018;28;1.0
05/07/2018;29;1.0
06/07/2018;11;1.0
06/07/2018;13;1.0
06/07/2018;14;1.0
06/07/2018;15;1.0
06/07/2018;16;1.0
06/07/2018;17;1.0
06/07/2018;18;1.0
06/07/2018;19;1.0
06/07/2018;20;1.0
06/07/2018;21;1.0
06/07/2018;22;1.0
06/07/2018;23;1.0
06/07/2018;24;1.0
06/07/2018;25;1.0
06/07/2018;26;1.0
06/07/2018;27;1.0
06/07/2018;28;1.0
06/07/2018;29;1.0
07/07/2018;11;1.0
07/07/2018;13;1.0
07/07/2018;14;1.0
07/07/2018;15;1.0
07/07/2018;16;1.0
07/07/2018;17;1.0
07/07/2018;18;1.0
07/07/2018;19;1.0
07/07/2018;20;1.0
07/07/2018;21;1.0
07/07/2018;22;1.0
07/07/2018;23;1.0
07/07/2018;24;1.0
07/07/2018;25;1.0
07/07/2018;26;1.0
07/07/2018;27;1.0
07/07/2018;28;1.0
07/07/2018;29;1.0
08/07/2018;11;1.0
08/07/2018;13;1.0
08/07/2018;14;1.0
08/07/2018;15;1.0
08/07/2018;16;1.0
08/07/2018;17;1.0
08/07/2018;18;1.0
08/07/2018;19;1.0
08/07/2018;20;1.0
08/07/2018;21;1.0
08/07/2018;22;1.0
08/07/2018;23;1.0
08/07/2018;24;1.0
08/07/2018;25;1.0
08/07/2018;26;1.0
08/07/2018;27;1.0
08/07/2018;28;1.0
08/07/2018;29;1.0
09/07/2018;11;1.0
09/07/2018;13;1.0
09/07/2018;14;1.0
09/07/2018;15;1.0
09/07/2018;16;1.0
09/07/2018;17;1.0
09/07/2018;18;1.0
09/07/2018;19;1.0
09/07/2018;20;1.0
09/07/2018;21;1.0
09/07/2018;22;1.0
09/07/2018;23;1.0
09/07/2018;24;1.0
09/07/2018;25;1.0
09/07/2018;26;1.0
09/07/2018;27;1.0
09/07/2018;28;1.0
09/07/2018;29;1.0
10/07/2018;11;1.0
10/07/2018;13;1.0
10/07/2018;14;1.0
10/07/2018;15;1.0
10/07/2018;16;1.0
10/07/2018;17;1.0
10/07/2018;18;1.0
10/07/2018;19;1.0
10/07/2018;20;1.0
10/07/2018;21;1.0
10/07/2018;22;1.0
10/07/2018;23;1.0
10/07/2018;24;0.995978848047248
10/07/2018;25;1.0
10/07/2018;26;1.0
10/07/2018;27;1.0
10/07/2018;28;1.0
10/07/2018;29;1.0
11/07/2018;11;1.0
11/07/2018;13;1.0
11/07/2018;14;1.0
11/07/2018;15;1.0
11/07/2018;16;1.0
11/07/2018;17;1.0
11/07/2018;18;1.0
11/07/2018;19;1.0
11/07/2018;20;1.0
11/07/2018;21;1.0
11/07/2018;22;1.0
11/07/2018;23;1.0
11/07/2018;24;0.9885529672291741
11/07/2018;25;1.0
11/07/2018;26;1.0
11/07/2018;27;1.0
11/07/2018;28;1.0
11/07/2018;29;1.0
12/07/2018;11;1.0
12/07/2018;13;1.0
12/07/2018;14;1.0
12/07/2018;15;1.0
12/07/2018;16;1.0
12/07/2018;17;1.0
12/07/2018;18;1.0
12/07/2018;19;1.0
12/07/2018;20;1.0
12/07/2018;21;1.0
12/07/2018;22;1.0
12/07/2018;23;1.0
12/07/2018;24;0.9974462403468219
12/07/2018;25;1.0
12/07/2018;26;1.0
12/07/2018;27;1.0
12/07/2018;28;1.0
12/07/2018;29;1.0
13/07/2018;11;1.0
13/07/2018;13;1.0
13/07/2018;14;1.0
13/07/2018;15;1.0
13/07/2018;16;1.0
13/07/2018;17;1.0
13/07/2018;18;1.0
13/07/2018;19;1.0
13/07/2018;20;1.0
13/07/2018;21;1.0
13/07/2018;22;1.0
13/07/2018;23;1.0
13/07/2018;24;1.0
13/07/2018;25;1.0
13/07/2018;26;1.0
13/07/2018;27;1.0
13/07/2018;28;1.0
13/07/2018;29;1.0
14/07/2018;11;1.0
14/07/2018;13;1.0
14/07/2018;14;1.0
14/07/2018;15;1.0
14/07/2018;16;1.0
14/07/2018;17;1.0
14/07/2018;18;1.0
14/07/2018;19;1.0
14/07/2018;20;1.0
14/07/2018;21;1.0
14/07/2018;22;1.0
14/07/2018;23;1.0
14/07/2018;24;1.0
14/07/2018;25;1.0
14/07/2018;26;1.0
14/07/2018;27;1.0
14/07/2018;28;1.0
14/07/2018;29;1.0
15/07/2018;11;1.0
15/07/2018;13;1.0
15/07/2018;14;1.0
15/07/2018;15;1.0
15/07/2018;16;1.0
15/07/2018;17;1.0
15/07/2018;18;1.0
15/07/2018;19;1.0
15/07/2018;20;1.0
15/07/2018;21;1.0
15/07/2018;22;1.0
15/07/2018;23;1.0
15/07/2018;24;0.993037635579485
15/07/2018;25;1.0
15/07/2018;26;1.0
15/07/2018;27;1.0
15/07/2018;28;1.0
15/07/2018;29;1.0
16/07/2018;11;1.0
16/07/2018;13;1.0
16/07/2018;14;1.0
16/07/2018;15;1.0
16/07/2018;16;1.0
16/07/2018;17;1.0
16/07/2018;18;1.0
16/07/2018;19;1.0
16/07/2018;20;1.0
16/07/2018;21;1.0
16/07/2018;22;1.0
16/07/2018;23;1.0
16/07/2018;24;0.984679573989492
16/07/2018;25;1.0
16/07/2018;26;1.0
16/07/2018;27;1.0
16/07/2018;28;1.0
16/07/2018;29;1.0
17/07/2018;11;1.0
17/07/2018;13;1.0
17/07/2018;14;1.0
17/07/2018;15;1.0
17/07/2018;16;1.0
17/07/2018;17;1.0
17/07/2018;18;1.0
17/07/2018;19;1.0
17/07/2018;20;1.0
17/07/2018;21;1.0
17/07/2018;22;1.0
17/07/2018;23;1.0
17/07/2018;24;0.965932939980499
17/07/2018;25;1.0
17/07/2018;26;1.0
17/07/2018;27;0.938455811238378
17/07/2018;28;1.0
17/07/2018;29;1.0
18/07/2018;11;1.0
18/07/2018;13;1.0
18/07/2018;14;1.0
18/07/2018;15;1.0
18/07/2018;16;1.0
18/07/2018;17;1.0
18/07/2018;18;1.0
18/07/2018;19;1.0
18/07/2018;20;1.0
18/07/2018;21;1.0
18/07/2018;22;1.0
18/07/2018;23;1.0
18/07/2018;24;0.9920269188080759
18/07/2018;25;1.0
18/07/2018;26;1.0
18/07/2018;27;1.0
18/07/2018;28;1.0
18/07/2018;29;1.0
19/07/2018;11;1.0
19/07/2018;13;1.0
19/07/2018;14;1.0
19/07/2018;15;1.0
19/07/2018;16;1.0
19/07/2018;17;1.0
19/07/2018;18;1.0
19/07/2018;19;1.0
19/07/2018;20;1.0
19/07/2018;21;1.0
19/07/2018;22;1.0
19/07/2018;23;1.0
19/07/2018;24;1.0
19/07/2018;25;1.0
19/07/2018;26;1.0
19/07/2018;27;1.0
19/07/2018;28;1.0
19/07/2018;29;1.0
20/07/2018;11;1.0
20/07/2018;13;1.0
20/07/2018;14;1.0
20/07/2018;15;1.0
20/07/2018;16;1.0
20/07/2018;17;1.0
20/07/2018;18;1.0
20/07/2018;19;1.0
20/07/2018;20;1.0
20/07/2018;21;1.0
20/07/2018;22;1.0
20/07/2018;23;1.0
20/07/2018;24;1.0
20/07/2018;25;1.0
20/07/2018;26;1.0
20/07/2018;27;1.0
20/07/2018;28;1.0
20/07/2018;29;1.0
21/07/2018;11;1.0
21/07/2018;13;1.0
21/07/2018;14;1.0
21/07/2018;15;1.0
21/07/2018;16;1.0
21/07/2018;17;1.0
21/07/2018;18;1.0
21/07/2018;19;1.0
21/07/2018;20;1.0
21/07/2018;21;1.0
21/07/2018;22;1.0
21/07/2018;23;1.0
21/07/2018;24;1.0
21/07/2018;25;1.0
21/07/2018;26;1.0
21/07/2018;27;1.0
21/07/2018;28;1.0
21/07/2018;29;1.0
22/07/2018;11;1.0
22/07/2018;13;1.0
22/07/2018;14;1.0
22/07/2018;15;1.0
22/07/2018;16;1.0
22/07/2018;17;1.0
22/07/2018;18;1.0
22/07/2018;19;1.0
22/07/2018;20;1.0
22/07/2018;21;1.0
22/07/2018;22;1.0
22/07/2018;23;1.0
22/07/2018;24;1.0
22/07/2018;25;1.0
22/07/2018;26;1.0
22/07/2018;27;1.0
22/07/2018;28;1.0
22/07/2018;29;1.0
23/07/2018;11;1.0
23/07/2018;13;1.0
23/07/2018;14;1.0
23/07/2018;15;1.0
23/07/2018;16;1.0
23/07/2018;17;1.0
23/07/2018;18;1.0
23/07/2018;19;1.0
23/07/2018;20;1.0
23/07/2018;21;1.0
23/07/2018;22;1.0
23/07/2018;23;1.0
23/07/2018;24;0.9992438767472259
23/07/2018;25;1.0
23/07/2018;26;1.0
23/07/2018;27;1.0
23/07/2018;28;1.0
23/07/2018;29;1.0
24/07/2018;11;1.0
24/07/2018;13;1.0
24/07/2018;14;1.0
24/07/2018;15;0.999875604817897
24/07/2018;16;1.0
24/07/2018;17;1.0
24/07/2018;18;1.0
24/07/2018;19;1.0
24/07/2018;20;1.0
24/07/2018;21;1.0
24/07/2018;22;1.0
24/07/2018;23;1.0
24/07/2018;24;0.994631939942385
24/07/2018;25;1.0
24/07/2018;26;1.0
24/07/2018;27;1.0
24/07/2018;28;1.0
24/07/2018;29;1.0
25/07/2018;11;1.0
25/07/2018;13;1.0
25/07/2018;14;1.0
25/07/2018;15;0.990501468949202
25/07/2018;16;1.0
25/07/2018;17;1.0
25/07/2018;18;1.0
25/07/2018;19;1.0
25/07/2018;20;1.0
25/07/2018;21;1.0
25/07/2018;22;1.0
25/07/2018;23;1.0
25/07/2018;24;0.988710214690253
25/07/2018;25;1.0
25/07/2018;26;1.0
25/07/2018;27;1.0
25/07/2018;28;1.0
25/07/2018;29;1.0
26/07/2018;11;1.0
26/07/2018;13;1.0
26/07/2018;14;1.0
26/07/2018;15;1.0
26/07/2018;16;1.0
26/07/2018;17;1.0
26/07/2018;18;1.0
26/07/2018;19;1.0
26/07/2018;20;1.0
26/07/2018;21;1.0
26/07/2018;22;1.0
26/07/2018;23;1.0
26/07/2018;24;0.9912593290520891
26/07/2018;25;1.0
26/07/2018;26;1.0
26/07/2018;27;1.0
26/07/2018;28;1.0
26/07/2018;29;1.0
27/07/2018;11;1.0
27/07/2018;13;1.0
27/07/2018;14;1.0
27/07/2018;15;1.0
27/07/2018;16;1.0
27/07/2018;17;1.0
27/07/2018;18;1.0
27/07/2018;19;1.0
27/07/2018;20;1.0
27/07/2018;21;1.0
27/07/2018;22;1.0
27/07/2018;23;1.0
27/07/2018;24;0.9927033179617679
27/07/2018;25;1.0
27/07/2018;26;1.0
27/07/2018;27;1.0
27/07/2018;28;1.0
27/07/2018;29;1.0
28/07/2018;11;1.0
28/07/2018;13;1.0
28/07/2018;14;1.0
28/07/2018;15;1.0
28/07/2018;16;1.0
28/07/2018;17;1.0
28/07/2018;18;1.0
28/07/2018;19;1.0
28/07/2018;20;1.0
28/07/2018;21;1.0
28/07/2018;22;1.0
28/07/2018;23;1.0
28/07/2018;24;1.0
28/07/2018;25;1.0
28/07/2018;26;1.0
28/07/2018;27;1.0
28/07/2018;28;1.0
28/07/2018;29;1.0
29/07/2018;11;1.0
29/07/2018;13;1.0
29/07/2018;14;1.0
29/07/2018;15;1.0
29/07/2018;16;1.0
29/07/2018;17;1.0
29/07/2018;18;1.0
29/07/2018;19;1.0
29/07/2018;20;1.0
29/07/2018;21;1.0
29/07/2018;22;1.0
29/07/2018;23;1.0
29/07/2018;24;1.0
29/07/2018;25;1.0
29/07/2018;26;1.0
29/07/2018;27;1.0
29/07/2018;28;1.0
29/07/2018;29;1.0
30/07/2018;11;1.0
30/07/2018;13;1.0
30/07/2018;14;1.0
30/07/2018;15;1.0
30/07/2018;16;1.0
30/07/2018;17;1.0
30/07/2018;18;1.0
30/07/2018;19;1.0
30/07/2018;20;1.0
30/07/2018;21;1.0
30/07/2018;22;1.0
30/07/2018;23;1.0
30/07/2018;24;1.0
30/07/2018;25;1.0
30/07/2018;26;1.0
30/07/2018;27;1.0
30/07/2018;28;1.0
30/07/2018;29;1.0
31/07/2018;11;1.0
31/07/2018;13;1.0
31/07/2018;14;1.0
31/07/2018;15;1.0
31/07/2018;16;1.0
31/07/2018;17;1.0
31/07/2018;18;1.0
31/07/2018;19;1.0
31/07/2018;20;1.0
31/07/2018;21;1.0
31/07/2018;22;1.0
31/07/2018;23;1.0
31/07/2018;24;0.996936787957895
31/07/2018;25;1.0
31/07/2018;26;1.0
31/07/2018;27;1.0
31/07/2018;28;1.0
31/07/2018;29;1.0
01/08/2018;11;1.0
01/08/2018;13;1.0
01/08/2018;14;1.0
01/08/2018;15;1.0
01/08/2018;16;1.0
01/08/2018;17;1.0
01/08/2018;18;1.0
01/08/2018;19;1.0
01/08/2018;20;1.0
01/08/2018;21;1.0
01/08/2018;22;1.0
01/08/2018;23;1.0
01/08/2018;24;0.9894544446717679
01/08/2018;25;1.0
01/08/2018;26;1.0
01/08/2018;27;1.0
01/08/2018;28;1.0
01/08/2018;29;1.0
02/08/2018;11;1.0
02/08/2018;13;1.0
02/08/2018;14;1.0
02/08/2018;15;1.0
02/08/2018;16;1.0
02/08/2018;17;1.0
02/08/2018;18;1.0
02/08/2018;19;1.0
02/08/2018;20;1.0
02/08/2018;21;1.0
02/08/2018;22;1.0
02/08/2018;23;1.0
02/08/2018;24;1.0
02/08/2018;25;1.0
02/08/2018;26;1.0
02/08/2018;27;1.0
02/08/2018;28;1.0
02/08/2018;29;1.0
03/08/2018;11;1.0
03/08/2018;13;1.0
03/08/2018;14;1.0
03/08/2018;15;1.0
03/08/2018;16;1.0
03/08/2018;17;1.0
03/08/2018;18;1.0
03/08/2018;19;1.0
03/08/2018;20;1.0
03/08/2018;21;1.0
03/08/2018;22;1.0
03/08/2018;23;1.0
03/08/2018;24;1.0
03/08/2018;25;1.0
03/08/2018;26;1.0
03/08/2018;27;1.0
03/08/2018;28;1.0
03/08/2018;29;1.0
04/08/2018;11;1.0
04/08/2018;13;1.0
04/08/2018;14;1.0
04/08/2018;15;1.0
04/08/2018;16;1.0
04/08/2018;17;1.0
04/08/2018;18;1.0
04/08/2018;19;1.0
04/08/2018;20;1.0
04/08/2018;21;1.0
04/08/2018;22;1.0
04/08/2018;23;1.0
04/08/2018;24;1.0
04/08/2018;25;1.0
04/08/2018;26;1.0
04/08/2018;27;1.0
04/08/2018;28;1.0
04/08/2018;29;1.0
05/08/2018;11;1.0
05/08/2018;13;1.0
05/08/2018;14;1.0
05/08/2018;15;1.0
05/08/2018;16;1.0
05/08/2018;17;1.0
05/08/2018;18;1.0
05/08/2018;19;1.0
05/08/2018;20;1.0
05/08/2018;21;1.0
05/08/2018;22;1.0
05/08/2018;23;1.0
05/08/2018;24;1.0
05/08/2018;25;1.0
05/08/2018;26;1.0
05/08/2018;27;1.0
05/08/2018;28;1.0
05/08/2018;29;1.0
06/08/2018;11;1.0
06/08/2018;13;1.0
06/08/2018;14;1.0
06/08/2018;15;1.0
06/08/2018;16;1.0
06/08/2018;17;1.0
06/08/2018;18;1.0
06/08/2018;19;1.0
06/08/2018;20;1.0
06/08/2018;21;1.0
06/08/2018;22;1.0
06/08/2018;23;1.0
06/08/2018;24;1.0
06/08/2018;25;1.0
06/08/2018;26;1.0
06/08/2018;27;1.0
06/08/2018;28;1.0
06/08/2018;29;1.0
07/08/2018;11;1.0
07/08/2018;13;1.0
07/08/2018;14;1.0
07/08/2018;15;1.0
07/08/2018;16;1.0
07/08/2018;17;1.0
07/08/2018;18;1.0
07/08/2018;19;1.0
07/08/2018;20;1.0
07/08/2018;21;1.0
07/08/2018;22;1.0
07/08/2018;23;1.0
07/08/2018;24;0.9982368066851391
07/08/2018;25;1.0
07/08/2018;26;1.0
07/08/2018;27;1.0
07/08/2018;28;1.0
07/08/2018;29;1.0
08/08/2018;11;1.0
08/08/2018;13;1.0
08/08/2018;14;1.0
08/08/2018;15;1.0
08/08/2018;16;1.0
08/08/2018;17;1.0
08/08/2018;18;1.0
08/08/2018;19;1.0
08/08/2018;20;1.0
08/08/2018;21;1.0
08/08/2018;22;1.0
08/08/2018;23;1.0
08/08/2018;24;0.9953966424471891
08/08/2018;25;1.0
08/08/2018;26;1.0
08/08/2018;27;1.0
08/08/2018;28;1.0
08/08/2018;29;1.0
09/08/2018;11;1.0
09/08/2018;13;1.0
09/08/2018;14;1.0
09/08/2018;15;1.0
09/08/2018;16;1.0
09/08/2018;17;1.0
09/08/2018;18;1.0
09/08/2018;19;1.0
09/08/2018;20;1.0
09/08/2018;21;1.0
09/08/2018;22;1.0
09/08/2018;23;1.0
09/08/2018;24;1.0
09/08/2018;25;1.0
09/08/2018;26;1.0
09/08/2018;27;1.0
09/08/2018;28;1.0
09/08/2018;29;1.0
10/08/2018;11;1.0
10/08/2018;13;1.0
10/08/2018;14;1.0
10/08/2018;15;1.0
10/08/2018;16;1.0
10/08/2018;17;1.0
10/08/2018;18;1.0
10/08/2018;19;1.0
10/08/2018;20;1.0
10/08/2018;21;1.0
10/08/2018;22;1.0
10/08/2018;23;1.0
10/08/2018;24;1.0
10/08/2018;25;1.0
10/08/2018;26;1.0
10/08/2018;27;1.0
10/08/2018;28;1.0
10/08/2018;29;1.0
11/08/2018;11;1.0
11/08/2018;13;1.0
11/08/2018;14;1.0
11/08/2018;15;1.0
11/08/2018;16;1.0
11/08/2018;17;1.0
11/08/2018;18;1.0
11/08/2018;19;1.0
11/08/2018;20;1.0
11/08/2018;21;1.0
11/08/2018;22;1.0
11/08/2018;23;1.0
11/08/2018;24;1.0
11/08/2018;25;1.0
11/08/2018;26;1.0
11/08/2018;27;1.0
11/08/2018;28;1.0
11/08/2018;29;1.0
12/08/2018;11;1.0
12/08/2018;13;1.0
12/08/2018;14;1.0
12/08/2018;15;1.0
12/08/2018;16;1.0
12/08/2018;17;1.0
12/08/2018;18;1.0
12/08/2018;19;1.0
12/08/2018;20;1.0
12/08/2018;21;1.0
12/08/2018;22;1.0
12/08/2018;23;1.0
12/08/2018;24;1.0
12/08/2018;25;1.0
12/08/2018;26;1.0
12/08/2018;27;1.0
12/08/2018;28;1.0
12/08/2018;29;1.0
13/08/2018;11;1.0
13/08/2018;13;1.0
13/08/2018;14;1.0
13/08/2018;15;1.0
13/08/2018;16;1.0
13/08/2018;17;1.0
13/08/2018;18;1.0
13/08/2018;19;1.0
13/08/2018;20;1.0
13/08/2018;21;1.0
13/08/2018;22;1.0
13/08/2018;23;1.0
13/08/2018;24;0.9836285715932509
13/08/2018;25;1.0
13/08/2018;26;1.0
13/08/2018;27;1.0
13/08/2018;28;1.0
13/08/2018;29;1.0
14/08/2018;11;1.0
14/08/2018;13;1.0
14/08/2018;14;1.0
14/08/2018;15;1.0
14/08/2018;16;1.0
14/08/2018;17;1.0
14/08/2018;18;1.0
14/08/2018;19;1.0
14/08/2018;20;1.0
14/08/2018;21;1.0
14/08/2018;22;1.0
14/08/2018;23;1.0
14/08/2018;24;0.994905601367461
14/08/2018;25;1.0
14/08/2018;26;1.0
14/08/2018;27;1.0
14/08/2018;28;1.0
14/08/2018;29;1.0
15/08/2018;11;1.0
15/08/2018;13;1.0
15/08/2018;14;1.0
15/08/2018;15;1.0
15/08/2018;16;1.0
15/08/2018;17;1.0
15/08/2018;18;1.0
15/08/2018;19;1.0
15/08/2018;20;1.0
15/08/2018;21;1.0
15/08/2018;22;1.0
15/08/2018;23;1.0
15/08/2018;24;1.0
15/08/2018;25;1.0
15/08/2018;26;1.0
15/08/2018;27;1.0
15/08/2018;28;1.0
15/08/2018;29;1.0
16/08/2018;11;1.0
16/08/2018;13;1.0
16/08/2018;14;1.0
16/08/2018;15;1.0
16/08/2018;16;1.0
16/08/2018;17;1.0
16/08/2018;18;1.0
16/08/2018;19;1.0
16/08/2018;20;1.0
16/08/2018;21;1.0
16/08/2018;22;1.0
16/08/2018;23;1.0
16/08/2018;24;1.0
16/08/2018;25;1.0
16/08/2018;26;1.0
16/08/2018;27;1.0
16/08/2018;28;1.0
16/08/2018;29;1.0
17/08/2018;11;1.0
17/08/2018;13;1.0
17/08/2018;14;1.0
17/08/2018;15;1.0
17/08/2018;16;1.0
17/08/2018;17;1.0
17/08/2018;18;1.0
17/08/2018;19;1.0
17/08/2018;20;1.0
17/08/2018;21;1.0
17/08/2018;22;1.0
17/08/2018;23;1.0
17/08/2018;24;1.0
17/08/2018;25;1.0
17/08/2018;26;1.0
17/08/2018;27;1.0
17/08/2018;28;1.0
17/08/2018;29;1.0
18/08/2018;11;1.0
18/08/2018;13;1.0
18/08/2018;14;1.0
18/08/2018;15;1.0
18/08/2018;16;1.0
18/08/2018;17;1.0
18/08/2018;18;1.0
18/08/2018;19;1.0
18/08/2018;20;1.0
18/08/2018;21;1.0
18/08/2018;22;1.0
18/08/2018;23;1.0
18/08/2018;24;1.0
18/08/2018;25;1.0
18/08/2018;26;1.0
18/08/2018;27;1.0
18/08/2018;28;1.0
18/08/2018;29;1.0
19/08/2018;11;1.0
19/08/2018;13;1.0
19/08/2018;14;1.0
19/08/2018;15;1.0
19/08/2018;16;1.0
19/08/2018;17;1.0
19/08/2018;18;1.0
19/08/2018;19;1.0
19/08/2018;20;1.0
19/08/2018;21;1.0
19/08/2018;22;1.0
19/08/2018;23;1.0
19/08/2018;24;1.0
19/08/2018;25;1.0
19/08/2018;26;1.0
19/08/2018;27;1.0
19/08/2018;28;1.0
19/08/2018;29;1.0
20/08/2018;11;1.0
20/08/2018;13;1.0
20/08/2018;14;1.0
20/08/2018;15;1.0
20/08/2018;16;1.0
20/08/2018;17;1.0
20/08/2018;18;1.0
20/08/2018;19;1.0
20/08/2018;20;1.0
20/08/2018;21;1.0
20/08/2018;22;1.0
20/08/2018;23;1.0
20/08/2018;24;1.0
20/08/2018;25;1.0
20/08/2018;26;1.0
20/08/2018;27;1.0
20/08/2018;28;1.0
20/08/2018;29;1.0
21/08/2018;11;1.0
21/08/2018;13;1.0
21/08/2018;14;1.0
21/08/2018;15;1.0
21/08/2018;16;1.0
21/08/2018;17;1.0
21/08/2018;18;1.0
21/08/2018;19;1.0
21/08/2018;20;1.0
21/08/2018;21;1.0
21/08/2018;22;1.0
21/08/2018;23;1.0
21/08/2018;24;1.0
21/08/2018;25;1.0
21/08/2018;26;1.0
21/08/2018;27;1.0
21/08/2018;28;1.0
21/08/2018;29;1.0
22/08/2018;11;1.0
22/08/2018;13;1.0
22/08/2018;14;1.0
22/08/2018;15;1.0
22/08/2018;16;1.0
22/08/2018;17;1.0
22/08/2018;18;1.0
22/08/2018;19;1.0
22/08/2018;20;1.0
22/08/2018;21;1.0
22/08/2018;22;1.0
22/08/2018;23;1.0
22/08/2018;24;1.0
22/08/2018;25;1.0
22/08/2018;26;1.0
22/08/2018;27;1.0
22/08/2018;28;1.0
22/08/2018;29;1.0
23/08/2018;11;1.0
23/08/2018;13;1.0
23/08/2018;14;1.0
23/08/2018;15;1.0
23/08/2018;16;1.0
23/08/2018;17;1.0
23/08/2018;18;1.0
23/08/2018;19;1.0
23/08/2018;20;1.0
23/08/2018;21;1.0
23/08/2018;22;1.0
23/08/2018;23;1.0
23/08/2018;24;0.9964860395526709
23/08/2018;25;1.0
23/08/2018;26;1.0
23/08/2018;27;1.0
23/08/2018;28;1.0
23/08/2018;29;1.0
24/08/2018;11;1.0
24/08/2018;13;1.0
24/08/2018;14;1.0
24/08/2018;15;1.0
24/08/2018;16;1.0
24/08/2018;17;1.0
24/08/2018;18;1.0
24/08/2018;19;1.0
24/08/2018;20;1.0
24/08/2018;21;1.0
24/08/2018;22;1.0
24/08/2018;23;1.0
24/08/2018;24;0.9899284569506609
24/08/2018;25;1.0
24/08/2018;26;1.0
24/08/2018;27;1.0
24/08/2018;28;1.0
24/08/2018;29;1.0
25/08/2018;11;1.0
25/08/2018;13;1.0
25/08/2018;14;1.0
25/08/2018;15;1.0
25/08/2018;16;1.0
25/08/2018;17;1.0
25/08/2018;18;1.0
25/08/2018;19;1.0
25/08/2018;20;1.0
25/08/2018;21;1.0
25/08/2018;22;1.0
25/08/2018;23;1.0
25/08/2018;24;1.0
25/08/2018;25;1.0
25/08/2018;26;1.0
25/08/2018;27;1.0
25/08/2018;28;1.0
25/08/2018;29;1.0
26/08/2018;11;1.0
26/08/2018;13;1.0
26/08/2018;14;1.0
26/08/2018;15;1.0
26/08/2018;16;1.13053797788131
26/08/2018;17;1.0
26/08/2018;18;1.0
26/08/2018;19;1.0
26/08/2018;20;1.0
26/08/2018;21;1.0
26/08/2018;22;1.0
26/08/2018;23;1.0
26/08/2018;24;1.0
26/08/2018;25;1.0
26/08/2018;26;1.0
26/08/2018;27;1.0
26/08/2018;28;1.0
26/08/2018;29;1.0
27/08/2018;11;1.0
27/08/2018;13;1.0
27/08/2018;14;1.0
27/08/2018;15;1.0
27/08/2018;16;1.16577320185745
27/08/2018;17;1.0
27/08/2018;18;1.0
27/08/2018;19;1.0
27/08/2018;20;1.0
27/08/2018;21;1.0
27/08/2018;22;1.0
27/08/2018;23;1.0
27/08/2018;24;1.0208601910139299
27/08/2018;25;1.0
27/08/2018;26;1.0
27/08/2018;27;1.0
27/08/2018;28;1.0
27/08/2018;29;1.0
28/08/2018;11;1.0
28/08/2018;13;1.0
28/08/2018;14;1.0
28/08/2018;15;1.0
28/08/2018;16;1.0
28/08/2018;17;1.0
28/08/2018;18;1.0
28/08/2018;19;1.0
28/08/2018;20;1.0
28/08/2018;21;1.0
28/08/2018;22;1.0
28/08/2018;23;1.0
28/08/2018;24;1.0553158299304999
28/08/2018;25;1.0
28/08/2018;26;1.0
28/08/2018;27;1.0
28/08/2018;28;1.0
28/08/2018;29;1.0
29/08/2018;11;1.0
29/08/2018;13;1.0
29/08/2018;14;1.0
29/08/2018;15;1.0
29/08/2018;16;1.0
29/08/2018;17;1.0
29/08/2018;18;1.0
29/08/2018;19;1.0
29/08/2018;20;1.0
29/08/2018;21;1.0
29/08/2018;22;1.0
29/08/2018;23;1.0
29/08/2018;24;1.0
29/08/2018;25;1.0
29/08/2018;26;1.0
29/08/2018;27;1.0
29/08/2018;28;1.0
29/08/2018;29;1.0
30/08/2018;11;1.0
30/08/2018;13;1.0
30/08/2018;14;1.0
30/08/2018;15;0.999598831198557
30/08/2018;16;1.0
30/08/2018;17;1.0
30/08/2018;18;1.0
30/08/2018;19;1.0
30/08/2018;20;1.0
30/08/2018;21;1.0
30/08/2018;22;1.0
30/08/2018;23;1.0
30/08/2018;24;1.0
30/08/2018;25;1.0
30/08/2018;26;1.0
30/08/2018;27;1.0
30/08/2018;28;1.0
30/08/2018;29;1.0
31/08/2018;11;1.0
31/08/2018;13;1.0
31/08/2018;14;1.0
31/08/2018;15;0.980675547238244
31/08/2018;16;0.9985748671183449
31/08/2018;17;1.0
31/08/2018;18;1.0
31/08/2018;19;1.0
31/08/2018;20;1.0
31/08/2018;21;1.0
31/08/2018;22;1.0
31/08/2018;23;1.0
31/08/2018;24;0.9941874916781059
31/08/2018;25;1.0
31/08/2018;26;1.0
31/08/2018;27;1.0
31/08/2018;28;1.0
31/08/2018;29;1.0
01/09/2018;11;1.0
01/09/2018;13;1.0
01/09/2018;14;1.0
01/09/2018;15;0.9722002843890241
01/09/2018;16;0.9959823538191379
01/09/2018;17;1.0
01/09/2018;18;1.0
01/09/2018;19;1.0
01/09/2018;20;1.0
01/09/2018;21;0.999939366123682
01/09/2018;22;1.0
01/09/2018;23;1.0
01/09/2018;24;0.966025719512597
01/09/2018;25;1.0
01/09/2018;26;1.0
01/09/2018;27;1.0
01/09/2018;28;1.0
01/09/2018;29;1.0
02/09/2018;11;1.0
02/09/2018;13;0.988463416482303
02/09/2018;14;1.0
02/09/2018;15;1.0
02/09/2018;16;0.990825668747979
02/09/2018;17;1.0
02/09/2018;18;1.0
02/09/2018;19;1.0
02/09/2018;20;1.0
02/09/2018;21;0.9911070325430891
02/09/2018;22;1.0
02/09/2018;23;1.0
02/09/2018;24;0.9695389955239331
02/09/2018;25;1.0
02/09/2018;26;1.0
02/09/2018;27;1.0
02/09/2018;28;1.0
02/09/2018;29;1.0
03/09/2018;11;1.0
03/09/2018;13;0.979819456219809
03/09/2018;14;1.0
03/09/2018;15;1.0
03/09/2018;16;0.986024916005259
03/09/2018;17;1.0
03/09/2018;18;1.0
03/09/2018;19;1.0
03/09/2018;20;1.0
03/09/2018;21;1.0
03/09/2018;22;1.0
03/09/2018;23;1.0
03/09/2018;24;0.9715842191685801
03/09/2018;25;1.0
03/09/2018;26;1.0
03/09/2018;27;1.0
03/09/2018;28;1.0
03/09/2018;29;1.0
04/09/2018;11;1.0
04/09/2018;13;1.0
04/09/2018;14;1.0
04/09/2018;15;1.0
04/09/2018;16;1.0
04/09/2018;17;1.0
04/09/2018;18;1.0
04/09/2018;19;1.0
04/09/2018;20;1.0
04/09/2018;21;1.0
04/09/2018;22;1.0
04/09/2018;23;1.0
04/09/2018;24;0.964604200790433
04/09/2018;25;1.0
04/09/2018;26;1.0
04/09/2018;27;1.0
04/09/2018;28;1.0
04/09/2018;29;1.0
05/09/2018;11;1.0
05/09/2018;13;1.0
05/09/2018;14;1.0
05/09/2018;15;1.0
05/09/2018;16;1.0
05/09/2018;17;1.0
05/09/2018;18;1.0
05/09/2018;19;1.0
05/09/2018;20;1.0
05/09/2018;21;1.0
05/09/2018;22;1.0
05/09/2018;23;1.0
05/09/2018;24;0.9984978973854649
05/09/2018;25;1.0
05/09/2018;26;1.0
05/09/2018;27;1.0
05/09/2018;28;1.0
05/09/2018;29;1.0
06/09/2018;11;1.0
06/09/2018;13;1.0
06/09/2018;14;1.0
06/09/2018;15;0.9999881046256421
06/09/2018;16;0.998329826441748
06/09/2018;17;1.0
06/09/2018;18;1.0
06/09/2018;19;1.0
06/09/2018;20;1.0
06/09/2018;21;1.0
06/09/2018;22;1.0
06/09/2018;23;1.0
06/09/2018;24;0.984456938489588
06/09/2018;25;1.0
06/09/2018;26;1.0
06/09/2018;27;1.0
06/09/2018;28;1.0
06/09/2018;29;1.0
07/09/2018;11;1.0
07/09/2018;13;0.997502737577498
07/09/2018;14;1.0
07/09/2018;15;0.9966603498951291
07/09/2018;16;0.9941102244886559
07/09/2018;17;1.0
07/09/2018;18;1.0
07/09/2018;19;1.0
07/09/2018;20;1.0
07/09/2018;21;1.0
07/09/2018;22;1.0
07/09/2018;23;1.0
07/09/2018;24;0.9537515710589459
07/09/2018;25;1.0
07/09/2018;26;1.0
07/09/2018;27;1.0
07/09/2018;28;1.0
07/09/2018;29;1.0
08/09/2018;11;1.0
08/09/2018;13;0.933438383373265
08/09/2018;14;1.0
08/09/2018;15;0.9776388769346941
08/09/2018;16;0.9939850273080849
08/09/2018;17;1.0
08/09/2018;18;1.0
08/09/2018;19;1.0
08/09/2018;20;1.0
08/09/2018;21;1.0
08/09/2018;22;1.0
08/09/2018;23;1.0
08/09/2018;24;0.8916701956246601
08/09/2018;25;1.0
08/09/2018;26;1.0
08/09/2018;27;1.0
08/09/2018;28;1.0
08/09/2018;29;1.0
09/09/2018;11;1.0
09/09/2018;13;1.0
09/09/2018;14;1.0
09/09/2018;15;1.0
09/09/2018;16;1.0
09/09/2018;17;1.0
09/09/2018;18;1.0
09/09/2018;19;1.0
09/09/2018;20;1.0
09/09/2018;21;1.0
09/09/2018;22;1.0
09/09/2018;23;1.0
09/09/2018;24;0.884860149718344
09/09/2018;25;1.0
09/09/2018;26;1.0
09/09/2018;27;1.0
09/09/2018;28;1.0
09/09/2018;29;1.0
10/09/2018;11;1.0
10/09/2018;13;0.9919070594235991
10/09/2018;14;1.0
10/09/2018;15;0.9999546199929219
10/09/2018;16;1.0
10/09/2018;17;1.0
10/09/2018;18;1.0
10/09/2018;19;1.0
10/09/2018;20;1.0
10/09/2018;21;1.0
10/09/2018;22;1.0
10/09/2018;23;1.0
10/09/2018;24;0.9670284277618499
10/09/2018;25;1.0
10/09/2018;26;1.0
10/09/2018;27;0.9561254084287361
10/09/2018;28;1.0
10/09/2018;29;1.0
11/09/2018;11;1.0
11/09/2018;13;0.941565076348795
11/09/2018;14;1.0
11/09/2018;15;0.994315714596567
11/09/2018;16;0.993975817152188
11/09/2018;17;1.0
11/09/2018;18;1.0
11/09/2018;19;1.0
11/09/2018;20;1.0
11/09/2018;21;1.0
11/09/2018;22;1.0
11/09/2018;23;1.0
11/09/2018;24;0.9532816204338779
11/09/2018;25;1.0
11/09/2018;26;1.0
11/09/2018;27;1.0
11/09/2018;28;1.0
11/09/2018;29;1.0
12/09/2018;11;1.0
12/09/2018;13;1.0
12/09/2018;14;1.0
12/09/2018;15;0.9912528915027571
12/09/2018;16;0.9871146538358091
12/09/2018;17;1.0
12/09/2018;18;1.0
12/09/2018;19;1.0
12/09/2018;20;1.0
12/09/2018;21;0.999699861299093
12/09/2018;22;1.0
12/09/2018;23;1.0
12/09/2018;24;0.9674113187458521
12/09/2018;25;1.0
12/09/2018;26;1.0
12/09/2018;27;1.0
12/09/2018;28;1.0
12/09/2018;29;1.0
13/09/2018;11;1.0
13/09/2018;13;1.0
13/09/2018;14;1.0
13/09/2018;15;0.987812693602602
13/09/2018;16;0.9769092458583909
13/09/2018;17;1.0
13/09/2018;18;0.9861098733335879
13/09/2018;19;1.0
13/09/2018;20;1.0
13/09/2018;21;0.990480660247846
13/09/2018;22;1.0
13/09/2018;23;1.0
13/09/2018;24;0.9775870714030258
13/09/2018;25;1.0
13/09/2018;26;1.0
13/09/2018;27;1.0
13/09/2018;28;1.0
13/09/2018;29;1.0
14/09/2018;11;0.900235394489138
14/09/2018;13;0.9782802162284879
14/09/2018;14;0.986381719061972
14/09/2018;15;0.9543608987055509
14/09/2018;16;0.954223272460108
14/09/2018;17;1.0
14/09/2018;18;0.937927860328487
14/09/2018;19;0.9941750427129941
14/09/2018;20;1.0
14/09/2018;21;0.9990127559968192
14/09/2018;22;0.952966001462943
14/09/2018;23;1.0
14/09/2018;24;0.961454476799055
14/09/2018;25;1.0
14/09/2018;26;1.0
14/09/2018;27;1.0
14/09/2018;28;1.0
14/09/2018;29;1.0
15/09/2018;11;0.5405762386372229
15/09/2018;13;0.5649417772878399
15/09/2018;14;0.812591390758713
15/09/2018;15;0.8767915505597329
15/09/2018;16;0.966965364663408
15/09/2018;17;0.9977957498146892
15/09/2018;18;0.816436997881573
15/09/2018;19;0.9346046054834258
15/09/2018;20;0.9834222768041301
15/09/2018;21;0.9979413065063379
15/09/2018;22;0.858407069984435
15/09/2018;23;0.9922360169267359
15/09/2018;24;0.8351054874333492
15/09/2018;25;1.0
15/09/2018;26;1.0
15/09/2018;27;1.0
15/09/2018;28;1.0
15/09/2018;29;1.0
16/09/2018;11;0.44109714882496603
16/09/2018;13;0.437949940364039
16/09/2018;14;0.8234235296934509
16/09/2018;15;0.9130863914056
16/09/2018;16;0.9758606731057892
16/09/2018;17;0.9966351505614659
16/09/2018;18;0.8718273837631321
16/09/2018;19;0.9024406098136909
16/09/2018;20;0.888025561341756
16/09/2018;21;0.9488444890823481
16/09/2018;22;0.833809661471837
16/09/2018;23;0.977415049390565
16/09/2018;24;0.8083048728807231
16/09/2018;25;1.0
16/09/2018;26;1.0
16/09/2018;27;1.0
16/09/2018;28;1.0
16/09/2018;29;1.0
17/09/2018;11;0.762249404660265
17/09/2018;13;0.9200038189392221
17/09/2018;14;0.9439168195622221
17/09/2018;15;0.964806134923149
17/09/2018;16;0.9791586769416429
17/09/2018;17;1.0
17/09/2018;18;0.9709941157190479
17/09/2018;19;0.9373842617021729
17/09/2018;20;0.956935077580875
17/09/2018;21;0.9926530791262891
17/09/2018;22;0.9239640513539129
17/09/2018;23;0.9753346653627349
17/09/2018;24;0.953214724361375
17/09/2018;25;1.0
17/09/2018;26;0.98664694262567
17/09/2018;27;0.9643426203311959
17/09/2018;28;1.0
17/09/2018;29;1.0
18/09/2018;11;0.825692826671087
18/09/2018;13;0.8854811522454008
18/09/2018;14;0.9030970031558929
18/09/2018;15;0.9612407556496542
18/09/2018;16;0.9516903954113441
18/09/2018;17;1.0
18/09/2018;18;0.984470082167203
18/09/2018;19;0.9575997536065909
18/09/2018;20;0.9656312840802971
18/09/2018;21;0.9883316709017199
18/09/2018;22;0.9083244667054279
18/09/2018;23;0.9656551249075709
18/09/2018;24;0.9537976904909999
18/09/2018;25;1.0
18/09/2018;26;0.983021148396078
18/09/2018;27;0.9411023043474391
18/09/2018;28;1.0
18/09/2018;29;1.0
19/09/2018;11;0.876416171778146
19/09/2018;13;0.827011970171741
19/09/2018;14;0.993603077574455
19/09/2018;15;0.902392113877127
19/09/2018;16;0.9210315490003431
19/09/2018;17;1.0
19/09/2018;18;0.958515946722596
19/09/2018;19;0.94619995049613
19/09/2018;20;0.9920825949298041
19/09/2018;21;0.9899046058114891
19/09/2018;22;0.861278963414321
19/09/2018;23;0.954473952160069
19/09/2018;24;0.9503342393604499
19/09/2018;25;1.0
19/09/2018;26;0.989295290697039
19/09/2018;27;0.955346687159383
19/09/2018;28;1.0
19/09/2018;29;1.0
20/09/2018;11;1.0
20/09/2018;13;0.9229455025658101
20/09/2018;14;0.942074182410803
20/09/2018;15;0.909911161560136
20/09/2018;16;0.9285341168046329
20/09/2018;17;1.0
20/09/2018;18;0.9394020803994201
20/09/2018;19;0.957461448375565
20/09/2018;20;0.9632515766474811
20/09/2018;21;0.978749801944
20/09/2018;22;0.7957728509926899
20/09/2018;23;0.9564530437936999
20/09/2018;24;0.893506566745511
20/09/2018;25;1.0
20/09/2018;26;0.9858248649443841
20/09/2018;27;0.8812188698774509
20/09/2018;28;1.0
20/09/2018;29;1.0
21/09/2018;11;1.0
21/09/2018;13;0.9334235374315258
21/09/2018;14;0.9491810931260071
21/09/2018;15;0.916844196682861
21/09/2018;16;0.954464009183188
21/09/2018;17;1.0
21/09/2018;18;0.942774968402869
21/09/2018;19;0.907875884728808
21/09/2018;20;0.9617418899287931
21/09/2018;21;0.970378131606452
21/09/2018;22;0.7483987277725029
21/09/2018;23;0.932833651794579
21/09/2018;24;0.815734784287749
21/09/2018;25;1.0
21/09/2018;26;0.9885197312219951
21/09/2018;27;0.8010781400894891
21/09/2018;28;1.0
21/09/2018;29;0.985118678413189
22/09/2018;11;1.0
22/09/2018;13;0.630597627415555
22/09/2018;14;0.869224335829491
22/09/2018;15;0.8350168999211421
22/09/2018;16;0.961800192276085
22/09/2018;17;1.0
22/09/2018;18;0.8227460892842479
22/09/2018;19;0.861009475236311
22/09/2018;20;0.906722094946975
22/09/2018;21;0.9116621843552459
22/09/2018;22;0.6654111544173179
22/09/2018;23;0.926182358506739
22/09/2018;24;0.603978224693001
22/09/2018;25;1.0
22/09/2018;26;0.950353625069075
22/09/2018;27;0.691629340343588
22/09/2018;28;1.0
22/09/2018;29;0.99183312977883
23/09/2018;11;0.7250044658568191
23/09/2018;13;0.667747956502908
23/09/2018;14;0.871824376082552
23/09/2018;15;0.8918652042487009
23/09/2018;16;0.956369632217102
23/09/2018;17;0.97717543510105
23/09/2018;18;0.7918277782339059
23/09/2018;19;0.8608025021044141
23/09/2018;20;0.829361815795784
23/09/2018;21;0.928778400058098
23/09/2018;22;0.6799086145373809
23/09/2018;23;0.976247857358167
23/09/2018;24;0.615617861418689
23/09/2018;25;1.0
23/09/2018;26;0.949989493048532
23/09/2018;27;0.0
23/09/2018;28;1.0
23/09/2018;29;1.0
24/09/2018;11;0.761615218071609
24/09/2018;13;0.815054539689236
24/09/2018;14;0.906798898197336
24/09/2018;15;0.9308267472653471
24/09/2018;16;0.969764479489478
24/09/2018;17;0.955128527614665
24/09/2018;18;0.857007499582147
24/09/2018;19;0.8221600654899509
24/09/2018;20;0.9450743300971309
24/09/2018;21;0.971918641960658
24/09/2018;22;0.90002049996419
24/09/2018;23;0.930944904417211
24/09/2018;24;0.8898267895129721
24/09/2018;25;1.0
24/09/2018;26;0.982043667694775
24/09/2018;27;0.925550441794779
24/09/2018;28;1.0
24/09/2018;29;1.0
25/09/2018;11;0.7490444530363791
25/09/2018;13;0.7891156061752221
25/09/2018;14;0.9522540834433609
25/09/2018;15;1.01546928605727
25/09/2018;16;1.0505764609350798
25/09/2018;17;0.9729111072401841
25/09/2018;18;1.0
25/09/2018;19;0.8591594835220909
25/09/2018;20;0.924763801100701
25/09/2018;21;1.0
25/09/2018;22;0.886424324377952
25/09/2018;23;1.0464021112173398
25/09/2018;24;1.0
25/09/2018;25;1.0
25/09/2018;26;0.9736324777700142
25/09/2018;27;1.1570543912885802
25/09/2018;28;1.0
25/09/2018;29;1.0
26/09/2018;11;0.7897721576050151
26/09/2018;13;1.08268876835021
26/09/2018;14;1.24792388643277
26/09/2018;15;1.64442264539433
26/09/2018;16;1.28191983036075
26/09/2018;17;1.0
26/09/2018;18;1.19637189350885
26/09/2018;19;0.901630376798724
26/09/2018;20;0.9607423826298019
26/09/2018;21;1.1235451858518999
26/09/2018;22;0.8347804752169141
26/09/2018;23;1.00464253907268
26/09/2018;24;1.39866067849487
26/09/2018;25;1.0
26/09/2018;26;0.9921631314946541
26/09/2018;27;2.09818284445701
26/09/2018;28;1.0
26/09/2018;29;1.0
27/09/2018;11;0.8968563102763321
27/09/2018;13;1.5055981469494297
27/09/2018;14;1.0
27/09/2018;15;1.57202602558797
27/09/2018;16;1.2337765400934801
27/09/2018;17;1.0
27/09/2018;18;1.15453081683507
27/09/2018;19;0.874136453759298
27/09/2018;20;0.9470789497394321
27/09/2018;21;1.26739289882556
27/09/2018;22;0.816361640752262
27/09/2018;23;1.1487281599239199
27/09/2018;24;1.3834977152321597
27/09/2018;25;1.0
27/09/2018;26;0.971505146949024
27/09/2018;27;2.12165024888156
27/09/2018;28;1.0
27/09/2018;29;0.9600347820513371
28/09/2018;11;0.765987608122912
28/09/2018;13;1.0
28/09/2018;14;0.822473809757407
28/09/2018;15;1.0
28/09/2018;16;1.0
28/09/2018;17;0.978393087491862
28/09/2018;18;0.9398441535955909
28/09/2018;19;0.8706727581304631
28/09/2018;20;0.944461162476279
28/09/2018;21;1.1935358072648101
28/09/2018;22;0.7760899615099691
28/09/2018;23;1.0
28/09/2018;24;1.0
28/09/2018;25;1.0
28/09/2018;26;0.9699491070728509
28/09/2018;27;1.70721481724078
28/09/2018;28;1.0
28/09/2018;29;0.9844858936484251
29/09/2018;11;0.561006631136339
29/09/2018;13;0.44368061533961206
29/09/2018;14;0.7222455829092191
29/09/2018;15;0.82178818602871
29/09/2018;16;0.978306283670359
29/09/2018;17;0.9428310484529681
29/09/2018;18;0.7192468238515849
29/09/2018;19;0.77119333218051
29/09/2018;20;0.787725596147231
29/09/2018;21;1.0
29/09/2018;22;0.634623836325152
29/09/2018;23;0.9253016787153671
29/09/2018;24;0.783942221049988
29/09/2018;25;1.0
29/09/2018;26;0.9223947569022791
29/09/2018;27;1.0
29/09/2018;28;1.0
29/09/2018;29;0.9768322575619429
30/09/2018;11;0.36195084202855893
30/09/2018;13;0.343198118958616
30/09/2018;14;0.67466014353523
30/09/2018;15;1.0
30/09/2018;16;0.9121880302832741
30/09/2018;17;0.9673966603581441
30/09/2018;18;0.8200370810018269
30/09/2018;19;0.669435769156531
30/09/2018;20;0.741512118836427
30/09/2018;21;1.0
30/09/2018;22;0.572347899816309
30/09/2018;23;0.9368820698541149
30/09/2018;24;1.0
30/09/2018;25;1.0
30/09/2018;26;0.8934701190790291
30/09/2018;27;0.0
30/09/2018;28;1.0
30/09/2018;29;0.934936528341098
01/10/2018;11;1.15306217102669
01/10/2018;13;1.01151060340795
01/10/2018;14;1.2511256885802
01/10/2018;15;1.3975662885680602
01/10/2018;16;1.0
01/10/2018;17;0.9606164669749259
01/10/2018;18;1.24108343895572
01/10/2018;19;0.862267345100497
01/10/2018;20;0.9326800374066619
01/10/2018;21;1.0
01/10/2018;22;0.7312780250008359
01/10/2018;23;0.9397141023745501
01/10/2018;24;1.01231113404832
01/10/2018;25;1.0
01/10/2018;26;0.9733055130124492
01/10/2018;27;0.917817301865302
01/10/2018;28;1.0
01/10/2018;29;0.9905064723226701
02/10/2018;11;1.72086611001433
02/10/2018;13;1.62524819698553
02/10/2018;14;1.0
02/10/2018;15;1.4784819454767502
02/10/2018;16;1.1144977150844901
02/10/2018;17;0.920577103491047
02/10/2018;18;1.3671162200498799
02/10/2018;19;1.16934567472517
02/10/2018;20;1.0
02/10/2018;21;1.0109509142163
02/10/2018;22;0.8106937046664
02/10/2018;23;0.9989966044731919
02/10/2018;24;1.05100414212686
02/10/2018;25;1.0
02/10/2018;26;0.9959204632901059
02/10/2018;27;0.9800289029882109
02/10/2018;28;1.0
02/10/2018;29;1.0
03/10/2018;11;1.0
03/10/2018;13;1.5693825873695901
03/10/2018;14;1.16888364100584
03/10/2018;15;1.3101008312898201
03/10/2018;16;1.0
03/10/2018;17;0.9549673661901291
03/10/2018;18;1.28570216035121
03/10/2018;19;1.3007154572021102
03/10/2018;20;1.0
03/10/2018;21;1.11822909170216
03/10/2018;22;0.860430654336011
03/10/2018;23;1.05654192383595
03/10/2018;24;1.1044202467590802
03/10/2018;25;1.0
03/10/2018;26;0.994824471355458
03/10/2018;27;1.15091718356769
03/10/2018;28;1.0
03/10/2018;29;1.0
04/10/2018;11;0.7533880981620731
04/10/2018;13;1.0
04/10/2018;14;1.0
04/10/2018;15;1.0
04/10/2018;16;0.9529775679549151
04/10/2018;17;0.956653958266962
04/10/2018;18;1.0
04/10/2018;19;0.9587797654784641
04/10/2018;20;0.9858206578679991
04/10/2018;21;1.1796604137739999
04/10/2018;22;0.75136937180939
04/10/2018;23;0.9825155086870458
04/10/2018;24;1.1111189567308701
04/10/2018;25;1.0
04/10/2018;26;0.9746248946255891
04/10/2018;27;1.0
04/10/2018;28;1.0
04/10/2018;29;1.0
05/10/2018;11;0.707697225115759
05/10/2018;13;1.0
05/10/2018;14;0.8765424478878209
05/10/2018;15;0.9008228573219341
05/10/2018;16;0.8886739357330491
05/10/2018;17;0.907081102228422
05/10/2018;18;1.0441270848843198
05/10/2018;19;0.8189140582891721
05/10/2018;20;0.9271015304595099
05/10/2018;21;1.09752048335472
05/10/2018;22;0.621599541597327
05/10/2018;23;0.9254874193214271
05/10/2018;24;1.1556769361344599
05/10/2018;25;0.918458120438758
05/10/2018;26;0.9432495937866509
05/10/2018;27;0.901859085902485
05/10/2018;28;1.0
05/10/2018;29;1.0
06/10/2018;11;0.719651285947613
06/10/2018;13;0.9304556186613699
06/10/2018;14;0.836134147094544
06/10/2018;15;0.940101989245613
06/10/2018;16;0.8653412463614071
06/10/2018;17;0.8912602431558231
06/10/2018;18;1.1381941609764898
06/10/2018;19;0.835301031950948
06/10/2018;20;0.800417912723545
06/10/2018;21;1.0
06/10/2018;22;0.419225412483293
06/10/2018;23;0.918418171193853
06/10/2018;24;1.0
06/10/2018;25;0.927685856498134
06/10/2018;26;0.8707328161386999
06/10/2018;27;0.828990460917824
06/10/2018;28;1.0
06/10/2018;29;0.9623457867787559
07/10/2018;11;0.7262588405429721
07/10/2018;13;0.681421561489044
07/10/2018;14;0.843551619686705
07/10/2018;15;0.9523519523981601
07/10/2018;16;0.873983451560924
07/10/2018;17;0.93252813369302
07/10/2018;18;0.9160818115211429
07/10/2018;19;0.85879799612063
07/10/2018;20;0.7360490303954209
07/10/2018;21;1.0018613441548
07/10/2018;22;0.36354972111090705
07/10/2018;23;0.909409518551121
07/10/2018;24;0.8954284401789029
07/10/2018;25;1.0
07/10/2018;26;0.8380031101228359
07/10/2018;27;0.853179124979047
07/10/2018;28;1.0
07/10/2018;29;0.9400091865596579
08/10/2018;11;0.85024453040242
08/10/2018;13;0.809330408718551
08/10/2018;14;0.8978086294782791
08/10/2018;15;0.821101724397387
08/10/2018;16;0.8599804431357371
08/10/2018;17;0.973539210148967
08/10/2018;18;0.801679878767733
08/10/2018;19;0.8063436365171959
08/10/2018;20;0.908520893922081
08/10/2018;21;1.0
08/10/2018;22;0.7581332191931279
08/10/2018;23;0.9201741046605709
08/10/2018;24;0.9181844005137231
08/10/2018;25;1.0
08/10/2018;26;0.9044084414192759
08/10/2018;27;0.884622855937929
08/10/2018;28;1.0
08/10/2018;29;0.96440175510076
09/10/2018;11;0.758965078457481
09/10/2018;13;0.712269975146183
09/10/2018;14;0.8836053597526801
09/10/2018;15;0.7766737165695
09/10/2018;16;0.840134296168869
09/10/2018;17;0.975792599261987
09/10/2018;18;0.763558645059354
09/10/2018;19;0.7772171307498801
09/10/2018;20;0.8876868284767979
09/10/2018;21;0.912887288169429
09/10/2018;22;0.696606103334539
09/10/2018;23;0.889297297904933
09/10/2018;24;0.909453642350463
09/10/2018;25;0.936278508309641
09/10/2018;26;0.858997370843741
09/10/2018;27;0.8528026918825409
09/10/2018;28;0.8734669610699491
09/10/2018;29;0.9588051711331241
10/10/2018;11;0.683564275565013
10/10/2018;13;0.674933876125176
10/10/2018;14;0.846126918332172
10/10/2018;15;0.7768687769398621
10/10/2018;16;0.85241264861323
10/10/2018;17;0.892688515443495
10/10/2018;18;0.7750733063758449
10/10/2018;19;0.7772278754270759
10/10/2018;20;0.897308374042865
10/10/2018;21;0.8813090321316999
10/10/2018;22;0.7401435353991022
10/10/2018;23;0.8768232834963091
10/10/2018;24;0.8864550260473929
10/10/2018;25;0.9676288412185
10/10/2018;26;0.862573458604023
10/10/2018;27;0.824812390672889
10/10/2018;28;0.8758350760098721
10/10/2018;29;0.97098902585976
11/10/2018;11;1.0
11/10/2018;13;0.6976224164545279
11/10/2018;14;0.8522566372229351
11/10/2018;15;0.7761535271408051
11/10/2018;16;0.8138299620923901
11/10/2018;17;0.8145674583744301
11/10/2018;18;0.760994427092213
11/10/2018;19;0.7594098655957501
11/10/2018;20;0.865437442656571
11/10/2018;21;0.929663668501375
11/10/2018;22;0.6765792469544661
11/10/2018;23;0.955372738830447
11/10/2018;24;0.8623589372446411
11/10/2018;25;1.0
11/10/2018;26;0.9547554817413171
11/10/2018;27;0.8362836700782672
11/10/2018;28;0.971466337861605
11/10/2018;29;0.981580712198641
12/10/2018;11;0.936946877713494
12/10/2018;13;0.7993060201877941
12/10/2018;14;0.8203092844053329
12/10/2018;15;0.7378200518939609
12/10/2018;16;0.796800603238077
12/10/2018;17;0.813940271055011
12/10/2018;18;0.736252493247509
12/10/2018;19;0.7188522998732741
12/10/2018;20;0.902422487003494
12/10/2018;21;0.9004865145782359
12/10/2018;22;0.552638832304719
12/10/2018;23;0.877685540438043
12/10/2018;24;0.865429971145685
12/10/2018;25;1.0
12/10/2018;26;0.9739086882474609
12/10/2018;27;0.8436796861246779
12/10/2018;28;1.0
12/10/2018;29;0.9953722047494592
13/10/2018;11;0.487734400770827
13/10/2018;13;0.43753357178886704
13/10/2018;14;0.625601065020895
13/10/2018;15;0.6153341287264661
13/10/2018;16;0.7589040457584592
13/10/2018;17;0.79471601690733
13/10/2018;18;0.5568057883226301
13/10/2018;19;0.652199694510365
13/10/2018;20;0.7093263710593709
13/10/2018;21;0.817890055252138
13/10/2018;22;0.273946652020242
13/10/2018;23;0.899131914315815
13/10/2018;24;0.8291918163567759
13/10/2018;25;0.8977664126435021
13/10/2018;26;0.9238724558059581
13/10/2018;27;1.0
13/10/2018;28;1.0
13/10/2018;29;0.9623457867787559
14/10/2018;11;0.461011975499721
14/10/2018;13;0.501025389193507
14/10/2018;14;0.54168306045951
14/10/2018;15;0.594436390836418
14/10/2018;16;0.7372624939040581
14/10/2018;17;0.74515994547408
14/10/2018;18;0.518051336036639
14/10/2018;19;0.6022001326916729
14/10/2018;20;0.631981561743974
14/10/2018;21;0.9441753349685991
14/10/2018;22;0.166449031340748
14/10/2018;23;0.9812575185918551
14/10/2018;24;0.8997122014478001
14/10/2018;25;0.7902843104020709
14/10/2018;26;0.93726933974028
14/10/2018;27;1.31966486919026
14/10/2018;28;0.8422247939146149
14/10/2018;29;0.811926353571019
15/10/2018;11;0.5019506157146111
15/10/2018;13;0.590197091765385
15/10/2018;14;0.61937312970802
15/10/2018;15;0.709357434970251
15/10/2018;16;0.758676134401062
15/10/2018;17;0.725522569728517
15/10/2018;18;0.6904541005577091
15/10/2018;19;0.6378762297831221
15/10/2018;20;0.879677523132412
15/10/2018;21;0.9734925747497021
15/10/2018;22;0.633564637373246
15/10/2018;23;0.982419242871145
15/10/2018;24;1.00492778631299
15/10/2018;25;0.854525689190996
15/10/2018;26;0.86645730595075
15/10/2018;27;1.0
15/10/2018;28;0.8907782759860792
15/10/2018;29;0.8948413328014371
16/10/2018;11;0.468533358356169
16/10/2018;13;0.464799029116548
16/10/2018;14;0.6108125376955601
16/10/2018;15;0.7257144238665328
16/10/2018;16;0.7535634271323409
16/10/2018;17;0.661589836059677
16/10/2018;18;0.779260838540994
16/10/2018;19;0.6079473681631921
16/10/2018;20;0.816002115993089
16/10/2018;21;0.912639397610158
16/10/2018;22;0.5368795303103859
16/10/2018;23;0.859706548295757
16/10/2018;24;0.975117072947273
16/10/2018;25;0.872848262303193
16/10/2018;26;0.8215785385163321
16/10/2018;27;0.806053396517958
16/10/2018;28;0.8936409849340029
16/10/2018;29;0.917513520180794
17/10/2018;11;0.46512716575211704
17/10/2018;13;0.365603879684592
17/10/2018;14;0.716179005852902
17/10/2018;15;0.6362149898000841
17/10/2018;16;0.713034309744607
17/10/2018;17;0.660807495008792
17/10/2018;18;0.7426325855139131
17/10/2018;19;0.6214098517180251
17/10/2018;20;0.832013762087667
17/10/2018;21;0.841481971617399
17/10/2018;22;0.452478078615718
17/10/2018;23;0.8473193135043399
17/10/2018;24;0.8454777243404491
17/10/2018;25;1.15374085825872
17/10/2018;26;0.819248351200736
17/10/2018;27;0.7663274069120559
17/10/2018;28;0.7938275639356809
17/10/2018;29;0.8556727109084742
18/10/2018;11;0.4516812463525429
18/10/2018;13;0.334234532129901
18/10/2018;14;0.765154412544141
18/10/2018;15;0.615023391882506
18/10/2018;16;0.6739345601496289
18/10/2018;17;0.633790755185043
18/10/2018;18;0.583278275423205
18/10/2018;19;0.6201859096884721
18/10/2018;20;0.834024698246839
18/10/2018;21;0.8265203156209059
18/10/2018;22;0.406372437433761
18/10/2018;23;0.819665925583971
18/10/2018;24;0.814176179186687
18/10/2018;25;1.0
18/10/2018;26;0.8137329145572869
18/10/2018;27;0.7066400719747751
18/10/2018;28;0.771315768937725
18/10/2018;29;0.807830375162059
19/10/2018;11;0.420077155605961
19/10/2018;13;0.320866018897123
19/10/2018;14;0.527328085636343
19/10/2018;15;0.5683119087080479
19/10/2018;16;0.6845273769980941
19/10/2018;17;0.661045180936615
19/10/2018;18;0.533679478259197
19/10/2018;19;0.705486076368971
19/10/2018;20;0.7976921889757371
19/10/2018;21;0.815423757117022
19/10/2018;22;0.392103588952934
19/10/2018;23;0.8822991123861809
19/10/2018;24;0.83758756294181
19/10/2018;25;0.81308460426471
19/10/2018;26;0.816711970256008
19/10/2018;27;0.682016871785812
19/10/2018;28;0.802691761962544
19/10/2018;29;0.83567935173089
20/10/2018;11;0.37339660010089704
20/10/2018;13;0.211940225189588
20/10/2018;14;0.42062361138171
20/10/2018;15;0.43036319499843395
20/10/2018;16;0.654086967648623
20/10/2018;17;0.7305413825969599
20/10/2018;18;0.37864328369100303
20/10/2018;19;0.656914186925141
20/10/2018;20;0.619728433118223
20/10/2018;21;0.722967776175919
20/10/2018;22;0.23001207071001897
20/10/2018;23;0.8595292254286501
20/10/2018;24;0.82227359918173
20/10/2018;25;0.73759600889126
20/10/2018;26;0.7886819599983349
20/10/2018;27;0.6385211602093791
20/10/2018;28;0.829476526560111
20/10/2018;29;0.9185900837597031
21/10/2018;11;0.37892367638804
21/10/2018;13;0.34234718521838203
21/10/2018;14;0.43580805045916704
21/10/2018;15;0.48417882178810795
21/10/2018;16;0.68415873313291
21/10/2018;17;0.6352266529313381
21/10/2018;18;0.49345211200029
21/10/2018;19;0.5507216529260219
21/10/2018;20;0.47965518446178995
21/10/2018;21;1.0
21/10/2018;22;0.118768100994254
21/10/2018;23;0.9555998587184159
21/10/2018;24;1.0
21/10/2018;25;0.858571590793186
21/10/2018;26;0.7100014939147271
21/10/2018;27;1.0
21/10/2018;28;0.947627947211501
21/10/2018;29;0.9509067974203751
22/10/2018;11;0.601125633994806
22/10/2018;13;0.780595922883425
22/10/2018;14;1.0
22/10/2018;15;1.0
22/10/2018;16;1.0
22/10/2018;17;0.7776942281600809
22/10/2018;18;1.0
22/10/2018;19;1.0
22/10/2018;20;1.0
22/10/2018;21;1.09376994849539
22/10/2018;22;1.2409477416605
22/10/2018;23;1.14148071273023
22/10/2018;24;1.31216925888897
22/10/2018;25;1.40858828158292
22/10/2018;26;1.00871937186529
22/10/2018;27;1.3819537018741999
22/10/2018;28;1.0
22/10/2018;29;0.8981430137094091
23/10/2018;11;0.884336146105308
23/10/2018;13;1.04515606677492
23/10/2018;14;1.27124766652938
23/10/2018;15;1.0
23/10/2018;16;0.9972844993542109
23/10/2018;17;0.826055446205575
23/10/2018;18;1.0
23/10/2018;19;0.7195230607073291
23/10/2018;20;1.0
23/10/2018;21;1.0
23/10/2018;22;1.0
23/10/2018;23;0.998869570808744
23/10/2018;24;1.34335220433691
23/10/2018;25;1.0
23/10/2018;26;1.0
23/10/2018;27;1.3900058533930701
23/10/2018;28;0.949066230911597
23/10/2018;29;0.925815536924338
24/10/2018;11;0.7250683249207289
24/10/2018;13;0.8312475492257181
24/10/2018;14;0.9606513617126009
24/10/2018;15;1.0
24/10/2018;16;0.869964399260187
24/10/2018;17;0.650335685303426
24/10/2018;18;0.7933056423905079
24/10/2018;19;1.0
24/10/2018;20;1.0
24/10/2018;21;0.942081471376423
24/10/2018;22;1.0
24/10/2018;23;0.8144294806015592
24/10/2018;24;0.9730314009285199
24/10/2018;25;0.857790826418586
24/10/2018;26;0.857733779397178
24/10/2018;27;1.1142972085247
24/10/2018;28;0.849198562585215
24/10/2018;29;0.893875776317388
25/10/2018;11;0.424265623274072
25/10/2018;13;0.34800984126077006
25/10/2018;14;0.550956109372475
25/10/2018;15;0.992187771060097
25/10/2018;16;0.923734701986853
25/10/2018;17;0.6652788236643971
25/10/2018;18;0.6949937394900739
25/10/2018;19;0.9894325890722909
25/10/2018;20;1.0
25/10/2018;21;0.902687532309425
25/10/2018;22;1.0
25/10/2018;23;0.977199192518091
25/10/2018;24;0.855506521604673
25/10/2018;25;0.8832397687281479
25/10/2018;26;0.9472255305068791
25/10/2018;27;0.9752383956613241
25/10/2018;28;0.9053672557865791
25/10/2018;29;0.8888726078829521
26/10/2018;11;0.41260899109560706
26/10/2018;13;0.472058264247593
26/10/2018;14;0.498232102043344
26/10/2018;15;0.8662674745437551
26/10/2018;16;1.00787633959341
26/10/2018;17;0.67634809982535
26/10/2018;18;0.8418987916418441
26/10/2018;19;0.688433039282438
26/10/2018;20;0.7701527344655842
26/10/2018;21;0.8012264310788879
26/10/2018;22;0.481563200479486
26/10/2018;23;0.9285741463688241
26/10/2018;24;0.8778875976629971
26/10/2018;25;0.891368079175183
26/10/2018;26;0.86876709674714
26/10/2018;27;0.8216654046072149
26/10/2018;28;0.951004937557759
26/10/2018;29;0.8387595842407339
27/10/2018;11;0.5243424507935449
27/10/2018;13;0.6029879185374699
27/10/2018;14;0.606116049770222
27/10/2018;15;0.634902773790652
27/10/2018;16;0.90196825903566
27/10/2018;17;0.6850639057711909
27/10/2018;18;0.5802147503695171
27/10/2018;19;0.555765830945365
27/10/2018;20;0.5160392420169659
27/10/2018;21;0.704182377651958
27/10/2018;22;0.182300537803347
27/10/2018;23;0.786854238595259
27/10/2018;24;0.663789797062286
27/10/2018;25;0.77215038276908
27/10/2018;26;0.6991861383653111
27/10/2018;27;0.533201213436686
27/10/2018;28;0.769466954655265
27/10/2018;29;0.748888120376427
28/10/2018;11;0.8038592965153891
28/10/2018;13;0.512015951371688
28/10/2018;14;1.0
28/10/2018;15;0.475507992753293
28/10/2018;16;0.65917511112042
28/10/2018;17;0.571785629307412
28/10/2018;18;0.301151806009371
28/10/2018;19;0.44647621847972707
28/10/2018;20;0.38037601598147797
28/10/2018;21;0.46993504313596296
28/10/2018;22;0.06978168623033298
28/10/2018;23;0.768119068626399
28/10/2018;24;0.56453332140372
28/10/2018;25;0.736039966151021
28/10/2018;26;0.6070039657463051
28/10/2018;27;0.39810071459239504
28/10/2018;28;0.6822989798292459
28/10/2018;29;0.729853802003011
29/10/2018;11;0.918637613990809
29/10/2018;13;0.47299234475153706
29/10/2018;14;1.09455143679615
29/10/2018;15;0.502396224769969
29/10/2018;16;0.66743696770035
29/10/2018;17;0.7181223423836041
29/10/2018;18;0.48435920116586895
29/10/2018;19;0.5057039077193249
29/10/2018;20;0.630511122214287
29/10/2018;21;0.73192637892225
29/10/2018;22;0.30859784885690505
29/10/2018;23;0.782494655116345
29/10/2018;24;0.7047656362754939
29/10/2018;25;0.781366197980614
29/10/2018;26;0.743434726952003
29/10/2018;27;0.553585909187421
29/10/2018;28;0.9052825649096191
29/10/2018;29;0.761277385211141
30/10/2018;11;1.06517964029981
30/10/2018;13;0.5819262472985229
30/10/2018;14;0.9892792450066641
30/10/2018;15;0.624979036483551
30/10/2018;16;0.712122102281616
30/10/2018;17;1.02239175131289
30/10/2018;18;0.607161854508251
30/10/2018;19;0.7459835886019192
30/10/2018;20;0.7086060901917741
30/10/2018;21;0.7224450605893691
30/10/2018;22;0.5568520107338929
30/10/2018;23;0.771587714528709
30/10/2018;24;0.7882716433491841
30/10/2018;25;0.770475042447483
30/10/2018;26;0.7133126067976471
30/10/2018;27;0.6822856713347609
30/10/2018;28;0.8596927047021461
30/10/2018;29;0.7546218299172741
31/10/2018;11;1.17801427367632
31/10/2018;13;0.783782188877473
31/10/2018;14;1.0
31/10/2018;15;0.790445243957758
31/10/2018;16;0.8570164680307719
31/10/2018;17;1.1967123125173602
31/10/2018;18;0.8016947089511322
31/10/2018;19;0.89725625751536
31/10/2018;20;0.950230812226625
31/10/2018;21;1.0
31/10/2018;22;1.0
31/10/2018;23;0.957732950507758
31/10/2018;24;0.949700428639043
31/10/2018;25;0.8532280391017709
31/10/2018;26;0.8512834361938589
31/10/2018;27;0.9363511186920419
31/10/2018;28;1.23396904161193
31/10/2018;29;1.0865725731390201
01/11/2018;11;1.13501005743413
01/11/2018;13;0.9629753875569391
01/11/2018;14;1.0073381610846301
01/11/2018;15;0.890383373509641
01/11/2018;16;0.921316171597265
01/11/2018;17;1.1169893764977599
01/11/2018;18;0.8670375404764621
01/11/2018;19;0.8585999688103401
01/11/2018;20;0.9538958490985658
01/11/2018;21;0.970134307013304
01/11/2018;22;0.925735767806817
01/11/2018;23;1.0177917248721802
01/11/2018;24;0.9383775852460859
01/11/2018;25;0.9084273107938391
01/11/2018;26;0.948116767047565
01/11/2018;27;0.9898771943482192
01/11/2018;28;0.9799982487030071
01/11/2018;29;1.0
02/11/2018;11;0.945489103807397
02/11/2018;13;0.9261059743528609
02/11/2018;14;1.07007582425813
02/11/2018;15;0.8041924906216529
02/11/2018;16;0.863494703898895
02/11/2018;17;1.0962447795496701
02/11/2018;18;0.8811617408967249
02/11/2018;19;0.8128713356579879
02/11/2018;20;0.829944698056905
02/11/2018;21;0.9024181584558141
02/11/2018;22;0.7981990885709749
02/11/2018;23;0.9785393606156559
02/11/2018;24;0.939164499224
02/11/2018;25;0.877133828673785
02/11/2018;26;0.881747058126904
02/11/2018;27;0.9418385289187929
02/11/2018;28;0.9034005793735559
02/11/2018;29;0.8386793424376892
03/11/2018;11;0.835654913777588
03/11/2018;13;0.7958468817628
03/11/2018;14;0.975052584868396
03/11/2018;15;0.698757142094049
03/11/2018;16;0.821689614840509
03/11/2018;17;1.10487696900182
03/11/2018;18;0.889676613554929
03/11/2018;19;0.732941096750715
03/11/2018;20;0.774156070699537
03/11/2018;21;0.903782257017885
03/11/2018;22;0.7862185146973459
03/11/2018;23;0.921417125242972
03/11/2018;24;0.9346519935378701
03/11/2018;25;0.8842459018532092
03/11/2018;26;0.883595268231687
03/11/2018;27;0.866677323379174
03/11/2018;28;0.9313072387518191
03/11/2018;29;0.8391964556291149
04/11/2018;11;0.779618171470037
04/11/2018;13;0.733572881624869
04/11/2018;14;0.854910215661007
04/11/2018;15;0.6352376522266899
04/11/2018;16;0.7596826730759929
04/11/2018;17;0.952945893355024
04/11/2018;18;0.8450270577764
04/11/2018;19;0.6471303676761071
04/11/2018;20;0.804221425373881
04/11/2018;21;0.903371513257567
04/11/2018;22;0.889752573582753
04/11/2018;23;0.8775064104524459
04/11/2018;24;0.9427166054524421
04/11/2018;25;0.906662637695938
04/11/2018;26;0.900145557626007
04/11/2018;27;1.0
04/11/2018;28;0.98336799132542
04/11/2018;29;0.8173608089677571
05/11/2018;11;0.738057239702427
05/11/2018;13;0.741506421681628
05/11/2018;14;0.8419425493870341
05/11/2018;15;0.7567488238391371
05/11/2018;16;0.7880345185727209
05/11/2018;17;0.831088750399828
05/11/2018;18;0.850685518455991
05/11/2018;19;0.833316682881873
05/11/2018;20;1.0
05/11/2018;21;0.9191137279417041
05/11/2018;22;1.00679810567534
05/11/2018;23;0.950228530718237
05/11/2018;24;1.01965114075445
05/11/2018;25;0.9482664155100191
05/11/2018;26;0.9482029967284359
05/11/2018;27;1.03366114188544
05/11/2018;28;1.07360266922524
05/11/2018;29;0.8956987209728839
06/11/2018;11;0.7645052883886891
06/11/2018;13;0.672775583136025
06/11/2018;14;0.8092339670197779
06/11/2018;15;0.785647299630343
06/11/2018;16;0.808838411085788
06/11/2018;17;0.8321686530506008
06/11/2018;18;0.8138187624427299
06/11/2018;19;0.8496308301302842
06/11/2018;20;0.9967555109092571
06/11/2018;21;0.9510796929765309
06/11/2018;22;0.952116988960887
06/11/2018;23;1.0017279734598699
06/11/2018;24;1.0
06/11/2018;25;0.9873528633836229
06/11/2018;26;1.0
06/11/2018;27;1.05849928562271
06/11/2018;28;1.02323388175587
06/11/2018;29;1.0603589545583
07/11/2018;11;0.7461445001221091
07/11/2018;13;0.6126452412595179
07/11/2018;14;0.783591525569968
07/11/2018;15;0.7239787118034771
07/11/2018;16;0.7572228035604259
07/11/2018;17;0.859585567798544
07/11/2018;18;0.790608459756902
07/11/2018;19;0.7739508438069409
07/11/2018;20;0.8574720848130161
07/11/2018;21;0.9335330216123671
07/11/2018;22;0.8703488118537759
07/11/2018;23;1.0
07/11/2018;24;0.957875894659678
07/11/2018;25;0.917690439462952
07/11/2018;26;1.00857140442201
07/11/2018;27;1.06150512939547
07/11/2018;28;0.9266421503326451
07/11/2018;29;0.920097992965614
08/11/2018;11;0.7486691598444951
08/11/2018;13;0.6371138707539661
08/11/2018;14;0.735673897421284
08/11/2018;15;0.812378215683728
08/11/2018;16;0.7746911448913871
08/11/2018;17;0.922528029961669
08/11/2018;18;0.763914247155818
08/11/2018;19;0.813593249806557
08/11/2018;20;1.0
08/11/2018;21;1.0
08/11/2018;22;1.0
08/11/2018;23;0.9920066719153791
08/11/2018;24;0.9737244877513821
08/11/2018;25;1.0
08/11/2018;26;0.9935006228769592
08/11/2018;27;1.0
08/11/2018;28;0.901179476885077
08/11/2018;29;0.951620206196489
09/11/2018;11;0.759809581707904
09/11/2018;13;0.6793499338256179
09/11/2018;14;0.7377317452943369
09/11/2018;15;0.892521477038785
09/11/2018;16;0.8770026504316629
09/11/2018;17;0.9004041033392091
09/11/2018;18;0.871666540322874
09/11/2018;19;0.8970022163124108
09/11/2018;20;1.0392431386238101
09/11/2018;21;1.0201759162638002
09/11/2018;22;0.9944901377861701
09/11/2018;23;1.00142161527012
09/11/2018;24;0.9682600404218149
09/11/2018;25;1.06996340044736
09/11/2018;26;1.0
09/11/2018;27;0.9852271497285029
09/11/2018;28;1.01088048214679
09/11/2018;29;0.9940858138940128
10/11/2018;11;0.744162513677621
10/11/2018;13;0.69140904747282
10/11/2018;14;0.7525575015010649
10/11/2018;15;0.8632089227337891
10/11/2018;16;0.955604016832182
10/11/2018;17;0.8758218289362649
10/11/2018;18;0.962551636284286
10/11/2018;19;0.918969916844991
10/11/2018;20;1.04773171205364
10/11/2018;21;1.0
10/11/2018;22;0.935127157358497
10/11/2018;23;1.0372481166295
10/11/2018;24;0.942059160742248
10/11/2018;25;1.08713806554544
10/11/2018;26;1.0710356556966099
10/11/2018;27;1.0371648658077601
10/11/2018;28;0.909924894845441
10/11/2018;29;1.00070780836933
11/11/2018;11;0.777056758489529
11/11/2018;13;0.762753956836166
11/11/2018;14;0.73849803807559
11/11/2018;15;0.797379473689556
11/11/2018;16;0.880685024678773
11/11/2018;17;0.797186728718032
11/11/2018;18;0.7988395810905741
11/11/2018;19;0.941160787801009
11/11/2018;20;1.0
11/11/2018;21;0.954371216000105
11/11/2018;22;0.9159626799306801
11/11/2018;23;1.06188534637313
11/11/2018;24;0.91932627500825
11/11/2018;25;0.930654761596621
11/11/2018;26;1.10393284033125
11/11/2018;27;1.0
11/11/2018;28;0.8809798223025809
11/11/2018;29;0.8771033121609059
12/11/2018;11;0.7973803372095741
12/11/2018;13;0.745185326403125
12/11/2018;14;0.65157351520188
12/11/2018;15;0.814898267256587
12/11/2018;16;0.7536226879056039
12/11/2018;17;0.7918818281531109
12/11/2018;18;0.7765390863274741
12/11/2018;19;0.9374504576586519
12/11/2018;20;1.01957716314227
12/11/2018;21;1.0
12/11/2018;22;0.921660012939782
12/11/2018;23;1.04313868760526
12/11/2018;24;0.900546117988792
12/11/2018;25;0.803806075946002
12/11/2018;26;1.05327851944988
12/11/2018;27;0.969534364101608
12/11/2018;28;0.8579501480524259
12/11/2018;29;0.899929487383182
13/11/2018;11;0.7617968719014999
13/11/2018;13;0.630635187640215
13/11/2018;14;0.5710169260658511
13/11/2018;15;0.7987630691548091
13/11/2018;16;0.7473025843381159
13/11/2018;17;0.8986206166131679
13/11/2018;18;0.7186494285588759
13/11/2018;19;0.8966284528747371
13/11/2018;20;1.07488756283712
13/11/2018;21;0.9699947127392929
13/11/2018;22;0.90681494473702
13/11/2018;23;1.0
13/11/2018;24;0.8683690552668629
13/11/2018;25;1.0
13/11/2018;26;1.0270650759604398
13/11/2018;27;0.969936122452285
13/11/2018;28;0.819272875217012
13/11/2018;29;0.9069870352172109
14/11/2018;11;0.8558724403340171
14/11/2018;13;0.56809715251285
14/11/2018;14;0.76804154281189
14/11/2018;15;0.773042895755867
14/11/2018;16;0.762217964542485
14/11/2018;17;0.821315796660315
14/11/2018;18;0.6936030199334631
14/11/2018;19;0.9074165381078779
14/11/2018;20;1.1399949741164
14/11/2018;21;1.0
14/11/2018;22;1.01209097723665
14/11/2018;23;0.985730181365553
14/11/2018;24;0.8618128439753849
14/11/2018;25;0.898823304603677
14/11/2018;26;1.0
14/11/2018;27;0.966162402668961
14/11/2018;28;0.925710432641319
14/11/2018;29;0.942293262665388
15/11/2018;11;0.9171913653294829
15/11/2018;13;0.6698110078413371
15/11/2018;14;0.90713704626941
15/11/2018;15;0.785213146610533
15/11/2018;16;0.7662881656049291
15/11/2018;17;0.827422585631303
15/11/2018;18;0.799223728522972
15/11/2018;19;0.8972361216394229
15/11/2018;20;1.0
15/11/2018;21;0.9975697660755609
15/11/2018;22;1.06003064714375
15/11/2018;23;0.941274087625235
15/11/2018;24;0.9288697333831899
15/11/2018;25;1.0
15/11/2018;26;0.957552560525438
15/11/2018;27;0.9683312853964259
15/11/2018;28;0.952677515983678
15/11/2018;29;0.966398997999695
16/11/2018;11;0.873354746650169
16/11/2018;13;0.757514139254748
16/11/2018;14;1.07793252227127
16/11/2018;15;1.0
16/11/2018;16;1.0
16/11/2018;17;0.9191878990975558
16/11/2018;18;1.0
16/11/2018;19;0.949224253028737
16/11/2018;20;1.0
16/11/2018;21;0.948283304988412
16/11/2018;22;0.973253612405212
16/11/2018;23;0.918092791321432
16/11/2018;24;1.03230623608935
16/11/2018;25;1.06922829273179
16/11/2018;26;1.0
16/11/2018;27;1.05433481431133
16/11/2018;28;1.0
16/11/2018;29;1.0
17/11/2018;11;1.0
17/11/2018;13;0.8498986383591479
17/11/2018;14;1.12793931441372
17/11/2018;15;1.07116310261935
17/11/2018;16;1.09736381560196
17/11/2018;17;1.05989947636784
17/11/2018;18;1.03681649075237
17/11/2018;19;1.0028518747650799
17/11/2018;20;1.0159312415353299
17/11/2018;21;0.875578091563473
17/11/2018;22;1.04599233520325
17/11/2018;23;1.01785945480795
17/11/2018;24;1.18303958271895
17/11/2018;25;1.1065878648485399
17/11/2018;26;1.13829519235972
17/11/2018;27;1.24183041229101
17/11/2018;28;1.05174897832358
17/11/2018;29;0.994429948324777
18/11/2018;11;1.0942981117431099
18/11/2018;13;1.0536943432238
18/11/2018;14;1.11553808748177
18/11/2018;15;1.1857091056310702
18/11/2018;16;1.2124345948973998
18/11/2018;17;1.21927677107163
18/11/2018;18;1.2206869773408202
18/11/2018;19;1.06658476826609
18/11/2018;20;1.05390252437511
18/11/2018;21;1.0
18/11/2018;22;1.1934737539651201
18/11/2018;23;1.12649639874951
18/11/2018;24;1.36093058198459
18/11/2018;25;1.2481398773636
18/11/2018;26;1.17213994555236
18/11/2018;27;1.36926119834809
18/11/2018;28;1.09760527932993
18/11/2018;29;0.910174607295504
19/11/2018;11;1.3227943394888202
19/11/2018;13;1.2052952963346002
19/11/2018;14;1.14958480854424
19/11/2018;15;1.2312528917624899
19/11/2018;16;1.3390679778746999
19/11/2018;17;1.32149372502223
19/11/2018;18;1.3001239172211299
19/11/2018;19;1.13773446952151
19/11/2018;20;1.14015509915612
19/11/2018;21;1.16294629626849
19/11/2018;22;1.2684740869520401
19/11/2018;23;1.17534694497847
19/11/2018;24;1.40842412834039
19/11/2018;25;1.20188879044405
19/11/2018;26;1.0902776078693102
19/11/2018;27;1.2903207009551
19/11/2018;28;0.9088724856230842
19/11/2018;29;0.896530766469951
20/11/2018;11;1.33736664364359
20/11/2018;13;1.25887268456014
20/11/2018;14;1.1073495180594901
20/11/2018;15;1.23616754101698
20/11/2018;16;1.42863000257146
20/11/2018;17;1.46660704373651
20/11/2018;18;1.3482112299967097
20/11/2018;19;1.18144768975897
20/11/2018;20;1.18805775146805
20/11/2018;21;1.25766571862891
20/11/2018;22;1.0
20/11/2018;23;1.1693750682505901
20/11/2018;24;1.0
20/11/2018;25;0.9772523993060791
20/11/2018;26;1.0
20/11/2018;27;1.0
20/11/2018;28;0.8129500739520159
20/11/2018;29;0.7710875316314109
21/11/2018;11;1.3291119752275802
21/11/2018;13;1.25734081924751
21/11/2018;14;1.08875809165869
21/11/2018;15;1.1417564932455602
21/11/2018;16;1.3100841399367
21/11/2018;17;1.4192460825303301
21/11/2018;18;1.17035601689282
21/11/2018;19;1.17757003282741
21/11/2018;20;1.0
21/11/2018;21;1.1944151514228898
21/11/2018;22;1.0
21/11/2018;23;1.0552836309091
21/11/2018;24;0.934124241931792
21/11/2018;25;1.0
21/11/2018;26;1.0
21/11/2018;27;1.0
21/11/2018;28;0.794805016269576
21/11/2018;29;0.814602871435267
22/11/2018;11;1.0
22/11/2018;13;1.0
22/11/2018;14;1.0
22/11/2018;15;1.06946498678735
22/11/2018;16;1.13927655641187
22/11/2018;17;1.17335058729346
22/11/2018;18;0.959301520868291
22/11/2018;19;1.0
22/11/2018;20;0.9264427874824449
22/11/2018;21;1.09815626598311
22/11/2018;22;0.930320853473726
22/11/2018;23;1.0
22/11/2018;24;0.911896453802146
22/11/2018;25;1.0756183843070601
22/11/2018;26;1.03982573781574
22/11/2018;27;1.00909697369376
22/11/2018;28;0.797402350785404
22/11/2018;29;0.8400913846457371
23/11/2018;11;0.977553375462562
23/11/2018;13;0.977595855908146
23/11/2018;14;0.9188580660851701
23/11/2018;15;1.0
23/11/2018;16;0.9619979073247591
23/11/2018;17;1.1001416129823502
23/11/2018;18;1.0
23/11/2018;19;0.9409077300546129
23/11/2018;20;0.8853996467194849
23/11/2018;21;1.0
23/11/2018;22;0.857575442010854
23/11/2018;23;0.9889637417437349
23/11/2018;24;0.847731679415091
23/11/2018;25;1.08151562453053
23/11/2018;26;1.05031781285681
23/11/2018;27;0.9981179448150699
23/11/2018;28;0.9175999478667751
23/11/2018;29;0.928456658600198
24/11/2018;11;0.9219846099954679
24/11/2018;13;0.94248725221258
24/11/2018;14;0.897892445203773
24/11/2018;15;0.866322738622523
24/11/2018;16;0.765487117774111
24/11/2018;17;1.10908777078849
24/11/2018;18;0.952478739707308
24/11/2018;19;0.865422632422024
24/11/2018;20;0.9319220715001741
24/11/2018;21;0.8480907839636129
24/11/2018;22;0.7954731162553109
24/11/2018;23;0.9729884314316891
24/11/2018;24;0.8048941357678691
24/11/2018;25;1.0
24/11/2018;26;0.9685010203297522
24/11/2018;27;0.9157040459683679
24/11/2018;28;0.7711530494300309
24/11/2018;29;0.917492843601443
25/11/2018;11;0.8945015957001309
25/11/2018;13;0.8777772949921809
25/11/2018;14;0.858824327789205
25/11/2018;15;0.7624603879704879
25/11/2018;16;0.765746506239099
25/11/2018;17;1.05841899093269
25/11/2018;18;0.879256632189148
25/11/2018;19;0.7671055856351049
25/11/2018;20;0.8212763870380708
25/11/2018;21;0.860251647920105
25/11/2018;22;0.7496959627053741
25/11/2018;23;0.9483652876087779
25/11/2018;24;0.7951030712098109
25/11/2018;25;0.7719874428715641
25/11/2018;26;0.860580668158241
25/11/2018;27;0.8464282762125329
25/11/2018;28;0.660081296300002
25/11/2018;29;0.680872001948354
26/11/2018;11;0.914297574921259
26/11/2018;13;0.8117332825185409
26/11/2018;14;0.922097321479263
26/11/2018;15;0.808921942345198
26/11/2018;16;0.8704111925506809
26/11/2018;17;0.998724312893088
26/11/2018;18;0.820599819021652
26/11/2018;19;0.906190439287902
26/11/2018;20;0.833624566996408
26/11/2018;21;0.942841260174218
26/11/2018;22;0.84043452066788
26/11/2018;23;0.9384908566675558
26/11/2018;24;0.860216958042604
26/11/2018;25;0.806263583910397
26/11/2018;26;0.858378567018104
26/11/2018;27;0.8784614590333191
26/11/2018;28;0.816299024442453
26/11/2018;29;0.8015673663227629
27/11/2018;11;0.825160784421369
27/11/2018;13;0.732670558826422
27/11/2018;14;0.8748307206795258
27/11/2018;15;0.804533283374572
27/11/2018;16;0.9277020037090409
27/11/2018;17;0.8884108095824921
27/11/2018;18;0.7749108215535709
27/11/2018;19;0.952987119540322
27/11/2018;20;0.9412091999184491
27/11/2018;21;0.9224707420311321
27/11/2018;22;0.9234340317503159
27/11/2018;23;0.9506256301497309
27/11/2018;24;1.0
27/11/2018;25;1.0
27/11/2018;26;0.8591206609637159
27/11/2018;27;0.939401285501202
27/11/2018;28;0.883906478777773
27/11/2018;29;0.885336881414187
28/11/2018;11;0.7885397070493839
28/11/2018;13;0.8209471226794579
28/11/2018;14;0.839794675883551
28/11/2018;15;0.8977011773414001
28/11/2018;16;1.01756619511651
28/11/2018;17;0.8291128455122231
28/11/2018;18;0.8225798084792281
28/11/2018;19;0.945735878574303
28/11/2018;20;0.913478874576677
28/11/2018;21;0.9240822521106759
28/11/2018;22;1.01883109956099
28/11/2018;23;1.0
28/11/2018;24;1.0829820829025
28/11/2018;25;1.04888499401122
28/11/2018;26;1.0
28/11/2018;27;1.08529147188672
28/11/2018;28;1.0
28/11/2018;29;0.9180566312019521
29/11/2018;11;0.887502496967907
29/11/2018;13;1.0
29/11/2018;14;1.0
29/11/2018;15;1.0747634844529
29/11/2018;16;1.16253785660364
29/11/2018;17;0.9032887845678441
29/11/2018;18;1.0
29/11/2018;19;0.9023145750155079
29/11/2018;20;0.914608712141124
29/11/2018;21;1.00613846921493
29/11/2018;22;1.0370455564439
29/11/2018;23;0.985882979569593
29/11/2018;24;1.08377054314759
29/11/2018;25;1.0
29/11/2018;26;1.0
29/11/2018;27;1.1222834102415
29/11/2018;28;1.0203482964772501
29/11/2018;29;1.0
30/11/2018;11;1.0893041824526
30/11/2018;13;1.08512087164828
30/11/2018;14;1.04260229759325
30/11/2018;15;1.1710707774893998
30/11/2018;16;1.28110908452429
30/11/2018;17;1.08857474654313
30/11/2018;18;1.23994062794471
30/11/2018;19;1.01161929152251
30/11/2018;20;1.0050350911508
30/11/2018;21;1.14956964027932
30/11/2018;22;1.0370161045650899
30/11/2018;23;1.04261298125121
30/11/2018;24;1.13441415602085
30/11/2018;25;1.11267382535234
30/11/2018;26;1.0624546267314101
30/11/2018;27;1.14683762127838
30/11/2018;28;1.06629876331866
30/11/2018;29;1.05978791540257
01/12/2018;11;1.0920167146559001
01/12/2018;13;1.1371426338958102
01/12/2018;14;1.04683861396101
01/12/2018;15;1.12212478982619
01/12/2018;16;1.0
01/12/2018;17;1.13758680045991
01/12/2018;18;1.0
01/12/2018;19;1.0
01/12/2018;20;1.0
01/12/2018;21;1.18260204174117
01/12/2018;22;0.9796922085436339
01/12/2018;23;1.1152619382617899
01/12/2018;24;1.1866506608996399
01/12/2018;25;1.0
01/12/2018;26;1.18257589550268
01/12/2018;27;1.2172316184560301
01/12/2018;28;1.0
01/12/2018;29;1.06796448588427
02/12/2018;11;1.09557192018532
02/12/2018;13;1.10860827739296
02/12/2018;14;1.06933861102868
02/12/2018;15;1.0
02/12/2018;16;0.96441567704864
02/12/2018;17;1.0874512597888
02/12/2018;18;1.06206386427648
02/12/2018;19;1.01850029244111
02/12/2018;20;1.0405778461525101
02/12/2018;21;1.1132880153795202
02/12/2018;22;1.0
02/12/2018;23;1.09137078330654
02/12/2018;24;1.0
02/12/2018;25;0.997495414145441
02/12/2018;26;1.14331916091908
02/12/2018;27;1.0
02/12/2018;28;0.9935239558487529
02/12/2018;29;1.0
03/12/2018;11;1.0
03/12/2018;13;0.990716845474698
03/12/2018;14;1.0
03/12/2018;15;0.9393985046504121
03/12/2018;16;0.9501360337256409
03/12/2018;17;0.9950265670414591
03/12/2018;18;0.987047082140997
03/12/2018;19;1.0
03/12/2018;20;1.0
03/12/2018;21;1.0
03/12/2018;22;0.941310887005411
03/12/2018;23;1.054265849025
03/12/2018;24;0.9001595154475771
03/12/2018;25;1.00476594152525
03/12/2018;26;1.01906994532204
03/12/2018;27;1.00341962936134
03/12/2018;28;0.9746521501169979
03/12/2018;29;0.9471417486593721
04/12/2018;11;0.885310152388595
04/12/2018;13;0.871376704062033
04/12/2018;14;0.945856900068543
04/12/2018;15;0.8946739718687621
04/12/2018;16;0.899653423387482
04/12/2018;17;0.8893870674324059
04/12/2018;18;0.85460101419221
04/12/2018;19;0.854763872026995
04/12/2018;20;0.848989326578265
04/12/2018;21;0.922716776118447
04/12/2018;22;0.827536107271612
04/12/2018;23;0.9988142348940541
04/12/2018;24;0.8066853019693171
04/12/2018;25;0.9029757455347671
04/12/2018;26;1.0
04/12/2018;27;0.915591499262107
04/12/2018;28;0.8472568024820949
04/12/2018;29;0.9608047279787301
05/12/2018;11;0.870219373574876
05/12/2018;13;0.926358043177266
05/12/2018;14;0.964793813568994
05/12/2018;15;0.9246235619605291
05/12/2018;16;0.9094353507934749
05/12/2018;17;0.84294418724186
05/12/2018;18;0.9077198781860321
05/12/2018;19;0.805700798569445
05/12/2018;20;0.8491391077076159
05/12/2018;21;0.9260914138732421
05/12/2018;22;0.8529026508049141
05/12/2018;23;1.01461835163047
05/12/2018;24;0.8264926806591479
05/12/2018;25;0.834443422275853
05/12/2018;26;0.942642365836653
05/12/2018;27;0.865634124794991
05/12/2018;28;0.8027094557842099
05/12/2018;29;0.9031658703545881
06/12/2018;11;0.8095240653697491
06/12/2018;13;0.884620443718853
06/12/2018;14;0.930986796111726
06/12/2018;15;0.9344258459644449
06/12/2018;16;1.0
06/12/2018;17;0.913892801779737
06/12/2018;18;0.917439814427083
06/12/2018;19;0.942616191615716
06/12/2018;20;0.945470145209841
06/12/2018;21;1.0058103142228398
06/12/2018;22;0.893595424714542
06/12/2018;23;1.03296133076705
06/12/2018;24;0.922144207634009
06/12/2018;25;1.0
06/12/2018;26;1.0
06/12/2018;27;1.0
06/12/2018;28;0.829129623361249
06/12/2018;29;1.0
07/12/2018;11;0.8535150365884531
07/12/2018;13;1.0
07/12/2018;14;0.910183342150376
07/12/2018;15;0.922522403287245
07/12/2018;16;0.9666578940364301
07/12/2018;17;0.9524215115218
07/12/2018;18;0.87351118775787
07/12/2018;19;1.0
07/12/2018;20;1.0
07/12/2018;21;0.925902331054507
07/12/2018;22;0.9216219303617191
07/12/2018;23;1.01922494986108
07/12/2018;24;0.9418595099714929
07/12/2018;25;0.9847374067121769
07/12/2018;26;1.0
07/12/2018;27;0.9998447234307529
07/12/2018;28;1.0
07/12/2018;29;1.0
08/12/2018;11;0.8436662126278879
08/12/2018;13;0.81970298585348
08/12/2018;14;0.8597338305555581
08/12/2018;15;0.8538570137736179
08/12/2018;16;0.9161290688374529
08/12/2018;17;0.889688950196665
08/12/2018;18;0.785498965134473
08/12/2018;19;0.9457477368119681
08/12/2018;20;0.9605086411836921
08/12/2018;21;0.794222905949109
08/12/2018;22;0.900367605027194
08/12/2018;23;1.0
08/12/2018;24;0.8686087889392149
08/12/2018;25;0.8597602481857809
08/12/2018;26;0.9754662011689991
08/12/2018;27;0.97954608830356
08/12/2018;28;0.9299867875252611
08/12/2018;29;0.9670864768771021
09/12/2018;11;0.798665057027942
09/12/2018;13;0.782408980477973
09/12/2018;14;1.0
09/12/2018;15;0.851822876643645
09/12/2018;16;0.9089909538093279
09/12/2018;17;0.863322153798783
09/12/2018;18;0.8863141355126449
09/12/2018;19;0.864108417249578
09/12/2018;20;0.9003320246863249
09/12/2018;21;0.770329410173266
09/12/2018;22;0.88269625372702
09/12/2018;23;0.9787131093236591
09/12/2018;24;0.892566955007263
09/12/2018;25;1.0
09/12/2018;26;0.921765397406179
09/12/2018;27;1.0056320929259899
09/12/2018;28;0.823911296929448
09/12/2018;29;0.987446944223347
10/12/2018;11;0.7609736493399291
10/12/2018;13;0.813441520870692
10/12/2018;14;0.9503700632986329
10/12/2018;15;1.0
10/12/2018;16;0.9399588738260141
10/12/2018;17;0.8454682688420141
10/12/2018;18;0.828072838445081
10/12/2018;19;0.944885893390888
10/12/2018;20;1.0122461485411
10/12/2018;21;0.8275682524122041
10/12/2018;22;0.9488075206932219
10/12/2018;23;1.00189551220324
10/12/2018;24;0.9154366535314951
10/12/2018;25;1.06122231029477
10/12/2018;26;0.924210572569762
10/12/2018;27;0.97733426132217
10/12/2018;28;0.904607133114215
10/12/2018;29;0.916348732846091
11/12/2018;11;0.8827348377099721
11/12/2018;13;0.8026430398728751
11/12/2018;14;0.8959144166967009
11/12/2018;15;0.9898032260860009
11/12/2018;16;1.0244863858253799
11/12/2018;17;0.898695347057357
11/12/2018;18;0.771729151765261
11/12/2018;19;1.01171975234299
11/12/2018;20;1.06370251461259
11/12/2018;21;1.0
11/12/2018;22;1.00840124226102
11/12/2018;23;1.07288068118697
11/12/2018;24;1.0
11/12/2018;25;1.0728136979893599
11/12/2018;26;1.01294400651553
11/12/2018;27;1.0
11/12/2018;28;0.966457344396385
11/12/2018;29;0.9345670976353291
12/12/2018;11;1.0385031755216099
12/12/2018;13;1.0
12/12/2018;14;1.00520738022633
12/12/2018;15;1.0248945671860699
12/12/2018;16;1.10272587993046
12/12/2018;17;1.0299733228927
12/12/2018;18;1.0
12/12/2018;19;1.16855867697599
12/12/2018;20;1.14419793177216
12/12/2018;21;1.1220471834219
12/12/2018;22;1.14730612892707
12/12/2018;23;1.1453833503145001
12/12/2018;24;1.1331936759266101
12/12/2018;25;1.15568154279198
12/12/2018;26;1.1752485255313998
12/12/2018;27;1.11133601751216
12/12/2018;28;1.0
12/12/2018;29;1.0
13/12/2018;11;1.02751704860222
13/12/2018;13;1.01341141262384
13/12/2018;14;1.0
13/12/2018;15;1.09714624186837
13/12/2018;16;1.1350968505047099
13/12/2018;17;1.1208023496789998
13/12/2018;18;1.0797054199771101
13/12/2018;19;1.19411472656094
13/12/2018;20;1.18385356072349
13/12/2018;21;1.1445598051218402
13/12/2018;22;1.0
13/12/2018;23;1.1495195253021
13/12/2018;24;1.1560888868275299
13/12/2018;25;1.1526166079641398
13/12/2018;26;1.19695063844649
13/12/2018;27;1.10783196456192
13/12/2018;28;1.0
13/12/2018;29;1.0
14/12/2018;11;1.0192363575345602
14/12/2018;13;1.07125353043991
14/12/2018;14;0.956972967367889
14/12/2018;15;1.07184029077976
14/12/2018;16;1.16498821403205
14/12/2018;17;1.14430235977933
14/12/2018;18;1.05408146340429
14/12/2018;19;1.0412995811883101
14/12/2018;20;1.09207277289102
14/12/2018;21;1.1105584799536001
14/12/2018;22;1.03393890861712
14/12/2018;23;1.0663156683149
14/12/2018;24;1.09006270891037
14/12/2018;25;1.0
14/12/2018;26;1.0
14/12/2018;27;0.986221591838323
14/12/2018;28;0.8905742200828279
14/12/2018;29;0.9430822750007759
15/12/2018;11;1.1177162594610202
15/12/2018;13;1.12539795551475
15/12/2018;14;0.9737649081670671
15/12/2018;15;1.08110871222949
15/12/2018;16;1.20686620958999
15/12/2018;17;1.16882902124801
15/12/2018;18;1.1509568017631202
15/12/2018;19;1.08840229155848
15/12/2018;20;1.11689061900131
15/12/2018;21;1.1235327554543602
15/12/2018;22;1.14392684679229
15/12/2018;23;1.07111337942392
15/12/2018;24;1.1882705031562901
15/12/2018;25;1.0
15/12/2018;26;1.05570230142349
15/12/2018;27;1.0057336945301099
15/12/2018;28;1.0
15/12/2018;29;0.965616099202601
16/12/2018;11;1.1633735906073799
16/12/2018;13;1.0977739107508
16/12/2018;14;1.00993725508506
16/12/2018;15;1.1788969519509398
16/12/2018;16;1.19348278864379
16/12/2018;17;1.14644027043329
16/12/2018;18;1.25376605614017
16/12/2018;19;1.1976917345423401
16/12/2018;20;1.24070620576296
16/12/2018;21;1.1170988418243402
16/12/2018;22;1.20158372102104
16/12/2018;23;1.14966600788123
16/12/2018;24;1.2847915183766798
16/12/2018;25;1.18860480462427
16/12/2018;26;1.24654488293281
16/12/2018;27;1.1315907687000701
16/12/2018;28;1.02984970269852
16/12/2018;29;1.0
17/12/2018;11;1.06918300376772
17/12/2018;13;1.0
17/12/2018;14;1.02616605186156
17/12/2018;15;1.0
17/12/2018;16;1.0
17/12/2018;17;1.1485622881405
17/12/2018;18;1.20030261316018
17/12/2018;19;1.1863265600334298
17/12/2018;20;1.1760664899973101
17/12/2018;21;1.08287409934431
17/12/2018;22;1.0
17/12/2018;23;1.1409569601727199
17/12/2018;24;1.15512908346811
17/12/2018;25;1.0
17/12/2018;26;1.1688339110182
17/12/2018;27;1.0
17/12/2018;28;1.0
17/12/2018;29;0.9799558293090479
18/12/2018;11;1.09144024827876
18/12/2018;13;1.02308892823073
18/12/2018;14;1.0179803056771
18/12/2018;15;0.993148256824866
18/12/2018;16;0.965850072212864
18/12/2018;17;1.0
18/12/2018;18;1.1468909893286399
18/12/2018;19;1.0
18/12/2018;20;0.973262947524513
18/12/2018;21;1.0
18/12/2018;22;0.9523406150465451
18/12/2018;23;1.0
18/12/2018;24;1.06439162242318
18/12/2018;25;0.937290504372139
18/12/2018;26;1.0
18/12/2018;27;0.997128215061015
18/12/2018;28;0.94967611816808
18/12/2018;29;0.9138419299851629
19/12/2018;11;1.10606368018439
19/12/2018;13;1.03163861749945
19/12/2018;14;0.9658659837070129
19/12/2018;15;1.0189488175578
19/12/2018;16;0.9688605773062621
19/12/2018;17;1.02184028491329
19/12/2018;18;1.0
19/12/2018;19;1.0187116801645901
19/12/2018;20;1.0
19/12/2018;21;1.0
19/12/2018;22;1.0
19/12/2018;23;0.9340566536189928
19/12/2018;24;1.0
19/12/2018;25;1.0
19/12/2018;26;0.960842501527789
19/12/2018;27;0.9932685001175341
19/12/2018;28;0.9817809627683941
19/12/2018;29;1.0
20/12/2018;11;1.0388094905291199
20/12/2018;13;0.9766638961861801
20/12/2018;14;0.9466826766336041
20/12/2018;15;0.987572792782917
20/12/2018;16;0.976479420889641
20/12/2018;17;1.08932326016576
20/12/2018;18;1.0
20/12/2018;19;1.0
20/12/2018;20;1.0
20/12/2018;21;1.0
20/12/2018;22;0.900253854343655
20/12/2018;23;1.00327595031937
20/12/2018;24;0.934558148513701
20/12/2018;25;1.0575792857671
20/12/2018;26;1.03471316068434
20/12/2018;27;1.0
20/12/2018;28;1.0
20/12/2018;29;1.02819469011179
21/12/2018;11;1.0475347641980501
21/12/2018;13;1.0
21/12/2018;14;0.9722505392644609
21/12/2018;15;1.02345503830953
21/12/2018;16;1.0
21/12/2018;17;1.04685105354966
21/12/2018;18;1.04423314127374
21/12/2018;19;0.9145821367768849
21/12/2018;20;0.877581700841629
21/12/2018;21;0.92603838844052
21/12/2018;22;0.873518292823977
21/12/2018;23;1.03810455449386
21/12/2018;24;0.893714274295077
21/12/2018;25;1.02649378016498
21/12/2018;26;1.0
21/12/2018;27;0.9744838825635099
21/12/2018;28;0.9950566646703141
21/12/2018;29;1.0
22/12/2018;11;1.03953287946986
22/12/2018;13;0.944826562289007
22/12/2018;14;0.94979030802315
22/12/2018;15;1.07305700952448
22/12/2018;16;1.0592573512527799
22/12/2018;17;0.8825327960582792
22/12/2018;18;0.982348707893005
22/12/2018;19;0.893466002148385
22/12/2018;20;0.855213576183203
22/12/2018;21;0.8563390792713851
22/12/2018;22;0.9376673101057809
22/12/2018;23;0.9183976988296702
22/12/2018;24;0.8322353106127479
22/12/2018;25;0.978292682787479
22/12/2018;26;0.937350081643457
22/12/2018;27;0.9237724835341321
22/12/2018;28;0.931270366684636
22/12/2018;29;1.00531451666664
23/12/2018;11;1.01730236248374
23/12/2018;13;1.0
23/12/2018;14;1.0
23/12/2018;15;1.03204067479107
23/12/2018;16;1.07925613034597
23/12/2018;17;0.824071121100164
23/12/2018;18;1.0017019246708
23/12/2018;19;0.7643608606182409
23/12/2018;20;0.822683729445523
23/12/2018;21;1.0
23/12/2018;22;0.872008811332678
23/12/2018;23;1.0
23/12/2018;24;0.812207246917634
23/12/2018;25;0.9353850640887751
23/12/2018;26;1.0
23/12/2018;27;0.875081547770707
23/12/2018;28;0.9710488575934391
23/12/2018;29;1.0
24/12/2018;11;0.952115893209178
24/12/2018;13;0.908033654079047
24/12/2018;14;1.0
24/12/2018;15;1.0
24/12/2018;16;1.0
24/12/2018;17;0.837170766744901
24/12/2018;18;1.0
24/12/2018;19;0.801143591493287
24/12/2018;20;0.849420388978534
24/12/2018;21;0.9537419085665699
24/12/2018;22;0.8773226099499669
24/12/2018;23;1.0308289916923101
24/12/2018;24;0.847626975845293
24/12/2018;25;0.903316985526633
24/12/2018;26;0.9864986917669321
24/12/2018;27;0.875309795112683
24/12/2018;28;0.9637022418032231
24/12/2018;29;0.9861806634793789
25/12/2018;11;0.945561099628091
25/12/2018;13;1.0
25/12/2018;14;1.02146221806625
25/12/2018;15;1.11333446653039
25/12/2018;16;1.04428309316672
25/12/2018;17;1.0
25/12/2018;18;1.07504386589703
25/12/2018;19;1.0
25/12/2018;20;1.0
25/12/2018;21;1.0
25/12/2018;22;1.0
25/12/2018;23;1.02045707913681
25/12/2018;24;1.0
25/12/2018;25;1.0
25/12/2018;26;1.0
25/12/2018;27;1.01245962379617
25/12/2018;28;0.9523102522343371
25/12/2018;29;0.966116209451648
26/12/2018;11;1.06140456923932
26/12/2018;13;1.13072583426765
26/12/2018;14;1.06758552320839
26/12/2018;15;1.1902418241994899
26/12/2018;16;1.10904787501824
26/12/2018;17;1.02702840868775
26/12/2018;18;1.2206931795654
26/12/2018;19;1.11695350507231
26/12/2018;20;1.0653471211454202
26/12/2018;21;1.15841784007784
26/12/2018;22;1.06524503122556
26/12/2018;23;1.04593887732546
26/12/2018;24;1.1219666278928702
26/12/2018;25;1.05782300549627
26/12/2018;26;1.0
26/12/2018;27;1.1356210696349198
26/12/2018;28;1.05497047614468
26/12/2018;29;1.00357961426098
27/12/2018;11;1.04246570608286
27/12/2018;13;1.08339853662755
27/12/2018;14;1.0440303157816602
27/12/2018;15;1.12755485063657
27/12/2018;16;1.12399604862497
27/12/2018;17;0.9394421821879398
27/12/2018;18;1.26671829181759
27/12/2018;19;1.11040941647745
27/12/2018;20;1.13010760913215
27/12/2018;21;1.1673970787191998
27/12/2018;22;1.07527953754117
27/12/2018;23;1.06555069806618
27/12/2018;24;1.0
27/12/2018;25;1.11412608965276
27/12/2018;26;0.993423391373477
27/12/2018;27;1.1046037296623001
27/12/2018;28;1.11463404038812
27/12/2018;29;1.06024452843209
28/12/2018;11;0.966094383220462
28/12/2018;13;0.9955143541668809
28/12/2018;14;1.0275268336969599
28/12/2018;15;1.1309110267975802
28/12/2018;16;1.09957907164104
28/12/2018;17;0.867158316019179
28/12/2018;18;1.0
28/12/2018;19;1.0
28/12/2018;20;1.08040699253605
28/12/2018;21;1.14108365809705
28/12/2018;22;1.03210300365321
28/12/2018;23;1.08889699415706
28/12/2018;24;0.9306198959048051
28/12/2018;25;1.10857247169114
28/12/2018;26;1.0180905280021502
28/12/2018;27;1.0497664667897901
28/12/2018;28;1.0
28/12/2018;29;1.09486069062081
29/12/2018;11;0.821072427892604
29/12/2018;13;0.9488546336112329
29/12/2018;14;0.998236925620845
29/12/2018;15;1.1527811380930502
29/12/2018;16;1.0776959895456302
29/12/2018;17;0.8224562482930692
29/12/2018;18;0.934064771777428
29/12/2018;19;1.0
29/12/2018;20;1.0982084974117599
29/12/2018;21;1.12441115146693
29/12/2018;22;1.0
29/12/2018;23;1.0552639306693101
29/12/2018;24;0.88168451840756
29/12/2018;25;1.06409640201718
29/12/2018;26;1.0
29/12/2018;27;1.0
29/12/2018;28;0.970947039352376
29/12/2018;29;1.08012800160121
30/12/2018;11;0.775095276035256
30/12/2018;13;0.8495047725563709
30/12/2018;14;0.8937445808006641
30/12/2018;15;1.0
30/12/2018;16;1.0
30/12/2018;17;0.7505539669080459
30/12/2018;18;0.858163165788538
30/12/2018;19;0.966298982066941
30/12/2018;20;1.0
30/12/2018;21;1.03893660452962
30/12/2018;22;1.00830994315355
30/12/2018;23;1.02871182728569
30/12/2018;24;0.876029810387342
30/12/2018;25;1.03720388238585
30/12/2018;26;0.9490251381438201
30/12/2018;27;0.961682876848307
30/12/2018;28;0.9381512470056941
30/12/2018;29;1.04754029524776
31/12/2018;11;0.769772780098847
31/12/2018;13;0.847396659355126
31/12/2018;14;0.773664653787634
31/12/2018;15;1.0
31/12/2018;16;0.923287133265049
31/12/2018;17;0.7793814075034701
31/12/2018;18;0.8247684305780749
31/12/2018;19;1.0
31/12/2018;20;1.0
31/12/2018;21;1.0
31/12/2018;22;0.9790131804009441
31/12/2018;23;1.03066492964337
31/12/2018;24;1.0
31/12/2018;25;1.0
31/12/2018;26;0.954779367544591
31/12/2018;27;0.972260670001777
31/12/2018;28;1.01216854483919
31/12/2018;29;1.01622827480534
01/01/2019;11;0.892528635
01/01/2019;13;0.94065524
01/01/2019;14;0.855209407
01/01/2019;15;0.9574242209999999
01/01/2019;16;0.919417875
01/01/2019;17;0.918036715
01/01/2019;18;1.010480558
01/01/2019;19;1.027307341
01/01/2019;20;1.0
01/01/2019;21;0.913022377
01/01/2019;22;0.97577313
01/01/2019;23;1.014538063
01/01/2019;24;1.03929917
01/01/2019;25;1.0
01/01/2019;26;0.9779612940000001
01/01/2019;27;1.016944689
01/01/2019;28;1.092931733
01/01/2019;29;1.0256503909999999
02/01/2019;11;0.9396497659999999
02/01/2019;13;0.964110186
02/01/2019;14;0.8300041579999999
02/01/2019;15;0.920974291
02/01/2019;16;1.0
02/01/2019;17;0.913450784
02/01/2019;18;1.142480212
02/01/2019;19;1.016959352
02/01/2019;20;1.0
02/01/2019;21;1.0
02/01/2019;22;1.037365079
02/01/2019;23;1.056977691
02/01/2019;24;1.0878476129999999
02/01/2019;25;1.092236384
02/01/2019;26;1.0
02/01/2019;27;1.0680980709999999
02/01/2019;28;1.076024071
02/01/2019;29;1.058223675
03/01/2019;11;1.0080800570000001
03/01/2019;13;1.006655945
03/01/2019;14;0.819974182
03/01/2019;15;1.026138818
03/01/2019;16;1.05607593
03/01/2019;17;1.0
03/01/2019;18;1.204518013
03/01/2019;19;1.108730301
03/01/2019;20;1.108598124
03/01/2019;21;1.033801692
03/01/2019;22;1.148190866
03/01/2019;23;1.181784487
03/01/2019;24;1.127853375
03/01/2019;25;1.2212145140000001
03/01/2019;26;1.120515775
03/01/2019;27;1.1269963729999999
03/01/2019;28;1.133331158
03/01/2019;29;1.059639481
04/01/2019;11;1.138860017
04/01/2019;13;1.0627121259999999
04/01/2019;14;0.8665851059999999
04/01/2019;15;1.093700085
04/01/2019;16;1.109683762
04/01/2019;17;1.053295568
04/01/2019;18;1.177160421
04/01/2019;19;1.2082051390000002
04/01/2019;20;1.203091042
04/01/2019;21;1.025745548
04/01/2019;22;1.236940289
04/01/2019;23;1.139514189
04/01/2019;24;1.110018631
04/01/2019;25;1.249557351
04/01/2019;26;1.240164877
04/01/2019;27;1.14721159
04/01/2019;28;1.230375161
04/01/2019;29;1.106084788
05/01/2019;11;1.216811075
05/01/2019;13;1.1201481
05/01/2019;14;0.903918966
05/01/2019;15;1.095261306
05/01/2019;16;1.109949466
05/01/2019;17;1.0
05/01/2019;18;1.171159597
05/01/2019;19;1.140401851
05/01/2019;20;1.172962922
05/01/2019;21;1.07978854
05/01/2019;22;1.287729857
05/01/2019;23;1.193550613
05/01/2019;24;1.139893213
05/01/2019;25;1.365421905
05/01/2019;26;1.4098372190000001
05/01/2019;27;1.096818916
05/01/2019;28;1.340154261
05/01/2019;29;1.260849158
06/01/2019;11;1.0
06/01/2019;13;1.0870063540000001
06/01/2019;14;0.8930445709999999
06/01/2019;15;1.158436096
06/01/2019;16;1.071709471
06/01/2019;17;0.963326463
06/01/2019;18;1.103735066
06/01/2019;19;1.180339271
06/01/2019;20;1.177881583
06/01/2019;21;1.1168670040000002
06/01/2019;22;1.228120485
06/01/2019;23;1.105401936
06/01/2019;24;1.169781081
06/01/2019;25;1.30031105
06/01/2019;26;1.280928591
06/01/2019;27;1.131192173
06/01/2019;28;1.305869874
06/01/2019;29;1.1987753509999999
07/01/2019;11;0.886316352
07/01/2019;13;1.04791116
07/01/2019;14;0.81272768
07/01/2019;15;1.122628818
07/01/2019;16;1.073313261
07/01/2019;17;0.904524524
07/01/2019;18;1.1157703559999999
07/01/2019;19;1.181819333
07/01/2019;20;1.177052322
07/01/2019;21;1.125247005
07/01/2019;22;1.145762648
07/01/2019;23;1.080232417
07/01/2019;24;1.132643465
07/01/2019;25;1.205374091
07/01/2019;26;1.114672992
07/01/2019;27;1.115307031
07/01/2019;28;1.166441323
07/01/2019;29;1.08457204
08/01/2019;11;1.0
08/01/2019;13;1.10272763
08/01/2019;14;1.0
08/01/2019;15;1.044987432
08/01/2019;16;1.083625349
08/01/2019;17;0.909775984
08/01/2019;18;1.157172842
08/01/2019;19;1.211701422
08/01/2019;20;1.180471192
08/01/2019;21;1.114003007
08/01/2019;22;1.1615012359999999
08/01/2019;23;1.082582347
08/01/2019;24;1.21535693
08/01/2019;25;1.187128778
08/01/2019;26;1.151805883
08/01/2019;27;1.156601676
08/01/2019;28;1.200738617
08/01/2019;29;1.0757430620000001
09/01/2019;11;1.1158227520000001
09/01/2019;13;1.098617366
09/01/2019;14;1.010947869
09/01/2019;15;1.104631126
09/01/2019;16;1.095639865
09/01/2019;17;1.0180824640000001
09/01/2019;18;1.126518101
09/01/2019;19;1.288449338
09/01/2019;20;1.147004694
09/01/2019;21;1.090628972
09/01/2019;22;1.101231218
09/01/2019;23;1.0908680290000001
09/01/2019;24;1.19532166
09/01/2019;25;1.2081248
09/01/2019;26;1.216680046
09/01/2019;27;1.170082151
09/01/2019;28;1.152439666
09/01/2019;29;1.0
10/01/2019;11;1.107551388
10/01/2019;13;1.070314421
10/01/2019;14;0.9795618209999999
10/01/2019;15;1.147969431
10/01/2019;16;1.12084233
10/01/2019;17;1.088590277
10/01/2019;18;1.2224963690000001
10/01/2019;19;1.276997331
10/01/2019;20;1.100589016
10/01/2019;21;1.0
10/01/2019;22;1.10216603
10/01/2019;23;1.083182268
10/01/2019;24;1.205452236
10/01/2019;25;1.1389800559999999
10/01/2019;26;1.159349347
10/01/2019;27;1.13457312
10/01/2019;28;1.203695127
10/01/2019;29;1.0
11/01/2019;11;1.196402659
11/01/2019;13;1.122623277
11/01/2019;14;1.002977772
11/01/2019;15;1.158150636
11/01/2019;16;1.144752762
11/01/2019;17;1.123876994
11/01/2019;18;1.25491405
11/01/2019;19;1.251380969
11/01/2019;20;1.1481408709999998
11/01/2019;21;1.020623943
11/01/2019;22;1.198422719
11/01/2019;23;1.167112725
11/01/2019;24;1.230995887
11/01/2019;25;1.198512738
11/01/2019;26;1.22845105
11/01/2019;27;1.199391002
11/01/2019;28;1.26754908
11/01/2019;29;1.106195209
12/01/2019;11;1.1771608740000001
12/01/2019;13;1.153231829
12/01/2019;14;1.059464144
12/01/2019;15;1.197707082
12/01/2019;16;1.173449852
12/01/2019;17;1.167024123
12/01/2019;18;1.1732986429999999
12/01/2019;19;1.308612718
12/01/2019;20;1.212301841
12/01/2019;21;1.0732450740000001
12/01/2019;22;1.237789203
12/01/2019;23;1.202944515
12/01/2019;24;1.246390376
12/01/2019;25;1.312927185
12/01/2019;26;1.28091211
12/01/2019;27;1.185309718
12/01/2019;28;1.294044373
12/01/2019;29;1.149978291
13/01/2019;11;1.046348732
13/01/2019;13;1.14745298
13/01/2019;14;1.0290369320000001
13/01/2019;15;1.16277215
13/01/2019;16;1.104184096
13/01/2019;17;1.0
13/01/2019;18;1.132438748
13/01/2019;19;1.266205582
13/01/2019;20;1.174806271
13/01/2019;21;1.075889956
13/01/2019;22;1.19012725
13/01/2019;23;1.237100962
13/01/2019;24;1.211084593
13/01/2019;25;1.237549105
13/01/2019;26;1.218338205
13/01/2019;27;1.179018997
13/01/2019;28;1.282595443
13/01/2019;29;1.120003934
14/01/2019;11;0.721970798
14/01/2019;13;0.9016776609999999
14/01/2019;14;0.9336537909999999
14/01/2019;15;1.088994784
14/01/2019;16;0.954600261
14/01/2019;17;0.9282013020000001
14/01/2019;18;0.997062786
14/01/2019;19;1.0
14/01/2019;20;1.0
14/01/2019;21;1.0
14/01/2019;22;1.0
14/01/2019;23;1.118015131
14/01/2019;24;1.061211368
14/01/2019;25;1.254526752
14/01/2019;26;1.180763662
14/01/2019;27;1.148196533
14/01/2019;28;1.1693916770000001
14/01/2019;29;1.061053785
15/01/2019;11;0.714817612
15/01/2019;13;0.816669608
15/01/2019;14;0.907673341
15/01/2019;15;0.999004483
15/01/2019;16;0.905532986
15/01/2019;17;0.8937254440000001
15/01/2019;18;0.864248351
15/01/2019;19;1.0
15/01/2019;20;1.0
15/01/2019;21;1.0
15/01/2019;22;1.0
15/01/2019;23;1.0586455320000001
15/01/2019;24;1.0732286640000002
15/01/2019;25;1.1263875209999998
15/01/2019;26;1.180602189
15/01/2019;27;1.1129097620000001
15/01/2019;28;1.1772175409999999
15/01/2019;29;1.0
16/01/2019;11;0.88380168
16/01/2019;13;0.9324526809999999
16/01/2019;14;1.0
16/01/2019;15;1.0
16/01/2019;16;0.899996582
16/01/2019;17;0.860590986
16/01/2019;18;0.8526808920000001
16/01/2019;19;1.036564145
16/01/2019;20;1.115225596
16/01/2019;21;0.948563658
16/01/2019;22;1.03271735
16/01/2019;23;1.0691280570000001
16/01/2019;24;1.0
16/01/2019;25;1.129320975
16/01/2019;26;1.120226042
16/01/2019;27;1.091532254
16/01/2019;28;1.1871339859999999
16/01/2019;29;1.07801851
17/01/2019;11;0.888467711
17/01/2019;13;0.931385615
17/01/2019;14;0.992642977
17/01/2019;15;0.98898777
17/01/2019;16;0.8528394970000001
17/01/2019;17;0.865126402
17/01/2019;18;0.8485687270000001
17/01/2019;19;0.957187534
17/01/2019;20;1.0735205490000002
17/01/2019;21;0.852313323
17/01/2019;22;0.96759558
17/01/2019;23;1.064836038
17/01/2019;24;0.9588023720000001
17/01/2019;25;1.165120346
17/01/2019;26;1.111989484
17/01/2019;27;1.059717622
17/01/2019;28;1.16346472
17/01/2019;29;1.133799097
18/01/2019;11;0.91773533
18/01/2019;13;0.935757058
18/01/2019;14;0.955940955
18/01/2019;15;0.905056978
18/01/2019;16;0.903356299
18/01/2019;17;0.930162064
18/01/2019;18;0.842204773
18/01/2019;19;0.8759386579999999
18/01/2019;20;0.958480454
18/01/2019;21;0.857965245
18/01/2019;22;0.888033625
18/01/2019;23;0.941510223
18/01/2019;24;0.900536868
18/01/2019;25;1.0
18/01/2019;26;1.0619396779999999
18/01/2019;27;1.0
18/01/2019;28;1.0
18/01/2019;29;1.053964327
19/01/2019;11;0.94738658
19/01/2019;13;0.933848198
19/01/2019;14;0.9519058570000001
19/01/2019;15;0.9067309159999999
19/01/2019;16;1.029770714
19/01/2019;17;1.050744875
19/01/2019;18;0.8684592409999999
19/01/2019;19;0.911814619
19/01/2019;20;1.0
19/01/2019;21;0.914580855
19/01/2019;22;1.0
19/01/2019;23;0.87697242
19/01/2019;24;0.9143875779999999
19/01/2019;25;1.0
19/01/2019;26;1.064038558
19/01/2019;27;0.9625870440000001
19/01/2019;28;1.032089841
19/01/2019;29;1.012972881
20/01/2019;11;1.049937868
20/01/2019;13;1.0
20/01/2019;14;1.0
20/01/2019;15;1.0391626520000001
20/01/2019;16;1.120911298
20/01/2019;17;1.126759006
20/01/2019;18;0.908020446
20/01/2019;19;1.0
20/01/2019;20;1.039350044
20/01/2019;21;1.0
20/01/2019;22;1.046522185
20/01/2019;23;1.0140925840000001
20/01/2019;24;1.045710445
20/01/2019;25;1.129108732
20/01/2019;26;1.178989097
20/01/2019;27;1.043078261
20/01/2019;28;1.142796924
20/01/2019;29;1.034293253
21/01/2019;11;1.127398002
21/01/2019;13;1.079946218
21/01/2019;14;1.014243646
21/01/2019;15;1.107681301
21/01/2019;16;1.177042806
21/01/2019;17;1.119559264
21/01/2019;18;0.95651904
21/01/2019;19;1.073655709
21/01/2019;20;1.052172799
21/01/2019;21;1.04500822
21/01/2019;22;1.060043604
21/01/2019;23;1.0
21/01/2019;24;1.080386255
21/01/2019;25;1.152558481
21/01/2019;26;1.1708189340000001
21/01/2019;27;1.0820768090000001
21/01/2019;28;1.178274636
21/01/2019;29;1.053803688
22/01/2019;11;1.16604403
22/01/2019;13;1.1030676590000001
22/01/2019;14;1.031837943
22/01/2019;15;1.1011016409999999
22/01/2019;16;1.180107805
22/01/2019;17;1.10515572
22/01/2019;18;1.004833279
22/01/2019;19;1.101387501
22/01/2019;20;1.0551430659999999
22/01/2019;21;1.094564076
22/01/2019;22;1.072064497
22/01/2019;23;1.015685989
22/01/2019;24;1.046859358
22/01/2019;25;1.0
22/01/2019;26;1.117537187
22/01/2019;27;1.032551378
22/01/2019;28;1.1318524090000002
22/01/2019;29;1.0
23/01/2019;11;1.093380054
23/01/2019;13;1.072659337
23/01/2019;14;1.042209143
23/01/2019;15;1.126724661
23/01/2019;16;1.220681291
23/01/2019;17;1.196769926
23/01/2019;18;1.08016221
23/01/2019;19;1.090280995
23/01/2019;20;1.049144396
23/01/2019;21;1.111145065
23/01/2019;22;1.101316819
23/01/2019;23;1.082370379
23/01/2019;24;1.042550198
23/01/2019;25;1.043009382
23/01/2019;26;1.116168843
23/01/2019;27;1.025882526
23/01/2019;28;1.1379280170000001
23/01/2019;29;1.013521321
24/01/2019;11;1.1533717829999999
24/01/2019;13;1.04511399
24/01/2019;14;1.054888359
24/01/2019;15;1.097231672
24/01/2019;16;1.207673031
24/01/2019;17;1.140437417
24/01/2019;18;1.156183435
24/01/2019;19;1.093740194
24/01/2019;20;1.059226662
24/01/2019;21;1.0
24/01/2019;22;1.0826198
24/01/2019;23;1.154465728
24/01/2019;24;1.072470001
24/01/2019;25;1.128519843
24/01/2019;26;1.1370091009999999
24/01/2019;27;1.06224232
24/01/2019;28;1.184574649
24/01/2019;29;1.094330188
25/01/2019;11;1.1853845459999999
25/01/2019;13;1.078958965
25/01/2019;14;1.033833438
25/01/2019;15;1.06855301
25/01/2019;16;1.117879981
25/01/2019;17;1.115208693
25/01/2019;18;1.211508453
25/01/2019;19;1.023636187
25/01/2019;20;1.0422226509999999
25/01/2019;21;0.960612585
25/01/2019;22;1.044300407
25/01/2019;23;1.0
25/01/2019;24;1.082455422
25/01/2019;25;1.0
25/01/2019;26;1.0
25/01/2019;27;1.068679069
25/01/2019;28;1.159030782
25/01/2019;29;1.1107227259999999
26/01/2019;11;1.184930302
26/01/2019;13;1.135432361
26/01/2019;14;1.0
26/01/2019;15;1.116781237
26/01/2019;16;1.0925978840000001
26/01/2019;17;1.074077894
26/01/2019;18;1.203156336
26/01/2019;19;1.075582183
26/01/2019;20;1.0249272170000001
26/01/2019;21;1.007965964
26/01/2019;22;1.044589432
26/01/2019;23;1.0
26/01/2019;24;1.0578709309999998
26/01/2019;25;1.044786712
26/01/2019;26;1.037964865
26/01/2019;27;1.067052315
26/01/2019;28;1.2414477640000001
26/01/2019;29;1.0622999340000001
27/01/2019;11;1.174374754
27/01/2019;13;1.146709503
27/01/2019;14;1.008514477
27/01/2019;15;1.148867064
27/01/2019;16;1.066947648
27/01/2019;17;0.9443453690000001
27/01/2019;18;1.223084997
27/01/2019;19;1.1850075
27/01/2019;20;1.049343045
27/01/2019;21;1.0782781890000002
27/01/2019;22;1.075626702
27/01/2019;23;1.0197187890000001
27/01/2019;24;1.0
27/01/2019;25;1.121053658
27/01/2019;26;1.081785342
27/01/2019;27;1.0870979379999999
27/01/2019;28;1.20421143
27/01/2019;29;1.0455951190000001
28/01/2019;11;1.140722042
28/01/2019;13;1.0
28/01/2019;14;1.041441796
28/01/2019;15;1.078583958
28/01/2019;16;0.99280401
28/01/2019;17;1.0
28/01/2019;18;1.162289653
28/01/2019;19;1.0
28/01/2019;20;1.0
28/01/2019;21;1.026977429
28/01/2019;22;1.0
28/01/2019;23;0.953661005
28/01/2019;24;0.933058422
28/01/2019;25;1.0
28/01/2019;26;0.986586216
28/01/2019;27;1.0
28/01/2019;28;1.114624819
28/01/2019;29;1.0
29/01/2019;11;1.089526484
29/01/2019;13;1.063521122
29/01/2019;14;1.0448421829999999
29/01/2019;15;0.97703491
29/01/2019;16;0.9340394120000001
29/01/2019;17;1.042679451
29/01/2019;18;1.0
29/01/2019;19;0.942277378
29/01/2019;20;1.0
29/01/2019;21;1.040658356
29/01/2019;22;1.057917827
29/01/2019;23;1.0
29/01/2019;24;1.0
29/01/2019;25;1.058332501
29/01/2019;26;1.006619384
29/01/2019;27;1.0
29/01/2019;28;1.102843434
29/01/2019;29;1.0
30/01/2019;11;1.106319717
30/01/2019;13;1.077261758
30/01/2019;14;1.0449741890000002
30/01/2019;15;1.025926886
30/01/2019;16;1.0
30/01/2019;17;1.109676545
30/01/2019;18;1.120908449
30/01/2019;19;1.068593029
30/01/2019;20;1.13476595
30/01/2019;21;1.079598431
30/01/2019;22;1.197918971
30/01/2019;23;1.1341801009999999
30/01/2019;24;1.096687266
30/01/2019;25;1.210829296
30/01/2019;26;1.134219838
30/01/2019;27;1.069052638
30/01/2019;28;1.102516041
30/01/2019;29;1.047799758
31/01/2019;11;1.178886061
31/01/2019;13;1.080879266
31/01/2019;14;1.052030402
31/01/2019;15;1.070417902
31/01/2019;16;1.004665898
31/01/2019;17;1.1622368109999999
31/01/2019;18;1.160610388
31/01/2019;19;1.2713604520000001
31/01/2019;20;1.193342863
31/01/2019;21;1.116388399
31/01/2019;22;1.197543655
31/01/2019;23;1.194902661
31/01/2019;24;1.088457011
31/01/2019;25;1.222990298
31/01/2019;26;1.129223546
31/01/2019;27;1.118577324
31/01/2019;28;1.089105403
31/01/2019;29;1.0531392529999999
01/02/2019;11;1.146552159
01/02/2019;13;1.074060078
01/02/2019;14;1.052818711
01/02/2019;15;1.0
01/02/2019;16;0.9020419359999999
01/02/2019;17;1.196216482
01/02/2019;18;1.123554884
01/02/2019;19;1.0
01/02/2019;20;1.0
01/02/2019;21;0.9944931159999999
01/02/2019;22;1.0
01/02/2019;23;1.0
01/02/2019;24;0.9746571279999999
01/02/2019;25;1.0
01/02/2019;26;1.0
01/02/2019;27;1.0
01/02/2019;28;1.09853738
01/02/2019;29;1.05680248
02/02/2019;11;1.132279003
02/02/2019;13;1.039391438
02/02/2019;14;1.043998365
02/02/2019;15;0.9476154
02/02/2019;16;0.771183928
02/02/2019;17;1.109705386
02/02/2019;18;1.064213805
02/02/2019;19;0.9358875320000001
02/02/2019;20;0.8574928909999999
02/02/2019;21;0.7586344340000001
02/02/2019;22;0.873080385
02/02/2019;23;0.836647922
02/02/2019;24;0.809326674
02/02/2019;25;0.845533124
02/02/2019;26;0.885403576
02/02/2019;27;0.9160605079999999
02/02/2019;28;0.908304553
02/02/2019;29;1.004489357
03/02/2019;11;0.97520312
03/02/2019;13;1.0
03/02/2019;14;1.0
03/02/2019;15;0.922283022
03/02/2019;16;0.768376086
03/02/2019;17;1.050791155
03/02/2019;18;0.9687722809999999
03/02/2019;19;0.8937042059999999
03/02/2019;20;0.895248605
03/02/2019;21;0.825556029
03/02/2019;22;1.0
03/02/2019;23;0.8636643420000001
03/02/2019;24;0.8343972009999999
03/02/2019;25;0.8282474959999999
03/02/2019;26;0.8525790320000001
03/02/2019;27;0.918121512
03/02/2019;28;0.83325955
03/02/2019;29;1.0
04/02/2019;11;0.9410566929999999
04/02/2019;13;0.984035212
04/02/2019;14;1.015673361
04/02/2019;15;0.928011233
04/02/2019;16;0.857431018
04/02/2019;17;0.9749844409999999
04/02/2019;18;0.8839318279999999
04/02/2019;19;0.943238572
04/02/2019;20;0.954857285
04/02/2019;21;0.973736831
04/02/2019;22;1.0081434329999999
04/02/2019;23;0.937178416
04/02/2019;24;1.0
04/02/2019;25;1.001775949
04/02/2019;26;1.0
04/02/2019;27;1.013110923
04/02/2019;28;1.0
04/02/2019;29;1.0
05/02/2019;11;0.959896568
05/02/2019;13;1.0
05/02/2019;14;1.0541154670000001
05/02/2019;15;0.939459935
05/02/2019;16;0.953920623
05/02/2019;17;0.944288164
05/02/2019;18;1.0
05/02/2019;19;0.94686348
05/02/2019;20;0.9510375879999999
05/02/2019;21;1.0
05/02/2019;22;1.01219344
05/02/2019;23;0.9547263220000001
05/02/2019;24;1.032696262
05/02/2019;25;1.0
05/02/2019;26;1.0
05/02/2019;27;1.044698517
05/02/2019;28;1.0
05/02/2019;29;1.0
06/02/2019;11;0.9818136190000001
06/02/2019;13;0.996965193
06/02/2019;14;1.083420987
06/02/2019;15;1.0
06/02/2019;16;0.97373777
06/02/2019;17;0.953513405
06/02/2019;18;1.024090683
06/02/2019;19;0.934781387
06/02/2019;20;0.944584407
06/02/2019;21;1.0
06/02/2019;22;0.9942342209999999
06/02/2019;23;1.0
06/02/2019;24;1.041767133
06/02/2019;25;0.958151248
06/02/2019;26;1.0
06/02/2019;27;1.02559105
06/02/2019;28;0.919635758
06/02/2019;29;0.9491805990000001
07/02/2019;11;1.018872658
07/02/2019;13;1.06050993
07/02/2019;14;1.108211465
07/02/2019;15;1.038473997
07/02/2019;16;0.943406036
07/02/2019;17;0.9446758040000001
07/02/2019;18;1.057415363
07/02/2019;19;1.0
07/02/2019;20;1.0
07/02/2019;21;1.0506529359999999
07/02/2019;22;1.005902287
07/02/2019;23;1.074985703
07/02/2019;24;1.0
07/02/2019;25;0.9581101559999999
07/02/2019;26;0.996661707
07/02/2019;27;1.0
07/02/2019;28;0.943936503
07/02/2019;29;0.997364597
08/02/2019;11;1.022783901
08/02/2019;13;1.078668693
08/02/2019;14;1.0923018629999999
08/02/2019;15;0.9707707940000001
08/02/2019;16;0.8716151529999999
08/02/2019;17;0.921252783
08/02/2019;18;1.0
08/02/2019;19;1.0
08/02/2019;20;1.0
08/02/2019;21;1.108777464
08/02/2019;22;0.99435098
08/02/2019;23;1.118824717
08/02/2019;24;0.942528195
08/02/2019;25;1.0
08/02/2019;26;1.033359049
08/02/2019;27;1.003641519
08/02/2019;28;0.960929613
08/02/2019;29;1.0
09/02/2019;11;0.9812416409999999
09/02/2019;13;1.0
09/02/2019;14;1.076962413
09/02/2019;15;1.0
09/02/2019;16;0.895134045
09/02/2019;17;0.9273295640000001
09/02/2019;18;0.939010288
09/02/2019;19;1.0103654579999999
09/02/2019;20;1.0
09/02/2019;21;1.042506196
09/02/2019;22;0.97529848
09/02/2019;23;1.1313625809999999
09/02/2019;24;0.8888619240000001
09/02/2019;25;1.026330042
09/02/2019;26;1.0
09/02/2019;27;1.0
09/02/2019;28;0.928518217
09/02/2019;29;1.031118393
10/02/2019;11;0.949469
10/02/2019;13;0.928925439
10/02/2019;14;1.066209154
10/02/2019;15;0.952202805
10/02/2019;16;0.900702528
10/02/2019;17;0.857673195
10/02/2019;18;0.845943902
10/02/2019;19;1.0
10/02/2019;20;0.97497995
10/02/2019;21;0.974926337
10/02/2019;22;0.923114255
10/02/2019;23;1.0
10/02/2019;24;0.845537566
10/02/2019;25;1.0
10/02/2019;26;0.973737055
10/02/2019;27;0.9560224
10/02/2019;28;0.981266027
10/02/2019;29;1.027603308
11/02/2019;11;0.898983729
11/02/2019;13;0.8680063259999999
11/02/2019;14;1.023990698
11/02/2019;15;0.8840112659999999
11/02/2019;16;0.854954123
11/02/2019;17;0.795524872
11/02/2019;18;0.81000313
11/02/2019;19;0.859645758
11/02/2019;20;0.87731493
11/02/2019;21;0.8687074459999999
11/02/2019;22;0.8508439390000001
11/02/2019;23;0.928770891
11/02/2019;24;0.8177260059999999
11/02/2019;25;0.933266908
11/02/2019;26;0.9307848040000001
11/02/2019;27;0.916158156
11/02/2019;28;0.9856621320000001
11/02/2019;29;1.0
12/02/2019;11;0.9169272279999999
12/02/2019;13;0.777681647
12/02/2019;14;0.92346673
12/02/2019;15;0.933242059
12/02/2019;16;0.906877895
12/02/2019;17;0.852866366
12/02/2019;18;0.772727099
12/02/2019;19;1.0
12/02/2019;20;1.0
12/02/2019;21;1.0
12/02/2019;22;1.0
12/02/2019;23;1.0
12/02/2019;24;1.0
12/02/2019;25;1.0
12/02/2019;26;0.898674469
12/02/2019;27;1.0
12/02/2019;28;1.0533535170000001
12/02/2019;29;1.0
13/02/2019;11;0.897989788
13/02/2019;13;0.8446975409999999
13/02/2019;14;0.9218226970000001
13/02/2019;15;0.98090393
13/02/2019;16;0.954561964
13/02/2019;17;0.881417606
13/02/2019;18;1.0
13/02/2019;19;1.037780613
13/02/2019;20;1.039031609
13/02/2019;21;1.058771192
13/02/2019;22;1.039887837
13/02/2019;23;1.05019882
13/02/2019;24;1.0624197640000002
13/02/2019;25;1.024889659
13/02/2019;26;1.0
13/02/2019;27;1.060783099
13/02/2019;28;1.0854178540000001
13/02/2019;29;1.018712541
14/02/2019;11;0.876818972
14/02/2019;13;0.9412404659999999
14/02/2019;14;1.0
14/02/2019;15;1.004215878
14/02/2019;16;1.01947067
14/02/2019;17;0.8873155640000001
14/02/2019;18;0.945845505
14/02/2019;19;1.038968851
14/02/2019;20;0.998991605
14/02/2019;21;1.085972875
14/02/2019;22;1.033279642
14/02/2019;23;1.068981885
14/02/2019;24;0.988919745
14/02/2019;25;0.980573389
14/02/2019;26;0.9858558140000001
14/02/2019;27;1.046044416
14/02/2019;28;1.065658185
14/02/2019;29;1.036275748
15/02/2019;11;0.8305081059999999
15/02/2019;13;0.9298721790000001
15/02/2019;14;0.998425738
15/02/2019;15;1.0
15/02/2019;16;0.980091534
15/02/2019;17;0.9203354709999999
15/02/2019;18;0.8931207309999999
15/02/2019;19;1.0
15/02/2019;20;0.942236477
15/02/2019;21;1.069877667
15/02/2019;22;0.957875782
15/02/2019;23;1.041496751
15/02/2019;24;0.92571156
15/02/2019;25;0.9414454990000001
15/02/2019;26;0.9468751409999999
15/02/2019;27;1.0
15/02/2019;28;1.0
15/02/2019;29;1.076605383
16/02/2019;11;0.849810037
16/02/2019;13;0.9383889
16/02/2019;14;1.027317026
16/02/2019;15;1.0
16/02/2019;16;1.0
16/02/2019;17;0.890887503
16/02/2019;18;0.9092011959999999
16/02/2019;19;0.937298375
16/02/2019;20;0.941871754
16/02/2019;21;1.083786587
16/02/2019;22;1.0
16/02/2019;23;1.0718767009999999
16/02/2019;24;0.957111994
16/02/2019;25;0.963187219
16/02/2019;26;1.004539337
16/02/2019;27;1.017830815
16/02/2019;28;1.028615647
16/02/2019;29;1.057340917
17/02/2019;11;0.868606166
17/02/2019;13;1.0
17/02/2019;14;1.031988808
17/02/2019;15;1.017905928
17/02/2019;16;1.057881172
17/02/2019;17;0.9131695059999999
17/02/2019;18;0.9098487390000001
17/02/2019;19;1.0
17/02/2019;20;1.017041143
17/02/2019;21;1.092347999
17/02/2019;22;1.069056873
17/02/2019;23;1.116348182
17/02/2019;24;0.9568302870000001
17/02/2019;25;1.0486081040000002
17/02/2019;26;1.11516378
17/02/2019;27;1.0717475220000001
17/02/2019;28;1.119579244
17/02/2019;29;1.040798908
18/02/2019;11;0.840917543
18/02/2019;13;0.968658708
18/02/2019;14;1.03628239
18/02/2019;15;1.116266011
18/02/2019;16;1.0955429840000002
18/02/2019;17;0.972659038
18/02/2019;18;0.8478681509999999
18/02/2019;19;1.055887414
18/02/2019;20;1.097169274
18/02/2019;21;1.078287867
18/02/2019;22;1.054130554
18/02/2019;23;1.122672956
18/02/2019;24;0.928972575
18/02/2019;25;1.083408068
18/02/2019;26;1.155820424
18/02/2019;27;1.059432605
18/02/2019;28;1.0855949440000001
18/02/2019;29;1.098450249
19/02/2019;11;0.863365107
19/02/2019;13;0.891893638
19/02/2019;14;1.047780849
19/02/2019;15;1.180946366
19/02/2019;16;1.1223475840000001
19/02/2019;17;0.9628301440000001
19/02/2019;18;0.8496218059999999
19/02/2019;19;0.9907236
19/02/2019;20;1.101009219
19/02/2019;21;1.088304451
19/02/2019;22;1.0232487940000001
19/02/2019;23;1.100124546
19/02/2019;24;0.930405698
19/02/2019;25;1.0
19/02/2019;26;1.17793192
19/02/2019;27;1.0
19/02/2019;28;1.08596478
19/02/2019;29;1.09051576
20/02/2019;11;0.898425145
20/02/2019;13;0.910995815
20/02/2019;14;1.027764108
20/02/2019;15;1.0
20/02/2019;16;1.0
20/02/2019;17;0.9685256329999999
20/02/2019;18;1.0
20/02/2019;19;0.978594675
20/02/2019;20;1.03817363
20/02/2019;21;1.116037903
20/02/2019;22;1.022684891
20/02/2019;23;1.1086231009999998
20/02/2019;24;0.9555672409999999
20/02/2019;25;1.0
20/02/2019;26;1.138321559
20/02/2019;27;0.9924524440000001
20/02/2019;28;1.0
20/02/2019;29;1.073487372
21/02/2019;11;0.893182446
21/02/2019;13;1.0
21/02/2019;14;1.0
21/02/2019;15;1.0
21/02/2019;16;1.0
21/02/2019;17;1.001364676
21/02/2019;18;0.9878531070000001
21/02/2019;19;1.015964647
21/02/2019;20;1.053745781
21/02/2019;21;1.101426652
21/02/2019;22;1.038220091
21/02/2019;23;1.0470793379999999
21/02/2019;24;0.937769396
21/02/2019;25;1.044884297
21/02/2019;26;1.0
21/02/2019;27;0.984546633
21/02/2019;28;1.026379695
21/02/2019;29;1.033435482
22/02/2019;11;0.7727884540000001
22/02/2019;13;0.9012460929999999
22/02/2019;14;0.957437703
22/02/2019;15;1.0163130740000001
22/02/2019;16;1.033831558
22/02/2019;17;0.9699628459999999
22/02/2019;18;0.8314095570000001
22/02/2019;19;0.976004605
22/02/2019;20;1.065394339
22/02/2019;21;1.080990458
22/02/2019;22;1.059643815
22/02/2019;23;1.047144768
22/02/2019;24;0.90634474
22/02/2019;25;1.0852423279999999
22/02/2019;26;1.0338446079999999
22/02/2019;27;1.002619095
22/02/2019;28;1.0
22/02/2019;29;1.015852421
23/02/2019;11;0.829332595
23/02/2019;13;0.8698316009999999
23/02/2019;14;1.0
23/02/2019;15;1.036969645
23/02/2019;16;1.118786129
23/02/2019;17;0.9337850870000001
23/02/2019;18;0.8526213359999999
23/02/2019;19;1.0
23/02/2019;20;1.088819788
23/02/2019;21;1.077899183
23/02/2019;22;1.0952256329999999
23/02/2019;23;1.085574692
23/02/2019;24;1.044744052
23/02/2019;25;1.193081213
23/02/2019;26;1.171173152
23/02/2019;27;1.108253883
23/02/2019;28;1.032566542
23/02/2019;29;1.0487278359999999
24/02/2019;11;1.00415669
24/02/2019;13;1.041107741
24/02/2019;14;1.103182611
24/02/2019;15;1.1402850740000001
24/02/2019;16;1.180406792
24/02/2019;17;1.0
24/02/2019;18;1.138912412
24/02/2019;19;1.078980289
24/02/2019;20;1.143116199
24/02/2019;21;1.094923789
24/02/2019;22;1.118557305
24/02/2019;23;1.154700031
24/02/2019;24;1.233153341
24/02/2019;25;1.300149147
24/02/2019;26;1.253464773
24/02/2019;27;1.237215735
24/02/2019;28;1.1095521179999999
24/02/2019;29;1.022326732
25/02/2019;11;1.0
25/02/2019;13;1.111331737
25/02/2019;14;1.153472214
25/02/2019;15;1.129294456
25/02/2019;16;1.0
25/02/2019;17;0.9422627240000001
25/02/2019;18;1.0
25/02/2019;19;0.97866545
25/02/2019;20;1.100446066
25/02/2019;21;1.08322479
25/02/2019;22;1.113984467
25/02/2019;23;1.125834496
25/02/2019;24;1.222928513
25/02/2019;25;1.1210746520000001
25/02/2019;26;1.139511459
25/02/2019;27;1.2317659220000001
25/02/2019;28;1.164396362
25/02/2019;29;1.027437441
26/02/2019;11;0.8701159629999999
26/02/2019;13;0.98658609
26/02/2019;14;0.994832761
26/02/2019;15;0.958654564
26/02/2019;16;0.9078480059999999
26/02/2019;17;0.8482868309999999
26/02/2019;18;0.885051457
26/02/2019;19;0.845420644
26/02/2019;20;0.9643392190000001
26/02/2019;21;1.0
26/02/2019;22;1.097381119
26/02/2019;23;1.105922633
26/02/2019;24;1.0
26/02/2019;25;1.072495275
26/02/2019;26;1.06980488
26/02/2019;27;1.134055355
26/02/2019;28;1.200487888
26/02/2019;29;1.0355360409999999
27/02/2019;11;0.722853469
27/02/2019;13;0.829313472
27/02/2019;14;0.840724567
27/02/2019;15;0.8151943759999999
27/02/2019;16;0.8980757229999999
27/02/2019;17;0.8746704559999999
27/02/2019;18;0.7025652609999999
27/02/2019;19;0.793125106
27/02/2019;20;0.843278511
27/02/2019;21;0.9296268959999999
27/02/2019;22;0.974973978
27/02/2019;23;0.979654021
27/02/2019;24;0.903117745
27/02/2019;25;1.0594174790000002
27/02/2019;26;0.9860724940000001
27/02/2019;27;1.0
27/02/2019;28;1.0
27/02/2019;29;1.064421032
28/02/2019;11;0.670310156
28/02/2019;13;0.800683102
28/02/2019;14;0.835653698
28/02/2019;15;0.86842952
28/02/2019;16;1.0
28/02/2019;17;0.898246914
28/02/2019;18;0.721770027
28/02/2019;19;0.900456626
28/02/2019;20;1.0
28/02/2019;21;0.928694182
28/02/2019;22;0.892298941
28/02/2019;23;0.9367647929999999
28/02/2019;24;0.8457278579999999
28/02/2019;25;1.033216897
28/02/2019;26;1.0
28/02/2019;27;1.0
28/02/2019;28;0.919370499
28/02/2019;29;1.037957203
01/03/2019;11;0.7327274220000001
01/03/2019;13;0.860704448
01/03/2019;14;1.0
01/03/2019;15;0.9081284740000001
01/03/2019;16;1.011524144
01/03/2019;17;0.8745632059999999
01/03/2019;18;1.0
01/03/2019;19;0.914159829
01/03/2019;20;0.985025452
01/03/2019;21;0.9518142140000001
01/03/2019;22;0.9662210790000001
01/03/2019;23;1.0031113090000001
01/03/2019;24;0.834478532
01/03/2019;25;1.062268155
01/03/2019;26;1.086605269
01/03/2019;27;1.033659926
01/03/2019;28;0.997164939
01/03/2019;29;1.0484213409999998
02/03/2019;11;0.844005482
02/03/2019;13;1.0
02/03/2019;14;1.0409892090000001
02/03/2019;15;1.0
02/03/2019;16;1.062860964
02/03/2019;17;0.887407464
02/03/2019;18;0.919140165
02/03/2019;19;1.0
02/03/2019;20;0.93369291
02/03/2019;21;1.0
02/03/2019;22;0.983865003
02/03/2019;23;0.973106282
02/03/2019;24;1.0
02/03/2019;25;1.0
02/03/2019;26;1.0
02/03/2019;27;1.053817233
02/03/2019;28;1.0
02/03/2019;29;1.061423215
03/03/2019;11;0.8569213170000001
03/03/2019;13;0.985875116
03/03/2019;14;0.9826356759999999
03/03/2019;15;0.952432081
03/03/2019;16;1.083934511
03/03/2019;17;0.9326602
03/03/2019;18;0.769313555
03/03/2019;19;1.0291245359999999
03/03/2019;20;0.981657475
03/03/2019;21;1.00923996
03/03/2019;22;0.9670288340000001
03/03/2019;23;1.0
03/03/2019;24;0.953904161
03/03/2019;25;1.0
03/03/2019;26;1.015462592
03/03/2019;27;1.0728602520000001
03/03/2019;28;1.035573992
03/03/2019;29;1.009536119
04/03/2019;11;0.90892243
04/03/2019;13;0.93663952
04/03/2019;14;1.00652259
04/03/2019;15;0.925178842
04/03/2019;16;1.134154991
04/03/2019;17;0.885519305
04/03/2019;18;0.748736434
04/03/2019;19;0.982862384
04/03/2019;20;1.002804466
04/03/2019;21;0.939793195
04/03/2019;22;1.002818877
04/03/2019;23;0.989749071
04/03/2019;24;0.8746192779999999
04/03/2019;25;1.025107526
04/03/2019;26;1.0
04/03/2019;27;1.041416299
04/03/2019;28;1.0
04/03/2019;29;1.059842856
05/03/2019;11;0.8587884840000001
05/03/2019;13;0.921820022
05/03/2019;14;0.998007385
05/03/2019;15;1.0072483509999999
05/03/2019;16;1.1487643379999999
05/03/2019;17;0.8529235820000001
05/03/2019;18;0.76771253
05/03/2019;19;0.873436855
05/03/2019;20;0.9452715429999999
05/03/2019;21;0.798927147
05/03/2019;22;0.946094986
05/03/2019;23;0.826711785
05/03/2019;24;0.784420685
05/03/2019;25;0.997639275
05/03/2019;26;0.93780265
05/03/2019;27;0.946566736
05/03/2019;28;0.8326864820000001
05/03/2019;29;1.0
06/03/2019;11;0.886970018
06/03/2019;13;0.925051682
06/03/2019;14;1.0
06/03/2019;15;0.95487567
06/03/2019;16;1.043759045
06/03/2019;17;0.847518599
06/03/2019;18;0.8072943459999999
06/03/2019;19;0.85016932
06/03/2019;20;0.894805299
06/03/2019;21;0.765132099
06/03/2019;22;0.88335694
06/03/2019;23;0.887763293
06/03/2019;24;0.728060244
06/03/2019;25;1.0
06/03/2019;26;1.0
06/03/2019;27;0.8803736059999999
06/03/2019;28;0.831429525
06/03/2019;29;0.932743358
07/03/2019;11;0.8501224759999999
07/03/2019;13;0.801902105
07/03/2019;14;0.95246191
07/03/2019;15;0.868847842
07/03/2019;16;0.885737076
07/03/2019;17;0.827161699
07/03/2019;18;0.73139404
07/03/2019;19;0.879768765
07/03/2019;20;0.9176550309999999
07/03/2019;21;0.783461775
07/03/2019;22;0.896588875
07/03/2019;23;0.856685831
07/03/2019;24;0.655786499
07/03/2019;25;0.968882004
07/03/2019;26;0.979264725
07/03/2019;27;0.7938216509999999
07/03/2019;28;0.7620912240000001
07/03/2019;29;0.926847593
08/03/2019;11;0.8095939059999999
08/03/2019;13;0.678340251
08/03/2019;14;0.8561800829999999
08/03/2019;15;0.843270415
08/03/2019;16;0.74206315
08/03/2019;17;0.846768925
08/03/2019;18;0.608976956
08/03/2019;19;0.7643426409999999
08/03/2019;20;0.802626042
08/03/2019;21;0.725752002
08/03/2019;22;0.852213971
08/03/2019;23;0.845850478
08/03/2019;24;0.602023898
08/03/2019;25;0.894961764
08/03/2019;26;0.794623484
08/03/2019;27;0.740301298
08/03/2019;28;0.8126441409999999
08/03/2019;29;1.0
09/03/2019;11;0.798204
09/03/2019;13;0.7174064520000001
09/03/2019;14;0.836519243
09/03/2019;15;0.799436101
09/03/2019;16;0.822981715
09/03/2019;17;0.855119733
09/03/2019;18;0.6209862820000001
09/03/2019;19;0.8468523
09/03/2019;20;1.0
09/03/2019;21;0.689323841
09/03/2019;22;0.870670732
09/03/2019;23;0.872889012
09/03/2019;24;0.605740155
09/03/2019;25;0.87769383
09/03/2019;26;0.803481308
09/03/2019;27;0.7787608509999999
09/03/2019;28;0.937346765
09/03/2019;29;1.0
10/03/2019;11;0.785363877
10/03/2019;13;0.7668738340000001
10/03/2019;14;0.9023861129999999
10/03/2019;15;0.878937753
10/03/2019;16;0.889651648
10/03/2019;17;0.8742975040000001
10/03/2019;18;0.7414953240000001
10/03/2019;19;0.947062273
10/03/2019;20;1.003040697
10/03/2019;21;0.7607456920000001
10/03/2019;22;0.906569546
10/03/2019;23;0.913151624
10/03/2019;24;0.693075124
10/03/2019;25;0.9218485679999999
10/03/2019;26;0.8992271209999999
10/03/2019;27;0.8531556859999999
10/03/2019;28;0.891428909
10/03/2019;29;1.0
11/03/2019;11;0.731359451
11/03/2019;13;0.804377001
11/03/2019;14;0.933547998
11/03/2019;15;0.880675768
11/03/2019;16;0.864419637
11/03/2019;17;0.830540382
11/03/2019;18;0.779464473
11/03/2019;19;0.8424273959999999
11/03/2019;20;0.9324084559999999
11/03/2019;21;0.77941696
11/03/2019;22;0.8828665309999999
11/03/2019;23;0.909834032
11/03/2019;24;0.7556330840000001
11/03/2019;25;0.9346870340000001
11/03/2019;26;0.91703838
11/03/2019;27;0.8709843079999999
11/03/2019;28;0.860298949
11/03/2019;29;1.0
12/03/2019;11;1.029076329
12/03/2019;13;0.8952390240000001
12/03/2019;14;1.079454772
12/03/2019;15;1.0
12/03/2019;16;1.0108444840000002
12/03/2019;17;1.0
12/03/2019;18;0.8873972809999999
12/03/2019;19;1.0
12/03/2019;20;1.0
12/03/2019;21;0.829196519
12/03/2019;22;1.0
12/03/2019;23;1.0
12/03/2019;24;1.0
12/03/2019;25;1.0
12/03/2019;26;1.0
12/03/2019;27;1.0
12/03/2019;28;1.0
12/03/2019;29;0.9343933040000001
13/03/2019;11;1.179433795
13/03/2019;13;1.028096049
13/03/2019;14;1.2190611759999999
13/03/2019;15;1.159776229
13/03/2019;16;1.084697704
13/03/2019;17;1.0
13/03/2019;18;1.09845138
13/03/2019;19;1.105149091
13/03/2019;20;1.081899733
13/03/2019;21;1.07231004
13/03/2019;22;1.078945284
13/03/2019;23;1.075254584
13/03/2019;24;1.0354984090000001
13/03/2019;25;1.170448585
13/03/2019;26;1.112091187
13/03/2019;27;1.1074729890000001
13/03/2019;28;1.073381725
13/03/2019;29;0.973166027
14/03/2019;11;1.120363343
14/03/2019;13;1.124188261
14/03/2019;14;1.28951163
14/03/2019;15;1.237400883
14/03/2019;16;1.0876163540000001
14/03/2019;17;1.0139392390000002
14/03/2019;18;1.176781728
14/03/2019;19;1.145797646
14/03/2019;20;1.128403316
14/03/2019;21;1.0
14/03/2019;22;1.076779263
14/03/2019;23;1.0
14/03/2019;24;1.058461777
14/03/2019;25;1.123828273
14/03/2019;26;1.11431593
14/03/2019;27;1.0858718109999999
14/03/2019;28;1.022848713
14/03/2019;29;0.970581848
15/03/2019;11;0.905283238
15/03/2019;13;0.986009328
15/03/2019;14;1.0
15/03/2019;15;1.14499028
15/03/2019;16;1.1073018620000001
15/03/2019;17;1.028270638
15/03/2019;18;1.0
15/03/2019;19;1.0
15/03/2019;20;1.0
15/03/2019;21;0.864299072
15/03/2019;22;1.0551999109999999
15/03/2019;23;0.964586829
15/03/2019;24;0.9893834429999999
15/03/2019;25;1.03144455
15/03/2019;26;1.062706243
15/03/2019;27;1.0
15/03/2019;28;1.0
15/03/2019;29;0.993972341
16/03/2019;11;0.545425383
16/03/2019;13;0.691289505
16/03/2019;14;0.9295587820000001
16/03/2019;15;1.0
16/03/2019;16;0.9456639109999999
16/03/2019;17;0.925513217
16/03/2019;18;0.849181892
16/03/2019;19;0.911956787
16/03/2019;20;1.0
16/03/2019;21;0.7218364829999999
16/03/2019;22;1.0
16/03/2019;23;0.969933962
16/03/2019;24;0.8388807429999999
16/03/2019;25;0.985614678
16/03/2019;26;0.997269159
16/03/2019;27;0.976168745
16/03/2019;28;0.960019246
16/03/2019;29;0.962692633
17/03/2019;11;1.0
17/03/2019;13;1.0
17/03/2019;14;1.0
17/03/2019;15;0.95084661
17/03/2019;16;0.798472235
17/03/2019;17;0.8343262690000001
17/03/2019;18;0.881967177
17/03/2019;19;0.846571735
17/03/2019;20;0.96879266
17/03/2019;21;1.0
17/03/2019;22;1.0
17/03/2019;23;1.014609187
17/03/2019;24;0.823359466
17/03/2019;25;1.0
17/03/2019;26;1.0
17/03/2019;27;0.946082619
17/03/2019;28;1.0
17/03/2019;29;0.9557980309999999
18/03/2019;11;1.0102939979999999
18/03/2019;13;1.0
18/03/2019;14;1.024661938
18/03/2019;15;1.010959422
18/03/2019;16;0.8097123709999999
18/03/2019;17;0.834781452
18/03/2019;18;0.9607832279999999
18/03/2019;19;1.0
18/03/2019;20;0.88785359
18/03/2019;21;0.9827594540000001
18/03/2019;22;1.038938165
18/03/2019;23;1.062340713
18/03/2019;24;0.875362635
18/03/2019;25;1.0
18/03/2019;26;1.0
18/03/2019;27;1.0
18/03/2019;28;1.0
18/03/2019;29;1.0
19/03/2019;11;1.2308583579999999
19/03/2019;13;1.19068713
19/03/2019;14;1.132202212
19/03/2019;15;1.105158603
19/03/2019;16;1.002176376
19/03/2019;17;1.0
19/03/2019;18;1.1155483529999999
19/03/2019;19;1.061289725
19/03/2019;20;1.0
19/03/2019;21;1.043133753
19/03/2019;22;1.094181887
19/03/2019;23;1.06298036
19/03/2019;24;1.047756709
19/03/2019;25;1.0
19/03/2019;26;1.017116338
19/03/2019;27;1.061849489
19/03/2019;28;0.9849469809999999
19/03/2019;29;1.0528852659999999
20/03/2019;11;1.2889371840000001
20/03/2019;13;1.284869453
20/03/2019;14;1.187575943
20/03/2019;15;1.112465325
20/03/2019;16;1.090078507
20/03/2019;17;1.084853702
20/03/2019;18;1.1696918920000001
20/03/2019;19;1.0859716529999999
20/03/2019;20;1.058878617
20/03/2019;21;1.0
20/03/2019;22;1.091995547
20/03/2019;23;1.0
20/03/2019;24;1.1892253309999998
20/03/2019;25;1.020393284
20/03/2019;26;1.090134454
20/03/2019;27;1.116764974
20/03/2019;28;0.940954677
20/03/2019;29;1.0
21/03/2019;11;1.189710609
21/03/2019;13;1.213367481
21/03/2019;14;1.156587036
21/03/2019;15;1.083153684
21/03/2019;16;0.9962242659999999
21/03/2019;17;1.0
21/03/2019;18;1.193769105
21/03/2019;19;0.9844702740000001
21/03/2019;20;0.995682297
21/03/2019;21;1.037750648
21/03/2019;22;0.9971952540000001
21/03/2019;23;1.0214715890000001
21/03/2019;24;1.1491903190000001
21/03/2019;25;0.991231682
21/03/2019;26;1.023702391
21/03/2019;27;1.097099861
21/03/2019;28;0.919119938
21/03/2019;29;0.942058897
22/03/2019;11;1.0
22/03/2019;13;1.133574371
22/03/2019;14;1.130156788
22/03/2019;15;1.0
22/03/2019;16;0.847350542
22/03/2019;17;0.839081258
22/03/2019;18;1.1144579620000001
22/03/2019;19;0.9072984559999999
22/03/2019;20;0.92389829
22/03/2019;21;1.1254541009999999
22/03/2019;22;0.92849508
22/03/2019;23;1.075755093
22/03/2019;24;1.0
22/03/2019;25;0.942480173
22/03/2019;26;1.060800358
22/03/2019;27;1.0
22/03/2019;28;0.908921509
22/03/2019;29;0.9091446609999999
23/03/2019;11;0.8960947090000001
23/03/2019;13;0.99609457
23/03/2019;14;1.0
23/03/2019;15;0.8272700059999999
23/03/2019;16;0.656186034
23/03/2019;17;0.716674787
23/03/2019;18;0.985711818
23/03/2019;19;0.835160261
23/03/2019;20;0.8964792420000001
23/03/2019;21;1.155146891
23/03/2019;22;0.9040161
23/03/2019;23;1.04054661
23/03/2019;24;0.9310056409999999
23/03/2019;25;0.834548388
23/03/2019;26;1.065516677
23/03/2019;27;0.971436484
23/03/2019;28;0.96195888
23/03/2019;29;0.9037433909999999
24/03/2019;11;0.7433016159999999
24/03/2019;13;0.85488912
24/03/2019;14;0.863691896
24/03/2019;15;0.692894847
24/03/2019;16;0.602241838
24/03/2019;17;0.800429154
24/03/2019;18;0.817313735
24/03/2019;19;0.852490092
24/03/2019;20;0.931863911
24/03/2019;21;1.078666659
24/03/2019;22;0.926409868
24/03/2019;23;1.005559046
24/03/2019;24;0.82689754
24/03/2019;25;0.851168595
24/03/2019;26;1.0
24/03/2019;27;0.915687432
24/03/2019;28;0.954452657
24/03/2019;29;1.0
25/03/2019;11;0.6819179740000001
25/03/2019;13;0.656646782
25/03/2019;14;0.8595438870000001
25/03/2019;15;0.834220835
25/03/2019;16;0.7402189290000001
25/03/2019;17;1.0
25/03/2019;18;0.73618377
25/03/2019;19;0.929644178
25/03/2019;20;0.9646027420000001
25/03/2019;21;0.945384322
25/03/2019;22;1.0
25/03/2019;23;0.987710365
25/03/2019;24;0.8067387420000001
25/03/2019;25;0.954655389
25/03/2019;26;1.0
25/03/2019;27;0.911313824
25/03/2019;28;0.914606927
25/03/2019;29;1.029996847
26/03/2019;11;1.0
26/03/2019;13;1.0
26/03/2019;14;0.9036199709999999
26/03/2019;15;1.009253664
26/03/2019;16;1.0
26/03/2019;17;0.9473704059999999
26/03/2019;18;1.0
26/03/2019;19;1.0
26/03/2019;20;1.0
26/03/2019;21;1.0
26/03/2019;22;1.067436963
26/03/2019;23;1.004037579
26/03/2019;24;1.0162504270000001
26/03/2019;25;0.977639533
26/03/2019;26;1.0100167820000001
26/03/2019;27;1.0
26/03/2019;28;0.880054608
26/03/2019;29;1.0
27/03/2019;11;1.086934569
27/03/2019;13;1.149725949
27/03/2019;14;1.0
27/03/2019;15;1.050484261
27/03/2019;16;1.0720381970000001
27/03/2019;17;0.9404802809999999
27/03/2019;18;1.220760246
27/03/2019;19;1.067113507
27/03/2019;20;1.0
27/03/2019;21;1.1201322459999998
27/03/2019;22;1.0
27/03/2019;23;1.037872693
27/03/2019;24;1.235541062
27/03/2019;25;1.009675941
27/03/2019;26;1.034240327
27/03/2019;27;1.1005152459999998
27/03/2019;28;1.0
27/03/2019;29;1.0
28/03/2019;11;1.176855679
28/03/2019;13;1.226929298
28/03/2019;14;1.095416586
28/03/2019;15;1.0697560609999999
28/03/2019;16;1.0611500040000001
28/03/2019;17;0.977861402
28/03/2019;18;1.350306285
28/03/2019;19;1.018782649
28/03/2019;20;1.059843261
28/03/2019;21;1.224286505
28/03/2019;22;1.003225276
28/03/2019;23;1.01707528
28/03/2019;24;1.214799212
28/03/2019;25;1.029262875
28/03/2019;26;1.049429645
28/03/2019;27;1.183225605
28/03/2019;28;1.12546347
28/03/2019;29;1.020365389
29/03/2019;11;1.1765273090000001
29/03/2019;13;1.1425179
29/03/2019;14;1.079278094
29/03/2019;15;1.120463952
29/03/2019;16;0.9753831009999999
29/03/2019;17;0.899325409
29/03/2019;18;1.348364651
29/03/2019;19;1.065263125
29/03/2019;20;1.167148853
29/03/2019;21;1.286789598
29/03/2019;22;1.078265144
29/03/2019;23;1.09284094
29/03/2019;24;1.200959325
29/03/2019;25;1.048735301
29/03/2019;26;1.064583618
29/03/2019;27;1.1794000070000001
29/03/2019;28;1.0806571170000001
29/03/2019;29;1.029855929
30/03/2019;11;1.0
30/03/2019;13;1.139223745
30/03/2019;14;1.0
30/03/2019;15;1.16705849
30/03/2019;16;0.9366922870000001
30/03/2019;17;0.900954605
30/03/2019;18;1.3287702940000001
30/03/2019;19;1.12723094
30/03/2019;20;1.227316923
30/03/2019;21;1.297151797
30/03/2019;22;1.159422344
30/03/2019;23;1.173893265
30/03/2019;24;1.25235662
30/03/2019;25;1.106051288
30/03/2019;26;1.122109322
30/03/2019;27;1.2195280720000001
30/03/2019;28;1.1023992809999998
30/03/2019;29;1.014736258
31/03/2019;11;0.951482292
31/03/2019;13;1.253232203
31/03/2019;14;0.957988972
31/03/2019;15;1.081431585
31/03/2019;16;1.0261084459999998
31/03/2019;17;1.088081799
31/03/2019;18;1.183784825
31/03/2019;19;1.1822906770000001
31/03/2019;20;1.194075156
31/03/2019;21;1.289542733
31/03/2019;22;1.1928807609999998
31/03/2019;23;1.188203823
31/03/2019;24;1.151235761
31/03/2019;25;1.132274746
31/03/2019;26;1.161843997
31/03/2019;27;1.240010431
31/03/2019;28;1.105716109
31/03/2019;29;1.062714253
01/04/2019;11;0.857043132
01/04/2019;13;1.253739632
01/04/2019;14;0.827611133
01/04/2019;15;0.8980264609999999
01/04/2019;16;0.887849808
01/04/2019;17;1.0
01/04/2019;18;1.080101058
01/04/2019;19;1.16371662
01/04/2019;20;1.06668122
01/04/2019;21;1.420179611
01/04/2019;22;1.2128602640000001
01/04/2019;23;1.231039851
01/04/2019;24;1.0
01/04/2019;25;1.269958189
01/04/2019;26;1.414445236
01/04/2019;27;1.214794706
01/04/2019;28;1.173410309
01/04/2019;29;1.2274990479999999
02/04/2019;11;0.767086522
02/04/2019;13;0.965651433
02/04/2019;14;0.876974385
02/04/2019;15;0.7589985579999999
02/04/2019;16;0.705657337
02/04/2019;17;1.0168415179999999
02/04/2019;18;0.9782966259999999
02/04/2019;19;1.055990452
02/04/2019;20;1.003285632
02/04/2019;21;1.253209498
02/04/2019;22;1.063438649
02/04/2019;23;1.123206192
02/04/2019;24;0.9201996790000001
02/04/2019;25;1.128896307
02/04/2019;26;1.247498051
02/04/2019;27;1.115424865
02/04/2019;28;1.30257015
02/04/2019;29;1.0
03/04/2019;11;1.0
03/04/2019;13;1.0
03/04/2019;14;1.014727923
03/04/2019;15;0.773086495
03/04/2019;16;0.891079718
03/04/2019;17;1.0635817490000001
03/04/2019;18;0.8034350859999999
03/04/2019;19;1.095118669
03/04/2019;20;1.014832897
03/04/2019;21;0.986057992
03/04/2019;22;1.196584362
03/04/2019;23;0.99938733
03/04/2019;24;0.908290105
03/04/2019;25;1.145299021
03/04/2019;26;0.9836752540000001
03/04/2019;27;1.119567733
03/04/2019;28;1.0
03/04/2019;29;0.985261038
04/04/2019;11;1.0950907509999999
04/04/2019;13;1.155318091
04/04/2019;14;1.240129211
04/04/2019;15;0.82704988
04/04/2019;16;0.845870751
04/04/2019;17;1.124192618
04/04/2019;18;0.6452404829999999
04/04/2019;19;0.97767311
04/04/2019;20;0.954043558
04/04/2019;21;0.889030381
04/04/2019;22;1.220056762
04/04/2019;23;0.899578342
04/04/2019;24;1.044290455
04/04/2019;25;1.095710301
04/04/2019;26;0.8764603320000001
04/04/2019;27;1.225410948
04/04/2019;28;0.9616949840000001
04/04/2019;29;1.0
05/04/2019;11;1.18732772
05/04/2019;13;1.124279472
05/04/2019;14;1.298775562
05/04/2019;15;1.104305371
05/04/2019;16;1.030467014
05/04/2019;17;1.3544210559999998
05/04/2019;18;1.0
05/04/2019;19;1.018985705
05/04/2019;20;1.117323832
05/04/2019;21;1.014671098
05/04/2019;22;1.264679895
05/04/2019;23;0.947909915
05/04/2019;24;1.148749343
05/04/2019;25;1.123128272
05/04/2019;26;0.916180295
05/04/2019;27;1.210863215
05/04/2019;28;0.893087223
05/04/2019;29;1.012716338
06/04/2019;11;1.214140708
06/04/2019;13;1.1653979209999998
06/04/2019;14;1.0
06/04/2019;15;1.33980054
06/04/2019;16;1.229341161
06/04/2019;17;1.3883439469999999
06/04/2019;18;1.254184607
06/04/2019;19;1.435029246
06/04/2019;20;1.524270381
06/04/2019;21;1.122554036
06/04/2019;22;1.540244512
06/04/2019;23;1.068929642
06/04/2019;24;1.0
06/04/2019;25;1.172010666
06/04/2019;26;0.861169382
06/04/2019;27;1.060308238
06/04/2019;28;0.8508304940000001
06/04/2019;29;0.9360758709999999
07/04/2019;11;1.42821267
07/04/2019;13;1.3452359630000001
07/04/2019;14;1.0185890359999998
07/04/2019;15;1.277865051
07/04/2019;16;1.234148601
07/04/2019;17;1.410276335
07/04/2019;18;1.139652802
07/04/2019;19;1.5222775169999998
07/04/2019;20;1.224618896
07/04/2019;21;1.167612822
07/04/2019;22;1.375904408
07/04/2019;23;1.139149526
07/04/2019;24;0.938187043
07/04/2019;25;1.0
07/04/2019;26;0.979697624
07/04/2019;27;1.01171123
07/04/2019;28;1.0
07/04/2019;29;0.871105045
08/04/2019;11;1.278599642
08/04/2019;13;1.327487719
08/04/2019;14;1.0506396759999999
08/04/2019;15;1.243248884
08/04/2019;16;1.2245503229999999
08/04/2019;17;1.505542837
08/04/2019;18;1.0
08/04/2019;19;1.3602250059999998
08/04/2019;20;1.140739398
08/04/2019;21;1.0986493179999999
08/04/2019;22;1.3483194630000002
08/04/2019;23;1.0
08/04/2019;24;1.075353106
08/04/2019;25;1.0
08/04/2019;26;1.0044765629999999
08/04/2019;27;1.122331505
08/04/2019;28;1.08493215
08/04/2019;29;1.0
09/04/2019;11;1.0
09/04/2019;13;1.0
09/04/2019;14;0.988237589
09/04/2019;15;1.0
09/04/2019;16;1.0
09/04/2019;17;1.2969502529999999
09/04/2019;18;0.862639248
09/04/2019;19;1.0
09/04/2019;20;1.0
09/04/2019;21;0.998398549
09/04/2019;22;1.396217949
09/04/2019;23;0.942641449
09/04/2019;24;1.108363108
09/04/2019;25;1.0
09/04/2019;26;1.016629387
09/04/2019;27;1.172931778
09/04/2019;28;1.0
09/04/2019;29;1.0
10/04/2019;11;0.927344779
10/04/2019;13;1.0
10/04/2019;14;1.0
10/04/2019;15;0.844829582
10/04/2019;16;0.933558824
10/04/2019;17;1.118412517
10/04/2019;18;0.858010458
10/04/2019;19;1.043209225
10/04/2019;20;1.0
10/04/2019;21;1.0
10/04/2019;22;1.320006893
10/04/2019;23;0.9605379829999999
10/04/2019;24;1.03394725
10/04/2019;25;1.0
10/04/2019;26;0.986074126
10/04/2019;27;1.141380274
10/04/2019;28;0.768142792
10/04/2019;29;0.906329873
11/04/2019;11;1.0598319379999999
11/04/2019;13;1.1494044159999999
11/04/2019;14;1.046393218
11/04/2019;15;0.9353012059999999
11/04/2019;16;1.0
11/04/2019;17;1.108861724
11/04/2019;18;1.05405898
11/04/2019;19;1.085634542
11/04/2019;20;1.0
11/04/2019;21;1.063964556
11/04/2019;22;1.356019274
11/04/2019;23;1.039578015
11/04/2019;24;1.17489359
11/04/2019;25;1.037618994
11/04/2019;26;1.0
11/04/2019;27;1.290079204
11/04/2019;28;1.0
11/04/2019;29;0.86713134
12/04/2019;11;1.0
12/04/2019;13;1.0
12/04/2019;14;0.861314583
12/04/2019;15;1.169014872
12/04/2019;16;1.270511544
12/04/2019;17;1.0
12/04/2019;18;1.157816843
12/04/2019;19;1.096146533
12/04/2019;20;1.086727319
12/04/2019;21;1.132288463
12/04/2019;22;1.4257722030000002
12/04/2019;23;1.101753195
12/04/2019;24;1.3428616219999998
12/04/2019;25;1.141432217
12/04/2019;26;1.125720775
12/04/2019;27;1.424033871
12/04/2019;28;1.084402754
12/04/2019;29;1.0
13/04/2019;11;1.004683478
13/04/2019;13;1.196043635
13/04/2019;14;1.0
13/04/2019;15;1.419663245
13/04/2019;16;1.437607905
13/04/2019;17;0.91876077
13/04/2019;18;1.46148378
13/04/2019;19;1.231212914
13/04/2019;20;1.2644782159999999
13/04/2019;21;1.311743839
13/04/2019;22;1.5098491490000001
13/04/2019;23;1.0700648990000001
13/04/2019;24;1.594560236
13/04/2019;25;1.258094053
13/04/2019;26;1.2194159359999999
13/04/2019;27;1.4209532230000002
13/04/2019;28;1.0
13/04/2019;29;1.074084955
14/04/2019;11;1.319263809
14/04/2019;13;2.027562213
14/04/2019;14;1.346181892
14/04/2019;15;1.5871176409999999
14/04/2019;16;1.3468372259999999
14/04/2019;17;1.172430131
14/04/2019;18;2.053547311
14/04/2019;19;1.362407471
14/04/2019;20;1.372968311
14/04/2019;21;1.273966529
14/04/2019;22;1.4857079930000001
14/04/2019;23;1.05407585
14/04/2019;24;1.653873603
14/04/2019;25;1.166822533
14/04/2019;26;1.260243004
14/04/2019;27;1.49378203
14/04/2019;28;1.033158818
14/04/2019;29;1.072119029
15/04/2019;11;1.1856607590000001
15/04/2019;13;1.740436361
15/04/2019;14;1.189126558
15/04/2019;15;1.3114926059999998
15/04/2019;16;1.0
15/04/2019;17;1.0
15/04/2019;18;1.6343997380000002
15/04/2019;19;1.309203542
15/04/2019;20;1.256467026
15/04/2019;21;1.104024574
15/04/2019;22;1.267734485
15/04/2019;23;1.055604055
15/04/2019;24;1.4624840330000002
15/04/2019;25;1.20981533
15/04/2019;26;1.12759038
15/04/2019;27;1.4588190159999999
15/04/2019;28;1.1603009309999999
15/04/2019;29;1.073045423
16/04/2019;11;0.947750777
16/04/2019;13;1.27580614
16/04/2019;14;1.030939172
16/04/2019;15;1.1506323170000001
16/04/2019;16;1.011968557
16/04/2019;17;1.1176525240000001
16/04/2019;18;1.2747056
16/04/2019;19;1.101833984
16/04/2019;20;1.0434163840000001
16/04/2019;21;1.188779986
16/04/2019;22;1.164095547
16/04/2019;23;1.087141642
16/04/2019;24;1.292183314
16/04/2019;25;1.107139235
16/04/2019;26;1.098339224
16/04/2019;27;1.301892778
16/04/2019;28;1.190799452
16/04/2019;29;1.071273607
17/04/2019;11;0.88518594
17/04/2019;13;1.0
17/04/2019;14;0.9548802829999999
17/04/2019;15;1.091863797
17/04/2019;16;1.1652288
17/04/2019;17;1.30215736
17/04/2019;18;1.0
17/04/2019;19;1.0
17/04/2019;20;0.987687557
17/04/2019;21;1.218926932
17/04/2019;22;1.209233319
17/04/2019;23;1.100780232
17/04/2019;24;1.070215649
17/04/2019;25;1.0
17/04/2019;26;1.091003816
17/04/2019;27;1.151850497
17/04/2019;28;0.990623858
17/04/2019;29;1.0
18/04/2019;11;0.787281294
18/04/2019;13;0.7809097159999999
18/04/2019;14;0.716594547
18/04/2019;15;0.902523092
18/04/2019;16;0.979441078
18/04/2019;17;1.0
18/04/2019;18;1.009020778
18/04/2019;19;0.933135954
18/04/2019;20;0.944760452
18/04/2019;21;1.182178653
18/04/2019;22;1.190453685
18/04/2019;23;1.064442331
18/04/2019;24;1.05249817
18/04/2019;25;0.806835777
18/04/2019;26;1.137831309
18/04/2019;27;1.141392152
18/04/2019;28;1.0
18/04/2019;29;1.003686852
19/04/2019;11;0.49171041299999996
19/04/2019;13;0.6816420409999999
19/04/2019;14;0.509894749
19/04/2019;15;0.745260558
19/04/2019;16;0.697549048
19/04/2019;17;0.7645846340000001
19/04/2019;18;0.957293015
19/04/2019;19;0.8423336920000001
19/04/2019;20;0.9216880390000001
19/04/2019;21;1.097256842
19/04/2019;22;0.9133971470000001
19/04/2019;23;1.057476209
19/04/2019;24;1.0
19/04/2019;25;0.637796467
19/04/2019;26;1.153051298
19/04/2019;27;1.123238129
19/04/2019;28;1.093621245
19/04/2019;29;1.0920031590000001
20/04/2019;11;0.261447368
20/04/2019;13;0.648826734
20/04/2019;14;0.437615961
20/04/2019;15;0.658938302
20/04/2019;16;0.677786375
20/04/2019;17;0.594217796
20/04/2019;18;0.7844326620000001
20/04/2019;19;0.784413554
20/04/2019;20;0.784059763
20/04/2019;21;0.9741704929999999
20/04/2019;22;0.754435959
20/04/2019;23;1.021507843
20/04/2019;24;0.914311311
20/04/2019;25;0.5326622529999999
20/04/2019;26;1.1247613909999998
20/04/2019;27;1.0
20/04/2019;28;1.225938738
20/04/2019;29;1.120651901
21/04/2019;11;0.303384092
21/04/2019;13;0.680132113
21/04/2019;14;0.500064151
21/04/2019;15;0.729628878
21/04/2019;16;0.697180129
21/04/2019;17;0.56951481
21/04/2019;18;0.8062744759999999
21/04/2019;19;0.76986782
21/04/2019;20;0.713194137
21/04/2019;21;1.006057823
21/04/2019;22;0.7675589270000001
21/04/2019;23;1.01516698
21/04/2019;24;0.888082006
21/04/2019;25;0.496652318
21/04/2019;26;1.0
21/04/2019;27;0.930638264
21/04/2019;28;0.8713741
21/04/2019;29;0.956622931
22/04/2019;11;0.440470495
22/04/2019;13;0.775466265
22/04/2019;14;0.615486847
22/04/2019;15;1.0
22/04/2019;16;0.8112073740000001
22/04/2019;17;0.565448969
22/04/2019;18;1.0
22/04/2019;19;0.669912139
22/04/2019;20;0.699326085
22/04/2019;21;1.0
22/04/2019;22;0.648451279
22/04/2019;23;1.051133551
22/04/2019;24;1.001797593
22/04/2019;25;0.630528293
22/04/2019;26;0.9659385070000001
22/04/2019;27;1.0
22/04/2019;28;0.592791877
22/04/2019;29;0.8035861120000001
23/04/2019;11;1.0
23/04/2019;13;1.18010623
23/04/2019;14;0.545813495
23/04/2019;15;1.063944419
23/04/2019;16;1.0
23/04/2019;17;1.0
23/04/2019;18;0.9994904609999999
23/04/2019;19;0.730181486
23/04/2019;20;0.728744883
23/04/2019;21;0.94990344
23/04/2019;22;0.595859699
23/04/2019;23;0.894385248
23/04/2019;24;1.0
23/04/2019;25;0.654440604
23/04/2019;26;0.883530753
23/04/2019;27;0.976581004
23/04/2019;28;0.631212255
23/04/2019;29;0.725821067
24/04/2019;11;1.0
24/04/2019;13;1.0
24/04/2019;14;0.503452825
24/04/2019;15;0.8750635440000001
24/04/2019;16;0.9488911870000001
24/04/2019;17;1.154095665
24/04/2019;18;0.7924111159999999
24/04/2019;19;0.7014392140000001
24/04/2019;20;0.71388761
24/04/2019;21;0.880747845
24/04/2019;22;0.65153337
24/04/2019;23;0.843936824
24/04/2019;24;0.836079833
24/04/2019;25;0.706407838
24/04/2019;26;0.8281173359999999
24/04/2019;27;0.803736039
24/04/2019;28;0.7029422740000001
24/04/2019;29;0.87854759
25/04/2019;11;1.0
25/04/2019;13;1.0
25/04/2019;14;0.500026889
25/04/2019;15;0.750565888
25/04/2019;16;0.742978248
25/04/2019;17;1.0
25/04/2019;18;0.7242616909999999
25/04/2019;19;0.693427122
25/04/2019;20;0.720976501
25/04/2019;21;0.817984782
25/04/2019;22;0.618437449
25/04/2019;23;0.949652185
25/04/2019;24;0.6896100940000001
25/04/2019;25;0.686190621
25/04/2019;26;0.805149518
25/04/2019;27;0.642773915
25/04/2019;28;0.66912587
25/04/2019;29;0.813830323
26/04/2019;11;0.701063648
26/04/2019;13;0.9016411190000001
26/04/2019;14;0.514077729
26/04/2019;15;0.7348048140000001
26/04/2019;16;0.753894759
26/04/2019;17;1.0
26/04/2019;18;0.7608316479999999
26/04/2019;19;0.761720365
26/04/2019;20;0.69185121
26/04/2019;21;0.817339349
26/04/2019;22;0.591983103
26/04/2019;23;0.860887298
26/04/2019;24;0.70352096
26/04/2019;25;0.583975386
26/04/2019;26;0.784166749
26/04/2019;27;0.626016741
26/04/2019;28;0.63319044
26/04/2019;29;0.765862935
27/04/2019;11;0.500888952
27/04/2019;13;1.0
27/04/2019;14;0.706466356
27/04/2019;15;1.0
27/04/2019;16;1.0
27/04/2019;17;1.1738179
27/04/2019;18;1.0
27/04/2019;19;1.0
27/04/2019;20;1.0
27/04/2019;21;1.0
27/04/2019;22;1.0
27/04/2019;23;0.966860864
27/04/2019;24;0.659345371
27/04/2019;25;0.6001907360000001
27/04/2019;26;0.777638803
27/04/2019;27;0.670272651
27/04/2019;28;0.6066753739999999
27/04/2019;29;0.724172763
28/04/2019;11;0.554567826
28/04/2019;13;0.9881424879999999
28/04/2019;14;1.112255967
28/04/2019;15;1.321282354
28/04/2019;16;1.127651666
28/04/2019;17;1.0
28/04/2019;18;1.294321806
28/04/2019;19;0.990976772
28/04/2019;20;0.986647203
28/04/2019;21;1.0
28/04/2019;22;1.29403588
28/04/2019;23;1.030051833
28/04/2019;24;1.0
28/04/2019;25;0.736320284
28/04/2019;26;0.9063392840000001
28/04/2019;27;1.023698872
28/04/2019;28;0.62438284
28/04/2019;29;1.0
29/04/2019;11;0.631713481
29/04/2019;13;1.015254523
29/04/2019;14;1.105516006
29/04/2019;15;1.441831494
29/04/2019;16;1.28829957
29/04/2019;17;1.0
29/04/2019;18;1.58946776
29/04/2019;19;1.1140093229999999
29/04/2019;20;1.11778263
29/04/2019;21;1.191013013
29/04/2019;22;1.412103996
29/04/2019;23;1.0883696170000001
29/04/2019;24;1.18205816
29/04/2019;25;0.701281058
29/04/2019;26;1.045114681
29/04/2019;27;1.216087746
29/04/2019;28;0.7951330809999999
29/04/2019;29;1.180896495
30/04/2019;11;0.898139295
30/04/2019;13;1.402010512
30/04/2019;14;0.853777945
30/04/2019;15;1.320631039
30/04/2019;16;1.3323349709999999
30/04/2019;17;1.301098216
30/04/2019;18;1.0
30/04/2019;19;1.424280974
30/04/2019;20;1.267027694
30/04/2019;21;1.0
30/04/2019;22;1.5797310759999998
30/04/2019;23;1.09263487
30/04/2019;24;1.336543546
30/04/2019;25;1.0
30/04/2019;26;1.147230859
30/04/2019;27;1.3431825259999999
30/04/2019;28;0.910516216
30/04/2019;29;1.115802824
01/05/2019;11;0.521368842
01/05/2019;13;0.92347893
01/05/2019;14;0.457167731
01/05/2019;15;1.142522132
01/05/2019;16;1.155341424
01/05/2019;17;1.3700968519999999
01/05/2019;18;0.894497931
01/05/2019;19;1.0
01/05/2019;20;1.0
01/05/2019;21;0.9368414840000001
01/05/2019;22;1.842105364
01/05/2019;23;1.13311046
01/05/2019;24;1.333957995
01/05/2019;25;1.351367495
01/05/2019;26;1.167876715
01/05/2019;27;1.6010898409999998
01/05/2019;28;0.982043515
01/05/2019;29;1.0
02/05/2019;11;0.42811452200000005
02/05/2019;13;0.567831856
02/05/2019;14;0.533737776
02/05/2019;15;1.026664762
02/05/2019;16;0.986430811
02/05/2019;17;1.194973964
02/05/2019;18;0.7809312
02/05/2019;19;1.0
02/05/2019;20;1.0
02/05/2019;21;0.953087186
02/05/2019;22;1.474469632
02/05/2019;23;1.070946872
02/05/2019;24;1.1822045840000002
02/05/2019;25;0.896416091
02/05/2019;26;1.20312837
02/05/2019;27;1.3371516970000001
02/05/2019;28;0.9582642490000001
02/05/2019;29;1.026429645
03/05/2019;11;1.0
03/05/2019;13;1.0
03/05/2019;14;0.64220341
03/05/2019;15;1.047946335
03/05/2019;16;1.009434658
03/05/2019;17;1.213237116
03/05/2019;18;0.86385558
03/05/2019;19;1.0
03/05/2019;20;1.0
03/05/2019;21;0.938463934
03/05/2019;22;1.3637233619999998
03/05/2019;23;0.824302538
03/05/2019;24;1.0
03/05/2019;25;0.60568639
03/05/2019;26;1.0
03/05/2019;27;1.164412262
03/05/2019;28;1.047646515
03/05/2019;29;1.187006446
04/05/2019;11;0.929108587
04/05/2019;13;1.180022848
04/05/2019;14;1.004766585
04/05/2019;15;1.519429497
04/05/2019;16;1.238321615
04/05/2019;17;1.187190503
04/05/2019;18;1.103258658
04/05/2019;19;1.026832704
04/05/2019;20;0.9467878359999999
04/05/2019;21;0.777052959
04/05/2019;22;1.6570575509999999
04/05/2019;23;1.039145624
04/05/2019;24;1.141397411
04/05/2019;25;1.0
04/05/2019;26;0.896986796
04/05/2019;27;1.326543007
04/05/2019;28;0.864452067
04/05/2019;29;1.0
05/05/2019;11;1.0
05/05/2019;13;2.289919336
05/05/2019;14;2.083603802
05/05/2019;15;2.596992708
05/05/2019;16;1.617696662
05/05/2019;17;1.5947407080000002
05/05/2019;18;1.739267304
05/05/2019;19;1.464703334
05/05/2019;20;1.078772558
05/05/2019;21;1.0
05/05/2019;22;2.226261564
05/05/2019;23;0.971490265
05/05/2019;24;1.4002663080000002
05/05/2019;25;1.202619995
05/05/2019;26;0.848408719
05/05/2019;27;1.386766508
05/05/2019;28;0.510851174
05/05/2019;29;0.6368334529999999
06/05/2019;11;1.041080532
06/05/2019;13;2.352815451
06/05/2019;14;1.6722505069999998
06/05/2019;15;1.9928126119999998
06/05/2019;16;1.6288947390000001
06/05/2019;17;1.818888319
06/05/2019;18;1.522191628
06/05/2019;19;1.685711287
06/05/2019;20;1.3749279330000002
06/05/2019;21;1.156624024
06/05/2019;22;2.1017054859999997
06/05/2019;23;1.070264629
06/05/2019;24;1.5482691869999998
06/05/2019;25;1.484739854
06/05/2019;26;1.0
06/05/2019;27;1.6010007430000002
06/05/2019;28;1.040528442
06/05/2019;29;1.0
07/05/2019;11;1.144295125
07/05/2019;13;1.99733951
07/05/2019;14;1.772588953
07/05/2019;15;1.676628049
07/05/2019;16;1.461482229
07/05/2019;17;1.6931235080000002
07/05/2019;18;1.477760841
07/05/2019;19;1.601944425
07/05/2019;20;1.6463288980000002
07/05/2019;21;1.253573235
07/05/2019;22;2.2282536630000003
07/05/2019;23;1.1615900609999998
07/05/2019;24;1.758188298
07/05/2019;25;2.041686339
07/05/2019;26;1.18779954
07/05/2019;27;1.96795038
07/05/2019;28;1.0
07/05/2019;29;1.047116575
08/05/2019;11;1.567598838
08/05/2019;13;2.286258917
08/05/2019;14;2.119052415
08/05/2019;15;1.589873499
08/05/2019;16;1.3894168340000002
08/05/2019;17;1.70889897
08/05/2019;18;1.446258949
08/05/2019;19;1.5425604659999999
08/05/2019;20;1.489604854
08/05/2019;21;1.154330428
08/05/2019;22;2.364167712
08/05/2019;23;1.1768273
08/05/2019;24;1.4326453319999999
08/05/2019;25;1.933145994
08/05/2019;26;1.320214803
08/05/2019;27;1.699928118
08/05/2019;28;1.245938776
08/05/2019;29;1.166894766
09/05/2019;11;1.0
09/05/2019;13;1.98435677
09/05/2019;14;1.743536234
09/05/2019;15;1.460555742
09/05/2019;16;1.405175205
09/05/2019;17;1.6154884719999998
09/05/2019;18;1.237448686
09/05/2019;19;1.230563761
09/05/2019;20;1.0
09/05/2019;21;1.088442395
09/05/2019;22;1.0
09/05/2019;23;0.956666745
09/05/2019;24;1.110086879
09/05/2019;25;1.4231671909999999
09/05/2019;26;1.0
09/05/2019;27;1.382258304
09/05/2019;28;1.0
09/05/2019;29;0.951280144
10/05/2019;11;0.707307822
10/05/2019;13;1.0
10/05/2019;14;1.0
10/05/2019;15;1.28188706
10/05/2019;16;1.3735793019999998
10/05/2019;17;1.4408293630000002
10/05/2019;18;1.0
10/05/2019;19;0.885573629
10/05/2019;20;1.0
10/05/2019;21;1.104170546
10/05/2019;22;1.0
10/05/2019;23;1.082514648
10/05/2019;24;1.058238198
10/05/2019;25;1.0
10/05/2019;26;1.0
10/05/2019;27;1.31629655
10/05/2019;28;0.646527492
10/05/2019;29;0.6824669320000001
11/05/2019;11;0.249620895
11/05/2019;13;0.69531542
11/05/2019;14;0.591108242
11/05/2019;15;1.0
11/05/2019;16;1.137508887
11/05/2019;17;1.389524165
11/05/2019;18;0.743338277
11/05/2019;19;1.286060609
11/05/2019;20;1.7134897130000002
11/05/2019;21;1.0
11/05/2019;22;2.305030311
11/05/2019;23;1.144238538
11/05/2019;24;1.237156517
11/05/2019;25;1.0
11/05/2019;26;1.173680352
11/05/2019;27;1.421818908
11/05/2019;28;0.649837196
11/05/2019;29;0.7962471459999999
12/05/2019;11;0.23386246
12/05/2019;13;1.010857036
12/05/2019;14;0.6599845529999999
12/05/2019;15;1.5843526430000001
12/05/2019;16;1.232597994
12/05/2019;17;1.50180727
12/05/2019;18;1.71316369
12/05/2019;19;1.8862757030000001
12/05/2019;20;2.457323451
12/05/2019;21;1.423135557
12/05/2019;22;3.622275202
12/05/2019;23;1.1798442059999998
12/05/2019;24;1.7407286219999998
12/05/2019;25;1.0
12/05/2019;26;1.240848787
12/05/2019;27;2.011163372
12/05/2019;28;0.911211529
12/05/2019;29;0.891820553
13/05/2019;11;0.38039505
13/05/2019;13;1.0
13/05/2019;14;0.802482673
13/05/2019;15;1.0
13/05/2019;16;1.0
13/05/2019;17;0.996754424
13/05/2019;18;1.77687719
13/05/2019;19;1.537020825
13/05/2019;20;1.493082454
13/05/2019;21;1.4296277519999998
13/05/2019;22;2.253639691
13/05/2019;23;1.155528337
13/05/2019;24;1.4695408559999998
13/05/2019;25;1.0
13/05/2019;26;1.300429729
13/05/2019;27;1.74053928
13/05/2019;28;1.386747618
13/05/2019;29;1.164141377
14/05/2019;11;0.38576431899999997
14/05/2019;13;1.112188648
14/05/2019;14;1.0
14/05/2019;15;1.084317346
14/05/2019;16;1.180737172
14/05/2019;17;0.625953378
14/05/2019;18;1.538762842
14/05/2019;19;1.215428441
14/05/2019;20;1.312666074
14/05/2019;21;1.286498809
14/05/2019;22;1.7972378759999998
14/05/2019;23;1.0961631090000001
14/05/2019;24;1.60595737
14/05/2019;25;0.816841387
14/05/2019;26;1.318663748
14/05/2019;27;1.627294899
14/05/2019;28;1.5328874
14/05/2019;29;1.292393579
15/05/2019;11;1.0
15/05/2019;13;1.873831799
15/05/2019;14;0.920401503
15/05/2019;15;1.61503124
15/05/2019;16;1.428674869
15/05/2019;17;1.051240269
15/05/2019;18;1.832932028
15/05/2019;19;1.289517986
15/05/2019;20;1.430727092
15/05/2019;21;1.321945771
15/05/2019;22;1.9548485569999998
15/05/2019;23;1.2160933459999999
15/05/2019;24;1.679716475
15/05/2019;25;1.173761205
15/05/2019;26;1.179757477
15/05/2019;27;1.586491231
15/05/2019;28;1.383762109
15/05/2019;29;1.284238008
16/05/2019;11;1.0
16/05/2019;13;2.233191309
16/05/2019;14;0.7259692040000001
16/05/2019;15;1.383251241
16/05/2019;16;1.0
16/05/2019;17;1.5559174059999998
16/05/2019;18;1.8039601980000002
16/05/2019;19;1.0
16/05/2019;20;1.0
16/05/2019;21;1.372796352
16/05/2019;22;2.111565219
16/05/2019;23;1.156512897
16/05/2019;24;1.486380719
16/05/2019;25;1.4006631230000002
16/05/2019;26;1.196807146
16/05/2019;27;1.4862331359999998
16/05/2019;28;1.398852526
16/05/2019;29;1.370847956
17/05/2019;11;1.1745529909999999
17/05/2019;13;1.4905626630000002
17/05/2019;14;0.748624689
17/05/2019;15;1.1480997590000002
17/05/2019;16;0.890055507
17/05/2019;17;1.5179370730000001
17/05/2019;18;1.461367848
17/05/2019;19;1.0
17/05/2019;20;0.845411818
17/05/2019;21;1.287845055
17/05/2019;22;1.5519505169999999
17/05/2019;23;1.049444048
17/05/2019;24;1.0
17/05/2019;25;0.8171734890000001
17/05/2019;26;1.114412482
17/05/2019;27;1.0
17/05/2019;28;1.5284795530000002
17/05/2019;29;1.223726088
18/05/2019;11;1.889947426
18/05/2019;13;1.453516609
18/05/2019;14;1.0
18/05/2019;15;1.369817464
18/05/2019;16;0.916624563
18/05/2019;17;1.346765939
18/05/2019;18;1.661326171
18/05/2019;19;0.960110652
18/05/2019;20;0.5708184510000001
18/05/2019;21;1.0
18/05/2019;22;1.0
18/05/2019;23;0.865626593
18/05/2019;24;0.877189423
18/05/2019;25;0.805864838
18/05/2019;26;0.926921839
18/05/2019;27;0.875443383
18/05/2019;28;0.849632233
18/05/2019;29;1.0
19/05/2019;11;1.5867986719999998
19/05/2019;13;1.843574064
19/05/2019;14;1.0
19/05/2019;15;1.272299747
19/05/2019;16;1.0
19/05/2019;17;1.3358656709999999
19/05/2019;18;1.443796735
19/05/2019;19;1.05859537
19/05/2019;20;1.0563311640000002
19/05/2019;21;1.0
19/05/2019;22;1.209064218
19/05/2019;23;0.96471897
19/05/2019;24;1.045201995
19/05/2019;25;1.0
19/05/2019;26;0.858873019
19/05/2019;27;1.0887908640000001
19/05/2019;28;0.473668744
19/05/2019;29;0.69532253
20/05/2019;11;0.9118698709999999
20/05/2019;13;1.4698706869999998
20/05/2019;14;1.167809699
20/05/2019;15;1.1648837
20/05/2019;16;1.157246491
20/05/2019;17;1.7357898230000002
20/05/2019;18;1.0
20/05/2019;19;0.970679176
20/05/2019;20;1.0
20/05/2019;21;1.0
20/05/2019;22;1.696319929
20/05/2019;23;0.7732841690000001
20/05/2019;24;1.14290127
20/05/2019;25;1.0
20/05/2019;26;0.9501757040000001
20/05/2019;27;1.20004634
20/05/2019;28;0.7398968159999999
20/05/2019;29;0.7368691759999999
21/05/2019;11;0.41619912299999995
21/05/2019;13;1.0
21/05/2019;14;1.230830205
21/05/2019;15;1.127173369
21/05/2019;16;1.219817162
21/05/2019;17;1.0
21/05/2019;18;0.838991343
21/05/2019;19;0.778298631
21/05/2019;20;1.0068128
21/05/2019;21;0.919753845
21/05/2019;22;1.732018544
21/05/2019;23;0.886791973
21/05/2019;24;1.08526451
21/05/2019;25;1.0
21/05/2019;26;0.959422772
21/05/2019;27;0.9864976520000001
21/05/2019;28;0.832127319
21/05/2019;29;1.0528915220000001
22/05/2019;11;0.418943833
22/05/2019;13;0.52639469
22/05/2019;14;1.0173459679999999
22/05/2019;15;0.930355257
22/05/2019;16;1.0
22/05/2019;17;1.0
22/05/2019;18;0.735614865
22/05/2019;19;0.647350953
22/05/2019;20;0.946919889
22/05/2019;21;0.944720876
22/05/2019;22;1.0
22/05/2019;23;0.8951821659999999
22/05/2019;24;1.0
22/05/2019;25;1.0
22/05/2019;26;1.070070322
22/05/2019;27;1.0
22/05/2019;28;0.852811724
22/05/2019;29;0.964859493
23/05/2019;11;0.613457232
23/05/2019;13;0.6789407829999999
23/05/2019;14;1.0
23/05/2019;15;0.7613987190000001
23/05/2019;16;0.8327878879999999
23/05/2019;17;1.153277458
23/05/2019;18;0.7359788740000001
23/05/2019;19;0.516910794
23/05/2019;20;0.72017747
23/05/2019;21;0.896590883
23/05/2019;22;0.966261105
23/05/2019;23;0.87427325
23/05/2019;24;1.0
23/05/2019;25;1.0
23/05/2019;26;0.993649837
23/05/2019;27;1.059210328
23/05/2019;28;0.9606498459999999
23/05/2019;29;0.83957804
24/05/2019;11;0.713090145
24/05/2019;13;0.590123077
24/05/2019;14;0.733403522
24/05/2019;15;0.679605294
24/05/2019;16;0.715626935
24/05/2019;17;0.80310346
24/05/2019;18;0.71047408
24/05/2019;19;0.53346351
24/05/2019;20;0.769307072
24/05/2019;21;0.890580068
24/05/2019;22;1.036513355
24/05/2019;23;0.8448422590000001
24/05/2019;24;1.0
24/05/2019;25;1.0
24/05/2019;26;0.830039857
24/05/2019;27;0.852269761
24/05/2019;28;1.0
24/05/2019;29;1.144101172
25/05/2019;11;0.32182321199999997
25/05/2019;13;0.228229527
25/05/2019;14;0.40354331
25/05/2019;15;0.460491694
25/05/2019;16;0.625917284
25/05/2019;17;0.518582008
25/05/2019;18;0.41760868
25/05/2019;19;0.497899811
25/05/2019;20;0.63200699
25/05/2019;21;0.755420952
25/05/2019;22;0.9486274659999999
25/05/2019;23;0.8418915990000001
25/05/2019;24;0.8836793629999999
25/05/2019;25;1.0
25/05/2019;26;0.7787855920000001
25/05/2019;27;0.596039689
25/05/2019;28;1.384059397
25/05/2019;29;0.8342476040000001
26/05/2019;11;0.285219126
26/05/2019;13;0.232348615
26/05/2019;14;0.502634176
26/05/2019;15;0.514370736
26/05/2019;16;0.7103204809999999
26/05/2019;17;0.541848631
26/05/2019;18;0.467033435
26/05/2019;19;0.41599043399999996
26/05/2019;20;0.464588092
26/05/2019;21;0.789571522
26/05/2019;22;1.0
26/05/2019;23;0.8029711279999999
26/05/2019;24;1.00875046
26/05/2019;25;1.0
26/05/2019;26;0.86157109
26/05/2019;27;1.0
26/05/2019;28;1.1955163709999999
26/05/2019;29;0.704616055
27/05/2019;11;0.502792522
27/05/2019;13;1.0
27/05/2019;14;0.787369348
27/05/2019;15;1.0
27/05/2019;16;1.0
27/05/2019;17;0.599962646
27/05/2019;18;1.0
27/05/2019;19;0.636424423
27/05/2019;20;0.744861285
27/05/2019;21;0.9444704709999999
27/05/2019;22;1.13405538
27/05/2019;23;0.909878447
27/05/2019;24;1.096183994
27/05/2019;25;1.0
27/05/2019;26;0.87766385
27/05/2019;27;1.178562488
27/05/2019;28;0.764017246
27/05/2019;29;0.759560641
28/05/2019;11;0.553006617
28/05/2019;13;1.0
28/05/2019;14;1.0
28/05/2019;15;1.0
28/05/2019;16;1.0
28/05/2019;17;0.70033068
28/05/2019;18;0.9633745570000001
28/05/2019;19;0.788719897
28/05/2019;20;0.792962671
28/05/2019;21;0.9307409059999999
28/05/2019;22;1.087912873
28/05/2019;23;0.863872668
28/05/2019;24;1.0
28/05/2019;25;1.0
28/05/2019;26;0.8839511259999999
28/05/2019;27;1.102013344
28/05/2019;28;0.9009656359999999
28/05/2019;29;0.8199741909999999
29/05/2019;11;0.536546868
29/05/2019;13;1.0
29/05/2019;14;1.0
29/05/2019;15;1.176373436
29/05/2019;16;1.0726176509999998
29/05/2019;17;0.727115959
29/05/2019;18;1.279634131
29/05/2019;19;0.832813974
29/05/2019;20;0.8216371159999999
29/05/2019;21;1.0
29/05/2019;22;1.11902336
29/05/2019;23;0.891384988
29/05/2019;24;1.0
29/05/2019;25;1.0
29/05/2019;26;0.909019087
29/05/2019;27;1.0
29/05/2019;28;1.0
29/05/2019;29;0.8604096940000001
30/05/2019;11;0.519548803
30/05/2019;13;0.925926719
30/05/2019;14;0.892481282
30/05/2019;15;1.3803515659999999
30/05/2019;16;1.0
30/05/2019;17;0.6751654659999999
30/05/2019;18;1.0
30/05/2019;19;0.651739671
30/05/2019;20;0.8147909390000001
30/05/2019;21;1.071803369
30/05/2019;22;1.0
30/05/2019;23;1.056582084
30/05/2019;24;1.142183688
30/05/2019;25;1.0
30/05/2019;26;1.028425226
30/05/2019;27;1.085407372
30/05/2019;28;1.0
30/05/2019;29;0.885563564
31/05/2019;11;0.667223314
31/05/2019;13;0.616113656
31/05/2019;14;0.778270281
31/05/2019;15;0.9218061820000001
31/05/2019;16;0.8417882109999999
31/05/2019;17;0.642901242
31/05/2019;18;0.878880517
31/05/2019;19;0.6525634020000001
31/05/2019;20;0.725734267
31/05/2019;21;1.029491145
31/05/2019;22;1.05564105
31/05/2019;23;0.9450465159999999
31/05/2019;24;1.250550862
31/05/2019;25;0.8238539559999999
31/05/2019;26;1.12146216
31/05/2019;27;1.2313714690000002
31/05/2019;28;1.0
31/05/2019;29;0.958176965
