GIORNO_RIFERIMENTO;C1_A1;C1_B1;C1_C1;C1_D1;C1_E1;C1_F1;C1_A2;C1_B2;C1_C2;C1_D2;C1_E2;C1_F2;C1_A3;C1_B3;C1_C3;C1_D3;C1_E3;C1_F3;C2;C4;T1_1;T1_2;T1_3
01/01/2018;0.86697908;0.86697908;0.75699585;0.83599928;0.64143703;0.71282156;1e-08;1e-08;1e-08;1e-08;1e-08;1e-08;1e-08;1e-08;1e-08;1e-08;1e-08;1e-08;0.33062123;1e-08;0.35464888;1e-08;1e-08
02/01/2018;0.86697908;0.86697908;0.75699585;0.83599928;0.64143703;0.71282156;1.05876366;1.05876366;0.91864406;1.02988862;0.78570366;0.87617225;1.27564051;1.27564051;1.1040028;1.2387208;0.94494981;1.05209559;0.33062123;1e-08;0.35464888;0.43150336;0.51722923
03/01/2018;0.86697908;0.86697908;0.75699585;0.83599928;0.64143703;0.71282156;1.05876366;1.05876366;0.91864406;1.02988862;0.78570366;0.87617225;1.27564051;1.27564051;1.1040028;1.2387208;0.94494981;1.05209559;0.33062123;1e-08;0.35464888;0.43150336;0.51722923
04/01/2018;0.86697908;0.86697908;0.75699585;0.83599928;0.64143703;0.71282156;1.05876366;1.05876366;0.91864406;1.02988862;0.78570366;0.87617225;1.27564051;1.27564051;1.1040028;1.2387208;0.94494981;1.05209559;0.33062123;1e-08;0.35464888;0.43150336;0.51722923
05/01/2018;0.86697908;0.86697908;0.75699585;0.83599928;0.64143703;0.71282156;1.05876366;1.05876366;0.91864406;1.02988862;0.78570366;0.87617225;1.27564051;1.27564051;1.1040028;1.2387208;0.94494981;1.05209559;0.33062123;1e-08;0.35464888;0.43150336;0.51722923
06/01/2018;0.86697908;0.86697908;0.75699585;0.83599928;0.64143703;0.71282156;1e-08;1e-08;1e-08;1e-08;1e-08;1e-08;1e-08;1e-08;1e-08;1e-08;1e-08;1e-08;0.33062123;1e-08;0.35464888;1e-08;1e-08
07/01/2018;0.86697908;0.86697908;0.75699585;0.83599928;0.64143518;0.71282156;1e-08;1e-08;1e-08;1e-08;1e-08;1e-08;1e-08;1e-08;1e-08;1e-08;1e-08;1e-08;0.33062123;1e-08;0.35464888;1e-08;1e-08
08/01/2018;0.90910045;0.90910045;0.81929367;0.76542668;0.68055993;0.6823351;1.11020271;1.11020271;0.9942449000000001;0.94294846;0.83362574;0.83869949;1.33761632;1.33761632;1.19485794;1.13415164;1.00258473;1.00709881;0.33062123;1e-08;0.35464888;0.43150336;0.51722923
09/01/2018;0.90910045;0.90910045;0.81929367;0.76542668;0.68055993;0.6823351;1.11020271;1.11020271;0.9942449000000001;0.94294846;0.83362574;0.83869949;1.33761632;1.33761632;1.19485794;1.13415164;1.00258473;1.00709881;0.33062123;1e-08;0.35464888;0.43150336;0.51722923
10/01/2018;0.90910045;0.90910045;0.81929367;0.76542668;0.68055993;0.6823351;1.11020271;1.11020271;0.9942449000000001;0.94294846;0.83362574;0.83869949;1.33761632;1.33761632;1.19485794;1.13415164;1.00258473;1.00709881;0.33062123;1e-08;0.35464888;0.43150336;0.51722923
11/01/2018;0.90910045;0.90910045;0.81929367;0.76542668;0.68055993;0.6823351;1.11020271;1.11020271;0.9942449000000001;0.94294846;0.83362574;0.83869949;1.33761632;1.33761632;1.19485794;1.13415164;1.00258473;1.00709881;0.33062123;1e-08;0.35464888;0.43150336;0.51722923
12/01/2018;0.90910045;0.90910045;0.81929367;0.76542668;0.68055993;0.6823351;1.11020271;1.11020271;0.9942449000000001;0.94294846;0.83362574;0.83869949;1.33761632;1.33761632;1.19485794;1.13415164;1.00258473;1.00709881;0.33062123;1e-08;0.35464888;0.43150336;0.51722923
13/01/2018;0.90910045;0.90910045;0.81929367;0.76542668;0.68055993;0.6823351;1.11020271;1.11020271;0.9942449000000001;0.94294846;0.83362574;0.83869949;1e-08;1e-08;1e-08;1e-08;1e-08;1e-08;0.33062123;1e-08;0.35464888;0.43150336;1e-08
14/01/2018;0.90910045;0.90910045;0.81929367;0.76542668;0.68055993;0.6823351;1e-08;1e-08;1e-08;1e-08;1e-08;1e-08;1e-08;1e-08;1e-08;1e-08;1e-08;1e-08;0.33062123;1e-08;0.35464888;1e-08;1e-08
15/01/2018;0.99014872;0.99014872;0.87976333;0.72103269;0.68807866;0.65826684;1.20917968;1.20917968;1.0676272;0.88825838;0.84283553;0.80911574;1.4568676999999999;1.4568676999999999;1.2830469;1.06837197;1.01366115;0.97157505;0.33062123;1e-08;0.35464888;0.43150336;0.51722923
16/01/2018;0.99014872;0.99014872;0.87976333;0.72103269;0.68807866;0.65826684;1.20917968;1.20917968;1.0676272;0.88825838;0.84283553;0.80911574;1.4568676999999999;1.4568676999999999;1.2830469;1.06837197;1.01366115;0.97157505;0.33062123;1e-08;0.35464888;0.43150336;0.51722923
17/01/2018;0.99014872;0.99014872;0.87976333;0.72103269;0.68807866;0.65826684;1.20917968;1.20917968;1.0676272;0.88825838;0.84283553;0.80911574;1.4568676999999999;1.4568676999999999;1.2830469;1.06837197;1.01366115;0.97157505;0.33062123;1e-08;0.35464888;0.43150336;0.51722923
18/01/2018;0.99014872;0.99014872;0.87976333;0.72103269;0.68807866;0.65826684;1.20917968;1.20917968;1.0676272;0.88825838;0.84283553;0.80911574;1.4568676999999999;1.4568676999999999;1.2830469;1.06837197;1.01366115;0.97157505;0.33062123;1e-08;0.35464888;0.43150336;0.51722923
19/01/2018;0.99014872;0.99014872;0.87976333;0.72103269;0.68807866;0.65826684;1.20917968;1.20917968;1.0676272;0.88825838;0.84283553;0.80911574;1.4568676999999999;1.4568676999999999;1.2830469;1.06837197;1.01366115;0.97157505;0.33062123;1e-08;0.35464888;0.43150336;0.51722923
20/01/2018;0.99014872;0.99014872;0.87976333;0.72103269;0.68807866;0.65826684;1.20917968;1.20917968;1.0676272;0.88825838;0.84283553;0.80911574;1e-08;1e-08;1e-08;1e-08;1e-08;1e-08;0.33062123;1e-08;0.35464888;0.43150336;1e-08
21/01/2018;0.99014872;0.99014872;0.87976333;0.72103269;0.68807866;0.65826684;1e-08;1e-08;1e-08;1e-08;1e-08;1e-08;1e-08;1e-08;1e-08;1e-08;1e-08;1e-08;0.33062123;1e-08;0.35464888;1e-08;1e-08
22/01/2018;0.93342406;0.93342406;0.87976333;0.72103269;0.6700337;0.6450293;1.13990695;1.13990695;1.0676272;0.88825838;0.82073205;0.79284467;1.37340517;1.37340517;1.2830469;1.06837197;0.98707774;0.95203697;0.33062123;1e-08;0.35464888;0.43150336;0.51722923
23/01/2018;0.93342406;0.93342406;0.87976333;0.72103269;0.6700337;0.6450293;1.13990695;1.13990695;1.0676272;0.88825838;0.82073205;0.79284467;1.37340517;1.37340517;1.2830469;1.06837197;0.98707774;0.95203697;0.33062123;1e-08;0.35464888;0.43150336;0.51722923
24/01/2018;0.93342406;0.93342406;0.87976333;0.72103269;0.6700337;0.6450293;1.13990695;1.13990695;1.0676272;0.88825838;0.82073205;0.79284467;1.37340517;1.37340517;1.2830469;1.06837197;0.98707774;0.95203697;0.33062123;1e-08;0.35464888;0.43150336;0.51722923
25/01/2018;0.93342406;0.93342406;0.87976333;0.71841005;0.6700337;0.6450293;1.13990695;1.13990695;1.0676272;0.88502749;0.82073205;0.79284467;1.37340517;1.37340517;1.2830469;1.06448594;0.98707774;0.95203697;0.33062123;1e-08;0.35464888;0.43150336;0.51722923
26/01/2018;0.93342406;0.93342406;0.87976333;0.71841005;0.6700337;0.6450293;1.13990695;1.13990695;1.0676272;0.88502749;0.82073205;0.79284467;1.37340517;1.37340517;1.2830469;1.06448594;0.98707774;0.95203697;0.33062123;1e-08;0.35464888;0.43150336;0.51722923
27/01/2018;0.93342406;0.93342406;0.87976333;0.71841005;0.6700337;0.6450293;1.13990695;1.13990695;1.0676272;0.88502749;0.82073205;0.79284467;1e-08;1e-08;1e-08;1e-08;1e-08;1e-08;0.33062123;1e-08;0.35464888;0.43150336;1e-08
28/01/2018;0.93342406;0.93342406;0.87976333;0.71841005;0.6700337;0.6450293;1e-08;1e-08;1e-08;1e-08;1e-08;1e-08;1e-08;1e-08;1e-08;1e-08;1e-08;1e-08;0.33062123;1e-08;0.35464888;1e-08;1e-08
29/01/2018;0.93342406;0.93342406;0.80949664;0.71841005;0.65647449;0.6450293;1.13990695;1.13990695;0.98235582;0.88502749;0.80412321;0.79284467;1.37340517;1.37340517;1.18056996;1.06448594;0.96710263;0.95203697;0.33062123;1e-08;0.35464888;0.43150336;0.51722923
30/01/2018;0.92206087;0.92206087;0.80949664;0.71841005;0.65647449;0.6450293;1.1260301000000001;1.1260301000000001;0.98235582;0.88502749;0.80412321;0.79284467;1.35668579;1.35668579;1.18056996;1.06448594;0.96710263;0.95203697;0.33062123;1e-08;0.35464888;0.43150336;0.51722923
31/01/2018;0.92206087;0.92206087;0.80949664;0.71841005;0.65647449;0.6450293;1.1260301000000001;1.1260301000000001;0.98235582;0.88502749;0.80412321;0.79284467;1.35668579;1.35668579;1.18056996;1.06448594;0.96710263;0.95203697;0.33062123;1e-08;0.35464888;0.43150336;0.51722923
01/02/2018;0.92206087;0.92206087;0.80949664;0.68274228;0.65647449;0.59609052;1.1260301000000001;1.1260301000000001;0.98235582;0.84108745;0.80412321;0.73269104;1.35668579;1.35668579;1.18056996;1.01163612;0.96710263;0.87980533;0.33775053;1e-08;0.34989312;0.42569472;0.51027713
02/02/2018;0.92206087;0.92206087;0.80949664;0.68274228;0.65647449;0.59609052;1.1260301000000001;1.1260301000000001;0.98235582;0.84108745;0.80412321;0.73269104;1.35668579;1.35668579;1.18056996;1.01163612;0.96710263;0.87980533;0.33775053;1e-08;0.34989312;0.42569472;0.51027713
03/02/2018;0.92206087;0.92206087;0.80949664;0.68274228;0.65647449;0.59609052;1.1260301000000001;1.1260301000000001;0.98235582;0.84108745;0.80412321;0.73269104;1e-08;1e-08;1e-08;1e-08;1e-08;1e-08;0.33775053;1e-08;0.34989312;0.42569472;1e-08
04/02/2018;0.92206087;0.92206087;0.80949664;0.68274228;0.65647449;0.59609052;1e-08;1e-08;1e-08;1e-08;1e-08;1e-08;1e-08;1e-08;1e-08;1e-08;1e-08;1e-08;0.33775053;1e-08;0.34989312;1e-08;1e-08
05/02/2018;0.92206087;0.92206087;0.80949664;0.68274228;0.65647449;0.59609052;1.1260301000000001;1.1260301000000001;0.98235582;0.84108745;0.80412321;0.73269104;1.35668579;1.35668579;1.18056996;1.01163612;0.96710263;0.87980533;0.33775053;1e-08;0.34989312;0.42569472;0.51027713
06/02/2018;0.88801695;0.88801695;0.80593409;0.68274228;0.65599023;0.59609052;1.08445532;1.08445532;0.97803253;0.84108745;0.80353004;0.73269104;1.30659485;1.30659485;1.17537433;1.01163612;0.96638924;0.87980533;0.33775053;1e-08;0.34989312;0.42569472;0.51027713
07/02/2018;0.88801695;0.88801695;0.80593409;0.68274228;0.65599023;0.59609052;1.08445532;1.08445532;0.97803253;0.84108745;0.80353004;0.73269104;1.30659485;1.30659485;1.17537433;1.01163612;0.96638924;0.87980533;0.33775053;1e-08;0.34989312;0.42569472;0.51027713
08/02/2018;0.88801695;0.88801695;0.80593409;0.66180892;0.65599023;0.56119154;1.08445532;1.08445532;0.97803253;0.81529912;0.80353004;0.68979459;1.30659485;1.30659485;1.17537433;0.98061864;0.96638924;0.82829585;0.33775053;1e-08;0.34989312;0.42569472;0.51027713
09/02/2018;0.88801695;0.88801695;0.80593409;0.66180892;0.65599023;0.56119154;1.08445532;1.08445532;0.97803253;0.81529912;0.80353004;0.68979459;1.30659485;1.30659485;1.17537433;0.98061864;0.96638924;0.82829585;0.33775053;1e-08;0.34989312;0.42569472;0.51027713
10/02/2018;0.88801695;0.88801695;0.80593409;0.66180892;0.65599023;0.56119154;1.08445532;1.08445532;0.97803253;0.81529912;0.80353004;0.68979459;1e-08;1e-08;1e-08;1e-08;1e-08;1e-08;0.33775053;1e-08;0.34989312;0.42569472;1e-08
11/02/2018;0.88801695;0.88801695;0.80593409;0.66180892;0.65599023;0.56119154;1e-08;1e-08;1e-08;1e-08;1e-08;1e-08;1e-08;1e-08;1e-08;1e-08;1e-08;1e-08;0.33775053;1e-08;0.34989312;1e-08;1e-08
12/02/2018;0.88801695;0.88801695;0.80593409;0.66180892;0.65599023;0.56119154;1.08445532;1.08445532;0.97803253;0.81529912;0.80353004;0.68979459;1.30659485;1.30659485;1.17537433;0.98061864;0.96638924;0.82829585;0.33775053;1e-08;0.34989312;0.42569472;0.51027713
13/02/2018;0.87669939;0.87669939;0.79880898;0.66180892;0.65599023;0.56119154;1.07063421;1.07063421;0.96938593;0.81529912;0.80353004;0.68979459;1.28994261;1.28994261;1.16498307;0.98061864;0.96638924;0.82829585;0.33775053;1e-08;0.34989312;0.42569472;0.51027713
14/02/2018;0.87669939;0.87669939;0.79880898;0.66180892;0.65599023;0.56119154;1.07063421;1.07063421;0.96938593;0.81529912;0.80353004;0.68979459;1.28994261;1.28994261;1.16498307;0.98061864;0.96638924;0.82829585;0.33775053;1e-08;0.34989312;0.42569472;0.51027713
15/02/2018;0.87669939;0.87669939;0.79880898;0.64874345;0.65599023;0.54233807;1.07063421;1.07063421;0.96938593;0.79920344;0.80353004;0.66662065;1.28994261;1.28994261;1.16498307;0.96125921;0.96638924;0.8004689;0.33775053;1e-08;0.34989312;0.42569472;0.51027713
16/02/2018;0.87669939;0.87669939;0.79880898;0.64874345;0.65045951;0.54233807;1.07063421;1.07063421;0.96938593;0.79920344;0.79675539;0.66662065;1.28994261;1.28994261;1.16498307;0.96125921;0.96638924;0.8004689;0.33775053;1e-08;0.34989312;0.42569472;0.51027713
17/02/2018;0.87669939;0.87669939;0.79880898;0.64874345;0.65045951;0.54233807;1.07063421;1.07063421;0.96938593;0.79920344;0.79675539;0.66662065;1e-08;1e-08;1e-08;1e-08;1e-08;1e-08;0.33775053;1e-08;0.34989312;0.42569472;1e-08
18/02/2018;0.87669939;0.87669939;0.79880898;0.64874345;0.65045951;0.54233807;1e-08;1e-08;1e-08;1e-08;1e-08;1e-08;1e-08;1e-08;1e-08;1e-08;1e-08;1e-08;0.33775053;1e-08;0.34989312;1e-08;1e-08
19/02/2018;0.87669939;0.87669939;0.79880898;0.64874345;0.65045951;0.54233807;1.07063421;1.07063421;0.96938593;0.79920344;0.79675539;0.66662065;1.28994261;1.28994261;1.16498307;0.96125921;0.95824151;0.8004689;0.33775053;1e-08;0.34989312;0.42569472;0.51027713
20/02/2018;0.87669939;0.87669939;0.7881682;0.64874345;0.65045951;0.54233807;1.07063421;1.07063421;0.95647292;0.79920344;0.79675539;0.66662065;1.28994261;1.28994261;1.14946455;0.96125921;0.95824151;0.8004689;0.33775053;1e-08;0.34989312;0.42569472;0.51027713
21/02/2018;0.87669939;0.87669939;0.7881682;0.64874345;0.65045951;0.54233807;1.07063421;1.07063421;0.95647292;0.79920344;0.79675539;0.66662065;1.28994261;1.28994261;1.14946455;0.96125921;0.95824151;0.8004689;0.33775053;1e-08;0.34989312;0.42569472;0.51027713
22/02/2018;0.87669939;0.87669939;0.7881682;0.62962209;0.65045951;0.52709484;1.07063421;1.07063421;0.95647292;0.77564735;0.79675539;0.64788426;1.28994261;1.28994261;1.14946455;0.93292661;0.95824151;0.77797051;0.33775053;1e-08;0.34989312;0.42569472;0.51027713
23/02/2018;0.8556159;0.8556159;0.7881682;0.62962209;0.6153635999999999;0.52709484;1.04488683;1.04488683;0.95647292;0.77564735;0.7537659999999999;0.64788426;1.28994261;1.28994261;1.14946455;0.93292661;0.95824151;0.77797051;0.33775053;1e-08;0.34989312;0.42569472;0.51027713
24/02/2018;0.8556159;0.8556159;0.7881682;0.62962209;0.6153635999999999;0.52709484;1.04488683;1.04488683;0.95647292;0.77564735;0.7537659999999999;0.64788426;1e-08;1e-08;1e-08;1e-08;1e-08;1e-08;0.33775053;1e-08;0.34989312;0.42569472;1e-08
25/02/2018;0.8556159;0.8556159;0.7881682;0.62962209;0.6153635999999999;0.52709484;1e-08;1e-08;1e-08;1e-08;1e-08;1e-08;1e-08;1e-08;1e-08;1e-08;1e-08;1e-08;0.33775053;1e-08;0.34989312;1e-08;1e-08
26/02/2018;0.8556159;0.8556159;0.7881682;0.62962209;0.6153635999999999;0.52709484;1.04488683;1.04488683;0.95647292;0.77564735;0.7537659999999999;0.64788426;1.25892115;1.25892115;1.14946455;0.93292661;0.90653904;0.77797051;0.33775053;1e-08;0.34989312;0.42569472;0.51027713
27/02/2018;0.8556159;0.8556159;0.7881682;0.62962209;0.6153635999999999;0.52709484;1.04488683;1.04488683;0.95647292;0.77564735;0.7537659999999999;0.64788426;1.25892115;1.25892115;1.14946455;0.93292661;0.90653904;0.77797051;0.33775053;1e-08;0.34989312;0.42569472;0.51027713
28/02/2018;0.8556159;0.8556159;0.7881682;0.62962209;0.6153635999999999;0.52709484;1.04488683;1.04488683;0.95647292;0.77564735;0.7537659999999999;0.64788426;1.25892115;1.25892115;1.14946455;0.93292661;0.90653904;0.77797051;0.33775053;1e-08;0.34989312;0.42569472;0.51027713
01/03/2018;0.8556159;0.8556159;0.7881682;0.62962209;0.6153635999999999;0.52709484;1.04488683;1.04488683;0.95647292;0.77564735;0.7537659999999999;0.64788426;1.25892115;1.25892115;1.14946455;0.93292661;0.90653904;0.77797051;0.33775053;1e-08;0.34989312;0.42569472;0.51027713
02/03/2018;0.83293516;0.83293516;0.74101123;0.58084116;0.5792482;0.44405936;1.01718888;1.01718888;0.8992460999999999;0.7155529;0.70952783;0.54582031;1.25892115;1.25892115;1.14946455;0.93292661;0.90653904;0.77797051;0.30002465;1e-08;0.31029249;0.37732685;0.51027713
03/03/2018;0.83293516;0.83293516;0.74101123;0.58084116;0.5792482;0.44405936;1.01718888;1.01718888;0.8992460999999999;0.7155529;0.70952783;0.54582031;1e-08;1e-08;1e-08;1e-08;1e-08;1e-08;0.30002465;1e-08;0.31029249;0.37732685;1e-08
04/03/2018;0.83293516;0.83293516;0.74101123;0.58084116;0.5792482;0.44405936;1e-08;1e-08;1e-08;1e-08;1e-08;1e-08;1e-08;1e-08;1e-08;1e-08;1e-08;1e-08;0.30002465;1e-08;0.31029249;1e-08;1e-08
05/03/2018;0.83293516;0.83293516;0.74101123;0.58084116;0.5792482;0.44405936;1.01718888;1.01718888;0.8992460999999999;0.7155529;0.70952783;0.54582031;1.22554957;1.22554957;1.08069082;0.86064671;0.8533347;0.65541352;0.30002465;1e-08;0.31029249;0.37732685;0.45238770000000006
06/03/2018;0.83293516;0.83293516;0.74101123;0.58084116;0.5792482;0.44405936;1.01718888;1.01718888;0.8992460999999999;0.7155529;0.70952783;0.54582031;1.22554957;1.22554957;1.08069082;0.86064671;0.8533347;0.65541352;0.30002465;1e-08;0.31029249;0.37732685;0.45238770000000006
07/03/2018;0.83293516;0.83293516;0.74101123;0.58084116;0.5792482;0.44405936;1.01718888;1.01718888;0.8992460999999999;0.7155529;0.70952783;0.54582031;1.22554957;1.22554957;1.08069082;0.86064671;0.8533347;0.65541352;0.30002465;1e-08;0.31029249;0.37732685;0.45238770000000006
08/03/2018;0.83293516;0.83293516;0.74101123;0.58084116;0.5792482;0.44405936;1.01718888;1.01718888;0.8992460999999999;0.7155529;0.70952783;0.54582031;1.22554957;1.22554957;1.08069082;0.86064671;0.8533347;0.65541352;0.30002465;1e-08;0.31029249;0.37732685;0.45238770000000006
09/03/2018;0.81837751;0.81837751;0.69474491;0.58084116;0.57774446;0.39030692;0.99941094;0.99941094;0.8431001;0.7155529;0.70768588;0.47974993;1.22554957;1.22554957;1.08069082;0.86064671;0.8533347;0.65541352;0.30002465;1e-08;0.31029249;0.37732685;0.45238770000000006
10/03/2018;0.81837751;0.81837751;0.69474491;0.58084116;0.57774446;0.39030692;0.99941094;0.99941094;0.8431001;0.7155529;0.70768588;0.47974993;1e-08;1e-08;1e-08;1e-08;1e-08;1e-08;0.30002465;1e-08;0.31029249;0.37732685;1e-08
11/03/2018;0.81837751;0.81837751;0.69474491;0.58084116;0.57774446;0.39030692;1e-08;1e-08;1e-08;1e-08;1e-08;1e-08;1e-08;1e-08;1e-08;1e-08;1e-08;1e-08;0.30002465;1e-08;0.31029249;1e-08;1e-08
12/03/2018;0.81837751;0.81837751;0.69474491;0.58084116;0.57774446;0.39030692;0.99941094;0.99941094;0.8431001;0.7155529;0.70768588;0.47974993;1.20412999;1.20412999;1.01321601;0.86064671;0.85111942;0.57607711;0.30002465;1e-08;0.31029249;0.37732685;0.45238770000000006
13/03/2018;0.81837751;0.81837751;0.69474491;0.58084116;0.57774446;0.39030692;0.99941094;0.99941094;0.8431001;0.7155529;0.70768588;0.47974993;1.20412999;1.20412999;1.01321601;0.86064671;0.85111942;0.57607711;0.30002465;1e-08;0.31029249;0.37732685;0.45238770000000006
14/03/2018;0.81837751;0.81837751;0.69474491;0.58084116;0.57774446;0.39030692;0.99941094;0.99941094;0.8431001;0.7155529;0.70768588;0.47974993;1.20412999;1.20412999;1.01321601;0.86064671;0.85111942;0.57607711;0.30002465;1e-08;0.31029249;0.37732685;0.45238770000000006
15/03/2018;0.81837751;0.81837751;0.69474491;0.58084116;0.57774446;0.39030692;0.99941094;0.99941094;0.8431001;0.7155529;0.70768588;0.47974993;1.20412999;1.20412999;1.01321601;0.86064671;0.85111942;0.57607711;0.30002465;1e-08;0.31029249;0.37732685;0.45238770000000006
16/03/2018;0.81837751;0.81837751;0.68405724;0.58084116;0.57774446;0.37305799;0.99941094;0.99941094;0.83013021;0.7155529;0.70768588;0.45854822;1.20412999;1.20412999;1.01321601;0.86064671;0.85111942;0.57607711;0.30002465;1e-08;0.31029249;0.37732685;0.45238770000000006
17/03/2018;0.81837751;0.81837751;0.68405724;0.58084116;0.57774446;0.37305799;0.94200876;0.94200876;0.83013021;0.65440106;0.69969365;0.45854822;1e-08;1e-08;1e-08;1e-08;1e-08;1e-08;0.30002465;1e-08;0.31029249;0.37732685;1e-08
18/03/2018;0.77137317;0.77137317;0.68405724;0.53120192;0.57121971;0.37305799;1e-08;1e-08;1e-08;1e-08;1e-08;1e-08;1e-08;1e-08;1e-08;1e-08;1e-08;1e-08;0.30002465;1e-08;0.31029249;1e-08;1e-08
19/03/2018;0.77137317;0.77137317;0.68405724;0.53120192;0.57121971;0.37305799;0.94200876;0.94200876;0.83013021;0.65440106;0.69969365;0.45854822;1.13496956;1.13496956;0.99762913;0.78709502;0.84150732;0.55061839;0.30002465;1e-08;0.31029249;0.37732685;0.45238770000000006
20/03/2018;0.77137317;0.77137317;0.68405724;0.53120192;0.57121971;0.37305799;0.94200876;0.94200876;0.83013021;0.65440106;0.69969365;0.45854822;1.13496956;1.13496956;0.99762913;0.78709502;0.84150732;0.55061839;0.30002465;1e-08;0.31029249;0.37732685;0.45238770000000006
21/03/2018;0.77137317;0.77137317;0.68405724;0.53120192;0.57121971;0.37305799;0.94200876;0.94200876;0.83013021;0.65440106;0.69969365;0.45854822;1.13496956;1.13496956;0.99762913;0.78709502;0.84150732;0.55061839;0.30002465;1e-08;0.31029249;0.37732685;0.45238770000000006
22/03/2018;0.77137317;0.77137317;0.68405724;0.53120192;0.57121971;0.37305799;0.94200876;0.94200876;0.83013021;0.65440106;0.69969365;0.45854822;1.13496956;1.13496956;0.99762913;0.78709502;0.84150732;0.55061839;0.30002465;1e-08;0.31029249;0.37732685;0.45238770000000006
23/03/2018;0.77137317;0.77137317;0.68405724;0.53120192;0.57121971;0.37305799;0.94200876;0.94200876;0.83013021;0.65440106;0.69969365;0.45854822;1.13496956;1.13496956;0.99762913;0.78709502;0.84150732;0.55061839;0.30002465;1e-08;0.31029249;0.37732685;0.45238770000000006
24/03/2018;0.77137317;0.77137317;0.68405724;0.53120192;0.57121971;0.37305799;0.87273603;0.87273603;0.79343905;0.64793928;0.69170144;0.44030491;1e-08;1e-08;1e-08;1e-08;1e-08;1e-08;0.30002465;1e-08;0.31029249;0.37732685;1e-08
25/03/2018;0.71464852;0.71464852;0.65382241;0.52595665;0.56469499;0.35821590000000003;1e-08;1e-08;1e-08;1e-08;1e-08;1e-08;1e-08;1e-08;1e-08;1e-08;1e-08;1e-08;0.30002465;1e-08;0.31029249;1e-08;1e-08
26/03/2018;0.71464852;0.71464852;0.65382241;0.52595665;0.56469499;0.35821590000000003;0.87273603;0.87273603;0.79343905;0.64793928;0.69170144;0.44030491;1.05150704;1.05150704;0.95353464;0.77932298;0.83189525;0.52871208;0.30002465;1e-08;0.31029249;0.37732685;0.45238770000000006
27/03/2018;0.71464852;0.71464852;0.65382241;0.52595665;0.56469499;0.35821590000000003;0.87273603;0.87273603;0.79343905;0.64793928;0.69170144;0.44030491;1.05150704;1.05150704;0.95353464;0.77932298;0.83189525;0.52871208;0.30002465;1e-08;0.31029249;0.37732685;0.45238770000000006
28/03/2018;0.71464852;0.71464852;0.65382241;0.52595665;0.56469499;0.35821590000000003;0.87273603;0.87273603;0.79343905;0.64793928;0.69170144;0.44030491;1.05150704;1.05150704;0.95353464;0.77932298;0.83189525;0.52871208;0.30002465;1e-08;0.31029249;0.37732685;0.45238770000000006
29/03/2018;0.71464852;0.71464852;0.65382241;0.52595665;0.56469499;0.35821590000000003;0.87273603;0.87273603;0.79343905;0.64793928;0.69170144;0.44030491;1.05150704;1.05150704;0.95353464;0.77932298;0.83189525;0.52871208;0.30002465;1e-08;0.31029249;0.37732685;0.45238770000000006
30/03/2018;0.71464852;0.71464852;0.65382241;0.52595665;0.56469499;0.35821590000000003;0.87273603;0.87273603;0.79343905;0.64793928;0.69170144;0.44030491;1.05150704;1.05150704;0.95353464;0.77932298;0.83189525;0.52871208;0.30002465;1e-08;0.31029249;0.37732685;0.45238770000000006
31/03/2018;0.71464852;0.71464852;0.65382241;0.52595665;0.56469499;0.35821590000000003;0.87273603;0.87273603;0.79343905;0.64793928;0.69170144;0.44030491;1e-08;1e-08;1e-08;1e-08;1e-08;1e-08;0.30002465;1e-08;0.31029249;0.37732685;1e-08
01/04/2018;1e-08;1e-08;1e-08;0.39449133;0.49299942;0.27798838;1e-08;1e-08;1e-08;1e-08;1e-08;1e-08;1e-08;1e-08;1e-08;1e-08;1e-08;1e-08;0.30002465;1e-08;0.31029249;1e-08;1e-08
02/04/2018;1e-08;1e-08;1e-08;0.39449133;0.49299942;0.27798838;1e-08;1e-08;1e-08;1e-08;1e-08;1e-08;1e-08;1e-08;1e-08;1e-08;1e-08;1e-08;0.28279552;1e-08;0.27904159;1e-08;1e-08
03/04/2018;1e-08;1e-08;1e-08;0.39449133;0.49299942;0.27798838;1e-08;1e-08;1e-08;0.48598383;0.60388071;0.34169240000000006;1e-08;1e-08;1e-08;0.58452755;0.72627505;0.41029953;0.28279552;1e-08;0.27904159;0.33915728;0.40670417
04/04/2018;1e-08;1e-08;1e-08;0.39449133;0.49299942;0.27798838;1e-08;1e-08;1e-08;0.48598383;0.60388071;0.34169240000000006;1e-08;1e-08;1e-08;0.58452755;0.72627505;0.41029953;0.28279552;1e-08;0.27904159;0.33915728;0.40670417
05/04/2018;1e-08;1e-08;1e-08;0.39449133;0.49299942;0.27798838;1e-08;1e-08;1e-08;0.48598383;0.60388071;0.34169240000000006;1e-08;1e-08;1e-08;0.58452755;0.72627505;0.41029953;0.28279552;1e-08;0.27904159;0.33915728;0.40670417
06/04/2018;1e-08;1e-08;1e-08;0.39449133;0.49299942;0.27798838;1e-08;1e-08;1e-08;0.48598383;0.60388071;0.34169240000000006;1e-08;1e-08;1e-08;0.58452755;0.72627505;0.41029953;0.28279552;1e-08;0.27904159;0.33915728;0.40670417
07/04/2018;1e-08;1e-08;1e-08;0.39449133;0.49299942;0.27798838;1e-08;1e-08;1e-08;0.48275295;0.59773045;0.32739357;1e-08;1e-08;1e-08;1e-08;1e-08;1e-08;0.28279552;1e-08;0.27904159;0.33915728;1e-08
08/04/2018;1e-08;1e-08;1e-08;0.3918687;0.48797844;0.26635538;1e-08;1e-08;1e-08;1e-08;1e-08;1e-08;1e-08;1e-08;1e-08;1e-08;1e-08;1e-08;0.28279552;1e-08;0.27904159;1e-08;1e-08
09/04/2018;1e-08;1e-08;1e-08;0.3918687;0.48797844;0.26635538;1e-08;1e-08;1e-08;0.48275295;0.59773045;0.32739357;1e-08;1e-08;1e-08;0.58064154;0.71887826;0.39312969;0.28279552;1e-08;0.27904159;0.33915728;0.40670417
10/04/2018;1e-08;1e-08;1e-08;0.3918687;0.48797844;0.26635538;1e-08;1e-08;1e-08;0.48275295;0.59773045;0.32739357;1e-08;1e-08;1e-08;0.58064154;0.71887826;0.39312969;0.28279552;1e-08;0.27904159;0.33915728;0.40670417
11/04/2018;1e-08;1e-08;1e-08;0.3918687;0.48797844;0.26635538;1e-08;1e-08;1e-08;0.48275295;0.59773045;0.32739357;1e-08;1e-08;1e-08;0.58064154;0.71887826;0.39312969;0.28279552;1e-08;0.27904159;0.33915728;0.40670417
12/04/2018;1e-08;1e-08;1e-08;0.3918687;0.48797844;0.26635538;1e-08;1e-08;1e-08;0.48275295;0.59773045;0.32739357;1e-08;1e-08;1e-08;0.58064154;0.71887826;0.39312969;0.28279552;1e-08;0.27904159;0.33915728;0.40670417
13/04/2018;1e-08;1e-08;1e-08;0.3918687;0.48797844;0.26635538;1e-08;1e-08;1e-08;0.48275295;0.59773045;0.32739357;1e-08;1e-08;1e-08;0.58064154;0.71887826;0.39312969;0.28279552;1e-08;0.27904159;0.33915728;0.40670417
14/04/2018;1e-08;1e-08;1e-08;0.3918687;0.48797844;0.26635538;1e-08;1e-08;1e-08;0.48275295;0.59773045;0.32690050000000004;1e-08;1e-08;1e-08;1e-08;1e-08;1e-08;0.28279552;1e-08;0.27904159;0.33915728;1e-08
15/04/2018;1e-08;1e-08;1e-08;0.3918687;0.48797844;0.26595424;1e-08;1e-08;1e-08;1e-08;1e-08;1e-08;1e-08;1e-08;1e-08;1e-08;1e-08;1e-08;0.28279552;1e-08;0.27904159;1e-08;1e-08
16/04/2018;1e-08;1e-08;1e-08;1e-08;1e-08;0.26595424;1e-08;1e-08;1e-08;1e-08;1e-08;0.32690050000000004;1e-08;1e-08;1e-08;1e-08;1e-08;0.39253763;0.28279552;1e-08;0.27904159;0.33915728;0.40670417
17/04/2018;1e-08;1e-08;1e-08;1e-08;1e-08;0.26595424;1e-08;1e-08;1e-08;1e-08;1e-08;0.32690050000000004;1e-08;1e-08;1e-08;1e-08;1e-08;0.39253763;0.28279552;1e-08;0.27904159;0.33915728;0.40670417
18/04/2018;1e-08;1e-08;1e-08;1e-08;1e-08;0.26595424;1e-08;1e-08;1e-08;1e-08;1e-08;0.32690050000000004;1e-08;1e-08;1e-08;1e-08;1e-08;0.39253763;0.28279552;1e-08;0.27904159;0.33915728;0.40670417
19/04/2018;1e-08;1e-08;1e-08;1e-08;1e-08;0.26595424;1e-08;1e-08;1e-08;1e-08;1e-08;0.32690050000000004;1e-08;1e-08;1e-08;1e-08;1e-08;0.39253763;0.28279552;1e-08;0.27904159;0.33915728;0.40670417
20/04/2018;1e-08;1e-08;1e-08;1e-08;1e-08;0.26595424;1e-08;1e-08;1e-08;1e-08;1e-08;0.32690050000000004;1e-08;1e-08;1e-08;1e-08;1e-08;0.39253763;0.28279552;1e-08;0.27904159;0.33915728;0.40670417
21/04/2018;1e-08;1e-08;1e-08;1e-08;1e-08;0.26595424;1e-08;1e-08;1e-08;1e-08;1e-08;0.32690050000000004;1e-08;1e-08;1e-08;1e-08;1e-08;1e-08;0.28279552;1e-08;0.27904159;0.33915728;1e-08
22/04/2018;1e-08;1e-08;1e-08;1e-08;1e-08;0.26595424;1e-08;1e-08;1e-08;1e-08;1e-08;1e-08;1e-08;1e-08;1e-08;1e-08;1e-08;1e-08;0.28279552;1e-08;0.27904159;1e-08;1e-08
23/04/2018;1e-08;1e-08;1e-08;1e-08;1e-08;0.13999703;1e-08;1e-08;1e-08;1e-08;1e-08;0.17207885;1e-08;1e-08;1e-08;1e-08;1e-08;0.20662992;0.28279552;1e-08;0.27904159;0.33915728;0.40670417
24/04/2018;1e-08;1e-08;1e-08;1e-08;1e-08;0.13999703;1e-08;1e-08;1e-08;1e-08;1e-08;0.17207885;1e-08;1e-08;1e-08;1e-08;1e-08;0.20662992;0.28279552;1e-08;0.27904159;0.33915728;0.40670417
25/04/2018;1e-08;1e-08;1e-08;1e-08;1e-08;0.13999703;1e-08;1e-08;1e-08;1e-08;1e-08;1e-08;1e-08;1e-08;1e-08;1e-08;1e-08;1e-08;0.28279552;1e-08;0.27904159;1e-08;1e-08
26/04/2018;1e-08;1e-08;1e-08;1e-08;1e-08;0.13999703;1e-08;1e-08;1e-08;1e-08;1e-08;0.17207885;1e-08;1e-08;1e-08;1e-08;1e-08;0.20662992;0.28279552;1e-08;0.27904159;0.33915728;0.40670417
27/04/2018;1e-08;1e-08;1e-08;1e-08;1e-08;0.13999703;1e-08;1e-08;1e-08;1e-08;1e-08;0.17207885;1e-08;1e-08;1e-08;1e-08;1e-08;0.20662992;0.28279552;1e-08;0.27904159;0.33915728;0.40670417
28/04/2018;1e-08;1e-08;1e-08;1e-08;1e-08;0.13999703;1e-08;1e-08;1e-08;1e-08;1e-08;0.17207885;1e-08;1e-08;1e-08;1e-08;1e-08;1e-08;0.28279552;1e-08;0.27904159;0.33915728;1e-08
29/04/2018;1e-08;1e-08;1e-08;1e-08;1e-08;0.13999703;1e-08;1e-08;1e-08;1e-08;1e-08;1e-08;1e-08;1e-08;1e-08;1e-08;1e-08;1e-08;0.28279552;1e-08;0.27904159;1e-08;1e-08
30/04/2018;1e-08;1e-08;1e-08;1e-08;1e-08;0.13999703;1e-08;1e-08;1e-08;1e-08;1e-08;0.17207885;1e-08;1e-08;1e-08;1e-08;1e-08;0.20662992;0.28279552;1e-08;0.27904159;0.33915728;0.40670417
01/05/2018;1e-08;1e-08;1e-08;1e-08;1e-08;0.13999703;1e-08;1e-08;1e-08;1e-08;1e-08;1e-08;1e-08;1e-08;1e-08;1e-08;1e-08;1e-08;0.25427833;1e-08;0.2419651;1e-08;1e-08
02/05/2018;1e-08;1e-08;1e-08;1e-08;1e-08;0.09426734;1e-08;1e-08;1e-08;1e-08;1e-08;0.11586971;1e-08;1e-08;1e-08;1e-08;1e-08;0.13913476;0.25427833;1e-08;0.2419651;0.29387238;0.35250461
03/05/2018;1e-08;1e-08;1e-08;1e-08;1e-08;0.09426734;1e-08;1e-08;1e-08;1e-08;1e-08;0.11586971;1e-08;1e-08;1e-08;1e-08;1e-08;0.13913476;0.25427833;1e-08;0.2419651;0.29387238;0.35250461
04/05/2018;1e-08;1e-08;1e-08;1e-08;1e-08;0.09426734;1e-08;1e-08;1e-08;1e-08;1e-08;0.11586971;1e-08;1e-08;1e-08;1e-08;1e-08;0.13913476;0.25427833;1e-08;0.2419651;0.29387238;0.35250461
05/05/2018;1e-08;1e-08;1e-08;1e-08;1e-08;0.09426734;1e-08;1e-08;1e-08;1e-08;1e-08;0.11586971;1e-08;1e-08;1e-08;1e-08;1e-08;1e-08;0.25427833;1e-08;0.2419651;0.29387238;1e-08
06/05/2018;1e-08;1e-08;1e-08;1e-08;1e-08;0.09426734;1e-08;1e-08;1e-08;1e-08;1e-08;1e-08;1e-08;1e-08;1e-08;1e-08;1e-08;1e-08;0.25427833;1e-08;0.2419651;1e-08;1e-08
07/05/2018;1e-08;1e-08;1e-08;1e-08;1e-08;0.09426734;1e-08;1e-08;1e-08;1e-08;1e-08;0.11586971;1e-08;1e-08;1e-08;1e-08;1e-08;0.13913476;0.25427833;1e-08;0.2419651;0.29387238;0.35250461
08/05/2018;1e-08;1e-08;1e-08;1e-08;1e-08;0.09426734;1e-08;1e-08;1e-08;1e-08;1e-08;0.11586971;1e-08;1e-08;1e-08;1e-08;1e-08;0.13913476;0.25427833;1e-08;0.2419651;0.29387238;0.35250461
09/05/2018;1e-08;1e-08;1e-08;1e-08;1e-08;0.07541388;1e-08;1e-08;1e-08;1e-08;1e-08;0.09269577;1e-08;1e-08;1e-08;1e-08;1e-08;0.11130781;0.25427833;1e-08;0.2419651;0.29387238;0.35250461
10/05/2018;1e-08;1e-08;1e-08;1e-08;1e-08;0.07541388;1e-08;1e-08;1e-08;1e-08;1e-08;0.09269577;1e-08;1e-08;1e-08;1e-08;1e-08;0.11130781;0.25427833;1e-08;0.2419651;0.29387238;0.35250461
11/05/2018;1e-08;1e-08;1e-08;1e-08;1e-08;0.07541388;1e-08;1e-08;1e-08;1e-08;1e-08;0.09269577;1e-08;1e-08;1e-08;1e-08;1e-08;0.11130781;0.25427833;1e-08;0.2419651;0.29387238;0.35250461
12/05/2018;1e-08;1e-08;1e-08;1e-08;1e-08;0.07541388;1e-08;1e-08;1e-08;1e-08;1e-08;0.09269577;1e-08;1e-08;1e-08;1e-08;1e-08;1e-08;0.25427833;1e-08;0.2419651;0.29387238;1e-08
13/05/2018;1e-08;1e-08;1e-08;1e-08;1e-08;0.07541388;1e-08;1e-08;1e-08;1e-08;1e-08;1e-08;1e-08;1e-08;1e-08;1e-08;1e-08;1e-08;0.25427833;1e-08;0.2419651;1e-08;1e-08
14/05/2018;1e-08;1e-08;1e-08;1e-08;1e-08;0.07541388;1e-08;1e-08;1e-08;1e-08;1e-08;0.09269577;1e-08;1e-08;1e-08;1e-08;1e-08;0.11130781;0.25427833;1e-08;0.2419651;0.29387238;0.35250461
15/05/2018;1e-08;1e-08;1e-08;1e-08;1e-08;0.07541388;1e-08;1e-08;1e-08;1e-08;1e-08;0.09269577;1e-08;1e-08;1e-08;1e-08;1e-08;0.11130781;0.25427833;1e-08;0.2419651;0.29387238;0.35250461
16/05/2018;1e-08;1e-08;1e-08;1e-08;1e-08;0.07541388;1e-08;1e-08;1e-08;1e-08;1e-08;0.09269577;1e-08;1e-08;1e-08;1e-08;1e-08;0.11130781;0.25427833;1e-08;0.2419651;0.29387238;0.35250461
17/05/2018;1e-08;1e-08;1e-08;1e-08;1e-08;0.07541388;1e-08;1e-08;1e-08;1e-08;1e-08;0.09269577;1e-08;1e-08;1e-08;1e-08;1e-08;0.11130781;0.25427833;1e-08;0.2419651;0.29387238;0.35250461
18/05/2018;1e-08;1e-08;1e-08;1e-08;1e-08;0.07541388;1e-08;1e-08;1e-08;1e-08;1e-08;0.09269577;1e-08;1e-08;1e-08;1e-08;1e-08;0.11130781;0.25427833;1e-08;0.2419651;0.29387238;0.35250461
19/05/2018;1e-08;1e-08;1e-08;1e-08;1e-08;0.05615927;1e-08;1e-08;1e-08;1e-08;1e-08;0.06902877;1e-08;1e-08;1e-08;1e-08;1e-08;1e-08;0.25427833;1e-08;0.2419651;0.29387238;1e-08
20/05/2018;1e-08;1e-08;1e-08;1e-08;1e-08;0.05615927;1e-08;1e-08;1e-08;1e-08;1e-08;1e-08;1e-08;1e-08;1e-08;1e-08;1e-08;1e-08;0.25427833;1e-08;0.2419651;1e-08;1e-08
21/05/2018;1e-08;1e-08;1e-08;1e-08;1e-08;0.05615927;1e-08;1e-08;1e-08;1e-08;1e-08;0.06902877;1e-08;1e-08;1e-08;1e-08;1e-08;0.0828888;0.25427833;1e-08;0.2419651;0.29387238;0.35250461
22/05/2018;1e-08;1e-08;1e-08;1e-08;1e-08;0.05615927;1e-08;1e-08;1e-08;1e-08;1e-08;0.06902877;1e-08;1e-08;1e-08;1e-08;1e-08;0.0828888;0.25427833;1e-08;0.2419651;0.29387238;0.35250461
23/05/2018;1e-08;1e-08;1e-08;1e-08;1e-08;0.05615927;1e-08;1e-08;1e-08;1e-08;1e-08;0.06902877;1e-08;1e-08;1e-08;1e-08;1e-08;0.0828888;0.25427833;1e-08;0.2419651;0.29387238;0.35250461
24/05/2018;1e-08;1e-08;1e-08;1e-08;1e-08;0.05615927;1e-08;1e-08;1e-08;1e-08;1e-08;0.06902877;1e-08;1e-08;1e-08;1e-08;1e-08;0.0828888;0.25427833;1e-08;0.2419651;0.29387238;0.35250461
25/05/2018;1e-08;1e-08;1e-08;1e-08;1e-08;0.05615927;1e-08;1e-08;1e-08;1e-08;1e-08;0.06902877;1e-08;1e-08;1e-08;1e-08;1e-08;0.0828888;0.25427833;1e-08;0.2419651;0.29387238;0.35250461
26/05/2018;1e-08;1e-08;1e-08;1e-08;1e-08;0.05174675;1e-08;1e-08;1e-08;1e-08;1e-08;0.06360508;1e-08;1e-08;1e-08;1e-08;1e-08;1e-08;0.25427833;1e-08;0.2419651;0.29387238;1e-08
27/05/2018;1e-08;1e-08;1e-08;1e-08;1e-08;0.05174675;1e-08;1e-08;1e-08;1e-08;1e-08;1e-08;1e-08;1e-08;1e-08;1e-08;1e-08;1e-08;0.25427833;1e-08;0.2419651;1e-08;1e-08
28/05/2018;1e-08;1e-08;1e-08;1e-08;1e-08;0.05174675;1e-08;1e-08;1e-08;1e-08;1e-08;0.06360508;1e-08;1e-08;1e-08;1e-08;1e-08;0.0763761;0.25427833;1e-08;0.2419651;0.29387238;0.35250461
29/05/2018;1e-08;1e-08;1e-08;1e-08;1e-08;0.05174675;1e-08;1e-08;1e-08;1e-08;1e-08;0.06360508;1e-08;1e-08;1e-08;1e-08;1e-08;0.0763761;0.25427833;1e-08;0.2419651;0.29387238;0.35250461
30/05/2018;1e-08;1e-08;1e-08;1e-08;1e-08;0.05174675;1e-08;1e-08;1e-08;1e-08;1e-08;0.06360508;1e-08;1e-08;1e-08;1e-08;1e-08;0.0763761;0.25427833;1e-08;0.2419651;0.29387238;0.35250461
31/05/2018;1e-08;1e-08;1e-08;1e-08;1e-08;0.05174675;1e-08;1e-08;1e-08;1e-08;1e-08;0.06360508;1e-08;1e-08;1e-08;1e-08;1e-08;0.0763761;0.25427833;1e-08;0.2419651;0.29387238;0.35250461
01/06/2018;1e-08;1e-08;1e-08;1e-08;1e-08;0.05174675;1e-08;1e-08;1e-08;1e-08;1e-08;0.06360508;1e-08;1e-08;1e-08;1e-08;1e-08;0.0763761;0.25427833;0.77586205;0.2419651;0.29387238;0.35250461
02/06/2018;1e-08;1e-08;1e-08;1e-08;1e-08;0.02446939;1e-08;1e-08;1e-08;1e-08;1e-08;1e-08;1e-08;1e-08;1e-08;1e-08;1e-08;1e-08;0.24001973;0.77586205;0.22918558;1e-08;1e-08
03/06/2018;1e-08;1e-08;1e-08;1e-08;1e-08;0.02446939;1e-08;1e-08;1e-08;1e-08;1e-08;1e-08;1e-08;1e-08;1e-08;1e-08;1e-08;1e-08;0.24001973;0.77586205;0.22918558;1e-08;1e-08
04/06/2018;1e-08;1e-08;1e-08;1e-08;1e-08;0.02446939;1e-08;1e-08;1e-08;1e-08;1e-08;0.03007682;1e-08;1e-08;1e-08;1e-08;1e-08;0.03611583;0.24001973;0.77586205;0.22918558;0.27826359;0.33382312
05/06/2018;1e-08;1e-08;1e-08;1e-08;1e-08;0.02446939;1e-08;1e-08;1e-08;1e-08;1e-08;0.03007682;1e-08;1e-08;1e-08;1e-08;1e-08;0.03611583;0.24001973;0.77586205;0.22918558;0.27826359;0.33382312
06/06/2018;1e-08;1e-08;1e-08;1e-08;1e-08;0.02446939;1e-08;1e-08;1e-08;1e-08;1e-08;0.03007682;1e-08;1e-08;1e-08;1e-08;1e-08;0.03611583;0.24001973;0.77586205;0.22918558;0.27826359;0.33382312
07/06/2018;1e-08;1e-08;1e-08;1e-08;1e-08;0.02446939;1e-08;1e-08;1e-08;1e-08;1e-08;0.03007682;1e-08;1e-08;1e-08;1e-08;1e-08;0.03611583;0.24001973;0.77586205;0.22918558;0.27826359;0.33382312
08/06/2018;1e-08;1e-08;1e-08;1e-08;1e-08;0.02446939;1e-08;1e-08;1e-08;1e-08;1e-08;0.03007682;1e-08;1e-08;1e-08;1e-08;1e-08;0.03611583;0.24001973;0.77586205;0.22918558;0.27826359;0.33382312
09/06/2018;1e-08;1e-08;1e-08;1e-08;1e-08;0.01444096;1e-08;1e-08;1e-08;1e-08;1e-08;0.01775026;1e-08;1e-08;1e-08;1e-08;1e-08;1e-08;0.24001973;0.77586205;0.22918558;0.27826359;1e-08
10/06/2018;1e-08;1e-08;1e-08;1e-08;1e-08;0.01444096;1e-08;1e-08;1e-08;1e-08;1e-08;1e-08;1e-08;1e-08;1e-08;1e-08;1e-08;1e-08;0.24001973;0.77586205;0.22918558;1e-08;1e-08
11/06/2018;1e-08;1e-08;1e-08;1e-08;1e-08;0.01444096;1e-08;1e-08;1e-08;1e-08;1e-08;0.01775026;1e-08;1e-08;1e-08;1e-08;1e-08;0.02131426;0.24001973;0.77586205;0.22918558;0.27826359;0.33382312
12/06/2018;1e-08;1e-08;1e-08;1e-08;1e-08;0.01444096;1e-08;1e-08;1e-08;1e-08;1e-08;0.01775026;1e-08;1e-08;1e-08;1e-08;1e-08;0.02131426;0.24001973;0.77586205;0.22918558;0.27826359;0.33382312
13/06/2018;1e-08;1e-08;1e-08;1e-08;1e-08;0.01444096;1e-08;1e-08;1e-08;1e-08;1e-08;0.01775026;1e-08;1e-08;1e-08;1e-08;1e-08;0.02131426;0.24001973;0.77586205;0.22918558;0.27826359;0.33382312
14/06/2018;1e-08;1e-08;1e-08;1e-08;1e-08;0.01444096;1e-08;1e-08;1e-08;1e-08;1e-08;0.01775026;1e-08;1e-08;1e-08;1e-08;1e-08;0.02131426;0.24001973;0.77586205;0.22918558;0.27826359;0.33382312
15/06/2018;1e-08;1e-08;1e-08;1e-08;1e-08;0.01444096;1e-08;1e-08;1e-08;1e-08;1e-08;0.01775026;1e-08;1e-08;1e-08;1e-08;1e-08;0.02131426;0.24001973;0.77586205;0.22918558;0.27826359;0.33382312
16/06/2018;1e-08;1e-08;1e-08;1e-08;1e-08;1e-08;1e-08;1e-08;1e-08;1e-08;1e-08;1e-08;1e-08;1e-08;1e-08;1e-08;1e-08;1e-08;0.24001973;0.77586205;0.22918558;0.27826359;1e-08
17/06/2018;1e-08;1e-08;1e-08;1e-08;1e-08;1e-08;1e-08;1e-08;1e-08;1e-08;1e-08;1e-08;1e-08;1e-08;1e-08;1e-08;1e-08;1e-08;0.24001973;0.77586205;0.22918558;1e-08;1e-08
18/06/2018;1e-08;1e-08;1e-08;1e-08;1e-08;1e-08;1e-08;1e-08;1e-08;1e-08;1e-08;1e-08;1e-08;1e-08;1e-08;1e-08;1e-08;1e-08;0.24001973;0.77586205;0.22918558;0.27826359;0.33382312
19/06/2018;1e-08;1e-08;1e-08;1e-08;1e-08;1e-08;1e-08;1e-08;1e-08;1e-08;1e-08;1e-08;1e-08;1e-08;1e-08;1e-08;1e-08;1e-08;0.24001973;0.77586205;0.22918558;0.27826359;0.33382312
20/06/2018;1e-08;1e-08;1e-08;1e-08;1e-08;1e-08;1e-08;1e-08;1e-08;1e-08;1e-08;1e-08;1e-08;1e-08;1e-08;1e-08;1e-08;1e-08;0.24001973;0.77586205;0.22918558;0.27826359;0.33382312
21/06/2018;1e-08;1e-08;1e-08;1e-08;1e-08;1e-08;1e-08;1e-08;1e-08;1e-08;1e-08;1e-08;1e-08;1e-08;1e-08;1e-08;1e-08;1e-08;0.24001973;0.77586205;0.22918558;0.27826359;0.33382312
22/06/2018;1e-08;1e-08;1e-08;1e-08;1e-08;1e-08;1e-08;1e-08;1e-08;1e-08;1e-08;1e-08;1e-08;1e-08;1e-08;1e-08;1e-08;1e-08;0.24001973;0.77586205;0.22918558;0.27826359;0.33382312
23/06/2018;1e-08;1e-08;1e-08;1e-08;1e-08;1e-08;1e-08;1e-08;1e-08;1e-08;1e-08;1e-08;1e-08;1e-08;1e-08;1e-08;1e-08;1e-08;0.24001973;0.77586205;0.22918558;0.27826359;1e-08
24/06/2018;1e-08;1e-08;1e-08;1e-08;1e-08;1e-08;1e-08;1e-08;1e-08;1e-08;1e-08;1e-08;1e-08;1e-08;1e-08;1e-08;1e-08;1e-08;0.24001973;0.77586205;0.22918558;1e-08;1e-08
25/06/2018;1e-08;1e-08;1e-08;1e-08;1e-08;1e-08;1e-08;1e-08;1e-08;1e-08;1e-08;1e-08;1e-08;1e-08;1e-08;1e-08;1e-08;1e-08;0.24001973;0.77586205;0.22918558;0.27826359;0.33382312
26/06/2018;1e-08;1e-08;1e-08;1e-08;1e-08;1e-08;1e-08;1e-08;1e-08;1e-08;1e-08;1e-08;1e-08;1e-08;1e-08;1e-08;1e-08;1e-08;0.24001973;0.77586205;0.22918558;0.27826359;0.33382312
27/06/2018;1e-08;1e-08;1e-08;1e-08;1e-08;1e-08;1e-08;1e-08;1e-08;1e-08;1e-08;1e-08;1e-08;1e-08;1e-08;1e-08;1e-08;1e-08;0.24001973;0.77586205;0.22918558;0.27826359;0.33382312
28/06/2018;1e-08;1e-08;1e-08;1e-08;1e-08;1e-08;1e-08;1e-08;1e-08;1e-08;1e-08;1e-08;1e-08;1e-08;1e-08;1e-08;1e-08;1e-08;0.24001973;0.77586205;0.22918558;0.27826359;0.33382312
29/06/2018;1e-08;1e-08;1e-08;1e-08;1e-08;1e-08;1e-08;1e-08;1e-08;1e-08;1e-08;1e-08;1e-08;1e-08;1e-08;1e-08;1e-08;1e-08;0.24001973;0.77586205;0.22918558;0.27826359;0.33382312
30/06/2018;1e-08;1e-08;1e-08;1e-08;1e-08;1e-08;1e-08;1e-08;1e-08;1e-08;1e-08;1e-08;1e-08;1e-08;1e-08;1e-08;1e-08;1e-08;0.24001973;0.77586205;0.22918558;0.27826359;1e-08
01/07/2018;1e-08;1e-08;1e-08;1e-08;1e-08;1e-08;1e-08;1e-08;1e-08;1e-08;1e-08;1e-08;1e-08;1e-08;1e-08;1e-08;1e-08;1e-08;0.24001973;0.86206894;0.22918558;1e-08;1e-08
02/07/2018;1e-08;1e-08;1e-08;1e-08;1e-08;1e-08;1e-08;1e-08;1e-08;1e-08;1e-08;1e-08;1e-08;1e-08;1e-08;1e-08;1e-08;1e-08;0.21298779999999998;0.86206894;0.21647293;0.26273646;0.31523937
03/07/2018;1e-08;1e-08;1e-08;1e-08;1e-08;1e-08;1e-08;1e-08;1e-08;1e-08;1e-08;1e-08;1e-08;1e-08;1e-08;1e-08;1e-08;1e-08;0.21298779999999998;0.86206894;0.21647293;0.26273646;0.31523937
04/07/2018;1e-08;1e-08;1e-08;1e-08;1e-08;1e-08;1e-08;1e-08;1e-08;1e-08;1e-08;1e-08;1e-08;1e-08;1e-08;1e-08;1e-08;1e-08;0.21298779999999998;0.86206894;0.21647293;0.26273646;0.31523937
05/07/2018;1e-08;1e-08;1e-08;1e-08;1e-08;1e-08;1e-08;1e-08;1e-08;1e-08;1e-08;1e-08;1e-08;1e-08;1e-08;1e-08;1e-08;1e-08;0.21298779999999998;0.86206894;0.21647293;0.26273646;0.31523937
06/07/2018;1e-08;1e-08;1e-08;1e-08;1e-08;1e-08;1e-08;1e-08;1e-08;1e-08;1e-08;1e-08;1e-08;1e-08;1e-08;1e-08;1e-08;1e-08;0.21298779999999998;0.86206894;0.21647293;0.26273646;0.31523937
07/07/2018;1e-08;1e-08;1e-08;1e-08;1e-08;1e-08;1e-08;1e-08;1e-08;1e-08;1e-08;1e-08;1e-08;1e-08;1e-08;1e-08;1e-08;1e-08;0.21298779999999998;0.86206894;0.21647293;0.26273646;1e-08
08/07/2018;1e-08;1e-08;1e-08;1e-08;1e-08;1e-08;1e-08;1e-08;1e-08;1e-08;1e-08;1e-08;1e-08;1e-08;1e-08;1e-08;1e-08;1e-08;0.21298779999999998;0.86206894;0.21647293;1e-08;1e-08
09/07/2018;1e-08;1e-08;1e-08;1e-08;1e-08;1e-08;1e-08;1e-08;1e-08;1e-08;1e-08;1e-08;1e-08;1e-08;1e-08;1e-08;1e-08;1e-08;0.21298779999999998;0.86206894;0.21647293;0.26273646;0.31523937
10/07/2018;1e-08;1e-08;1e-08;1e-08;1e-08;1e-08;1e-08;1e-08;1e-08;1e-08;1e-08;1e-08;1e-08;1e-08;1e-08;1e-08;1e-08;1e-08;0.21298779999999998;0.86206894;0.21647293;0.26273646;0.31523937
11/07/2018;1e-08;1e-08;1e-08;1e-08;1e-08;1e-08;1e-08;1e-08;1e-08;1e-08;1e-08;1e-08;1e-08;1e-08;1e-08;1e-08;1e-08;1e-08;0.21298779999999998;0.86206894;0.21647293;0.26273646;0.31523937
12/07/2018;1e-08;1e-08;1e-08;1e-08;1e-08;1e-08;1e-08;1e-08;1e-08;1e-08;1e-08;1e-08;1e-08;1e-08;1e-08;1e-08;1e-08;1e-08;0.21298779999999998;0.86206894;0.21647293;0.26273646;0.31523937
13/07/2018;1e-08;1e-08;1e-08;1e-08;1e-08;1e-08;1e-08;1e-08;1e-08;1e-08;1e-08;1e-08;1e-08;1e-08;1e-08;1e-08;1e-08;1e-08;0.21298779999999998;0.86206894;0.21647293;0.26273646;0.31523937
14/07/2018;1e-08;1e-08;1e-08;1e-08;1e-08;1e-08;1e-08;1e-08;1e-08;1e-08;1e-08;1e-08;1e-08;1e-08;1e-08;1e-08;1e-08;1e-08;0.21298779999999998;0.86206894;0.21647293;0.26273646;1e-08
15/07/2018;1e-08;1e-08;1e-08;1e-08;1e-08;1e-08;1e-08;1e-08;1e-08;1e-08;1e-08;1e-08;1e-08;1e-08;1e-08;1e-08;1e-08;1e-08;0.21298779999999998;0.86206894;0.21647293;1e-08;1e-08
16/07/2018;1e-08;1e-08;1e-08;1e-08;1e-08;1e-08;1e-08;1e-08;1e-08;1e-08;1e-08;1e-08;1e-08;1e-08;1e-08;1e-08;1e-08;1e-08;0.21298779999999998;0.86206894;0.21647293;0.26273646;0.31523937
17/07/2018;1e-08;1e-08;1e-08;1e-08;1e-08;1e-08;1e-08;1e-08;1e-08;1e-08;1e-08;1e-08;1e-08;1e-08;1e-08;1e-08;1e-08;1e-08;0.21298779999999998;0.86206894;0.21647293;0.26273646;0.31523937
18/07/2018;1e-08;1e-08;1e-08;1e-08;1e-08;1e-08;1e-08;1e-08;1e-08;1e-08;1e-08;1e-08;1e-08;1e-08;1e-08;1e-08;1e-08;1e-08;0.21298779999999998;0.86206894;0.21647293;0.26273646;0.31523937
19/07/2018;1e-08;1e-08;1e-08;1e-08;1e-08;1e-08;1e-08;1e-08;1e-08;1e-08;1e-08;1e-08;1e-08;1e-08;1e-08;1e-08;1e-08;1e-08;0.21298779999999998;0.86206894;0.21647293;0.26273646;0.31523937
20/07/2018;1e-08;1e-08;1e-08;1e-08;1e-08;1e-08;1e-08;1e-08;1e-08;1e-08;1e-08;1e-08;1e-08;1e-08;1e-08;1e-08;1e-08;1e-08;0.21298779999999998;0.86206894;0.21647293;0.26273646;0.31523937
21/07/2018;1e-08;1e-08;1e-08;1e-08;1e-08;1e-08;1e-08;1e-08;1e-08;1e-08;1e-08;1e-08;1e-08;1e-08;1e-08;1e-08;1e-08;1e-08;0.21298779999999998;0.86206894;0.21647293;0.26273646;1e-08
22/07/2018;1e-08;1e-08;1e-08;1e-08;1e-08;1e-08;1e-08;1e-08;1e-08;1e-08;1e-08;1e-08;1e-08;1e-08;1e-08;1e-08;1e-08;1e-08;0.21298779999999998;0.86206894;0.21647293;1e-08;1e-08
23/07/2018;1e-08;1e-08;1e-08;1e-08;1e-08;1e-08;1e-08;1e-08;1e-08;1e-08;1e-08;1e-08;1e-08;1e-08;1e-08;1e-08;1e-08;1e-08;0.21298779999999998;0.86206894;0.21647293;0.26273646;0.31523937
24/07/2018;1e-08;1e-08;1e-08;1e-08;1e-08;1e-08;1e-08;1e-08;1e-08;1e-08;1e-08;1e-08;1e-08;1e-08;1e-08;1e-08;1e-08;1e-08;0.21298779999999998;0.86206894;0.21647293;0.26273646;0.31523937
25/07/2018;1e-08;1e-08;1e-08;1e-08;1e-08;1e-08;1e-08;1e-08;1e-08;1e-08;1e-08;1e-08;1e-08;1e-08;1e-08;1e-08;1e-08;1e-08;0.21298779999999998;0.86206894;0.21647293;0.26273646;0.31523937
26/07/2018;1e-08;1e-08;1e-08;1e-08;1e-08;1e-08;1e-08;1e-08;1e-08;1e-08;1e-08;1e-08;1e-08;1e-08;1e-08;1e-08;1e-08;1e-08;0.21298779999999998;0.86206894;0.21647293;0.26273646;0.31523937
27/07/2018;1e-08;1e-08;1e-08;1e-08;1e-08;1e-08;1e-08;1e-08;1e-08;1e-08;1e-08;1e-08;1e-08;1e-08;1e-08;1e-08;1e-08;1e-08;0.21298779999999998;0.86206894;0.21647293;0.26273646;0.31523937
28/07/2018;1e-08;1e-08;1e-08;1e-08;1e-08;1e-08;1e-08;1e-08;1e-08;1e-08;1e-08;1e-08;1e-08;1e-08;1e-08;1e-08;1e-08;1e-08;0.21298779999999998;0.86206894;0.21647293;0.26273646;1e-08
29/07/2018;1e-08;1e-08;1e-08;1e-08;1e-08;1e-08;1e-08;1e-08;1e-08;1e-08;1e-08;1e-08;1e-08;1e-08;1e-08;1e-08;1e-08;1e-08;0.21298779999999998;0.86206894;0.21647293;1e-08;1e-08
30/07/2018;1e-08;1e-08;1e-08;1e-08;1e-08;1e-08;1e-08;1e-08;1e-08;1e-08;1e-08;1e-08;1e-08;1e-08;1e-08;1e-08;1e-08;1e-08;0.21298779999999998;0.86206894;0.21647293;0.26273646;0.31523937
31/07/2018;1e-08;1e-08;1e-08;1e-08;1e-08;1e-08;1e-08;1e-08;1e-08;1e-08;1e-08;1e-08;1e-08;1e-08;1e-08;1e-08;1e-08;1e-08;0.21298779999999998;0.86206894;0.21647293;0.26273646;0.31523937
01/08/2018;1e-08;1e-08;1e-08;1e-08;1e-08;1e-08;1e-08;1e-08;1e-08;1e-08;1e-08;1e-08;1e-08;1e-08;1e-08;1e-08;1e-08;1e-08;0.21298779999999998;0.86206894;0.21647293;0.26273646;0.31523937
02/08/2018;1e-08;1e-08;1e-08;1e-08;1e-08;1e-08;1e-08;1e-08;1e-08;1e-08;1e-08;1e-08;1e-08;1e-08;1e-08;1e-08;1e-08;1e-08;0.21031432;0.86206894;0.2081817;0.25260963;0.303119
03/08/2018;1e-08;1e-08;1e-08;1e-08;1e-08;1e-08;1e-08;1e-08;1e-08;1e-08;1e-08;1e-08;1e-08;1e-08;1e-08;1e-08;1e-08;1e-08;0.21031432;0.86206894;0.2081817;0.25260963;0.303119
04/08/2018;1e-08;1e-08;1e-08;1e-08;1e-08;1e-08;1e-08;1e-08;1e-08;1e-08;1e-08;1e-08;1e-08;1e-08;1e-08;1e-08;1e-08;1e-08;0.21031432;0.86206894;0.2081817;0.25260963;1e-08
05/08/2018;1e-08;1e-08;1e-08;1e-08;1e-08;1e-08;1e-08;1e-08;1e-08;1e-08;1e-08;1e-08;1e-08;1e-08;1e-08;1e-08;1e-08;1e-08;0.21031432;0.86206894;0.2081817;1e-08;1e-08
06/08/2018;1e-08;1e-08;1e-08;1e-08;1e-08;1e-08;1e-08;1e-08;1e-08;1e-08;1e-08;1e-08;1e-08;1e-08;1e-08;1e-08;1e-08;1e-08;0.21031432;0.86206894;0.2081817;0.25260963;0.303119
07/08/2018;1e-08;1e-08;1e-08;1e-08;1e-08;1e-08;1e-08;1e-08;1e-08;1e-08;1e-08;1e-08;1e-08;1e-08;1e-08;1e-08;1e-08;1e-08;0.21031432;0.86206894;0.2081817;0.25260963;0.303119
08/08/2018;1e-08;1e-08;1e-08;1e-08;1e-08;1e-08;1e-08;1e-08;1e-08;1e-08;1e-08;1e-08;1e-08;1e-08;1e-08;1e-08;1e-08;1e-08;0.21031432;0.86206894;0.2081817;0.25260963;0.303119
09/08/2018;1e-08;1e-08;1e-08;1e-08;1e-08;1e-08;1e-08;1e-08;1e-08;1e-08;1e-08;1e-08;1e-08;1e-08;1e-08;1e-08;1e-08;1e-08;0.21031432;0.86206894;0.2081817;0.25260963;0.303119
10/08/2018;1e-08;1e-08;1e-08;1e-08;1e-08;1e-08;1e-08;1e-08;1e-08;1e-08;1e-08;1e-08;1e-08;1e-08;1e-08;1e-08;1e-08;1e-08;0.21031432;0.86206894;0.2081817;0.25260963;0.303119
11/08/2018;1e-08;1e-08;1e-08;1e-08;1e-08;1e-08;1e-08;1e-08;1e-08;1e-08;1e-08;1e-08;1e-08;1e-08;1e-08;1e-08;1e-08;1e-08;0.21031432;0.86206894;0.2081817;0.25260963;1e-08
12/08/2018;1e-08;1e-08;1e-08;1e-08;1e-08;1e-08;1e-08;1e-08;1e-08;1e-08;1e-08;1e-08;1e-08;1e-08;1e-08;1e-08;1e-08;1e-08;0.21031432;0.86206894;0.2081817;1e-08;1e-08
13/08/2018;1e-08;1e-08;1e-08;1e-08;1e-08;1e-08;1e-08;1e-08;1e-08;1e-08;1e-08;1e-08;1e-08;1e-08;1e-08;1e-08;1e-08;1e-08;0.21031432;0.86206894;0.2081817;0.25260963;0.303119
14/08/2018;1e-08;1e-08;1e-08;1e-08;1e-08;1e-08;1e-08;1e-08;1e-08;1e-08;1e-08;1e-08;1e-08;1e-08;1e-08;1e-08;1e-08;1e-08;0.21031432;0.86206894;0.2081817;0.25260963;0.303119
15/08/2018;1e-08;1e-08;1e-08;1e-08;1e-08;1e-08;1e-08;1e-08;1e-08;1e-08;1e-08;1e-08;1e-08;1e-08;1e-08;1e-08;1e-08;1e-08;0.21031432;0.86206894;0.2081817;1e-08;1e-08
16/08/2018;1e-08;1e-08;1e-08;1e-08;1e-08;1e-08;1e-08;1e-08;1e-08;1e-08;1e-08;1e-08;1e-08;1e-08;1e-08;1e-08;1e-08;1e-08;0.21031432;0.86206894;0.2081817;0.25260963;0.303119
17/08/2018;1e-08;1e-08;1e-08;1e-08;1e-08;1e-08;1e-08;1e-08;1e-08;1e-08;1e-08;1e-08;1e-08;1e-08;1e-08;1e-08;1e-08;1e-08;0.21031432;0.86206894;0.2081817;0.25260963;0.303119
18/08/2018;1e-08;1e-08;1e-08;1e-08;1e-08;1e-08;1e-08;1e-08;1e-08;1e-08;1e-08;1e-08;1e-08;1e-08;1e-08;1e-08;1e-08;1e-08;0.21031432;0.86206894;0.2081817;0.25260963;1e-08
19/08/2018;1e-08;1e-08;1e-08;1e-08;1e-08;1e-08;1e-08;1e-08;1e-08;1e-08;1e-08;1e-08;1e-08;1e-08;1e-08;1e-08;1e-08;1e-08;0.21031432;0.86206894;0.2081817;1e-08;1e-08
20/08/2018;1e-08;1e-08;1e-08;1e-08;1e-08;1e-08;1e-08;1e-08;1e-08;1e-08;1e-08;1e-08;1e-08;1e-08;1e-08;1e-08;1e-08;1e-08;0.21031432;0.86206894;0.2081817;0.25260963;0.303119
21/08/2018;1e-08;1e-08;1e-08;1e-08;1e-08;1e-08;1e-08;1e-08;1e-08;1e-08;1e-08;1e-08;1e-08;1e-08;1e-08;1e-08;1e-08;1e-08;0.21031432;0.86206894;0.2081817;0.25260963;0.303119
22/08/2018;1e-08;1e-08;1e-08;1e-08;1e-08;1e-08;1e-08;1e-08;1e-08;1e-08;1e-08;1e-08;1e-08;1e-08;1e-08;1e-08;1e-08;1e-08;0.21031432;0.86206894;0.2081817;0.25260963;0.303119
23/08/2018;1e-08;1e-08;1e-08;1e-08;1e-08;1e-08;1e-08;1e-08;1e-08;1e-08;1e-08;1e-08;1e-08;1e-08;1e-08;1e-08;1e-08;1e-08;0.21031432;0.86206894;0.2081817;0.25260963;0.303119
24/08/2018;1e-08;1e-08;1e-08;1e-08;1e-08;1e-08;1e-08;1e-08;1e-08;1e-08;1e-08;1e-08;1e-08;1e-08;1e-08;1e-08;1e-08;1e-08;0.21031432;0.86206894;0.2081817;0.25260963;0.303119
25/08/2018;1e-08;1e-08;1e-08;1e-08;1e-08;1e-08;1e-08;1e-08;1e-08;1e-08;1e-08;1e-08;1e-08;1e-08;1e-08;1e-08;1e-08;1e-08;0.21031432;0.86206894;0.2081817;0.25260963;1e-08
26/08/2018;1e-08;1e-08;1e-08;1e-08;1e-08;1e-08;1e-08;1e-08;1e-08;1e-08;1e-08;1e-08;1e-08;1e-08;1e-08;1e-08;1e-08;1e-08;0.21031432;0.86206894;0.2081817;1e-08;1e-08
27/08/2018;1e-08;1e-08;1e-08;1e-08;1e-08;1e-08;1e-08;1e-08;1e-08;1e-08;1e-08;1e-08;1e-08;1e-08;1e-08;1e-08;1e-08;1e-08;0.21031432;0.86206894;0.2081817;0.25260963;0.303119
28/08/2018;1e-08;1e-08;1e-08;1e-08;1e-08;1e-08;1e-08;1e-08;1e-08;1e-08;1e-08;1e-08;1e-08;1e-08;1e-08;1e-08;1e-08;1e-08;0.21031432;0.86206894;0.2081817;0.25260963;0.303119
29/08/2018;1e-08;1e-08;1e-08;1e-08;1e-08;1e-08;1e-08;1e-08;1e-08;1e-08;1e-08;1e-08;1e-08;1e-08;1e-08;1e-08;1e-08;1e-08;0.21031432;0.86206894;0.2081817;0.25260963;0.303119
30/08/2018;1e-08;1e-08;1e-08;1e-08;1e-08;1e-08;1e-08;1e-08;1e-08;1e-08;1e-08;1e-08;1e-08;1e-08;1e-08;1e-08;1e-08;1e-08;0.21031432;0.86206894;0.2081817;0.25260963;0.303119
31/08/2018;1e-08;1e-08;1e-08;1e-08;1e-08;1e-08;1e-08;1e-08;1e-08;1e-08;1e-08;1e-08;1e-08;1e-08;1e-08;1e-08;1e-08;1e-08;0.21031432;0.86206894;0.2081817;0.25260963;0.303119
01/09/2018;1e-08;1e-08;1e-08;1e-08;1e-08;1e-08;1e-08;1e-08;1e-08;1e-08;1e-08;1e-08;1e-08;1e-08;1e-08;1e-08;1e-08;1e-08;0.21031432;0.77586205;0.2081817;0.27814109;1e-08
02/09/2018;1e-08;1e-08;1e-08;1e-08;1e-08;1e-08;1e-08;1e-08;1e-08;1e-08;1e-08;1e-08;1e-08;1e-08;1e-08;1e-08;1e-08;1e-08;0.23972267;0.77586205;0.22908529;1e-08;1e-08
03/09/2018;1e-08;1e-08;1e-08;1e-08;1e-08;1e-08;1e-08;1e-08;1e-08;1e-08;1e-08;1e-08;1e-08;1e-08;1e-08;1e-08;1e-08;1e-08;0.23972267;0.77586205;0.22908529;0.27814109;0.33367651
04/09/2018;1e-08;1e-08;1e-08;1e-08;1e-08;1e-08;1e-08;1e-08;1e-08;1e-08;1e-08;1e-08;1e-08;1e-08;1e-08;1e-08;1e-08;1e-08;0.23972267;0.77586205;0.22908529;0.27814109;0.33367651
05/09/2018;1e-08;1e-08;1e-08;1e-08;1e-08;0.03048646;1e-08;1e-08;1e-08;1e-08;1e-08;0.03747275;1e-08;1e-08;1e-08;1e-08;1e-08;0.04499677;0.23972267;0.77586205;0.22908529;0.27814109;0.33367651
06/09/2018;1e-08;1e-08;1e-08;1e-08;1e-08;0.03048646;1e-08;1e-08;1e-08;1e-08;1e-08;0.03747275;1e-08;1e-08;1e-08;1e-08;1e-08;0.04499677;0.23972267;0.77586205;0.22908529;0.27814109;0.33367651
07/09/2018;1e-08;1e-08;1e-08;1e-08;1e-08;0.03048646;1e-08;1e-08;1e-08;1e-08;1e-08;0.03747275;1e-08;1e-08;1e-08;1e-08;1e-08;0.04499677;0.23972267;0.77586205;0.22908529;0.27814109;0.33367651
08/09/2018;1e-08;1e-08;1e-08;1e-08;1e-08;0.03048646;1e-08;1e-08;1e-08;1e-08;1e-08;0.04092421;1e-08;1e-08;1e-08;1e-08;1e-08;1e-08;0.23972267;0.77586205;0.22908529;0.27814109;1e-08
09/09/2018;1e-08;1e-08;1e-08;1e-08;1e-08;0.03329443;1e-08;1e-08;1e-08;1e-08;1e-08;1e-08;1e-08;1e-08;1e-08;1e-08;1e-08;1e-08;0.23972267;0.77586205;0.22908529;1e-08;1e-08
10/09/2018;1e-08;1e-08;1e-08;1e-08;1e-08;0.03329443;1e-08;1e-08;1e-08;1e-08;1e-08;0.04092421;1e-08;1e-08;1e-08;1e-08;1e-08;0.04914122;0.23972267;0.77586205;0.22908529;0.27814109;0.33367651
11/09/2018;1e-08;1e-08;1e-08;1e-08;1e-08;0.03329443;1e-08;1e-08;1e-08;1e-08;1e-08;0.04092421;1e-08;1e-08;1e-08;1e-08;1e-08;0.04914122;0.23972267;0.77586205;0.22908529;0.27814109;0.33367651
12/09/2018;1e-08;1e-08;1e-08;1e-08;1e-08;0.03329443;1e-08;1e-08;1e-08;1e-08;1e-08;0.04092421;1e-08;1e-08;1e-08;1e-08;1e-08;0.04914122;0.23972267;0.77586205;0.22908529;0.27814109;0.33367651
13/09/2018;1e-08;1e-08;1e-08;1e-08;1e-08;0.03329443;1e-08;1e-08;1e-08;1e-08;1e-08;0.04092421;1e-08;1e-08;1e-08;1e-08;1e-08;0.04914122;0.23972267;0.77586205;0.22908529;0.27814109;0.33367651
14/09/2018;1e-08;1e-08;1e-08;1e-08;1e-08;0.03329443;1e-08;1e-08;1e-08;1e-08;1e-08;0.04092421;1e-08;1e-08;1e-08;1e-08;1e-08;0.04914122;0.23972267;0.77586205;0.22908529;0.27814109;0.33367651
15/09/2018;1e-08;1e-08;1e-08;1e-08;1e-08;0.03329443;1e-08;1e-08;1e-08;1e-08;1e-08;0.0606467;1e-08;1e-08;1e-08;1e-08;1e-08;1e-08;0.23972267;0.77586205;0.22908529;0.27814109;1e-08
16/09/2018;1e-08;1e-08;1e-08;1e-08;1e-08;0.04933993;1e-08;1e-08;1e-08;1e-08;1e-08;1e-08;1e-08;1e-08;1e-08;1e-08;1e-08;1e-08;0.23972267;0.77586205;0.22908529;1e-08;1e-08
17/09/2018;1e-08;1e-08;1e-08;1e-08;1e-08;0.04933993;1e-08;1e-08;1e-08;1e-08;1e-08;0.0606467;1e-08;1e-08;1e-08;1e-08;1e-08;0.07282373;0.23972267;0.77586205;0.22908529;0.27814109;0.33367651
18/09/2018;1e-08;1e-08;1e-08;1e-08;1e-08;0.04933993;1e-08;1e-08;1e-08;1e-08;1e-08;0.0606467;1e-08;1e-08;1e-08;1e-08;1e-08;0.07282373;0.23972267;0.77586205;0.22908529;0.27814109;0.33367651
19/09/2018;1e-08;1e-08;1e-08;1e-08;1e-08;0.04933993;1e-08;1e-08;1e-08;1e-08;1e-08;0.0606467;1e-08;1e-08;1e-08;1e-08;1e-08;0.07282373;0.23972267;0.77586205;0.22908529;0.27814109;0.33367651
20/09/2018;1e-08;1e-08;1e-08;1e-08;1e-08;0.04933993;1e-08;1e-08;1e-08;1e-08;1e-08;0.0606467;1e-08;1e-08;1e-08;1e-08;1e-08;0.07282373;0.23972267;0.77586205;0.22908529;0.27814109;0.33367651
21/09/2018;1e-08;1e-08;1e-08;1e-08;1e-08;0.04933993;1e-08;1e-08;1e-08;1e-08;1e-08;0.0606467;1e-08;1e-08;1e-08;1e-08;1e-08;0.07282373;0.23972267;0.77586205;0.22908529;0.27814109;0.33367651
22/09/2018;1e-08;1e-08;1e-08;1e-08;1e-08;0.04933993;1e-08;1e-08;1e-08;1e-08;1e-08;0.10009171;1e-08;1e-08;1e-08;1e-08;1e-08;1e-08;0.23972267;0.77586205;0.22908529;0.27814109;1e-08
23/09/2018;1e-08;1e-08;1e-08;1e-08;1e-08;0.08143094;1e-08;1e-08;1e-08;1e-08;1e-08;1e-08;1e-08;1e-08;1e-08;1e-08;1e-08;1e-08;0.23972267;0.77586205;0.22908529;1e-08;1e-08
24/09/2018;1e-08;1e-08;1e-08;1e-08;1e-08;0.08143094;1e-08;1e-08;1e-08;1e-08;1e-08;0.10009171;1e-08;1e-08;1e-08;1e-08;1e-08;0.12018875;0.23972267;0.77586205;0.22908529;0.27814109;0.33367651
25/09/2018;1e-08;1e-08;1e-08;1e-08;1e-08;0.08143094;1e-08;1e-08;1e-08;1e-08;1e-08;0.10009171;1e-08;1e-08;1e-08;1e-08;1e-08;0.12018875;0.23972267;0.77586205;0.22908529;0.27814109;0.33367651
26/09/2018;1e-08;1e-08;1e-08;1e-08;1e-08;0.08143094;1e-08;1e-08;1e-08;1e-08;1e-08;0.10009171;1e-08;1e-08;1e-08;1e-08;1e-08;0.12018875;0.23972267;0.77586205;0.22908529;0.27814109;0.33367651
27/09/2018;1e-08;1e-08;1e-08;1e-08;1e-08;0.08143094;1e-08;1e-08;1e-08;1e-08;1e-08;0.10009171;1e-08;1e-08;1e-08;1e-08;1e-08;0.12018875;0.23972267;0.77586205;0.22908529;0.27814109;0.33367651
28/09/2018;1e-08;1e-08;1e-08;1e-08;1e-08;0.08143094;1e-08;1e-08;1e-08;1e-08;1e-08;0.10009171;1e-08;1e-08;1e-08;1e-08;1e-08;0.12018875;0.23972267;0.77586205;0.22908529;0.27814109;0.33367651
29/09/2018;1e-08;1e-08;1e-08;1e-08;1e-08;0.08143094;1e-08;1e-08;1e-08;1e-08;1e-08;0.10009171;1e-08;1e-08;1e-08;1e-08;1e-08;1e-08;0.23972267;0.77586205;0.22908529;0.27814109;1e-08
30/09/2018;1e-08;1e-08;1e-08;1e-08;1e-08;0.08143094;1e-08;1e-08;1e-08;1e-08;1e-08;1e-08;1e-08;1e-08;1e-08;1e-08;1e-08;1e-08;0.23972267;0.77586205;0.22908529;1e-08;1e-08
01/10/2018;1e-08;1e-08;1e-08;1e-08;1e-08;0.14521181;1e-08;1e-08;1e-08;1e-08;1e-08;0.17671984;1e-08;1e-08;1e-08;1e-08;1e-08;0.21194378;0.26200172;1e-08;0.24441402;0.29401604;0.3532844
02/10/2018;1e-08;1e-08;1e-08;1e-08;1e-08;0.14521181;1e-08;1e-08;1e-08;1e-08;1e-08;0.17671984;1e-08;1e-08;1e-08;1e-08;1e-08;0.21194378;0.26200172;1e-08;0.24441402;0.29401604;0.3532844
03/10/2018;1e-08;1e-08;1e-08;1e-08;1e-08;0.14521181;1e-08;1e-08;1e-08;1e-08;1e-08;0.17671984;1e-08;1e-08;1e-08;1e-08;1e-08;0.21194378;0.26200172;1e-08;0.24441402;0.29401604;0.3532844
04/10/2018;1e-08;1e-08;1e-08;1e-08;1e-08;0.14521181;1e-08;1e-08;1e-08;1e-08;1e-08;0.17671984;1e-08;1e-08;1e-08;1e-08;1e-08;0.21194378;0.26200172;1e-08;0.24441402;0.29401604;0.3532844
05/10/2018;1e-08;1e-08;1e-08;1e-08;1e-08;0.14521181;1e-08;1e-08;1e-08;1e-08;1e-08;0.17671984;1e-08;1e-08;1e-08;1e-08;1e-08;0.21194378;0.26200172;1e-08;0.24441402;0.29401604;0.3532844
06/10/2018;1e-08;1e-08;1e-08;1e-08;1e-08;0.14521181;1e-08;1e-08;1e-08;1e-08;1e-08;0.17671984;1e-08;1e-08;1e-08;1e-08;1e-08;1e-08;0.26200172;1e-08;0.24441402;0.29401604;1e-08
07/10/2018;1e-08;1e-08;1e-08;1e-08;1e-08;0.14521181;1e-08;1e-08;1e-08;1e-08;1e-08;1e-08;1e-08;1e-08;1e-08;1e-08;1e-08;1e-08;0.26200172;1e-08;0.24441402;1e-08;1e-08
08/10/2018;1e-08;1e-08;1e-08;1e-08;1e-08;0.15243231;1e-08;1e-08;1e-08;1e-08;1e-08;0.18550703;1e-08;1e-08;1e-08;1e-08;1e-08;0.22248245;0.26200172;1e-08;0.24441402;0.29401604;0.3532844
09/10/2018;1e-08;1e-08;1e-08;1e-08;1e-08;0.15243231;1e-08;1e-08;1e-08;1e-08;1e-08;0.18550703;1e-08;1e-08;1e-08;1e-08;1e-08;0.22248245;0.26200172;1e-08;0.24441402;0.29401604;0.3532844
10/10/2018;1e-08;1e-08;1e-08;1e-08;1e-08;0.15243231;1e-08;1e-08;1e-08;1e-08;1e-08;0.18550703;1e-08;1e-08;1e-08;1e-08;1e-08;0.22248245;0.26200172;1e-08;0.24441402;0.29401604;0.3532844
11/10/2018;1e-08;1e-08;1e-08;1e-08;1e-08;0.15243231;1e-08;1e-08;1e-08;1e-08;1e-08;0.18550703;1e-08;1e-08;1e-08;1e-08;1e-08;0.22248245;0.26200172;1e-08;0.24441402;0.29401604;0.3532844
12/10/2018;1e-08;1e-08;1e-08;1e-08;1e-08;0.15243231;1e-08;1e-08;1e-08;1e-08;1e-08;0.18550703;1e-08;1e-08;1e-08;1e-08;1e-08;0.22248245;0.26200172;1e-08;0.24441402;0.29401604;0.3532844
13/10/2018;1e-08;1e-08;1e-08;1e-08;1e-08;0.15243231;1e-08;1e-08;1e-08;1e-08;1e-08;0.18550703;1e-08;1e-08;1e-08;1e-08;1e-08;1e-08;0.26200172;1e-08;0.24441402;0.29401604;1e-08
14/10/2018;1e-08;1e-08;1e-08;1e-08;1e-08;0.15243231;1e-08;1e-08;1e-08;1e-08;1e-08;1e-08;1e-08;1e-08;1e-08;1e-08;1e-08;1e-08;0.26200172;1e-08;0.24441402;1e-08;1e-08
15/10/2018;1e-08;1e-08;1e-08;1e-08;0.19609872;0.22263138;1e-08;1e-08;1e-08;1e-08;0.23655599;0.27093788;1e-08;1e-08;1e-08;1e-08;0.28365092;0.32494145;0.26200172;1e-08;0.24441402;0.29401604;0.3532844
16/10/2018;1e-08;1e-08;1e-08;1e-08;0.19609872;0.22263138;1e-08;1e-08;1e-08;1e-08;0.23655599;0.27093788;1e-08;1e-08;1e-08;1e-08;0.28365092;0.32494145;0.26200172;1e-08;0.24441402;0.29401604;0.3532844
17/10/2018;1e-08;1e-08;1e-08;1e-08;0.19609872;0.22263138;1e-08;1e-08;1e-08;1e-08;0.23655599;0.27093788;1e-08;1e-08;1e-08;1e-08;0.28365092;0.32494145;0.26200172;1e-08;0.24441402;0.29401604;0.3532844
18/10/2018;1e-08;1e-08;1e-08;1e-08;0.19609872;0.22263138;1e-08;1e-08;1e-08;1e-08;0.23655599;0.27093788;1e-08;1e-08;1e-08;1e-08;0.28365092;0.32494145;0.26200172;1e-08;0.24441402;0.29401604;0.3532844
19/10/2018;1e-08;1e-08;1e-08;1e-08;0.19609872;0.22263138;1e-08;1e-08;1e-08;1e-08;0.23655599;0.27093788;1e-08;1e-08;1e-08;1e-08;0.28365092;0.32494145;0.26200172;1e-08;0.24441402;0.29401604;0.3532844
20/10/2018;1e-08;1e-08;1e-08;1e-08;0.19609872;0.22263138;1e-08;1e-08;1e-08;1e-08;0.23655599;0.27093788;1e-08;1e-08;1e-08;1e-08;1e-08;1e-08;0.26200172;1e-08;0.24441402;0.29401604;1e-08
21/10/2018;1e-08;1e-08;1e-08;1e-08;0.19609872;0.22263138;1e-08;1e-08;1e-08;1e-08;1e-08;1e-08;1e-08;1e-08;1e-08;1e-08;1e-08;1e-08;0.26200172;1e-08;0.24441402;1e-08;1e-08
22/10/2018;1e-08;1e-08;1e-08;1e-08;0.27633251;0.29844639;1e-08;1e-08;1e-08;1e-08;0.33334286;0.36320321;1e-08;1e-08;1e-08;1e-08;0.39970669;0.43559718;0.26200172;1e-08;0.24441402;0.29401604;0.3532844
23/10/2018;1e-08;1e-08;1e-08;1e-08;0.27633251;0.29844639;1e-08;1e-08;1e-08;1e-08;0.33334286;0.36320321;1e-08;1e-08;1e-08;1e-08;0.39970669;0.43559718;0.26200172;1e-08;0.24441402;0.29401604;0.3532844
24/10/2018;1e-08;1e-08;1e-08;1e-08;0.27633251;0.29844639;1e-08;1e-08;1e-08;1e-08;0.33334286;0.36320321;1e-08;1e-08;1e-08;1e-08;0.39970669;0.43559718;0.26200172;1e-08;0.24441402;0.29401604;0.3532844
25/10/2018;1e-08;1e-08;1e-08;1e-08;0.27633251;0.29844639;1e-08;1e-08;1e-08;1e-08;0.33334286;0.36320321;1e-08;1e-08;1e-08;1e-08;0.39970669;0.43559718;0.26200172;1e-08;0.24441402;0.29401604;0.3532844
26/10/2018;1e-08;1e-08;1e-08;1e-08;0.27633251;0.29844639;1e-08;1e-08;1e-08;1e-08;0.33334286;0.36320321;1e-08;1e-08;1e-08;1e-08;0.39970669;0.43559718;0.26200172;1e-08;0.24441402;0.29401604;0.3532844
27/10/2018;1e-08;1e-08;1e-08;1e-08;0.27633251;0.29844639;1e-08;1e-08;1e-08;1e-08;0.33334286;0.36320321;1e-08;1e-08;1e-08;1e-08;1e-08;1e-08;0.26200172;1e-08;0.24441402;0.29401604;1e-08
28/10/2018;1e-08;1e-08;1e-08;1e-08;0.27633251;0.29844639;1e-08;1e-08;1e-08;1e-08;1e-08;1e-08;1e-08;1e-08;1e-08;1e-08;1e-08;1e-08;0.26200172;1e-08;0.24441402;1e-08;1e-08
29/10/2018;1e-08;1e-08;1e-08;1e-08;0.27633251;0.29844639;1e-08;1e-08;1e-08;1e-08;0.33334286;0.36320321;1e-08;1e-08;1e-08;1e-08;0.39970669;0.43559718;0.26200172;1e-08;0.24441402;0.29401604;0.3532844
30/10/2018;1e-08;1e-08;1e-08;1e-08;0.27633251;0.29844639;1e-08;1e-08;1e-08;1e-08;0.33334286;0.36320321;1e-08;1e-08;1e-08;1e-08;0.39970669;0.43559718;0.26200172;1e-08;0.24441402;0.29401604;0.3532844
31/10/2018;1e-08;1e-08;1e-08;1e-08;0.27633251;0.29844639;1e-08;1e-08;1e-08;1e-08;0.33334286;0.36320321;1e-08;1e-08;1e-08;1e-08;0.39970669;0.43559718;0.26200172;1e-08;0.24441402;0.29401604;0.3532844
01/11/2018;1e-08;1e-08;1e-08;0.2298855;0.31945690000000004;0.35259997;1e-08;1e-08;1e-08;1e-08;1e-08;1e-08;1e-08;1e-08;1e-08;1e-08;1e-08;1e-08;0.29824233;1e-08;0.29738759;1e-08;1e-08
02/11/2018;1e-08;1e-08;1e-08;0.2298855;0.31945690000000004;0.35259997;1e-08;1e-08;1e-08;0.27941866;0.38536427;0.42910702;1e-08;1e-08;1e-08;0.33604812;0.46208482;0.51463699;0.29824233;1e-08;0.29738759;0.3580969;0.43011385
03/11/2018;1e-08;1e-08;1e-08;0.2298855;0.31945690000000004;0.35259997;1e-08;1e-08;1e-08;0.27941866;0.38536427;0.42910702;1e-08;1e-08;1e-08;1e-08;1e-08;1e-08;0.29824233;1e-08;0.29738759;0.3580969;1e-08
04/11/2018;1e-08;1e-08;1e-08;0.2298855;0.31945690000000004;0.35259997;1e-08;1e-08;1e-08;1e-08;1e-08;1e-08;1e-08;1e-08;1e-08;1e-08;1e-08;1e-08;0.29824233;1e-08;0.29738759;1e-08;1e-08
05/11/2018;1e-08;1e-08;1e-08;0.2298855;0.31945690000000004;0.35259997;1e-08;1e-08;1e-08;0.27941866;0.38536427;0.42910702;1e-08;1e-08;1e-08;0.33604812;0.46208482;0.51463699;0.29824233;1e-08;0.29738759;0.3580969;0.43011385
06/11/2018;1e-08;1e-08;1e-08;0.2298855;0.31945690000000004;0.35259997;1e-08;1e-08;1e-08;0.27941866;0.38536427;0.42910702;1e-08;1e-08;1e-08;0.33604812;0.46208482;0.51463699;0.29824233;1e-08;0.29738759;0.3580969;0.43011385
07/11/2018;1e-08;1e-08;1e-08;0.2298855;0.31945690000000004;0.35259997;1e-08;1e-08;1e-08;0.27941866;0.38536427;0.42910702;1e-08;1e-08;1e-08;0.33604812;0.46208482;0.51463699;0.29824233;1e-08;0.29738759;0.3580969;0.43011385
08/11/2018;1e-08;1e-08;1e-08;0.36311513;0.36910602;0.40354445;1e-08;1e-08;1e-08;0.44135512;0.44525654;0.49110542;1e-08;1e-08;1e-08;0.53080406;0.53390079;0.58899297;0.29824233;1e-08;0.29738759;0.3580969;0.43011385
09/11/2018;1e-08;1e-08;1e-08;0.36311513;0.36910602;0.40354445;1e-08;1e-08;1e-08;0.44135512;0.44525654;0.49110542;1e-08;1e-08;1e-08;0.53080406;0.53390079;0.58899297;0.29824233;1e-08;0.29738759;0.3580969;0.43011385
10/11/2018;1e-08;1e-08;1e-08;0.36311513;0.36910602;0.40354445;1e-08;1e-08;1e-08;0.44135512;0.44525654;0.49110542;1e-08;1e-08;1e-08;1e-08;1e-08;1e-08;0.29824233;1e-08;0.29738759;0.3580969;1e-08
11/11/2018;1e-08;1e-08;1e-08;0.36311513;0.36910602;0.40354445;1e-08;1e-08;1e-08;1e-08;1e-08;1e-08;1e-08;1e-08;1e-08;1e-08;1e-08;1e-08;0.29824233;1e-08;0.29738759;1e-08;1e-08
12/11/2018;1e-08;1e-08;1e-08;0.36311513;0.36910602;0.40354445;1e-08;1e-08;1e-08;0.44135512;0.44525654;0.49110542;1e-08;1e-08;1e-08;0.53080406;0.53390079;0.58899297;0.29824233;1e-08;0.29738759;0.3580969;0.43011385
13/11/2018;1e-08;1e-08;1e-08;0.36311513;0.36910602;0.40354445;1e-08;1e-08;1e-08;0.44135512;0.44525654;0.49110542;1e-08;1e-08;1e-08;0.53080406;0.53390079;0.58899297;0.29824233;1e-08;0.29738759;0.3580969;0.43011385
14/11/2018;1e-08;1e-08;1e-08;0.36311513;0.36910602;0.40354445;1e-08;1e-08;1e-08;0.44135512;0.44525654;0.49110542;1e-08;1e-08;1e-08;0.53080406;0.53390079;0.58899297;0.29824233;1e-08;0.29738759;0.3580969;0.43011385
15/11/2018;1e-08;1e-08;0.47414781;0.53902212;0.51354213;0.49941635;1e-08;1e-08;0.57467738;0.65516458;0.61949136;0.60777958;1e-08;1e-08;0.69112963;0.78794605;0.74282329;0.72892271;0.29824233;1e-08;0.29738759;0.3580969;0.43011385
16/11/2018;1e-08;1e-08;0.47414781;0.53902212;0.51354213;0.49941635;1e-08;1e-08;0.57467738;0.65516458;0.61949136;0.60777958;1e-08;1e-08;0.69112963;0.78794605;0.74282329;0.72892271;0.29824233;1e-08;0.29738759;0.3580969;0.43011385
17/11/2018;1e-08;1e-08;0.47414781;0.53902212;0.51354213;0.49941635;1e-08;1e-08;0.57467738;0.65516458;0.61949136;0.60777958;1e-08;1e-08;1e-08;1e-08;1e-08;1e-08;0.29824233;1e-08;0.29738759;0.3580969;1e-08
18/11/2018;1e-08;1e-08;0.47414781;0.53902212;0.51354213;0.49941635;1e-08;1e-08;1e-08;1e-08;1e-08;1e-08;1e-08;1e-08;1e-08;1e-08;1e-08;1e-08;0.29824233;1e-08;0.29738759;1e-08;1e-08
19/11/2018;1e-08;1e-08;0.47414781;0.53902212;0.51354213;0.49941635;1e-08;1e-08;0.57467738;0.65516458;0.61949136;0.60777958;1e-08;1e-08;0.69112963;0.78794605;0.74282329;0.72892271;0.29824233;1e-08;0.29738759;0.3580969;0.43011385
20/11/2018;1e-08;1e-08;0.47414781;0.53902212;0.51354213;0.49941635;1e-08;1e-08;0.57467738;0.65516458;0.61949136;0.60777958;1e-08;1e-08;0.69112963;0.78794605;0.74282329;0.72892271;0.29824233;1e-08;0.29738759;0.3580969;0.43011385
21/11/2018;1e-08;1e-08;0.47414781;0.53902212;0.51354213;0.49941635;1e-08;1e-08;0.57467738;0.65516458;0.61949136;0.60777958;1e-08;1e-08;0.69112963;0.78794605;0.74282329;0.72892271;0.29824233;1e-08;0.29738759;0.3580969;0.43011385
22/11/2018;1e-08;1e-08;0.58177444;0.60868873;0.556692;0.54594831;1e-08;1e-08;0.70512318;0.73984217;0.67154352;0.66440804;1e-08;1e-08;0.84800888;0.88978514;0.80523829;0.7968384;0.29824233;1e-08;0.29738759;0.3580969;0.43011385
23/11/2018;1e-08;1e-08;0.58177444;0.60868873;0.556692;0.54594831;1e-08;1e-08;0.70512318;0.73984217;0.67154352;0.66440804;1e-08;1e-08;0.84800888;0.88978514;0.80523829;0.7968384;0.29824233;1e-08;0.29738759;0.3580969;0.43011385
24/11/2018;1e-08;1e-08;0.58177444;0.60868873;0.556692;0.54594831;1e-08;1e-08;0.70512318;0.73984217;0.67154352;0.66440804;1e-08;1e-08;1e-08;1e-08;1e-08;1e-08;0.29824233;1e-08;0.29738759;0.3580969;1e-08
25/11/2018;1e-08;1e-08;0.58177444;0.60868873;0.556692;0.54594831;1e-08;1e-08;1e-08;1e-08;1e-08;1e-08;1e-08;1e-08;1e-08;1e-08;1e-08;1e-08;0.29824233;1e-08;0.29738759;1e-08;1e-08
26/11/2018;1e-08;1e-08;0.58177444;0.60868873;0.556692;0.54594831;1e-08;1e-08;0.70512318;0.73984217;0.67154352;0.66440804;1e-08;1e-08;0.84800888;0.88978514;0.80523829;0.7968384;0.29824233;1e-08;0.29738759;0.3580969;0.43011385
27/11/2018;1e-08;1e-08;0.58177444;0.60868873;0.556692;0.54594831;1e-08;1e-08;0.70512318;0.73984217;0.67154352;0.66440804;1e-08;1e-08;0.84800888;0.88978514;0.80523829;0.7968384;0.29824233;1e-08;0.29738759;0.3580969;0.43011385
28/11/2018;1e-08;1e-08;0.58177444;0.60868873;0.556692;0.54594831;1e-08;1e-08;0.70512318;0.73984217;0.67154352;0.66440804;1e-08;1e-08;0.84800888;0.88978514;0.80523829;0.7968384;0.29824233;1e-08;0.29738759;0.3580969;0.43011385
29/11/2018;1e-08;1e-08;0.58177444;0.6217541999999999;0.556692;0.54594831;1e-08;1e-08;0.70512318;0.75572284;0.67154352;0.66440804;1e-08;1e-08;0.84800888;0.90888434;0.80523829;0.7968384;0.29824233;1e-08;0.29738759;0.3580969;0.43011385
30/11/2018;1e-08;1e-08;0.58177444;0.6217541999999999;0.556692;0.54594831;1e-08;1e-08;0.70512318;0.75572284;0.67154352;0.66440804;1e-08;1e-08;0.84800888;0.90888434;0.80523829;0.7968384;0.29824233;1e-08;0.29738759;0.3580969;0.43011385
01/12/2018;0.66928704;0.66928704;0.6654007;0.6217541999999999;0.56721823;0.58806776;0.81582248;0.81582248;0.80648001;0.75572284;0.68424142;0.71566655;1e-08;1e-08;1e-08;1e-08;1e-08;1e-08;0.32170959999999993;1e-08;0.3297752;0.39727541;1e-08
02/12/2018;0.66928704;0.66928704;0.6654007;0.6217541999999999;0.56721823;0.58806776;1e-08;1e-08;1e-08;1e-08;1e-08;1e-08;1e-08;1e-08;1e-08;1e-08;1e-08;1e-08;0.32170959999999993;1e-08;0.3297752;1e-08;1e-08
03/12/2018;0.66928704;0.66928704;0.6654007;0.6217541999999999;0.56721823;0.58806776;0.81582248;0.81582248;0.80648001;0.75572284;0.68424142;0.71566655;0.98584553;0.98584553;0.9699046;0.90888434;0.82046416;0.85831381;0.32170959999999993;1e-08;0.3297752;0.39727541;0.47708674
04/12/2018;0.66928704;0.66928704;0.6654007;0.6217541999999999;0.56721823;0.58806776;0.81582248;0.81582248;0.80648001;0.75572284;0.68424142;0.71566655;0.98584553;0.98584553;0.9699046;0.90888434;0.82046416;0.85831381;0.32170959999999993;1e-08;0.3297752;0.39727541;0.47708674
05/12/2018;0.66928704;0.66928704;0.6654007;0.6217541999999999;0.56721823;0.58806776;0.81582248;0.81582248;0.80648001;0.75572284;0.68424142;0.71566655;0.98584553;0.98584553;0.9699046;0.90888434;0.82046416;0.85831381;0.32170959999999993;1e-08;0.3297752;0.39727541;0.47708674
06/12/2018;0.66928704;0.66928704;0.6654007;0.63567798;0.56721823;0.58806776;0.81582248;0.81582248;0.80648001;0.77264676;0.68424142;0.71566655;0.98584553;0.98584553;0.9699046;0.92923821;0.82046416;0.85831381;0.32170959999999993;1e-08;0.3297752;0.39727541;0.47708674
07/12/2018;0.66928704;0.66928704;0.6654007;0.63567798;0.56721823;0.58806776;0.81582248;0.81582248;0.80648001;0.77264676;0.68424142;0.71566655;0.98584553;0.98584553;0.9699046;0.92923821;0.82046416;0.85831381;0.32170959999999993;1e-08;0.3297752;0.39727541;0.47708674
08/12/2018;0.67088428;0.67088428;0.67608837;0.63567798;0.5792482;0.62376901;1e-08;1e-08;1e-08;1e-08;1e-08;1e-08;1e-08;1e-08;1e-08;1e-08;1e-08;1e-08;0.32170959999999993;1e-08;0.3297752;1e-08;1e-08
09/12/2018;0.67088428;0.67088428;0.67608837;0.63567798;0.5792482;0.62376901;1e-08;1e-08;1e-08;1e-08;1e-08;1e-08;1e-08;1e-08;1e-08;1e-08;1e-08;1e-08;0.32170959999999993;1e-08;0.3297752;1e-08;1e-08
10/12/2018;0.67088428;0.67088428;0.67608837;0.63567798;0.5792482;0.62376901;0.81776942;0.81776942;0.81943369;0.77264676;0.6987533;0.75911425;0.98819823;0.98819823;0.9854832;0.92923821;0.83786515;0.91042154;0.32170959999999993;1e-08;0.3297752;0.39727541;0.47708674
11/12/2018;0.67088428;0.67088428;0.67608837;0.63567798;0.5792482;0.62376901;0.81776942;0.81776942;0.81943369;0.77264676;0.6987533;0.75911425;0.98819823;0.98819823;0.9854832;0.92923821;0.83786515;0.91042154;0.32170959999999993;1e-08;0.3297752;0.39727541;0.47708674
12/12/2018;0.67088428;0.67088428;0.67608837;0.63567798;0.5792482;0.62376901;0.81776942;0.81776942;0.81943369;0.77264676;0.6987533;0.75911425;0.98819823;0.98819823;0.9854832;0.92923821;0.83786515;0.91042154;0.32170959999999993;1e-08;0.3297752;0.39727541;0.47708674
13/12/2018;0.67088428;0.67088428;0.67608837;0.63567798;0.5792482;0.62376901;0.81776942;0.81776942;0.81943369;0.77264676;0.6987533;0.75911425;0.98819823;0.98819823;0.9854832;0.92923821;0.83786515;0.91042154;0.32170959999999993;1e-08;0.3297752;0.39727541;0.47708674
14/12/2018;0.67088428;0.67088428;0.67608837;0.63567798;0.5792482;0.62376901;0.81776942;0.81776942;0.81943369;0.77264676;0.6987533;0.75911425;0.98819823;0.98819823;0.9854832;0.92923821;0.83786515;0.91042154;0.32170959999999993;1e-08;0.3297752;0.39727541;0.47708674
15/12/2018;0.67736449;0.67736449;0.70276065;0.72627795;0.60381788;0.65786571;0.82566843;0.82566843;0.85176108;0.8827681999999999;0.72839197;0.80060925;1e-08;1e-08;1e-08;1e-08;1e-08;1e-08;0.32170959999999993;1e-08;0.3297752;0.39727541;1e-08
16/12/2018;0.67736449;0.67736449;0.70276065;0.72627795;0.60381788;0.65786571;1e-08;1e-08;1e-08;1e-08;1e-08;1e-08;1e-08;1e-08;1e-08;1e-08;1e-08;1e-08;0.32170959999999993;1e-08;0.3297752;1e-08;1e-08
17/12/2018;0.67736449;0.67736449;0.70276065;0.72627795;0.60381788;0.65786571;0.82566843;0.82566843;0.85176108;0.8827681999999999;0.72839197;0.80060925;0.99774344;0.99774344;1.02436139;1.06167784;0.87340446;0.96018736;0.32170959999999993;1e-08;0.3297752;0.39727541;0.47708674
18/12/2018;0.67736449;0.67736449;0.70276065;0.72627795;0.60381788;0.65786571;0.82566843;0.82566843;0.85176108;0.8827681999999999;0.72839197;0.80060925;0.99774344;0.99774344;1.02436139;1.06167784;0.87340446;0.96018736;0.32170959999999993;1e-08;0.3297752;0.39727541;0.47708674
19/12/2018;0.67736449;0.67736449;0.70276065;0.72627795;0.60381788;0.65786571;0.82566843;0.82566843;0.85176108;0.8827681999999999;0.72839197;0.80060925;0.99774344;0.99774344;1.02436139;1.06167784;0.87340446;0.96018736;0.32170959999999993;1e-08;0.3297752;0.39727541;0.47708674
20/12/2018;0.67736449;0.67736449;0.70276065;0.72627795;0.60381788;0.65786571;0.82566843;0.82566843;0.85176108;0.8827681999999999;0.72839197;0.80060925;0.99774344;0.99774344;1.02436139;1.06167784;0.87340446;0.96018736;0.32170959999999993;1e-08;0.3297752;0.39727541;0.47708674
21/12/2018;0.67736449;0.67736449;0.70276065;0.72627795;0.60381788;0.65786571;0.82566843;0.82566843;0.85176108;0.8827681999999999;0.72839197;0.80060925;0.99774344;0.99774344;1.02436139;1.06167784;0.87340446;0.96018736;0.32170959999999993;1e-08;0.3297752;0.39727541;0.47708674
22/12/2018;0.80213136;0.80213136;0.74101123;0.76285172;0.60983286;0.69477037;0.97775208;0.97775208;0.8981216000000001;0.92722248;0.73564791;0.84552147;1e-08;1e-08;1e-08;1e-08;1e-08;1e-08;0.32170959999999993;1e-08;0.3297752;0.39727541;1e-08
23/12/2018;0.80213136;0.80213136;0.74101123;0.76285172;0.60983286;0.69477037;1e-08;1e-08;1e-08;1e-08;1e-08;1e-08;1e-08;1e-08;1e-08;1e-08;1e-08;1e-08;0.32170959999999993;1e-08;0.3297752;1e-08;1e-08
24/12/2018;0.80213136;0.80213136;0.74101123;0.76285172;0.60983286;0.69477037;0.97775208;0.97775208;0.8981216000000001;0.92722248;0.73564791;0.84552147;1.18152237;1.18152237;1.08011638;1.11514161;0.88210495;1.01405152;0.32170959999999993;1e-08;0.3297752;0.39727541;0.47708674
25/12/2018;0.80213136;0.80213136;0.74101123;0.76285172;0.60983286;0.69477037;1e-08;1e-08;1e-08;1e-08;1e-08;1e-08;1e-08;1e-08;1e-08;1e-08;1e-08;1e-08;0.32170959999999993;1e-08;0.3297752;1e-08;1e-08
26/12/2018;0.80213136;0.80213136;0.74101123;0.76285172;0.60983286;0.69477037;1e-08;1e-08;1e-08;1e-08;1e-08;1e-08;1e-08;1e-08;1e-08;1e-08;1e-08;1e-08;0.32170959999999993;1e-08;0.3297752;1e-08;1e-08
27/12/2018;0.80213136;0.80213136;0.74101123;0.76285172;0.60983286;0.69477037;0.97775208;0.97775208;0.8981216000000001;0.92722248;0.73564791;0.84552147;1.18152237;1.18152237;1.08011638;1.11514161;0.88210495;1.01405152;0.32170959999999993;1e-08;0.3297752;0.39727541;0.47708674
28/12/2018;0.80213136;0.80213136;0.74101123;0.76285172;0.60983286;0.69477037;0.97775208;0.97775208;0.8981216000000001;0.92722248;0.73564791;0.84552147;1.18152237;1.18152237;1.08011638;1.11514161;0.88210495;1.01405152;0.32170959999999993;1e-08;0.3297752;0.39727541;0.47708674
29/12/2018;0.80213136;0.80213136;0.74101123;0.76285172;0.64143703;0.69477037;0.97775208;0.97775208;0.8981216000000001;0.92722248;0.77377236;0.84552147;1e-08;1e-08;1e-08;1e-08;1e-08;1e-08;0.32170959999999993;1e-08;0.3297752;0.39727541;1e-08
30/12/2018;0.80213136;0.80213136;0.74101123;0.76285172;0.64143703;0.69477037;1e-08;1e-08;1e-08;1e-08;1e-08;1e-08;1e-08;1e-08;1e-08;1e-08;1e-08;1e-08;0.32170959999999993;1e-08;0.3297752;1e-08;1e-08
31/12/2018;0.802129;0.802129;0.74100895;0.76284972;0.64143703;0.69476948;0.9777492;0.9777492;0.89811884;0.92722004;0.77377236;0.84552038;1.1815189;1.1815189;1.08011306;1.11513868;0.92781944;1.01405022;0.32170935;1e-08;0.32977495;0.39727511;0.47708638
01/10/2019;9.999999755800011e-09;9.999999755800011e-09;9.9999997728e-09;9.959999802688419e-09;9.9999998176e-09;0.14509366212772698;9.999999755800011e-09;9.999999755800011e-09;9.9999997728e-09;9.959999802688419e-09;9.9999998176e-09;0.17701623964616803;9.999999755800011e-09;9.999999755800011e-09;9.9999997728e-09;9.959999802688419e-09;9.9999998176e-09;0.21389993949096198;0.227345411973673;9.484873297408623e-09;0.24376521167831205;0.29408170926486793;0.35248966225742895
02/10/2019;9.999999755800011e-09;9.999999755800011e-09;9.9999997728e-09;9.959999802688419e-09;9.9999998176e-09;0.14509366212772698;9.999999755800011e-09;9.999999755800011e-09;9.9999997728e-09;9.959999802688419e-09;9.9999998176e-09;0.17701623964616803;9.999999755800011e-09;9.999999755800011e-09;9.9999997728e-09;9.959999802688419e-09;9.9999998176e-09;0.21389993949096198;0.227345411973673;9.484873297408623e-09;0.24376521167831205;0.29408170926486793;0.35248966225742895
03/10/2019;9.999999755800011e-09;9.999999755800011e-09;9.9999997728e-09;9.959999802688419e-09;9.9999998176e-09;0.14509366212772698;9.999999755800011e-09;9.999999755800011e-09;9.9999997728e-09;9.959999802688419e-09;9.9999998176e-09;0.17701623964616803;9.999999755800011e-09;9.999999755800011e-09;9.9999997728e-09;9.959999802688419e-09;9.9999998176e-09;0.21389993949096198;0.227345411973673;9.484873297408623e-09;0.24376521167831205;0.29408170926486793;0.35248966225742895
04/10/2019;9.999999755800011e-09;9.999999755800011e-09;9.9999997728e-09;9.959999802688419e-09;9.9999998176e-09;0.14509366212772698;9.999999755800011e-09;9.999999755800011e-09;9.9999997728e-09;9.959999802688419e-09;9.9999998176e-09;0.17701623964616803;9.999999755800011e-09;9.999999755800011e-09;9.9999997728e-09;9.959999802688419e-09;9.9999998176e-09;0.21389993949096198;0.227345411973673;9.484873297408623e-09;0.24376521167831205;0.29408170926486793;0.35248966225742895
05/10/2019;9.999999755800011e-09;9.999999755800011e-09;9.9999997728e-09;9.959999802688419e-09;9.9999998176e-09;0.14509366212772698;9.999999755800011e-09;9.999999755800011e-09;9.9999997728e-09;9.959999802688419e-09;9.9999998176e-09;0.17701623964616803;9.999999755800011e-09;9.999999755800011e-09;9.9999997728e-09;9.959999802688419e-09;9.9999998176e-09;9.998535497462948e-09;0.227345411973673;9.484873297408623e-09;0.24376521167831205;0.29408170926486793;1.0007493055814098e-08
06/10/2019;9.999999755800011e-09;9.999999755800011e-09;9.9999997728e-09;9.959999802688419e-09;9.9999998176e-09;0.14509366212772698;9.999999755800011e-09;9.999999755800011e-09;9.9999997728e-09;9.959999802688419e-09;9.9999998176e-09;9.998535497462948e-09;9.999999755800011e-09;9.999999755800011e-09;9.9999997728e-09;9.959999802688419e-09;9.9999998176e-09;9.998535497462948e-09;0.227345411973673;9.484873297408623e-09;0.24376521167831205;1.0007493055814098e-08;1.0007493055814098e-08
07/10/2019;9.999999755800011e-09;9.999999755800011e-09;9.9999997728e-09;9.959999802688419e-09;9.9999998176e-09;0.14509366212772698;9.999999755800011e-09;9.999999755800011e-09;9.9999997728e-09;9.959999802688419e-09;9.9999998176e-09;0.17701623964616803;9.999999755800011e-09;9.999999755800011e-09;9.9999997728e-09;9.959999802688419e-09;9.9999998176e-09;0.21389993949096198;0.227345411973673;9.484873297408623e-09;0.24376521167831205;0.29408170926486793;0.35248966225742895
08/10/2019;9.999999755800011e-09;9.999999755800011e-09;9.9999997728e-09;9.959999802688419e-09;9.9999998176e-09;0.152308280314552;9.999999755800011e-09;9.999999755800011e-09;9.9999997728e-09;9.959999802688419e-09;9.9999998176e-09;0.185818171882122;9.999999755800011e-09;9.999999755800011e-09;9.9999997728e-09;9.959999802688419e-09;9.9999998176e-09;0.2245358719705899;0.227345411973673;9.484873297408623e-09;0.24376521167831205;0.29408170926486793;0.35248966225742895
09/10/2019;9.999999755800011e-09;9.999999755800011e-09;9.9999997728e-09;9.959999802688419e-09;9.9999998176e-09;0.152308280314552;9.999999755800011e-09;9.999999755800011e-09;9.9999997728e-09;9.959999802688419e-09;9.9999998176e-09;0.185818171882122;9.999999755800011e-09;9.999999755800011e-09;9.9999997728e-09;9.959999802688419e-09;9.9999998176e-09;0.2245358719705899;0.227345411973673;9.484873297408623e-09;0.24376521167831205;0.29408170926486793;0.35248966225742895
10/10/2019;9.999999755800011e-09;9.999999755800011e-09;9.9999997728e-09;9.959999802688419e-09;9.9999998176e-09;0.152308280314552;9.999999755800011e-09;9.999999755800011e-09;9.9999997728e-09;9.959999802688419e-09;9.9999998176e-09;0.185818171882122;9.999999755800011e-09;9.999999755800011e-09;9.9999997728e-09;9.959999802688419e-09;9.9999998176e-09;0.2245358719705899;0.227345411973673;9.484873297408623e-09;0.24376521167831205;0.29408170926486793;0.35248966225742895
11/10/2019;9.999999755800011e-09;9.999999755800011e-09;9.9999997728e-09;9.959999802688419e-09;9.9999998176e-09;0.152308280314552;9.999999755800011e-09;9.999999755800011e-09;9.9999997728e-09;9.959999802688419e-09;9.9999998176e-09;0.185818171882122;9.999999755800011e-09;9.999999755800011e-09;9.9999997728e-09;9.959999802688419e-09;9.9999998176e-09;0.2245358719705899;0.227345411973673;9.484873297408623e-09;0.24376521167831205;0.29408170926486793;0.35248966225742895
12/10/2019;9.999999755800011e-09;9.999999755800011e-09;9.9999997728e-09;9.959999802688419e-09;9.9999998176e-09;0.152308280314552;9.999999755800011e-09;9.999999755800011e-09;9.9999997728e-09;9.959999802688419e-09;9.9999998176e-09;0.185818171882122;9.999999755800011e-09;9.999999755800011e-09;9.9999997728e-09;9.959999802688419e-09;9.9999998176e-09;9.998535497462948e-09;0.227345411973673;9.484873297408623e-09;0.24376521167831205;0.29408170926486793;1.0007493055814098e-08
13/10/2019;9.999999755800011e-09;9.999999755800011e-09;9.9999997728e-09;9.959999802688419e-09;9.9999998176e-09;0.152308280314552;9.999999755800011e-09;9.999999755800011e-09;9.9999997728e-09;9.959999802688419e-09;9.9999998176e-09;9.998535497462948e-09;9.999999755800011e-09;9.999999755800011e-09;9.9999997728e-09;9.959999802688419e-09;9.9999998176e-09;9.998535497462948e-09;0.227345411973673;9.484873297408623e-09;0.24376521167831205;1.0007493055814098e-08;1.0007493055814098e-08
14/10/2019;9.999999755800011e-09;9.999999755800011e-09;9.9999997728e-09;9.959999802688419e-09;0.241467306056249;0.152308280314552;9.999999755800011e-09;9.999999755800011e-09;9.9999997728e-09;9.959999802688419e-09;0.29338352228950193;0.185818171882122;9.999999755800011e-09;9.999999755800011e-09;9.9999997728e-09;9.959999802688419e-09;0.35446321054878105;0.2245358719705899;0.227345411973673;9.484873297408623e-09;0.24376521167831205;0.29408170926486793;0.35248966225742895
15/10/2019;9.999999755800011e-09;9.999999755800011e-09;9.9999997728e-09;9.959999802688419e-09;0.241467306056249;0.22245024031765598;9.999999755800011e-09;9.999999755800011e-09;9.9999997728e-09;9.959999802688419e-09;0.29338352228950193;0.27139231632842703;9.999999755800011e-09;9.999999755800011e-09;9.9999997728e-09;9.959999802688419e-09;0.35446321054878105;0.32794053334879697;0.227345411973673;9.484873297408623e-09;0.24376521167831205;0.29408170926486793;0.35248966225742895
16/10/2019;9.999999755800011e-09;9.999999755800011e-09;9.9999997728e-09;9.959999802688419e-09;0.241467306056249;0.22245024031765598;9.999999755800011e-09;9.999999755800011e-09;9.9999997728e-09;9.959999802688419e-09;0.29338352228950193;0.27139231632842703;9.999999755800011e-09;9.999999755800011e-09;9.9999997728e-09;9.959999802688419e-09;0.35446321054878105;0.32794053334879697;0.227345411973673;9.484873297408623e-09;0.24376521167831205;0.29408170926486793;0.35248966225742895
17/10/2019;9.999999755800011e-09;9.999999755800011e-09;9.9999997728e-09;9.959999802688419e-09;0.241467306056249;0.22245024031765598;9.999999755800011e-09;9.999999755800011e-09;9.9999997728e-09;9.959999802688419e-09;0.29338352228950193;0.27139231632842703;9.999999755800011e-09;9.999999755800011e-09;9.9999997728e-09;9.959999802688419e-09;0.35446321054878105;0.32794053334879697;0.227345411973673;9.484873297408623e-09;0.24376521167831205;0.29408170926486793;0.35248966225742895
18/10/2019;9.999999755800011e-09;9.999999755800011e-09;9.9999997728e-09;9.959999802688419e-09;0.241467306056249;0.22245024031765598;9.999999755800011e-09;9.999999755800011e-09;9.9999997728e-09;9.959999802688419e-09;0.29338352228950193;0.27139231632842703;9.999999755800011e-09;9.999999755800011e-09;9.9999997728e-09;9.959999802688419e-09;0.35446321054878105;0.32794053334879697;0.227345411973673;9.484873297408623e-09;0.24376521167831205;0.29408170926486793;0.35248966225742895
19/10/2019;9.999999755800011e-09;9.999999755800011e-09;9.9999997728e-09;9.959999802688419e-09;0.241467306056249;0.22245024031765598;9.999999755800011e-09;9.999999755800011e-09;9.9999997728e-09;9.959999802688419e-09;0.29338352228950193;0.27139231632842703;9.999999755800011e-09;9.999999755800011e-09;9.9999997728e-09;9.959999802688419e-09;9.9999998176e-09;9.998535497462948e-09;0.227345411973673;9.484873297408623e-09;0.24376521167831205;0.29408170926486793;1.0007493055814098e-08
20/10/2019;9.999999755800011e-09;9.999999755800011e-09;9.9999997728e-09;9.959999802688419e-09;0.241467306056249;0.22245024031765598;9.999999755800011e-09;9.999999755800011e-09;9.9999997728e-09;9.959999802688419e-09;9.9999998176e-09;9.998535497462948e-09;9.999999755800011e-09;9.999999755800011e-09;9.9999997728e-09;9.959999802688419e-09;9.9999998176e-09;9.998535497462948e-09;0.227345411973673;9.484873297408623e-09;0.24376521167831205;1.0007493055814098e-08;1.0007493055814098e-08
21/10/2019;9.999999755800011e-09;9.999999755800011e-09;9.9999997728e-09;9.959999802688419e-09;0.26700046034262703;0.22245024031765598;9.999999755800011e-09;9.999999755800011e-09;9.9999997728e-09;9.959999802688419e-09;0.32440638357058105;0.27139231632842703;9.999999755800011e-09;9.999999755800011e-09;9.9999997728e-09;9.959999802688419e-09;0.39194473958724396;0.32794053334879697;0.227345411973673;9.484873297408623e-09;0.24376521167831205;0.29408170926486793;0.35248966225742895
22/10/2019;9.999999755800011e-09;9.999999755800011e-09;9.9999997728e-09;9.959999802688419e-09;0.26700046034262703;0.298203561124649;9.999999755800011e-09;9.999999755800011e-09;9.9999997728e-09;9.959999802688419e-09;0.32440638357058105;0.363812397214931;9.999999755800011e-09;9.999999755800011e-09;9.9999997728e-09;9.959999802688419e-09;0.39194473958724396;0.43961757353950504;0.227345411973673;9.484873297408623e-09;0.24376521167831205;0.29408170926486793;0.35248966225742895
23/10/2019;9.999999755800011e-09;9.999999755800011e-09;9.9999997728e-09;9.959999802688419e-09;0.26700046034262703;0.298203561124649;9.999999755800011e-09;9.999999755800011e-09;9.9999997728e-09;9.959999802688419e-09;0.32440638357058105;0.363812397214931;9.999999755800011e-09;9.999999755800011e-09;9.9999997728e-09;9.959999802688419e-09;0.39194473958724396;0.43961757353950504;0.227345411973673;9.484873297408623e-09;0.24376521167831205;0.29408170926486793;0.35248966225742895
24/10/2019;9.999999755800011e-09;9.999999755800011e-09;9.9999997728e-09;9.959999802688419e-09;0.26700046034262703;0.298203561124649;9.999999755800011e-09;9.999999755800011e-09;9.9999997728e-09;9.959999802688419e-09;0.32440638357058105;0.363812397214931;9.999999755800011e-09;9.999999755800011e-09;9.9999997728e-09;9.959999802688419e-09;0.39194473958724396;0.43961757353950504;0.227345411973673;9.484873297408623e-09;0.24376521167831205;0.29408170926486793;0.35248966225742895
25/10/2019;9.999999755800011e-09;9.999999755800011e-09;9.9999997728e-09;9.959999802688419e-09;0.26700046034262703;0.298203561124649;9.999999755800011e-09;9.999999755800011e-09;9.9999997728e-09;9.959999802688419e-09;0.32440638357058105;0.363812397214931;9.999999755800011e-09;9.999999755800011e-09;9.9999997728e-09;9.959999802688419e-09;0.39194473958724396;0.43961757353950504;0.227345411973673;9.484873297408623e-09;0.24376521167831205;0.29408170926486793;0.35248966225742895
26/10/2019;9.999999755800011e-09;9.999999755800011e-09;9.9999997728e-09;9.959999802688419e-09;0.26700046034262703;0.298203561124649;9.999999755800011e-09;9.999999755800011e-09;9.9999997728e-09;9.959999802688419e-09;0.32440638357058105;0.363812397214931;9.999999755800011e-09;9.999999755800011e-09;9.9999997728e-09;9.959999802688419e-09;9.9999998176e-09;9.998535497462948e-09;0.227345411973673;9.484873297408623e-09;0.24376521167831205;0.29408170926486793;1.0007493055814098e-08
27/10/2019;9.999999755800011e-09;9.999999755800011e-09;9.9999997728e-09;9.959999802688419e-09;0.26700046034262703;0.298203561124649;9.999999755800011e-09;9.999999755800011e-09;9.9999997728e-09;9.959999802688419e-09;9.9999998176e-09;9.998535497462948e-09;9.999999755800011e-09;9.999999755800011e-09;9.9999997728e-09;9.959999802688419e-09;9.9999998176e-09;9.998535497462948e-09;0.227345411973673;9.484873297408623e-09;0.24376521167831205;1.0007493055814098e-08;1.0007493055814098e-08
28/10/2019;9.999999755800011e-09;9.999999755800011e-09;9.9999997728e-09;9.959999802688419e-09;0.313602971420856;0.298203561124649;9.999999755800011e-09;9.999999755800011e-09;9.9999997728e-09;9.959999802688419e-09;0.381028578396746;0.363812397214931;9.999999755800011e-09;9.999999755800011e-09;9.9999997728e-09;9.959999802688419e-09;0.460355142495272;0.43961757353950504;0.227345411973673;9.484873297408623e-09;0.24376521167831205;0.29408170926486793;0.35248966225742895
29/10/2019;9.999999755800011e-09;9.999999755800011e-09;9.9999997728e-09;9.959999802688419e-09;0.313602971420856;0.298203561124649;9.999999755800011e-09;9.999999755800011e-09;9.9999997728e-09;9.959999802688419e-09;0.381028578396746;0.363812397214931;9.999999755800011e-09;9.999999755800011e-09;9.9999997728e-09;9.959999802688419e-09;0.460355142495272;0.43961757353950504;0.227345411973673;9.484873297408623e-09;0.24376521167831205;0.29408170926486793;0.35248966225742895
30/10/2019;9.999999755800011e-09;9.999999755800011e-09;9.9999997728e-09;9.959999802688419e-09;0.313602971420856;0.298203561124649;9.999999755800011e-09;9.999999755800011e-09;9.9999997728e-09;9.959999802688419e-09;0.381028578396746;0.363812397214931;9.999999755800011e-09;9.999999755800011e-09;9.9999997728e-09;9.959999802688419e-09;0.460355142495272;0.43961757353950504;0.227345411973673;9.484873297408623e-09;0.24376521167831205;0.29408170926486793;0.35248966225742895
31/10/2019;9.999999755800011e-09;9.999999755800011e-09;9.9999997728e-09;0.31981503415962104;0.36010110056726996;0.298203561124649;9.999999755800011e-09;9.999999755800011e-09;9.9999997728e-09;0.389373385427518;0.43752394885352;0.363812397214931;9.999999755800011e-09;9.999999755800011e-09;9.9999997728e-09;0.4713972542635161;0.528612317393766;0.43961757353950504;0.227345411973673;9.484873297408623e-09;0.24376521167831205;0.29408170926486793;0.35248966225742895
01/11/2019;9.999999755800011e-09;9.999999755800011e-09;9.9999997728e-09;0.31981503415962104;0.36010110056726996;0.35231307741665707;9.999999755800011e-09;9.999999755800011e-09;9.9999997728e-09;9.959999802688419e-09;9.9999998176e-09;9.998535497462948e-09;9.999999755800011e-09;9.999999755800011e-09;9.9999997728e-09;9.959999802688419e-09;9.9999998176e-09;9.998535497462948e-09;0.281903203847045;9.484873297408623e-09;0.29659816282810214;1.0007493055814098e-08;1.0007493055814098e-08
02/11/2019;9.999999755800011e-09;9.999999755800011e-09;9.9999997728e-09;0.31981503415962104;0.36010110056726996;0.35231307741665707;9.999999755800011e-09;9.999999755800011e-09;9.9999997728e-09;0.389373385427518;0.43752394885352;0.42982674244975294;9.999999755800011e-09;9.999999755800011e-09;9.9999997728e-09;9.959999802688419e-09;9.9999998176e-09;9.998535497462948e-09;0.281903203847045;9.484873297408623e-09;0.29659816282810214;0.35782010931245795;1.0007493055814098e-08
03/11/2019;9.999999755800011e-09;9.999999755800011e-09;9.9999997728e-09;0.31981503415962104;0.36010110056726996;0.35231307741665707;9.999999755800011e-09;9.999999755800011e-09;9.9999997728e-09;9.959999802688419e-09;9.9999998176e-09;9.998535497462948e-09;9.999999755800011e-09;9.999999755800011e-09;9.9999997728e-09;9.959999802688419e-09;9.9999998176e-09;9.998535497462948e-09;0.281903203847045;9.484873297408623e-09;0.29659816282810214;1.0007493055814098e-08;1.0007493055814098e-08
04/11/2019;9.999999755800011e-09;9.999999755800011e-09;9.9999997728e-09;0.3383768818803599;0.3718338418732831;0.35231307741665707;9.999999755800011e-09;9.999999755800011e-09;9.9999997728e-09;0.411972352689347;0.4517792657603481;0.42982674244975294;9.999999755800011e-09;9.999999755800011e-09;9.9999997728e-09;0.4987568312534032;0.5458354571214239;0.5193868900693832;0.281903203847045;9.484873297408623e-09;0.29659816282810214;0.35782010931245795;0.428887229320562
05/11/2019;9.999999755800011e-09;9.999999755800011e-09;9.9999997728e-09;0.3383768818803599;0.3718338418732831;0.35231307741665707;9.999999755800011e-09;9.999999755800011e-09;9.9999997728e-09;0.411972352689347;0.4517792657603481;0.42982674244975294;9.999999755800011e-09;9.999999755800011e-09;9.9999997728e-09;0.4987568312534032;0.5458354571214239;0.5193868900693832;0.281903203847045;9.484873297408623e-09;0.29659816282810214;0.35782010931245795;0.428887229320562
06/11/2019;9.999999755800011e-09;9.999999755800011e-09;9.9999997728e-09;0.3383768818803599;0.3718338418732831;0.35231307741665707;9.999999755800011e-09;9.999999755800011e-09;9.9999997728e-09;0.411972352689347;0.4517792657603481;0.42982674244975294;9.999999755800011e-09;9.999999755800011e-09;9.9999997728e-09;0.4987568312534032;0.5458354571214239;0.5193868900693832;0.281903203847045;9.484873297408623e-09;0.29659816282810214;0.35782010931245795;0.428887229320562
07/11/2019;9.999999755800011e-09;9.999999755800011e-09;9.9999997728e-09;0.3383768818803599;0.3718338418732831;0.35231307741665707;9.999999755800011e-09;9.999999755800011e-09;9.9999997728e-09;0.411972352689347;0.4517792657603481;0.42982674244975294;9.999999755800011e-09;9.999999755800011e-09;9.9999997728e-09;0.4987568312534032;0.5458354571214239;0.5193868900693832;0.281903203847045;9.484873297408623e-09;0.29659816282810214;0.35782010931245795;0.428887229320562
08/11/2019;9.999999755800011e-09;9.999999755800011e-09;9.9999997728e-09;0.3383768818803599;0.3718338418732831;0.4032161089700859;9.999999755800011e-09;9.999999755800011e-09;9.9999997728e-09;0.411972352689347;0.4517792657603481;0.4919291327267729;9.999999755800011e-09;9.999999755800011e-09;9.9999997728e-09;0.4987568312534032;0.5458354571214239;0.594429143531841;0.281903203847045;9.484873297408623e-09;0.29659816282810214;0.35782010931245795;0.428887229320562
09/11/2019;9.999999755800011e-09;9.999999755800011e-09;9.9999997728e-09;0.3383768818803599;0.3718338418732831;0.4032161089700859;9.999999755800011e-09;9.999999755800011e-09;9.9999997728e-09;0.411972352689347;0.4517792657603481;0.4919291327267729;9.999999755800011e-09;9.999999755800011e-09;9.9999997728e-09;9.959999802688419e-09;9.9999998176e-09;9.998535497462948e-09;0.281903203847045;9.484873297408623e-09;0.29659816282810214;0.35782010931245795;1.0007493055814098e-08
10/11/2019;9.999999755800011e-09;9.999999755800011e-09;9.9999997728e-09;0.3383768818803599;0.3718338418732831;0.4032161089700859;9.999999755800011e-09;9.999999755800011e-09;9.9999997728e-09;9.959999802688419e-09;9.9999998176e-09;9.998535497462948e-09;9.999999755800011e-09;9.999999755800011e-09;9.9999997728e-09;9.959999802688419e-09;9.9999998176e-09;9.998535497462948e-09;0.281903203847045;9.484873297408623e-09;0.29659816282810214;1.0007493055814098e-08;1.0007493055814098e-08
11/11/2019;9.999999755800011e-09;9.999999755800011e-09;9.9999997728e-09;0.4229399347095478;0.44572414400436405;0.4032161089700859;9.999999755800011e-09;9.999999755800011e-09;9.9999997728e-09;0.5149274943971421;0.5415562109555779;0.4919291327267729;9.999999755800011e-09;9.999999755800011e-09;9.9999997728e-09;0.6234000989489561;0.6543031174004552;0.594429143531841;0.281903203847045;9.484873297408623e-09;0.29659816282810214;0.35782010931245795;0.428887229320562
12/11/2019;9.999999755800011e-09;9.999999755800011e-09;9.9999997728e-09;0.4229399347095478;0.44572414400436405;0.4032161089700859;9.999999755800011e-09;9.999999755800011e-09;9.9999997728e-09;0.5149274943971421;0.5415562109555779;0.4919291327267729;9.999999755800011e-09;9.999999755800011e-09;9.9999997728e-09;0.6234000989489561;0.6543031174004552;0.594429143531841;0.281903203847045;9.484873297408623e-09;0.29659816282810214;0.35782010931245795;0.428887229320562
13/11/2019;9.999999755800011e-09;9.999999755800011e-09;9.9999997728e-09;0.4229399347095478;0.44572414400436405;0.4032161089700859;9.999999755800011e-09;9.999999755800011e-09;9.9999997728e-09;0.5149274943971421;0.5415562109555779;0.4919291327267729;9.999999755800011e-09;9.999999755800011e-09;9.9999997728e-09;0.6234000989489561;0.6543031174004552;0.594429143531841;0.281903203847045;9.484873297408623e-09;0.29659816282810214;0.35782010931245795;0.428887229320562
14/11/2019;9.999999755800011e-09;9.999999755800011e-09;0.51088779751676;0.4229399347095478;0.44572414400436405;0.4032161089700859;9.999999755800011e-09;9.999999755800011e-09;0.620370131142195;0.5149274943971421;0.5415562109555779;0.4919291327267729;9.999999755800011e-09;9.999999755800011e-09;0.7533217336498153;0.6234000989489561;0.6543031174004552;0.594429143531841;0.281903203847045;9.484873297408623e-09;0.29659816282810214;0.35782010931245795;0.428887229320562
15/11/2019;9.999999755800011e-09;9.999999755800011e-09;0.51088779751676;0.4229399347095478;0.44572414400436405;0.4990099969273211;9.999999755800011e-09;9.999999755800011e-09;0.620370131142195;0.5149274943971421;0.5415562109555779;0.6087989778916763;9.999999755800011e-09;9.999999755800011e-09;0.7533217336498153;0.6234000989489561;0.6543031174004552;0.735650383227472;0.281903203847045;9.484873297408623e-09;0.29659816282810214;0.35782010931245795;0.428887229320562
16/11/2019;9.999999755800011e-09;9.999999755800011e-09;0.51088779751676;0.4229399347095478;0.44572414400436405;0.4990099969273211;9.999999755800011e-09;9.999999755800011e-09;0.620370131142195;0.5149274943971421;0.5415562109555779;0.6087989778916763;9.999999755800011e-09;9.999999755800011e-09;9.9999997728e-09;9.959999802688419e-09;9.9999998176e-09;9.998535497462948e-09;0.281903203847045;9.484873297408623e-09;0.29659816282810214;0.35782010931245795;1.0007493055814098e-08
17/11/2019;9.999999755800011e-09;9.999999755800011e-09;0.51088779751676;0.4229399347095478;0.44572414400436405;0.4990099969273211;9.999999755800011e-09;9.999999755800011e-09;9.9999997728e-09;9.959999802688419e-09;9.9999998176e-09;9.998535497462948e-09;9.999999755800011e-09;9.999999755800011e-09;9.9999997728e-09;9.959999802688419e-09;9.9999998176e-09;9.998535497462948e-09;0.281903203847045;9.484873297408623e-09;0.29659816282810214;1.0007493055814098e-08;1.0007493055814098e-08
18/11/2019;9.999999755800011e-09;9.999999755800011e-09;0.529957165695972;0.475187775134877;0.505280412966239;0.4990099969273211;9.999999755800011e-09;9.999999755800011e-09;0.6435260305307469;0.578539008349715;0.613917261599783;0.6087989778916763;9.999999755800011e-09;9.999999755800011e-09;0.7814401768112991;0.7004117647151311;0.741729057786834;0.735650383227472;0.281903203847045;9.484873297408623e-09;0.29659816282810214;0.35782010931245795;0.428887229320562
19/11/2019;9.999999755800011e-09;9.999999755800011e-09;0.529957165695972;0.475187775134877;0.505280412966239;0.4990099969273211;9.999999755800011e-09;9.999999755800011e-09;0.6435260305307469;0.578539008349715;0.613917261599783;0.6087989778916763;9.999999755800011e-09;9.999999755800011e-09;0.7814401768112991;0.7004117647151311;0.741729057786834;0.735650383227472;0.281903203847045;9.484873297408623e-09;0.29659816282810214;0.35782010931245795;0.428887229320562
20/11/2019;9.999999755800011e-09;9.999999755800011e-09;0.529957165695972;0.475187775134877;0.505280412966239;0.4990099969273211;9.999999755800011e-09;9.999999755800011e-09;0.6435260305307469;0.578539008349715;0.613917261599783;0.6087989778916763;9.999999755800011e-09;9.999999755800011e-09;0.7814401768112991;0.7004117647151311;0.741729057786834;0.735650383227472;0.281903203847045;9.484873297408623e-09;0.29659816282810214;0.35782010931245795;0.428887229320562
21/11/2019;9.999999755800011e-09;9.999999755800011e-09;0.529957165695972;0.475187775134877;0.505280412966239;0.4990099969273211;9.999999755800011e-09;9.999999755800011e-09;0.6435260305307469;0.578539008349715;0.613917261599783;0.6087989778916763;9.999999755800011e-09;9.999999755800011e-09;0.7814401768112991;0.7004117647151311;0.741729057786834;0.735650383227472;0.281903203847045;9.484873297408623e-09;0.29659816282810214;0.35782010931245795;0.428887229320562
22/11/2019;9.999999755800011e-09;9.999999755800011e-09;0.529957165695972;0.475187775134877;0.505280412966239;0.5455041007049671;9.999999755800011e-09;9.999999755800011e-09;0.6435260305307469;0.578539008349715;0.613917261599783;0.665522416364077;9.999999755800011e-09;9.999999755800011e-09;0.7814401768112991;0.7004117647151311;0.741729057786834;0.8041929083721633;0.281903203847045;9.484873297408623e-09;0.29659816282810214;0.35782010931245795;0.428887229320562
23/11/2019;9.999999755800011e-09;9.999999755800011e-09;0.529957165695972;0.475187775134877;0.505280412966239;0.5455041007049671;9.999999755800011e-09;9.999999755800011e-09;0.6435260305307469;0.578539008349715;0.613917261599783;0.665522416364077;9.999999755800011e-09;9.999999755800011e-09;9.9999997728e-09;9.959999802688419e-09;9.9999998176e-09;9.998535497462948e-09;0.281903203847045;9.484873297408623e-09;0.29659816282810214;0.35782010931245795;1.0007493055814098e-08
24/11/2019;9.999999755800011e-09;9.999999755800011e-09;0.529957165695972;0.475187775134877;0.505280412966239;0.5455041007049671;9.999999755800011e-09;9.999999755800011e-09;9.9999997728e-09;9.959999802688419e-09;9.9999998176e-09;9.998535497462948e-09;9.999999755800011e-09;9.999999755800011e-09;9.9999997728e-09;9.959999802688419e-09;9.9999998176e-09;9.998535497462948e-09;0.281903203847045;9.484873297408623e-09;0.29659816282810214;1.0007493055814098e-08;1.0007493055814098e-08
25/11/2019;9.999999755800011e-09;9.999999755800011e-09;0.6023735883823759;0.5711152804514349;0.5811914385640731;0.5455041007049671;9.999999755800011e-09;9.999999755800011e-09;0.7314611619963568;0.6953303205495099;0.706149392045274;0.665522416364077;9.999999755800011e-09;9.999999755800011e-09;0.8882206975988389;0.8418058762627602;0.8531630497790701;0.8041929083721633;0.281903203847045;9.484873297408623e-09;0.29659816282810214;0.35782010931245795;0.428887229320562
26/11/2019;9.999999755800011e-09;9.999999755800011e-09;0.6023735883823759;0.5711152804514349;0.5811914385640731;0.5455041007049671;9.999999755800011e-09;9.999999755800011e-09;0.7314611619963568;0.6953303205495099;0.706149392045274;0.665522416364077;9.999999755800011e-09;9.999999755800011e-09;0.8882206975988389;0.8418058762627602;0.8531630497790701;0.8041929083721633;0.281903203847045;9.484873297408623e-09;0.29659816282810214;0.35782010931245795;0.428887229320562
27/11/2019;9.999999755800011e-09;9.999999755800011e-09;0.6023735883823759;0.5711152804514349;0.5811914385640731;0.5455041007049671;9.999999755800011e-09;9.999999755800011e-09;0.7314611619963568;0.6953303205495099;0.706149392045274;0.665522416364077;9.999999755800011e-09;9.999999755800011e-09;0.8882206975988389;0.8418058762627602;0.8531630497790701;0.8041929083721633;0.281903203847045;9.484873297408623e-09;0.29659816282810214;0.35782010931245795;0.428887229320562
28/11/2019;9.999999755800011e-09;9.999999755800011e-09;0.6023735883823759;0.5711152804514349;0.5811914385640731;0.5455041007049671;9.999999755800011e-09;9.999999755800011e-09;0.7314611619963568;0.6953303205495099;0.706149392045274;0.665522416364077;9.999999755800011e-09;9.999999755800011e-09;0.8882206975988389;0.8418058762627602;0.8531630497790701;0.8041929083721633;0.281903203847045;9.484873297408623e-09;0.29659816282810214;0.35782010931245795;0.428887229320562
29/11/2019;9.999999755800011e-09;9.999999755800011e-09;0.6023735883823759;0.5711152804514349;0.5811914385640731;0.5455041007049671;9.999999755800011e-09;9.999999755800011e-09;0.7314611619963568;0.6953303205495099;0.706149392045274;0.665522416364077;9.999999755800011e-09;9.999999755800011e-09;0.8882206975988389;0.8418058762627602;0.8531630497790701;0.8041929083721633;0.281903203847045;9.484873297408623e-09;0.29659816282810214;0.35782010931245795;0.428887229320562
30/11/2019;0.5422439069823911;0.5422439069823911;0.6660664391890072;0.5820298585509118;0.6088729949752001;0.5455041007049671;0.6593046357797887;0.6593046357797887;0.808803275861259;0.70861877096984;0.7397825685402318;0.665522416364077;9.999999755800011e-09;9.999999755800011e-09;9.9999997728e-09;9.959999802688419e-09;9.9999998176e-09;9.998535497462948e-09;0.281903203847045;9.484873297408623e-09;0.29659816282810214;0.35782010931245795;1.0007493055814098e-08
01/12/2019;0.5422439069823911;0.5422439069823911;0.6660664391890072;0.5820298585509118;0.6088729949752001;0.5875892767068298;9.999999755800011e-09;9.999999755800011e-09;9.9999997728e-09;9.959999802688419e-09;9.9999998176e-09;9.998535497462948e-09;9.999999755800011e-09;9.999999755800011e-09;9.9999997728e-09;9.959999802688419e-09;9.9999998176e-09;9.998535497462948e-09;0.4126448144561688;9.484873297408623e-09;0.3288997940521231;1.0007493055814098e-08;1.0007493055814098e-08
02/12/2019;0.63994690791176;0.63994690791176;0.7018235318955959;0.6208104462422378;0.6447782551050039;0.5875892767068298;0.7780999613018549;0.7780999613018549;0.852223049047215;0.7558339644579101;0.7834075704406911;0.7168669030318598;0.9447842173659242;0.9447842173659242;1.03486308017854;0.9150549802816242;0.946505653826775;0.8662357051990872;0.4126448144561688;9.484873297408623e-09;0.3288997940521231;0.3967892421801101;0.475596072646183
03/12/2019;0.63994690791176;0.63994690791176;0.7018235318955959;0.6208104462422378;0.6447782551050039;0.5875892767068298;0.7780999613018549;0.7780999613018549;0.852223049047215;0.7558339644579101;0.7834075704406911;0.7168669030318598;0.9447842173659242;0.9447842173659242;1.03486308017854;0.9150549802816242;0.946505653826775;0.8662357051990872;0.4126448144561688;9.484873297408623e-09;0.3288997940521231;0.3967892421801101;0.475596072646183
04/12/2019;0.63994690791176;0.63994690791176;0.7018235318955959;0.6208104462422378;0.6447782551050039;0.5875892767068298;0.7780999613018549;0.7780999613018549;0.852223049047215;0.7558339644579101;0.7834075704406911;0.7168669030318598;0.9447842173659242;0.9447842173659242;1.03486308017854;0.9150549802816242;0.946505653826775;0.8662357051990872;0.4126448144561688;9.484873297408623e-09;0.3288997940521231;0.3967892421801101;0.475596072646183
05/12/2019;0.63994690791176;0.63994690791176;0.7018235318955959;0.6208104462422378;0.6447782551050039;0.5875892767068298;0.7780999613018549;0.7780999613018549;0.852223049047215;0.7558339644579101;0.7834075704406911;0.7168669030318598;0.9447842173659242;0.9447842173659242;1.03486308017854;0.9150549802816242;0.946505653826775;0.8662357051990872;0.4126448144561688;9.484873297408623e-09;0.3288997940521231;0.3967892421801101;0.475596072646183
06/12/2019;0.63994690791176;0.63994690791176;0.7018235318955959;0.6208104462422378;0.6447782551050039;0.5875892767068298;0.7780999613018549;0.7780999613018549;0.852223049047215;0.7558339644579101;0.7834075704406911;0.7168669030318598;0.9447842173659242;0.9447842173659242;1.03486308017854;0.9150549802816242;0.946505653826775;0.8662357051990872;0.4126448144561688;9.484873297408623e-09;0.3288997940521231;0.3967892421801101;0.475596072646183
07/12/2019;0.63994690791176;0.63994690791176;0.7018235318955959;0.6208104462422378;0.6447782551050039;0.5875892767068298;0.7780999613018549;0.7780999613018549;0.852223049047215;0.7558339644579101;0.7834075704406911;0.7168669030318598;9.999999755800011e-09;9.999999755800011e-09;9.9999997728e-09;9.959999802688419e-09;9.9999998176e-09;9.998535497462948e-09;0.4126448144561688;9.484873297408623e-09;0.3288997940521231;0.3967892421801101;1.0007493055814098e-08
08/12/2019;0.63994690791176;0.63994690791176;0.7018235318955959;0.6208104462422378;0.6447782551050039;0.6232614832315329;9.999999755800011e-09;9.999999755800011e-09;9.9999997728e-09;9.959999802688419e-09;9.9999998176e-09;9.998535497462948e-09;9.999999755800011e-09;9.999999755800011e-09;9.9999997728e-09;9.959999802688419e-09;9.9999998176e-09;9.998535497462948e-09;0.4126448144561688;9.484873297408623e-09;0.3288997940521231;1.0007493055814098e-08;1.0007493055814098e-08
09/12/2019;0.6771106639663639;0.6771106639663639;0.734019092051899;0.6730877407651101;0.6879721006160832;0.6232614832315329;0.8232867053745468;0.8232867053745468;0.891318059680556;0.8194813386435859;0.8358882260799139;0.7603874797840392;0.999650847307152;0.999650847307152;1.08233654756348;0.9921100604568336;1.00991228806586;0.918824375891168;0.4126448144561688;9.484873297408623e-09;0.3288997940521231;0.3967892421801101;0.475596072646183
10/12/2019;0.6771106639663639;0.6771106639663639;0.734019092051899;0.6730877407651101;0.6879721006160832;0.6232614832315329;0.8232867053745468;0.8232867053745468;0.891318059680556;0.8194813386435859;0.8358882260799139;0.7603874797840392;0.999650847307152;0.999650847307152;1.08233654756348;0.9921100604568336;1.00991228806586;0.918824375891168;0.4126448144561688;9.484873297408623e-09;0.3288997940521231;0.3967892421801101;0.475596072646183
11/12/2019;0.6771106639663639;0.6771106639663639;0.734019092051899;0.6730877407651101;0.6879721006160832;0.6232614832315329;0.8232867053745468;0.8232867053745468;0.891318059680556;0.8194813386435859;0.8358882260799139;0.7603874797840392;0.999650847307152;0.999650847307152;1.08233654756348;0.9921100604568336;1.00991228806586;0.918824375891168;0.4126448144561688;9.484873297408623e-09;0.3288997940521231;0.3967892421801101;0.475596072646183
12/12/2019;0.6771106639663639;0.6771106639663639;0.734019092051899;0.6730877407651101;0.6879721006160832;0.6232614832315329;0.8232867053745468;0.8232867053745468;0.891318059680556;0.8194813386435859;0.8358882260799139;0.7603874797840392;0.999650847307152;0.999650847307152;1.08233654756348;0.9921100604568336;1.00991228806586;0.918824375891168;0.4126448144561688;9.484873297408623e-09;0.3288997940521231;0.3967892421801101;0.475596072646183
13/12/2019;0.6771106639663639;0.6771106639663639;0.734019092051899;0.6730877407651101;0.6879721006160832;0.6232614832315329;0.8232867053745468;0.8232867053745468;0.891318059680556;0.8194813386435859;0.8358882260799139;0.7603874797840392;0.999650847307152;0.999650847307152;1.08233654756348;0.9921100604568336;1.00991228806586;0.918824375891168;0.4126448144561688;9.484873297408623e-09;0.3288997940521231;0.3967892421801101;0.475596072646183
14/12/2019;0.6771106639663639;0.6771106639663639;0.734019092051899;0.6730877407651101;0.6879721006160832;0.6232614832315329;0.8232867053745468;0.8232867053745468;0.891318059680556;0.8194813386435859;0.8358882260799139;0.7603874797840392;9.999999755800011e-09;9.999999755800011e-09;9.9999997728e-09;9.959999802688419e-09;9.9999998176e-09;9.998535497462948e-09;0.4126448144561688;9.484873297408623e-09;0.3288997940521231;0.3967892421801101;1.0007493055814098e-08
15/12/2019;0.6771106639663639;0.6771106639663639;0.734019092051899;0.6730877407651101;0.6879721006160832;0.6573304423823967;9.999999755800011e-09;9.999999755800011e-09;9.9999997728e-09;9.959999802688419e-09;9.9999998176e-09;9.998535497462948e-09;9.999999755800011e-09;9.999999755800011e-09;9.9999997728e-09;9.959999802688419e-09;9.9999998176e-09;9.998535497462948e-09;0.4126448144561688;9.484873297408623e-09;0.3288997940521231;1.0007493055814098e-08;1.0007493055814098e-08
16/12/2019;0.725602247429981;0.725602247429981;0.7630794847473082;0.7119797185692859;0.713200689396995;0.6573304423823967;0.8822467515127939;0.8822467515127939;0.9266060421203858;0.866832149099938;0.8665410393316322;0.8019520729516993;1.0712412904597002;1.0712412904597002;1.1251871020536397;1.0494356067618802;1.0469467285578304;0.969049507671734;0.4126448144561688;9.484873297408623e-09;0.3288997940521231;0.3967892421801101;0.475596072646183
17/12/2019;0.725602247429981;0.725602247429981;0.7630794847473082;0.7119797185692859;0.713200689396995;0.6573304423823967;0.8822467515127939;0.8822467515127939;0.9266060421203858;0.866832149099938;0.8665410393316322;0.8019520729516993;1.0712412904597002;1.0712412904597002;1.1251871020536397;1.0494356067618802;1.0469467285578304;0.969049507671734;0.4126448144561688;9.484873297408623e-09;0.3288997940521231;0.3967892421801101;0.475596072646183
18/12/2019;0.725602247429981;0.725602247429981;0.7630794847473082;0.7119797185692859;0.713200689396995;0.6573304423823967;0.8822467515127939;0.8822467515127939;0.9266060421203858;0.866832149099938;0.8665410393316322;0.8019520729516993;1.0712412904597002;1.0712412904597002;1.1251871020536397;1.0494356067618802;1.0469467285578304;0.969049507671734;0.4126448144561688;9.484873297408623e-09;0.3288997940521231;0.3967892421801101;0.475596072646183
19/12/2019;0.725602247429981;0.725602247429981;0.7630794847473082;0.7119797185692859;0.713200689396995;0.6573304423823967;0.8822467515127939;0.8822467515127939;0.9266060421203858;0.866832149099938;0.8665410393316322;0.8019520729516993;1.0712412904597002;1.0712412904597002;1.1251871020536397;1.0494356067618802;1.0469467285578304;0.969049507671734;0.4126448144561688;9.484873297408623e-09;0.3288997940521231;0.3967892421801101;0.475596072646183
20/12/2019;0.725602247429981;0.725602247429981;0.7630794847473082;0.7119797185692859;0.713200689396995;0.6573304423823967;0.8822467515127939;0.8822467515127939;0.9266060421203858;0.866832149099938;0.8665410393316322;0.8019520729516993;1.0712412904597002;1.0712412904597002;1.1251871020536397;1.0494356067618802;1.0469467285578304;0.969049507671734;0.4126448144561688;9.484873297408623e-09;0.3288997940521231;0.3967892421801101;0.475596072646183
21/12/2019;0.725602247429981;0.725602247429981;0.7630794847473082;0.7119797185692859;0.713200689396995;0.6573304423823967;0.8822467515127939;0.8822467515127939;0.9266060421203858;0.866832149099938;0.8665410393316322;0.8019520729516993;9.999999755800011e-09;9.999999755800011e-09;9.9999997728e-09;9.959999802688419e-09;9.9999998176e-09;9.998535497462948e-09;0.4126448144561688;9.484873297408623e-09;0.3288997940521231;0.3967892421801101;1.0007493055814098e-08
22/12/2019;0.725602247429981;0.725602247429981;0.7630794847473082;0.7119797185692859;0.713200689396995;0.694205071926106;9.999999755800011e-09;9.999999755800011e-09;9.9999997728e-09;9.959999802688419e-09;9.9999998176e-09;9.998535497462948e-09;9.999999755800011e-09;9.999999755800011e-09;9.9999997728e-09;9.959999802688419e-09;9.9999998176e-09;9.998535497462948e-09;0.4126448144561688;9.484873297408623e-09;0.3288997940521231;1.0007493055814098e-08;1.0007493055814098e-08
23/12/2019;0.725602247429981;0.725602247429981;0.742884981261208;0.7119797185692859;0.713200689396995;0.694205071926106;0.8822467515127939;0.8822467515127939;0.902083892957854;0.866832149099938;0.8665410393316322;0.8469396221282222;1.0712412904597002;1.0712412904597002;1.0954096079535802;1.0494356067618802;1.0469467285578304;1.0234108141029408;0.4126448144561688;9.484873297408623e-09;0.3288997940521231;0.3967892421801101;0.475596072646183
24/12/2019;0.725602247429981;0.725602247429981;0.742884981261208;0.7119797185692859;0.713200689396995;0.694205071926106;0.8822467515127939;0.8822467515127939;0.902083892957854;0.866832149099938;0.8665410393316322;0.8469396221282222;1.0712412904597002;1.0712412904597002;1.0954096079535802;1.0494356067618802;1.0469467285578304;1.0234108141029408;0.4126448144561688;9.484873297408623e-09;0.3288997940521231;0.3967892421801101;0.475596072646183
25/12/2019;0.7458175947294062;0.7458175947294062;0.742884981261208;0.7119797185692859;0.713200689396995;0.694205071926106;9.999999755800011e-09;9.999999755800011e-09;9.9999997728e-09;9.959999802688419e-09;9.9999998176e-09;9.998535497462948e-09;9.999999755800011e-09;9.999999755800011e-09;9.9999997728e-09;9.959999802688419e-09;9.9999998176e-09;9.998535497462948e-09;0.4126448144561688;9.484873297408623e-09;0.3288997940521231;1.0007493055814098e-08;1.0007493055814098e-08
26/12/2019;0.7458175947294062;0.7458175947294062;0.742884981261208;0.7119797185692859;0.713200689396995;0.694205071926106;9.999999755800011e-09;9.999999755800011e-09;9.9999997728e-09;9.959999802688419e-09;9.9999998176e-09;9.998535497462948e-09;9.999999755800011e-09;9.999999755800011e-09;9.9999997728e-09;9.959999802688419e-09;9.9999998176e-09;9.998535497462948e-09;0.4126448144561688;9.484873297408623e-09;0.3288997940521231;1.0007493055814098e-08;1.0007493055814098e-08
27/12/2019;0.7458175947294062;0.7458175947294062;0.742884981261208;0.7119797185692859;0.713200689396995;0.694205071926106;0.906826229524046;0.906826229524046;0.902083892957854;0.866832149099938;0.8665410393316322;0.8469396221282222;1.1010861742163702;1.1010861742163702;1.0954096079535802;1.0494356067618802;1.0469467285578304;1.0234108141029408;0.4126448144561688;9.484873297408623e-09;0.3288997940521231;0.3967892421801101;0.475596072646183
28/12/2019;0.7458175947294062;0.7458175947294062;0.742884981261208;0.7119797185692859;0.713200689396995;0.694205071926106;0.906826229524046;0.906826229524046;0.902083892957854;0.866832149099938;0.8665410393316322;0.8469396221282222;9.999999755800011e-09;9.999999755800011e-09;9.9999997728e-09;9.959999802688419e-09;9.9999998176e-09;9.998535497462948e-09;0.4126448144561688;9.484873297408623e-09;0.3288997940521231;0.3967892421801101;1.0007493055814098e-08
29/12/2019;0.7458175947294062;0.7458175947294062;0.742884981261208;0.7119797185692859;0.713200689396995;0.694205071926106;9.999999755800011e-09;9.999999755800011e-09;9.9999997728e-09;9.959999802688419e-09;9.9999998176e-09;9.998535497462948e-09;9.999999755800011e-09;9.999999755800011e-09;9.9999997728e-09;9.959999802688419e-09;9.9999998176e-09;9.998535497462948e-09;0.4126448144561688;9.484873297408623e-09;0.3288997940521231;1.0007493055814098e-08;1.0007493055814098e-08
30/12/2019;0.7458175947294062;0.7458175947294062;0.8140246519633921;0.7119797185692859;0.7445005385874349;0.694205071926106;0.906826229524046;0.906826229524046;0.988468666791639;0.866832149099938;0.904570452723448;0.8469396221282222;1.1010861742163702;1.1010861742163702;1.2003075137660404;1.0494356067618802;1.0928935079166502;1.0234108141029408;0.4126448144561688;9.484873297408623e-09;0.3288997940521231;0.3967892421801101;0.475596072646183
31/12/2019;0.8718105659975518;0.8718105659975518;0.8140246519633921;0.7675399516031769;0.7445005385874349;0.6942041811163479;1.0600188223095202;1.0600188223095202;0.988468666791639;0.9344764863600514;0.904570452723448;0.8469385353282101;1.2870956216900902;1.2870956216900902;1.2003075137660404;1.13132963456216;1.0928935079166502;1.0234095008536201;0.4126448144561688;9.484873297408623e-09;0.32889954938728005;0.3967889470130729;0.4755957188556342
01/01/2020;0.8718105659975518;0.8718105659975518;0.8140246519633921;0.7675399516031769;0.7445005385874349;0.7122415773567758;9.999999755800011e-09;9.999999755800011e-09;9.9999997728e-09;9.959999802688419e-09;9.9999998176e-09;9.998535497462948e-09;9.999999755800011e-09;9.999999755800011e-09;9.9999997728e-09;9.959999802688419e-09;9.9999998176e-09;9.998535497462948e-09;0.4267803475994369;9.484873297408623e-09;0.3537074410001601;1.0007493055814098e-08;1.0007493055814098e-08
02/01/2020;0.8718105659975518;0.8718105659975518;0.8140246519633921;0.7675399516031769;0.7445005385874349;0.7122415773567758;1.0600188223095202;1.0600188223095202;0.988468666791639;0.9344764863600514;0.904570452723448;0.8689444038731621;1.2870956216900902;1.2870956216900902;1.2003075137660404;1.13132963456216;1.0928935079166502;1.0500005862795703;0.4267803475994369;9.484873297408623e-09;0.3537074410001601;0.426717529186648;0.511468455887048
03/01/2020;0.8718105659975518;0.8718105659975518;0.8140246519633921;0.7675399516031769;0.7445005385874349;0.7122415773567758;1.0600188223095202;1.0600188223095202;0.988468666791639;0.9344764863600514;0.904570452723448;0.8689444038731621;1.2870956216900902;1.2870956216900902;1.2003075137660404;1.13132963456216;1.0928935079166502;1.0500005862795703;0.4267803475994369;9.484873297408623e-09;0.3537074410001601;0.426717529186648;0.511468455887048
04/01/2020;0.8718105659975518;0.8718105659975518;0.8140246519633921;0.7675399516031769;0.7445005385874349;0.7122415773567758;1.0600188223095202;1.0600188223095202;0.988468666791639;0.9344764863600514;0.904570452723448;0.8689444038731621;9.999999755800011e-09;9.999999755800011e-09;9.9999997728e-09;9.959999802688419e-09;9.9999998176e-09;9.998535497462948e-09;0.4267803475994369;9.484873297408623e-09;0.3537074410001601;0.426717529186648;1.0007493055814098e-08
05/01/2020;0.8718105659975518;0.8718105659975518;0.8140246519633921;0.7675399516031769;0.7445005385874349;0.7122415773567758;9.999999755800011e-09;9.999999755800011e-09;9.9999997728e-09;9.959999802688419e-09;9.9999998176e-09;9.998535497462948e-09;9.999999755800011e-09;9.999999755800011e-09;9.9999997728e-09;9.959999802688419e-09;9.9999998176e-09;9.998535497462948e-09;0.4267803475994369;9.484873297408623e-09;0.3537074410001601;1.0007493055814098e-08;1.0007493055814098e-08
06/01/2020;0.8718105659975518;0.8718105659975518;0.8140246519633921;0.7675399516031769;0.7445005385874349;0.7122415773567758;9.999999755800011e-09;9.999999755800011e-09;9.9999997728e-09;9.959999802688419e-09;9.9999998176e-09;9.998535497462948e-09;9.999999755800011e-09;9.999999755800011e-09;9.9999997728e-09;9.959999802688419e-09;9.9999998176e-09;9.998535497462948e-09;0.4267803475994369;9.484873297408623e-09;0.3537074410001601;1.0007493055814098e-08;1.0007493055814098e-08
07/01/2020;0.8768854478202848;0.8768854478202848;0.8023493186861721;0.7675399516031769;0.7445005385874349;0.7122415773567758;1.0661892800475905;1.0661892800475905;0.9742913306494898;0.9344764863600514;0.904570452723448;0.8689444038731621;1.29458791236583;1.29458791236583;1.18309183089382;1.13132963456216;1.0928935079166502;1.0500005862795703;0.4267803475994369;9.484873297408623e-09;0.3537074410001601;0.426717529186648;0.511468455887048
08/01/2020;0.8768854478202848;0.8768854478202848;0.8023493186861721;0.7675399516031769;0.7445005385874349;0.6817799172902262;1.0661892800475905;1.0661892800475905;0.9742913306494898;0.9344764863600514;0.904570452723448;0.831780764612244;1.29458791236583;1.29458791236583;1.18309183089382;1.13132963456216;1.0928935079166502;1.0050934059832;0.4267803475994369;9.484873297408623e-09;0.3537074410001601;0.426717529186648;0.511468455887048
09/01/2020;0.8768854478202848;0.8768854478202848;0.8023493186861721;0.7675399516031769;0.7445005385874349;0.6817799172902262;1.0661892800475905;1.0661892800475905;0.9742913306494898;0.9344764863600514;0.904570452723448;0.831780764612244;1.29458791236583;1.29458791236583;1.18309183089382;1.13132963456216;1.0928935079166502;1.0050934059832;0.4267803475994369;9.484873297408623e-09;0.3537074410001601;0.426717529186648;0.511468455887048
10/01/2020;0.8768854478202848;0.8768854478202848;0.8023493186861721;0.7675399516031769;0.7445005385874349;0.6817799172902262;1.0661892800475905;1.0661892800475905;0.9742913306494898;0.9344764863600514;0.904570452723448;0.831780764612244;1.29458791236583;1.29458791236583;1.18309183089382;1.13132963456216;1.0928935079166502;1.0050934059832;0.4267803475994369;9.484873297408623e-09;0.3537074410001601;0.426717529186648;0.511468455887048
11/01/2020;0.8768854478202848;0.8768854478202848;0.8023493186861721;0.7675399516031769;0.7445005385874349;0.6817799172902262;1.0661892800475905;1.0661892800475905;0.9742913306494898;0.9344764863600514;0.904570452723448;0.831780764612244;9.999999755800011e-09;9.999999755800011e-09;9.9999997728e-09;9.959999802688419e-09;9.9999998176e-09;9.998535497462948e-09;0.4267803475994369;9.484873297408623e-09;0.3537074410001601;0.426717529186648;1.0007493055814098e-08
12/01/2020;0.8768854478202848;0.8768854478202848;0.8023493186861721;0.7675399516031769;0.7445005385874349;0.6817799172902262;9.999999755800011e-09;9.999999755800011e-09;9.9999997728e-09;9.959999802688419e-09;9.9999998176e-09;9.998535497462948e-09;9.999999755800011e-09;9.999999755800011e-09;9.9999997728e-09;9.959999802688419e-09;9.9999998176e-09;9.998535497462948e-09;0.4267803475994369;9.484873297408623e-09;0.3537074410001601;1.0007493055814098e-08;1.0007493055814098e-08
13/01/2020;0.8768854478202848;0.8768854478202848;0.8023493186861721;0.7675399516031769;0.7445005385874349;0.6817799172902262;1.0661892800475905;1.0661892800475905;0.9742913306494898;0.9344764863600514;0.904570452723448;0.831780764612244;1.29458791236583;1.29458791236583;1.18309183089382;1.13132963456216;1.0928935079166502;1.0050934059832;0.4267803475994369;9.484873297408623e-09;0.3537074410001601;0.426717529186648;0.511468455887048
14/01/2020;0.9171872138040001;0.9171872138040001;0.8193050816400628;0.772704157494686;0.746008045713694;0.6817799172902262;1.11519147408062;1.11519147408062;0.9948806830248061;0.9407638841251542;0.9064020785356622;0.831780764612244;1.3540873364003003;1.3540873364003003;1.20809369002192;1.1389415108584302;1.0951064609852301;1.0050934059832;0.4267803475994369;9.484873297408623e-09;0.3537074410001601;0.426717529186648;0.511468455887048
15/01/2020;0.9171872138040001;0.9171872138040001;0.8193050816400628;0.772704157494686;0.746008045713694;0.6577312467190328;1.11519147408062;1.11519147408062;0.9948806830248061;0.9407638841251542;0.9064020785356622;0.8024410596894007;1.3540873364003003;1.3540873364003003;1.20809369002192;1.1389415108584302;1.0951064609852301;0.9696403813329052;0.4267803475994369;9.484873297408623e-09;0.3537074410001601;0.426717529186648;0.511468455887048
16/01/2020;0.9171872138040001;0.9171872138040001;0.8193050816400628;0.772704157494686;0.746008045713694;0.6577312467190328;1.11519147408062;1.11519147408062;0.9948806830248061;0.9407638841251542;0.9064020785356622;0.8024410596894007;1.3540873364003003;1.3540873364003003;1.20809369002192;1.1389415108584302;1.0951064609852301;0.9696403813329052;0.4267803475994369;9.484873297408623e-09;0.3537074410001601;0.426717529186648;0.511468455887048
17/01/2020;0.9171872138040001;0.9171872138040001;0.8193050816400628;0.772704157494686;0.746008045713694;0.6577312467190328;1.11519147408062;1.11519147408062;0.9948806830248061;0.9407638841251542;0.9064020785356622;0.8024410596894007;1.3540873364003003;1.3540873364003003;1.20809369002192;1.1389415108584302;1.0951064609852301;0.9696403813329052;0.4267803475994369;9.484873297408623e-09;0.3537074410001601;0.426717529186648;0.511468455887048
18/01/2020;0.9171872138040001;0.9171872138040001;0.8193050816400628;0.772704157494686;0.746008045713694;0.6577312467190328;1.11519147408062;1.11519147408062;0.9948806830248061;0.9407638841251542;0.9064020785356622;0.8024410596894007;9.999999755800011e-09;9.999999755800011e-09;9.9999997728e-09;9.959999802688419e-09;9.9999998176e-09;9.998535497462948e-09;0.4267803475994369;9.484873297408623e-09;0.3537074410001601;0.426717529186648;1.0007493055814098e-08
19/01/2020;0.9171872138040001;0.9171872138040001;0.8193050816400628;0.772704157494686;0.746008045713694;0.6577312467190328;9.999999755800011e-09;9.999999755800011e-09;9.9999997728e-09;9.959999802688419e-09;9.9999998176e-09;9.998535497462948e-09;9.999999755800011e-09;9.999999755800011e-09;9.9999997728e-09;9.959999802688419e-09;9.9999998176e-09;9.998535497462948e-09;0.4267803475994369;9.484873297408623e-09;0.3537074410001601;1.0007493055814098e-08;1.0007493055814098e-08
20/01/2020;0.9171872138040001;0.9171872138040001;0.8193050816400628;0.772704157494686;0.746008045713694;0.6577312467190328;1.11519147408062;1.11519147408062;0.9948806830248061;0.9407638841251542;0.9064020785356622;0.8024410596894007;1.3540873364003003;1.3540873364003003;1.20809369002192;1.1389415108584302;1.0951064609852301;0.9696403813329052;0.4267803475994369;9.484873297408623e-09;0.3537074410001601;0.426717529186648;0.511468455887048
21/01/2020;0.9192916630833988;0.9192916630833988;0.8276949324190414;0.7927806305555101;0.746008045713694;0.6577312467190328;1.1177502361945;1.1177502361945;1.00506846369468;0.9652069010198367;0.9064020785356622;0.8024410596894007;1.3571942354896502;1.3571942354896502;1.22046481527604;1.1685335977377596;1.0951064609852301;0.9696403813329052;0.4267803475994369;9.484873297408623e-09;0.3537074410001601;0.426717529186648;0.511468455887048
22/01/2020;0.9192916630833988;0.9192916630833988;0.8276949324190414;0.7927806305555101;0.746008045713694;0.644504473400782;1.1177502361945;1.1177502361945;1.00506846369468;0.9652069010198367;0.9064020785356622;0.7863042164867821;1.3571942354896502;1.3571942354896502;1.22046481527604;1.1685335977377596;1.0951064609852301;0.9501412111352162;0.4267803475994369;9.484873297408623e-09;0.3537074410001601;0.426717529186648;0.511468455887048
23/01/2020;0.9192916630833988;0.9192916630833988;0.8276949324190414;0.7927806305555101;0.746008045713694;0.644504473400782;1.1177502361945;1.1177502361945;1.00506846369468;0.9652069010198367;0.9064020785356622;0.7863042164867821;1.3571942354896502;1.3571942354896502;1.22046481527604;1.1685335977377596;1.0951064609852301;0.9501412111352162;0.4267803475994369;9.484873297408623e-09;0.3537074410001601;0.426717529186648;0.511468455887048
24/01/2020;0.9192916630833988;0.9192916630833988;0.8276949324190414;0.7927806305555101;0.746008045713694;0.644504473400782;1.1177502361945;1.1177502361945;1.00506846369468;0.9652069010198367;0.9064020785356622;0.7863042164867821;1.3571942354896502;1.3571942354896502;1.22046481527604;1.1685335977377596;1.0951064609852301;0.9501412111352162;0.4267803475994369;9.484873297408623e-09;0.3537074410001601;0.426717529186648;0.511468455887048
25/01/2020;0.9192916630833988;0.9192916630833988;0.8276949324190414;0.7927806305555101;0.746008045713694;0.644504473400782;1.1177502361945;1.1177502361945;1.00506846369468;0.9652069010198367;0.9064020785356622;0.7863042164867821;9.999999755800011e-09;9.999999755800011e-09;9.9999997728e-09;9.959999802688419e-09;9.9999998176e-09;9.998535497462948e-09;0.4267803475994369;9.484873297408623e-09;0.3537074410001601;0.426717529186648;1.0007493055814098e-08
26/01/2020;0.9192916630833988;0.9192916630833988;0.8276949324190414;0.7927806305555101;0.746008045713694;0.644504473400782;9.999999755800011e-09;9.999999755800011e-09;9.9999997728e-09;9.959999802688419e-09;9.9999998176e-09;9.998535497462948e-09;9.999999755800011e-09;9.999999755800011e-09;9.9999997728e-09;9.959999802688419e-09;9.9999998176e-09;9.998535497462948e-09;0.4267803475994369;9.484873297408623e-09;0.3537074410001601;1.0007493055814098e-08;1.0007493055814098e-08
27/01/2020;0.9192916630833988;0.9192916630833988;0.8276949324190414;0.7927806305555101;0.746008045713694;0.644504473400782;1.1177502361945;1.1177502361945;1.00506846369468;0.9652069010198367;0.9064020785356622;0.7863042164867821;1.3571942354896502;1.3571942354896502;1.22046481527604;1.1685335977377596;1.0951064609852301;0.9501412111352162;0.4267803475994369;9.484873297408623e-09;0.3537074410001601;0.426717529186648;0.511468455887048
28/01/2020;0.9494561305765182;0.9494561305765182;0.8431216405946133;0.785952384903577;0.7460701713145739;0.644504473400782;1.1544266709094897;1.1544266709094897;1.0238010876103298;0.9568935422279028;0.9064775613325194;0.7863042164867821;1.40172748107676;1.40172748107676;1.2432120302297403;1.15846897941794;1.09519765859001;0.9501412111352162;0.4267803475994369;9.484873297408623e-09;0.3537074410001601;0.426717529186648;0.511468455887048
29/01/2020;0.9494561305765182;0.9494561305765182;0.8431216405946133;0.785952384903577;0.7460701713145739;0.644504473400782;1.1544266709094897;1.1544266709094897;1.0238010876103298;0.9568935422279028;0.9064775613325194;0.7863042164867821;1.40172748107676;1.40172748107676;1.2432120302297403;1.15846897941794;1.09519765859001;0.9501412111352162;0.4267803475994369;9.484873297408623e-09;0.3537074410001601;0.426717529186648;0.511468455887048
30/01/2020;0.9494561305765182;0.9494561305765182;0.8431216405946133;0.785952384903577;0.7460701713145739;0.644504473400782;1.1544266709094897;1.1544266709094897;1.0238010876103298;0.9568935422279028;0.9064775613325194;0.7863042164867821;1.40172748107676;1.40172748107676;1.2432120302297403;1.15846897941794;1.09519765859001;0.9501412111352162;0.4267803475994369;9.484873297408623e-09;0.3537074410001601;0.426717529186648;0.511468455887048
31/01/2020;0.9494561305765182;0.9494561305765182;0.8431216405946133;0.7460470007958869;0.7460701713145739;0.644504473400782;1.1544266709094897;1.1544266709094897;1.0238010876103298;0.908308914092373;0.9064775613325194;0.7863042164867821;1.40172748107676;1.40172748107676;1.2432120302297403;1.0996497042449402;1.09519765859001;0.9501412111352162;0.4267803475994369;9.484873297408623e-09;0.3537074410001601;0.426717529186648;0.511468455887048
01/02/2020;0.9494561305765182;0.9494561305765182;0.8431216405946133;0.7460470007958869;0.7460701713145739;0.595605513576026;1.1544266709094897;1.1544266709094897;1.0238010876103298;0.908308914092373;0.9064775613325194;0.726646820954456;9.999999755800011e-09;9.999999755800011e-09;9.9999997728e-09;9.959999802688419e-09;9.9999998176e-09;9.998535497462948e-09;0.408283941470018;9.484873297408623e-09;0.348964308437047;0.42099534872526717;1.0007493055814098e-08
02/02/2020;0.9494561305765182;0.9494561305765182;0.8431216405946133;0.7460470007958869;0.7460701713145739;0.595605513576026;9.999999755800011e-09;9.999999755800011e-09;9.9999997728e-09;9.959999802688419e-09;9.9999998176e-09;9.998535497462948e-09;9.999999755800011e-09;9.999999755800011e-09;9.9999997728e-09;9.959999802688419e-09;9.9999998176e-09;9.998535497462948e-09;0.408283941470018;9.484873297408623e-09;0.348964308437047;1.0007493055814098e-08;1.0007493055814098e-08
03/02/2020;0.9494561305765182;0.9494561305765182;0.8431216405946133;0.7460470007958869;0.696357804301391;0.595605513576026;1.1544266709094897;1.1544266709094897;1.0238010876103298;0.908308914092373;0.846076881944981;0.726646820954456;1.40172748107676;1.40172748107676;1.2432120302297403;1.0996497042449402;1.02222212619489;0.8780533997566669;0.408283941470018;9.484873297408623e-09;0.348964308437047;0.42099534872526717;0.5046097856785191
04/02/2020;1.01761526347904;1.01761526347904;0.8125681528992538;0.7473877569576832;0.6960945356749833;0.595605513576026;1.2373001374707795;1.2373001374707795;0.986700042604843;0.9099412787719238;0.8457570097511617;0.726646820954456;1.5023540678131297;1.5023540678131297;1.19815985550254;1.10162593645981;1.02183565962068;0.8780533997566669;0.408283941470018;9.484873297408623e-09;0.348964308437047;0.42099534872526717;0.5046097856785191
05/02/2020;1.01761526347904;1.01761526347904;0.8125681528992538;0.7473877569576832;0.6960945356749833;0.595605513576026;1.2373001374707795;1.2373001374707795;0.986700042604843;0.9099412787719238;0.8457570097511617;0.726646820954456;1.5023540678131297;1.5023540678131297;1.19815985550254;1.10162593645981;1.02183565962068;0.8780533997566669;0.408283941470018;9.484873297408623e-09;0.348964308437047;0.42099534872526717;0.5046097856785191
06/02/2020;1.01761526347904;1.01761526347904;0.8125681528992538;0.7473877569576832;0.6960945356749833;0.595605513576026;1.2373001374707795;1.2373001374707795;0.986700042604843;0.9099412787719238;0.8457570097511617;0.726646820954456;1.5023540678131297;1.5023540678131297;1.19815985550254;1.10162593645981;1.02183565962068;0.8780533997566669;0.408283941470018;9.484873297408623e-09;0.348964308437047;0.42099534872526717;0.5046097856785191
07/02/2020;1.01761526347904;1.01761526347904;0.8125681528992538;0.7460470007958869;0.6960945356749833;0.595605513576026;1.2373001374707795;1.2373001374707795;0.986700042604843;0.908308914092373;0.8457570097511617;0.726646820954456;1.5023540678131297;1.5023540678131297;1.19815985550254;1.0996497042449402;1.02183565962068;0.8780533997566669;0.408283941470018;9.484873297408623e-09;0.348964308437047;0.42099534872526717;0.5046097856785191
08/02/2020;1.01761526347904;1.01761526347904;0.8125681528992538;0.7460470007958869;0.6960945356749833;0.5607349257336929;1.2373001374707795;1.2373001374707795;0.986700042604843;0.908308914092373;0.8457570097511617;0.684104229888919;9.999999755800011e-09;9.999999755800011e-09;9.9999997728e-09;9.959999802688419e-09;9.9999998176e-09;9.998535497462948e-09;0.408283941470018;9.484873297408623e-09;0.348964308437047;0.42099534872526717;1.0007493055814098e-08
09/02/2020;1.01761526347904;1.01761526347904;0.8125681528992538;0.7460470007958869;0.6960945356749833;0.5607349257336929;9.999999755800011e-09;9.999999755800011e-09;9.9999997728e-09;9.959999802688419e-09;9.9999998176e-09;9.998535497462948e-09;9.999999755800011e-09;9.999999755800011e-09;9.9999997728e-09;9.959999802688419e-09;9.9999998176e-09;9.998535497462948e-09;0.408283941470018;9.484873297408623e-09;0.348964308437047;1.0007493055814098e-08;1.0007493055814098e-08
10/02/2020;1.01761526347904;1.01761526347904;0.8125681528992538;0.7460470007958869;0.6960945356749833;0.5607349257336929;1.2373001374707795;1.2373001374707795;0.986700042604843;0.908308914092373;0.8457570097511617;0.684104229888919;1.5023540678131297;1.5023540678131297;1.19815985550254;1.0996497042449402;1.02183565962068;0.826646491142539;0.408283941470018;9.484873297408623e-09;0.348964308437047;0.42099534872526717;0.5046097856785191
11/02/2020;0.9953670324569281;0.9953670324569281;0.8129704972284008;0.7450951783381671;0.682177636679546;0.5607349257336929;1.2102489126217804;1.2102489126217804;0.9871886085981014;0.907150074472272;0.8288479345089939;0.684104229888919;1.4695079406201794;1.4695079406201794;1.1987531261365802;1.0982467480196503;1.00140627404723;0.826646491142539;0.408283941470018;9.484873297408623e-09;0.348964308437047;0.42099534872526717;0.5046097856785191
12/02/2020;0.9953670324569281;0.9953670324569281;0.8129704972284008;0.7450951783381671;0.682177636679546;0.5607349257336929;1.2102489126217804;1.2102489126217804;0.9871886085981014;0.907150074472272;0.8288479345089939;0.684104229888919;1.4695079406201794;1.4695079406201794;1.1987531261365802;1.0982467480196503;1.00140627404723;0.826646491142539;0.408283941470018;9.484873297408623e-09;0.348964308437047;0.42099534872526717;0.5046097856785191
13/02/2020;0.9953670324569281;0.9953670324569281;0.8129704972284008;0.7450951783381671;0.682177636679546;0.5607349257336929;1.2102489126217804;1.2102489126217804;0.9871886085981014;0.907150074472272;0.8288479345089939;0.684104229888919;1.4695079406201794;1.4695079406201794;1.1987531261365802;1.0982467480196503;1.00140627404723;0.826646491142539;0.408283941470018;9.484873297408623e-09;0.348964308437047;0.42099534872526717;0.5046097856785191
14/02/2020;0.9953670324569281;0.9953670324569281;0.8129704972284008;0.7450951783381671;0.682177636679546;0.5607349257336929;1.2102489126217804;1.2102489126217804;0.9871886085981014;0.907150074472272;0.8288479345089939;0.684104229888919;1.4695079406201794;1.4695079406201794;1.1987531261365802;1.0982467480196503;1.00140627404723;0.826646491142539;0.408283941470018;9.484873297408623e-09;0.348964308437047;0.42099534872526717;0.5046097856785191
15/02/2020;0.9953670324569281;0.9953670324569281;0.8129704972284008;0.7450951783381671;0.682177636679546;0.5418968016206529;1.2102489126217804;1.2102489126217804;0.9871886085981014;0.907150074472272;0.8288479345089939;0.6611214624573359;9.999999755800011e-09;9.999999755800011e-09;9.9999997728e-09;9.959999802688419e-09;9.9999998176e-09;9.998535497462948e-09;0.408283941470018;9.484873297408623e-09;0.348964308437047;0.42099534872526717;1.0007493055814098e-08
16/02/2020;0.9953670324569281;0.9953670324569281;0.8129704972284008;0.7450951783381671;0.682177636679546;0.5418968016206529;9.999999755800011e-09;9.999999755800011e-09;9.9999997728e-09;9.959999802688419e-09;9.9999998176e-09;9.998535497462948e-09;9.999999755800011e-09;9.999999755800011e-09;9.9999997728e-09;9.959999802688419e-09;9.9999998176e-09;9.998535497462948e-09;0.408283941470018;9.484873297408623e-09;0.348964308437047;1.0007493055814098e-08;1.0007493055814098e-08
17/02/2020;0.9953670324569281;0.9953670324569281;0.8129704972284008;0.7450951783381671;0.682177636679546;0.5418968016206529;1.2102489126217804;1.2102489126217804;0.9871886085981014;0.907150074472272;0.8288479345089939;0.6611214624573359;1.4695079406201794;1.4695079406201794;1.1987531261365802;1.0982467480196503;1.00140627404723;0.7988749568879601;0.408283941470018;9.484873297408623e-09;0.348964308437047;0.42099534872526717;0.5046097856785191
18/02/2020;0.9953670324569281;0.9953670324569281;0.7858859796148173;0.7021803336921271;0.643413928130954;0.5418968016206529;1.2102489126217804;1.2102489126217804;0.954299927706655;0.8549014414809137;0.7817499089554218;0.6611214624573359;1.4695079406201794;1.4695079406201794;1.1588160678178898;1.03499162311144;0.9445028828208032;0.7988749568879601;0.408283941470018;9.484873297408623e-09;0.348964308437047;0.42099534872526717;0.5046097856785191
19/02/2020;0.9953670324569281;0.9953670324569281;0.7858859796148173;0.7021803336921271;0.643413928130954;0.5418968016206529;1.2102489126217804;1.2102489126217804;0.954299927706655;0.8549014414809137;0.7817499089554218;0.6611214624573359;1.4695079406201794;1.4695079406201794;1.1588160678178898;1.03499162311144;0.9445028828208032;0.7988749568879601;0.408283941470018;9.484873297408623e-09;0.348964308437047;0.42099534872526717;0.5046097856785191
20/02/2020;0.9953670324569281;0.9953670324569281;0.7858859796148173;0.7021803336921271;0.643413928130954;0.5418968016206529;1.2102489126217804;1.2102489126217804;0.954299927706655;0.8549014414809137;0.7817499089554218;0.6611214624573359;1.4695079406201794;1.4695079406201794;1.1588160678178898;1.03499162311144;0.9445028828208032;0.7988749568879601;0.408283941470018;9.484873297408623e-09;0.348964308437047;0.42099534872526717;0.5046097856785191
21/02/2020;0.9953670324569281;0.9953670324569281;0.7858859796148173;0.7021803336921271;0.643413928130954;0.5418968016206529;1.2102489126217804;1.2102489126217804;0.954299927706655;0.8549014414809137;0.7817499089554218;0.6611214624573359;1.4695079406201794;1.4695079406201794;1.1588160678178898;1.03499162311144;0.9445028828208032;0.7988749568879601;0.408283941470018;9.484873297408623e-09;0.348964308437047;0.42099534872526717;0.5046097856785191
22/02/2020;0.9953670324569281;0.9953670324569281;0.7858859796148173;0.7021803336921271;0.643413928130954;0.526665966582829;1.2102489126217804;1.2102489126217804;0.954299927706655;0.8549014414809137;0.7817499089554218;0.6425396367212591;9.999999755800011e-09;9.999999755800011e-09;9.9999997728e-09;9.959999802688419e-09;9.9999998176e-09;9.998535497462948e-09;0.408283941470018;9.484873297408623e-09;0.348964308437047;0.42099534872526717;1.0007493055814098e-08
23/02/2020;0.9953670324569281;0.9953670324569281;0.7858859796148173;0.7021803336921271;0.643413928130954;0.526665966582829;9.999999755800011e-09;9.999999755800011e-09;9.9999997728e-09;9.959999802688419e-09;9.9999998176e-09;9.998535497462948e-09;9.999999755800011e-09;9.999999755800011e-09;9.9999997728e-09;9.959999802688419e-09;9.9999998176e-09;9.998535497462948e-09;0.408283941470018;9.484873297408623e-09;0.348964308437047;1.0007493055814098e-08;1.0007493055814098e-08
24/02/2020;0.9953670324569281;0.9953670324569281;0.7858859796148173;0.7021803336921271;0.643413928130954;0.526665966582829;1.2102489126217804;1.2102489126217804;0.954299927706655;0.8549014414809137;0.7817499089554218;0.6425396367212591;1.4695079406201794;1.4695079406201794;1.1588160678178898;1.03499162311144;0.9445028828208032;0.7764213593619741;0.408283941470018;9.484873297408623e-09;0.348964308437047;0.42099534872526717;0.5046097856785191
25/02/2020;1.00560135149177;1.00560135149177;0.7858859796148173;0.7021803336921271;0.643413928130954;0.526665966582829;1.2226926374785003;1.2226926374785003;0.954299927706655;0.8549014414809137;0.7817499089554218;0.6425396367212591;1.4846173551357693;1.4846173551357693;1.1588160678178898;1.03499162311144;0.9445028828208032;0.7764213593619741;0.408283941470018;9.484873297408623e-09;0.348964308437047;0.42099534872526717;0.5046097856785191
26/02/2020;1.00560135149177;1.00560135149177;0.7858859796148173;0.7021803336921271;0.643413928130954;0.526665966582829;1.2226926374785003;1.2226926374785003;0.954299927706655;0.8549014414809137;0.7817499089554218;0.6425396367212591;1.4846173551357693;1.4846173551357693;1.1588160678178898;1.03499162311144;0.9445028828208032;0.7764213593619741;0.408283941470018;9.484873297408623e-09;0.348964308437047;0.42099534872526717;0.5046097856785191
27/02/2020;1.00560135149177;1.00560135149177;0.7858859796148173;0.7021803336921271;0.643413928130954;0.526665966582829;1.2226926374785003;1.2226926374785003;0.954299927706655;0.8549014414809137;0.7817499089554218;0.6425396367212591;1.4846173551357693;1.4846173551357693;1.1588160678178898;1.03499162311144;0.9445028828208032;0.7764213593619741;0.408283941470018;9.484873297408623e-09;0.348964308437047;0.42099534872526717;0.5046097856785191
28/02/2020;1.00560135149177;1.00560135149177;0.7858859796148173;0.5994289122957558;0.5411978380346811;0.526665966582829;1.2226926374785003;1.2226926374785003;0.954299927706655;0.7298020417240352;0.6575570439382424;0.6425396367212591;1.4846173551357693;1.4846173551357693;1.1588160678178898;0.8835392748964818;0.7944542321068688;0.7764213593619741;0.408283941470018;9.484873297408623e-09;0.348964308437047;0.42099534872526717;0.5046097856785191
29/02/2020;0.7522340959048991;0.7522340959048991;0.7858859796148173;0.5994289122957558;0.5411978380346811;0.526665966582829;0.9146279381574018;0.9146279381574018;0.954299927706655;0.7298020417240352;0.6575570439382424;0.6425396367212591;9.999999755800011e-09;9.999999755800011e-09;9.9999997728e-09;9.959999802688419e-09;9.9999998176e-09;9.998535497462948e-09;0.37086607745677513;9.484873297408623e-09;0.348964308437047;0.42099534872526717;1.0007493055814098e-08
01/03/2020;0.7620551442589851;0.7620551442589851;0.7858859796148173;0.5994289122957558;0.5411978380346811;0.4436980476072081;9.999999755800011e-09;9.999999755800011e-09;9.9999997728e-09;9.959999802688419e-09;9.9999998176e-09;9.998535497462948e-09;9.999999755800011e-09;9.999999755800011e-09;9.9999997728e-09;9.959999802688419e-09;9.9999998176e-09;9.998535497462948e-09;0.357451362778181;9.484873297408623e-09;0.30946880182928604;1.0007493055814098e-08;1.0007493055814098e-08
02/03/2020;0.7620551442589851;0.7620551442589851;0.6871946177879423;0.5994289122957558;0.5411978380346811;0.4436980476072081;0.9265691746096478;0.9265691746096478;0.83445918502943;0.7298020417240352;0.6575570439382424;0.5413176480212729;1.1250584449384897;1.1250584449384897;1.01329224018088;0.8835392748964818;0.7944542321068688;0.6541084162028589;0.357451362778181;9.484873297408623e-09;0.30946880182928604;0.3733474254981409;0.4474984460866009
03/03/2020;0.7620551442589851;0.7620551442589851;0.6871946177879423;0.5994289122957558;0.5411978380346811;0.4436980476072081;0.9265691746096478;0.9265691746096478;0.83445918502943;0.7298020417240352;0.6575570439382424;0.5413176480212729;1.1250584449384897;1.1250584449384897;1.01329224018088;0.8835392748964818;0.7944542321068688;0.6541084162028589;0.357451362778181;9.484873297408623e-09;0.30946880182928604;0.3733474254981409;0.4474984460866009
04/03/2020;0.7620551442589851;0.7620551442589851;0.6871946177879423;0.5994289122957558;0.5411978380346811;0.4436980476072081;0.9265691746096478;0.9265691746096478;0.83445918502943;0.7298020417240352;0.6575570439382424;0.5413176480212729;1.1250584449384897;1.1250584449384897;1.01329224018088;0.8835392748964818;0.7944542321068688;0.6541084162028589;0.357451362778181;9.484873297408623e-09;0.30946880182928604;0.3733474254981409;0.4474984460866009
05/03/2020;0.7620551442589851;0.7620551442589851;0.6871946177879423;0.5994289122957558;0.5411978380346811;0.4436980476072081;0.9265691746096478;0.9265691746096478;0.83445918502943;0.7298020417240352;0.6575570439382424;0.5413176480212729;1.1250584449384897;1.1250584449384897;1.01329224018088;0.8835392748964818;0.7944542321068688;0.6541084162028589;0.357451362778181;9.484873297408623e-09;0.30946880182928604;0.3733474254981409;0.4474984460866009
06/03/2020;0.7620551442589851;0.7620551442589851;0.6871946177879423;0.5994289122957558;0.5411978380346811;0.4436980476072081;0.9265691746096478;0.9265691746096478;0.83445918502943;0.7298020417240352;0.6575570439382424;0.5413176480212729;1.1250584449384897;1.1250584449384897;1.01329224018088;0.8835392748964818;0.7944542321068688;0.6541084162028589;0.357451362778181;9.484873297408623e-09;0.30946880182928604;0.3733474254981409;0.4474984460866009
07/03/2020;0.7620551442589851;0.7620551442589851;0.6871946177879423;0.5994289122957558;0.5411978380346811;0.4436980476072081;0.9265691746096478;0.9265691746096478;0.83445918502943;0.7298020417240352;0.6575570439382424;0.5413176480212729;9.999999755800011e-09;9.999999755800011e-09;9.9999997728e-09;9.959999802688419e-09;9.9999998176e-09;9.998535497462948e-09;0.357451362778181;9.484873297408623e-09;0.30946880182928604;0.3733474254981409;1.0007493055814098e-08
08/03/2020;0.7620551442589851;0.7620551442589851;0.6871946177879423;0.5994289122957558;0.5411978380346811;0.3899893456609341;9.999999755800011e-09;9.999999755800011e-09;9.9999997728e-09;9.959999802688419e-09;9.9999998176e-09;9.998535497462948e-09;9.999999755800011e-09;9.999999755800011e-09;9.9999997728e-09;9.959999802688419e-09;9.9999998176e-09;9.998535497462948e-09;0.357451362778181;9.484873297408623e-09;0.30946880182928604;1.0007493055814098e-08;1.0007493055814098e-08
09/03/2020;0.7620551442589851;0.7620551442589851;0.6871946177879423;0.5994289122957558;0.5411978380346811;0.3899893456609341;0.9265691746096478;0.9265691746096478;0.83445918502943;0.7298020417240352;0.6575570439382424;0.47579230173539;1.1250584449384897;1.1250584449384897;1.01329224018088;0.8835392748964818;0.7944542321068688;0.574929988089762;0.357451362778181;9.484873297408623e-09;0.30946880182928604;0.3733474254981409;0.4474984460866009
10/03/2020;0.7620551442589851;0.7620551442589851;0.6629249805225738;0.5773897236777471;0.470604663850279;0.3899893456609341;0.9265691746096478;0.9265691746096478;0.8049886082682071;0.702969427344854;0.5717861193767553;0.47579230173539;1.1250584449384897;1.1250584449384897;0.9775058203277042;0.8510542073072588;0.6908266082561972;0.574929988089762;0.357451362778181;9.484873297408623e-09;0.30946880182928604;0.3733474254981409;0.4474984460866009
11/03/2020;0.7620551442589851;0.7620551442589851;0.6629249805225738;0.5773897236777471;0.470604663850279;0.3899893456609341;0.9265691746096478;0.9265691746096478;0.8049886082682071;0.702969427344854;0.5717861193767553;0.47579230173539;1.1250584449384897;1.1250584449384897;0.9775058203277042;0.8510542073072588;0.6908266082561972;0.574929988089762;0.357451362778181;9.484873297408623e-09;0.30946880182928604;0.3733474254981409;0.4474984460866009
12/03/2020;0.7620551442589851;0.7620551442589851;0.6629249805225738;0.5773897236777471;0.470604663850279;0.3899893456609341;0.9265691746096478;0.9265691746096478;0.8049886082682071;0.702969427344854;0.5717861193767553;0.47579230173539;1.1250584449384897;1.1250584449384897;0.9775058203277042;0.8510542073072588;0.6908266082561972;0.574929988089762;0.357451362778181;9.484873297408623e-09;0.30946880182928604;0.3733474254981409;0.4474984460866009
13/03/2020;0.7620551442589851;0.7620551442589851;0.6629249805225738;0.5773897236777471;0.470604663850279;0.3899893456609341;0.9265691746096478;0.9265691746096478;0.8049886082682071;0.702969427344854;0.5717861193767553;0.47579230173539;1.1250584449384897;1.1250584449384897;0.9775058203277042;0.8510542073072588;0.6908266082561972;0.574929988089762;0.357451362778181;9.484873297408623e-09;0.30946880182928604;0.3733474254981409;0.4474984460866009
14/03/2020;0.7620551442589851;0.7620551442589851;0.6629249805225738;0.5773897236777471;0.470604663850279;0.3899893456609341;0.9265691746096478;0.9265691746096478;0.8049886082682071;0.702969427344854;0.5717861193767553;0.47579230173539;9.999999755800011e-09;9.999999755800011e-09;9.9999997728e-09;9.959999802688419e-09;9.9999998176e-09;9.998535497462948e-09;0.357451362778181;9.484873297408623e-09;0.30946880182928604;0.3733474254981409;1.0007493055814098e-08
15/03/2020;0.7620551442589851;0.7620551442589851;0.6629249805225738;0.5773897236777471;0.470604663850279;0.372754448903536;9.999999755800011e-09;9.999999755800011e-09;9.9999997728e-09;9.959999802688419e-09;9.9999998176e-09;9.998535497462948e-09;9.999999755800011e-09;9.999999755800011e-09;9.9999997728e-09;9.959999802688419e-09;9.9999998176e-09;9.998535497462948e-09;0.357451362778181;9.484873297408623e-09;0.30946880182928604;1.0007493055814098e-08;1.0007493055814098e-08
16/03/2020;0.7620551442589851;0.7620551442589851;0.6629249805225738;0.5773897236777471;0.470604663850279;0.372754448903536;0.9265691746096478;0.9265691746096478;0.8049886082682071;0.702969427344854;0.5717861193767553;0.4547654934658541;1.1250584449384897;1.1250584449384897;0.9775058203277042;0.8510542073072588;0.6908266082561972;0.5495219632354791;0.357451362778181;9.484873297408623e-09;0.30946880182928604;0.3733474254981409;0.4474984460866009
17/03/2020;0.7620551442589851;0.7620551442589851;0.6286324190062639;0.5269899221881919;0.430074784245275;0.372754448903536;0.9265691746096478;0.9265691746096478;0.7633472126653361;0.6416078925989018;0.522542190537313;0.4547654934658541;1.1250584449384897;1.1250584449384897;0.926940251883271;0.776766492534773;0.6313305568752331;0.5495219632354791;0.357451362778181;9.484873297408623e-09;0.30946880182928604;0.3733474254981409;0.4474984460866009
18/03/2020;0.6800284613038329;0.6800284613038329;0.6286324190062639;0.5269899221881919;0.430074784245275;0.372754448903536;0.826834402796478;0.826834402796478;0.7633472126653361;0.6416078925989018;0.522542190537313;0.4547654934658541;1.00395853102252;1.00395853102252;0.926940251883271;0.776766492534773;0.6313305568752331;0.5495219632354791;0.357451362778181;9.484873297408623e-09;0.30946880182928604;0.3733474254981409;0.4474984460866009
19/03/2020;0.6800284613038329;0.6800284613038329;0.6286324190062639;0.5269899221881919;0.430074784245275;0.372754448903536;0.826834402796478;0.826834402796478;0.7633472126653361;0.6416078925989018;0.522542190537313;0.4547654934658541;1.00395853102252;1.00395853102252;0.926940251883271;0.776766492534773;0.6313305568752331;0.5495219632354791;0.357451362778181;9.484873297408623e-09;0.30946880182928604;0.3733474254981409;0.4474984460866009
20/03/2020;0.6800284613038329;0.6800284613038329;0.6286324190062639;0.5269899221881919;0.430074784245275;0.372754448903536;0.826834402796478;0.826834402796478;0.7633472126653361;0.6416078925989018;0.522542190537313;0.4547654934658541;1.00395853102252;1.00395853102252;0.926940251883271;0.776766492534773;0.6313305568752331;0.5495219632354791;0.357451362778181;9.484873297408623e-09;0.30946880182928604;0.3733474254981409;0.4474984460866009
21/03/2020;0.6800284613038329;0.6800284613038329;0.6286324190062639;0.5269899221881919;0.430074784245275;0.372754448903536;0.826834402796478;0.826834402796478;0.7633472126653361;0.6416078925989018;0.522542190537313;0.4547654934658541;9.999999755800011e-09;9.999999755800011e-09;9.9999997728e-09;9.959999802688419e-09;9.9999998176e-09;9.998535497462948e-09;0.357451362778181;9.484873297408623e-09;0.30946880182928604;0.3733474254981409;1.0007493055814098e-08
22/03/2020;0.6800284613038329;0.6800284613038329;0.6286324190062639;0.5269899221881919;0.430074784245275;0.372754448903536;9.999999755800011e-09;9.999999755800011e-09;9.9999997728e-09;9.959999802688419e-09;9.9999998176e-09;9.998535497462948e-09;9.999999755800011e-09;9.999999755800011e-09;9.9999997728e-09;9.959999802688419e-09;9.9999998176e-09;9.998535497462948e-09;0.357451362778181;9.484873297408623e-09;0.30946880182928604;1.0007493055814098e-08;1.0007493055814098e-08
23/03/2020;0.6800284613038329;0.6800284613038329;0.6286324190062639;0.5269899221881919;0.430074784245275;0.372754448903536;0.826834402796478;0.826834402796478;0.7633472126653361;0.6416078925989018;0.522542190537313;0.4547654934658541;1.00395853102252;1.00395853102252;0.926940251883271;0.776766492534773;0.6313305568752331;0.5495219632354791;0.357451362778181;9.484873297408623e-09;0.30946880182928604;0.3733474254981409;0.4474984460866009
24/03/2020;0.6800284613038329;0.6800284613038329;0.6028091426837402;0.4855614376026649;0.3834759410138382;0.357924438220545;0.826834402796478;0.826834402796478;0.731990054798985;0.5911688963879019;0.465924452156322;0.4366726788899519;1.00395853102252;1.00395853102252;0.888862937485948;0.7157022153871003;0.5629255382023249;0.5276592688818839;0.357451362778181;9.484873297408623e-09;0.30946880182928604;0.3733474254981409;0.4474984460866009
25/03/2020;0.6800284613038329;0.6800284613038329;0.6028091426837402;0.4855614376026649;0.3834759410138382;0.357924438220545;0.826834402796478;0.826834402796478;0.731990054798985;0.5911688963879019;0.465924452156322;0.4366726788899519;1.00395853102252;1.00395853102252;0.888862937485948;0.7157022153871003;0.5629255382023249;0.5276592688818839;0.357451362778181;9.484873297408623e-09;0.30946880182928604;0.3733474254981409;0.4474984460866009
26/03/2020;0.6800284613038329;0.6800284613038329;0.6028091426837402;0.4855614376026649;0.3834759410138382;0.357924438220545;0.826834402796478;0.826834402796478;0.731990054798985;0.5911688963879019;0.465924452156322;0.4366726788899519;1.00395853102252;1.00395853102252;0.888862937485948;0.7157022153871003;0.5629255382023249;0.5276592688818839;0.357451362778181;9.484873297408623e-09;0.30946880182928604;0.3733474254981409;0.4474984460866009
27/03/2020;0.6800284613038329;0.6800284613038329;0.6028091426837402;0.4855614376026649;0.3834759410138382;0.357924438220545;0.826834402796478;0.826834402796478;0.731990054798985;0.5911688963879019;0.465924452156322;0.4366726788899519;1.00395853102252;1.00395853102252;0.888862937485948;0.7157022153871003;0.5629255382023249;0.5276592688818839;0.357451362778181;9.484873297408623e-09;0.30946880182928604;0.3733474254981409;0.4474984460866009
28/03/2020;0.6800284613038329;0.6800284613038329;0.6028091426837402;0.4855614376026649;0.3834759410138382;0.357924438220545;0.826834402796478;0.826834402796478;0.731990054798985;0.5911688963879019;0.465924452156322;0.4366726788899519;9.999999755800011e-09;9.999999755800011e-09;9.9999997728e-09;9.959999802688419e-09;9.9999998176e-09;9.998535497462948e-09;0.357451362778181;9.484873297408623e-09;0.30946880182928604;0.3733474254981409;1.0007493055814098e-08
29/03/2020;0.6800284613038329;0.6800284613038329;0.6028091426837402;0.4855614376026649;0.3834759410138382;0.357924438220545;9.999999755800011e-09;9.999999755800011e-09;9.9999997728e-09;9.959999802688419e-09;9.9999998176e-09;9.998535497462948e-09;9.999999755800011e-09;9.999999755800011e-09;9.9999997728e-09;9.959999802688419e-09;9.9999998176e-09;9.998535497462948e-09;0.357451362778181;9.484873297408623e-09;0.30946880182928604;1.0007493055814098e-08;1.0007493055814098e-08
30/03/2020;9.999999755800011e-09;9.999999755800011e-09;9.9999997728e-09;0.31326333416141006;0.3834759410138382;0.357924438220545;9.999999755800011e-09;9.999999755800011e-09;9.9999997728e-09;0.3813967197422649;0.465924452156322;0.4366726788899519;9.999999755800011e-09;9.999999755800011e-09;9.9999997728e-09;0.4617402554984929;0.5629255382023249;0.5276592688818839;0.357451362778181;9.484873297408623e-09;0.30946880182928604;0.3733474254981409;0.4474984460866009
31/03/2020;9.999999755800011e-09;9.999999755800011e-09;9.9999997728e-09;0.31326333416141006;0.269768715846994;0.27776219964686805;9.999999755800011e-09;9.999999755800011e-09;9.9999997728e-09;0.3813967197422649;0.32776982255423903;0.338873658410065;9.999999755800011e-09;9.999999755800011e-09;9.9999997728e-09;0.4617402554984929;0.39600841491341304;0.40948251512902006;0.276540129353796;9.484873297408623e-09;0.30946880182928604;0.3733474254981409;0.4474984460866009
01/04/2020;9.999999755800011e-09;9.999999755800011e-09;9.9999997728e-09;0.31326333416141006;0.269768715846994;0.27776219964686805;9.999999755800011e-09;9.999999755800011e-09;9.9999997728e-09;0.3813967197422649;0.32776982255423903;0.338873658410065;9.999999755800011e-09;9.999999755800011e-09;9.9999997728e-09;0.4617402554984929;0.39600841491341304;0.40948251512902006;0.25059925670459104;9.484873297408623e-09;0.27830086260371806;0.33574599427417107;0.4024289454173311
02/04/2020;9.999999755800011e-09;9.999999755800011e-09;9.9999997728e-09;0.31326333416141006;0.269768715846994;0.27776219964686805;9.999999755800011e-09;9.999999755800011e-09;9.9999997728e-09;0.3813967197422649;0.32776982255423903;0.338873658410065;9.999999755800011e-09;9.999999755800011e-09;9.9999997728e-09;0.4617402554984929;0.39600841491341304;0.40948251512902006;0.25059925670459104;9.484873297408623e-09;0.27830086260371806;0.33574599427417107;0.4024289454173311
03/04/2020;9.999999755800011e-09;9.999999755800011e-09;9.9999997728e-09;0.31326333416141006;0.269768715846994;0.27776219964686805;9.999999755800011e-09;9.999999755800011e-09;9.9999997728e-09;0.3813967197422649;0.32776982255423903;0.338873658410065;9.999999755800011e-09;9.999999755800011e-09;9.9999997728e-09;0.4617402554984929;0.39600841491341304;0.40948251512902006;0.25059925670459104;9.484873297408623e-09;0.27830086260371806;0.33574599427417107;0.4024289454173311
04/04/2020;9.999999755800011e-09;9.999999755800011e-09;9.9999997728e-09;0.31326333416141006;0.269768715846994;0.27776219964686805;9.999999755800011e-09;9.999999755800011e-09;9.9999997728e-09;0.3813967197422649;0.32776982255423903;0.338873658410065;9.999999755800011e-09;9.999999755800011e-09;9.9999997728e-09;9.959999802688419e-09;9.9999998176e-09;9.998535497462948e-09;0.25059925670459104;9.484873297408623e-09;0.27830086260371806;0.33574599427417107;1.0007493055814098e-08
05/04/2020;9.999999755800011e-09;9.999999755800011e-09;9.9999997728e-09;0.31326333416141006;0.269768715846994;0.27776219964686805;9.999999755800011e-09;9.999999755800011e-09;9.9999997728e-09;9.959999802688419e-09;9.9999998176e-09;9.998535497462948e-09;9.999999755800011e-09;9.999999755800011e-09;9.9999997728e-09;9.959999802688419e-09;9.9999998176e-09;9.998535497462948e-09;0.25059925670459104;9.484873297408623e-09;0.27830086260371806;1.0007493055814098e-08;1.0007493055814098e-08
06/04/2020;9.999999755800011e-09;9.999999755800011e-09;9.9999997728e-09;0.31326333416141006;0.269768715846994;0.27776219964686805;9.999999755800011e-09;9.999999755800011e-09;9.9999997728e-09;0.3813967197422649;0.32776982255423903;0.338873658410065;9.999999755800011e-09;9.999999755800011e-09;9.9999997728e-09;0.4617402554984929;0.39600841491341304;0.40948251512902006;0.25059925670459104;9.484873297408623e-09;0.27830086260371806;0.33574599427417107;0.4024289454173311
07/04/2020;9.999999755800011e-09;9.999999755800011e-09;9.9999997728e-09;0.2935595444400281;0.23782676864775196;0.266138663693358;9.999999755800011e-09;9.999999755800011e-09;9.9999997728e-09;0.357407443160174;0.288960258099513;0.32469278658072914;9.999999755800011e-09;9.999999755800011e-09;9.9999997728e-09;0.432697492084785;0.34911906438251505;0.3923468690872369;0.25059925670459104;9.484873297408623e-09;0.27830086260371806;0.33574599427417107;0.4024289454173311
08/04/2020;9.999999755800011e-09;9.999999755800011e-09;9.9999997728e-09;0.2935595444400281;0.23782676864775196;0.266138663693358;9.999999755800011e-09;9.999999755800011e-09;9.9999997728e-09;0.357407443160174;0.288960258099513;0.32469278658072914;9.999999755800011e-09;9.999999755800011e-09;9.9999997728e-09;0.432697492084785;0.34911906438251505;0.3923468690872369;0.25059925670459104;9.484873297408623e-09;0.27830086260371806;0.33574599427417107;0.4024289454173311
09/04/2020;9.999999755800011e-09;9.999999755800011e-09;9.9999997728e-09;0.2935595444400281;0.23782676864775196;0.266138663693358;9.999999755800011e-09;9.999999755800011e-09;9.9999997728e-09;0.357407443160174;0.288960258099513;0.32469278658072914;9.999999755800011e-09;9.999999755800011e-09;9.9999997728e-09;0.432697492084785;0.34911906438251505;0.3923468690872369;0.25059925670459104;9.484873297408623e-09;0.27830086260371806;0.33574599427417107;0.4024289454173311
10/04/2020;9.999999755800011e-09;9.999999755800011e-09;9.9999997728e-09;0.2935595444400281;0.23782676864775196;0.266138663693358;9.999999755800011e-09;9.999999755800011e-09;9.9999997728e-09;0.357407443160174;0.288960258099513;0.32469278658072914;9.999999755800011e-09;9.999999755800011e-09;9.9999997728e-09;0.432697492084785;0.34911906438251505;0.3923468690872369;0.25059925670459104;9.484873297408623e-09;0.27830086260371806;0.33574599427417107;0.4024289454173311
11/04/2020;9.999999755800011e-09;9.999999755800011e-09;9.9999997728e-09;0.2935595444400281;0.23782676864775196;0.266138663693358;9.999999755800011e-09;9.999999755800011e-09;9.9999997728e-09;0.357407443160174;0.288960258099513;0.32469278658072914;9.999999755800011e-09;9.999999755800011e-09;9.9999997728e-09;9.959999802688419e-09;9.9999998176e-09;9.998535497462948e-09;0.25059925670459104;9.484873297408623e-09;0.27830086260371806;0.33574599427417107;1.0007493055814098e-08
12/04/2020;9.999999755800011e-09;9.999999755800011e-09;9.9999997728e-09;0.2935595444400281;0.23782676864775196;0.266138663693358;9.999999755800011e-09;9.999999755800011e-09;9.9999997728e-09;9.959999802688419e-09;9.9999998176e-09;9.998535497462948e-09;9.999999755800011e-09;9.999999755800011e-09;9.9999997728e-09;9.959999802688419e-09;9.9999998176e-09;9.998535497462948e-09;0.25059925670459104;9.484873297408623e-09;0.27830086260371806;1.0007493055814098e-08;1.0007493055814098e-08
13/04/2020;9.999999755800011e-09;9.999999755800011e-09;9.9999997728e-09;0.2935595444400281;0.23782676864775196;0.266138663693358;9.999999755800011e-09;9.999999755800011e-09;9.9999997728e-09;9.959999802688419e-09;9.9999998176e-09;9.998535497462948e-09;9.999999755800011e-09;9.999999755800011e-09;9.9999997728e-09;9.959999802688419e-09;9.9999998176e-09;9.998535497462948e-09;0.25059925670459104;9.484873297408623e-09;0.27830086260371806;1.0007493055814098e-08;1.0007493055814098e-08
14/04/2020;9.999999755800011e-09;9.999999755800011e-09;9.9999997728e-09;9.959999802688419e-09;9.9999998176e-09;0.26573784934762396;9.999999755800011e-09;9.999999755800011e-09;9.9999997728e-09;9.959999802688419e-09;9.9999998176e-09;0.32420378763179014;9.999999755800011e-09;9.999999755800011e-09;9.9999997728e-09;9.959999802688419e-09;9.9999998176e-09;0.391755980670456;0.25059925670459104;9.484873297408623e-09;0.27830086260371806;0.33574599427417107;0.4024289454173311
15/04/2020;9.999999755800011e-09;9.999999755800011e-09;9.9999997728e-09;9.959999802688419e-09;9.9999998176e-09;0.26573784934762396;9.999999755800011e-09;9.999999755800011e-09;9.9999997728e-09;9.959999802688419e-09;9.9999998176e-09;0.32420378763179014;9.999999755800011e-09;9.999999755800011e-09;9.9999997728e-09;9.959999802688419e-09;9.9999998176e-09;0.391755980670456;0.25059925670459104;9.484873297408623e-09;0.27830086260371806;0.33574599427417107;0.4024289454173311
16/04/2020;9.999999755800011e-09;9.999999755800011e-09;9.9999997728e-09;9.959999802688419e-09;9.9999998176e-09;0.26573784934762396;9.999999755800011e-09;9.999999755800011e-09;9.9999997728e-09;9.959999802688419e-09;9.9999998176e-09;0.32420378763179014;9.999999755800011e-09;9.999999755800011e-09;9.9999997728e-09;9.959999802688419e-09;9.9999998176e-09;0.391755980670456;0.25059925670459104;9.484873297408623e-09;0.27830086260371806;0.33574599427417107;0.4024289454173311
17/04/2020;9.999999755800011e-09;9.999999755800011e-09;9.9999997728e-09;9.959999802688419e-09;9.9999998176e-09;0.26573784934762396;9.999999755800011e-09;9.999999755800011e-09;9.9999997728e-09;9.959999802688419e-09;9.9999998176e-09;0.32420378763179014;9.999999755800011e-09;9.999999755800011e-09;9.9999997728e-09;9.959999802688419e-09;9.9999998176e-09;0.391755980670456;0.25059925670459104;9.484873297408623e-09;0.27830086260371806;0.33574599427417107;0.4024289454173311
18/04/2020;9.999999755800011e-09;9.999999755800011e-09;9.9999997728e-09;9.959999802688419e-09;9.9999998176e-09;0.26573784934762396;9.999999755800011e-09;9.999999755800011e-09;9.9999997728e-09;9.959999802688419e-09;9.9999998176e-09;0.32420378763179014;9.999999755800011e-09;9.999999755800011e-09;9.9999997728e-09;9.959999802688419e-09;9.9999998176e-09;9.998535497462948e-09;0.25059925670459104;9.484873297408623e-09;0.27830086260371806;0.33574599427417107;1.0007493055814098e-08
19/04/2020;9.999999755800011e-09;9.999999755800011e-09;9.9999997728e-09;9.959999802688419e-09;9.9999998176e-09;0.26573784934762396;9.999999755800011e-09;9.999999755800011e-09;9.9999997728e-09;9.959999802688419e-09;9.9999998176e-09;9.998535497462948e-09;9.999999755800011e-09;9.999999755800011e-09;9.9999997728e-09;9.959999802688419e-09;9.9999998176e-09;9.998535497462948e-09;0.25059925670459104;9.484873297408623e-09;0.27830086260371806;1.0007493055814098e-08;1.0007493055814098e-08
20/04/2020;9.999999755800011e-09;9.999999755800011e-09;9.9999997728e-09;9.959999802688419e-09;9.9999998176e-09;0.26573784934762396;9.999999755800011e-09;9.999999755800011e-09;9.9999997728e-09;9.959999802688419e-09;9.9999998176e-09;0.32420378763179014;9.999999755800011e-09;9.999999755800011e-09;9.9999997728e-09;9.959999802688419e-09;9.9999998176e-09;0.391755980670456;0.25059925670459104;9.484873297408623e-09;0.27830086260371806;0.33574599427417107;0.4024289454173311
21/04/2020;9.999999755800011e-09;9.999999755800011e-09;9.9999997728e-09;9.959999802688419e-09;9.9999998176e-09;0.26573784934762396;9.999999755800011e-09;9.999999755800011e-09;9.9999997728e-09;9.959999802688419e-09;9.9999998176e-09;0.32420378763179014;9.999999755800011e-09;9.999999755800011e-09;9.9999997728e-09;9.959999802688419e-09;9.9999998176e-09;0.391755980670456;0.25059925670459104;9.484873297408623e-09;0.27830086260371806;0.33574599427417107;0.4024289454173311
22/04/2020;9.999999755800011e-09;9.999999755800011e-09;9.9999997728e-09;9.959999802688419e-09;9.9999998176e-09;0.13988312567867195;9.999999755800011e-09;9.999999755800011e-09;9.9999997728e-09;9.959999802688419e-09;9.9999998176e-09;0.17065931436614404;9.999999755800011e-09;9.999999755800011e-09;9.9999997728e-09;9.959999802688419e-09;9.9999998176e-09;0.20621846385085404;0.25059925670459104;9.484873297408623e-09;0.27830086260371806;0.33574599427417107;0.4024289454173311
23/04/2020;9.999999755800011e-09;9.999999755800011e-09;9.9999997728e-09;9.959999802688419e-09;9.9999998176e-09;0.13988312567867195;9.999999755800011e-09;9.999999755800011e-09;9.9999997728e-09;9.959999802688419e-09;9.9999998176e-09;0.17065931436614404;9.999999755800011e-09;9.999999755800011e-09;9.9999997728e-09;9.959999802688419e-09;9.9999998176e-09;0.20621846385085404;0.25059925670459104;9.484873297408623e-09;0.27830086260371806;0.33574599427417107;0.4024289454173311
24/04/2020;9.999999755800011e-09;9.999999755800011e-09;9.9999997728e-09;9.959999802688419e-09;9.9999998176e-09;0.13988312567867195;9.999999755800011e-09;9.999999755800011e-09;9.9999997728e-09;9.959999802688419e-09;9.9999998176e-09;0.17065931436614404;9.999999755800011e-09;9.999999755800011e-09;9.9999997728e-09;9.959999802688419e-09;9.9999998176e-09;0.20621846385085404;0.25059925670459104;9.484873297408623e-09;0.27830086260371806;0.33574599427417107;0.4024289454173311
25/04/2020;9.999999755800011e-09;9.999999755800011e-09;9.9999997728e-09;9.959999802688419e-09;9.9999998176e-09;0.13988312567867195;9.999999755800011e-09;9.999999755800011e-09;9.9999997728e-09;9.959999802688419e-09;9.9999998176e-09;9.998535497462948e-09;9.999999755800011e-09;9.999999755800011e-09;9.9999997728e-09;9.959999802688419e-09;9.9999998176e-09;9.998535497462948e-09;0.25059925670459104;9.484873297408623e-09;0.27830086260371806;1.0007493055814098e-08;1.0007493055814098e-08
26/04/2020;9.999999755800011e-09;9.999999755800011e-09;9.9999997728e-09;9.959999802688419e-09;9.9999998176e-09;0.13988312567867195;9.999999755800011e-09;9.999999755800011e-09;9.9999997728e-09;9.959999802688419e-09;9.9999998176e-09;9.998535497462948e-09;9.999999755800011e-09;9.999999755800011e-09;9.9999997728e-09;9.959999802688419e-09;9.9999998176e-09;9.998535497462948e-09;0.25059925670459104;9.484873297408623e-09;0.27830086260371806;1.0007493055814098e-08;1.0007493055814098e-08
27/04/2020;9.999999755800011e-09;9.999999755800011e-09;9.9999997728e-09;9.959999802688419e-09;9.9999998176e-09;0.13988312567867195;9.999999755800011e-09;9.999999755800011e-09;9.9999997728e-09;9.959999802688419e-09;9.9999998176e-09;0.17065931436614404;9.999999755800011e-09;9.999999755800011e-09;9.9999997728e-09;9.959999802688419e-09;9.9999998176e-09;0.20621846385085404;0.25059925670459104;9.484873297408623e-09;0.27830086260371806;0.33574599427417107;0.4024289454173311
28/04/2020;9.999999755800011e-09;9.999999755800011e-09;9.9999997728e-09;9.959999802688419e-09;9.9999998176e-09;0.13988312567867195;9.999999755800011e-09;9.999999755800011e-09;9.9999997728e-09;9.959999802688419e-09;9.9999998176e-09;0.17065931436614404;9.999999755800011e-09;9.999999755800011e-09;9.9999997728e-09;9.959999802688419e-09;9.9999998176e-09;0.20621846385085404;0.25059925670459104;9.484873297408623e-09;0.27830086260371806;0.33574599427417107;0.4024289454173311
29/04/2020;9.999999755800011e-09;9.999999755800011e-09;9.9999997728e-09;9.959999802688419e-09;9.9999998176e-09;0.13988312567867195;9.999999755800011e-09;9.999999755800011e-09;9.9999997728e-09;9.959999802688419e-09;9.9999998176e-09;0.17065931436614404;9.999999755800011e-09;9.999999755800011e-09;9.9999997728e-09;9.959999802688419e-09;9.9999998176e-09;0.20621846385085404;0.25059925670459104;9.484873297408623e-09;0.27830086260371806;0.33574599427417107;0.4024289454173311
30/04/2020;9.999999755800011e-09;9.999999755800011e-09;9.9999997728e-09;9.959999802688419e-09;9.9999998176e-09;0.13988312567867195;9.999999755800011e-09;9.999999755800011e-09;9.9999997728e-09;9.959999802688419e-09;9.9999998176e-09;0.17065931436614404;9.999999755800011e-09;9.999999755800011e-09;9.9999997728e-09;9.959999802688419e-09;9.9999998176e-09;0.20621846385085404;0.20720592091944903;9.484873297408623e-09;0.27830086260371806;0.33574599427417107;0.4024289454173311
01/05/2020;9.999999755800011e-09;9.999999755800011e-09;9.9999997728e-09;9.959999802688419e-09;9.9999998176e-09;0.09419064058339618;9.999999755800011e-09;9.999999755800011e-09;9.9999997728e-09;9.959999802688419e-09;9.9999998176e-09;9.998535497462948e-09;9.999999755800011e-09;9.999999755800011e-09;9.9999997728e-09;9.959999802688419e-09;9.9999998176e-09;9.998535497462948e-09;0.20720592091944903;9.484873297408623e-09;0.2413227924555051;1.0007493055814098e-08;1.0007493055814098e-08
02/05/2020;9.999999755800011e-09;9.999999755800011e-09;9.9999997728e-09;9.959999802688419e-09;9.9999998176e-09;0.09419064058339618;9.999999755800011e-09;9.999999755800011e-09;9.9999997728e-09;9.959999802688419e-09;9.9999998176e-09;0.11491386158038303;9.999999755800011e-09;9.999999755800011e-09;9.9999997728e-09;9.959999802688419e-09;9.9999998176e-09;9.998535497462948e-09;0.20720592091944903;9.484873297408623e-09;0.2413227924555051;0.291135141069845;1.0007493055814098e-08
03/05/2020;9.999999755800011e-09;9.999999755800011e-09;9.9999997728e-09;9.959999802688419e-09;9.9999998176e-09;0.09419064058339618;9.999999755800011e-09;9.999999755800011e-09;9.9999997728e-09;9.959999802688419e-09;9.9999998176e-09;9.998535497462948e-09;9.999999755800011e-09;9.999999755800011e-09;9.9999997728e-09;9.959999802688419e-09;9.9999998176e-09;9.998535497462948e-09;0.20720592091944903;9.484873297408623e-09;0.2413227924555051;1.0007493055814098e-08;1.0007493055814098e-08
04/05/2020;9.999999755800011e-09;9.999999755800011e-09;9.9999997728e-09;9.959999802688419e-09;9.9999998176e-09;0.09419064058339618;9.999999755800011e-09;9.999999755800011e-09;9.9999997728e-09;9.959999802688419e-09;9.9999998176e-09;0.11491386158038303;9.999999755800011e-09;9.999999755800011e-09;9.9999997728e-09;9.959999802688419e-09;9.9999998176e-09;0.138857700784116;0.20720592091944903;9.484873297408623e-09;0.2413227924555051;0.291135141069845;0.34895787229851316
05/05/2020;9.999999755800011e-09;9.999999755800011e-09;9.9999997728e-09;9.959999802688419e-09;9.9999998176e-09;0.09419064058339618;9.999999755800011e-09;9.999999755800011e-09;9.9999997728e-09;9.959999802688419e-09;9.9999998176e-09;0.11491386158038303;9.999999755800011e-09;9.999999755800011e-09;9.9999997728e-09;9.959999802688419e-09;9.9999998176e-09;0.138857700784116;0.20720592091944903;9.484873297408623e-09;0.2413227924555051;0.291135141069845;0.34895787229851316
06/05/2020;9.999999755800011e-09;9.999999755800011e-09;9.9999997728e-09;9.959999802688419e-09;9.9999998176e-09;0.09419064058339618;9.999999755800011e-09;9.999999755800011e-09;9.9999997728e-09;9.959999802688419e-09;9.9999998176e-09;0.11491386158038303;9.999999755800011e-09;9.999999755800011e-09;9.9999997728e-09;9.959999802688419e-09;9.9999998176e-09;0.138857700784116;0.20720592091944903;9.484873297408623e-09;0.2413227924555051;0.291135141069845;0.34895787229851316
07/05/2020;9.999999755800011e-09;9.999999755800011e-09;9.9999997728e-09;9.959999802688419e-09;9.9999998176e-09;0.09419064058339618;9.999999755800011e-09;9.999999755800011e-09;9.9999997728e-09;9.959999802688419e-09;9.9999998176e-09;0.11491386158038303;9.999999755800011e-09;9.999999755800011e-09;9.9999997728e-09;9.959999802688419e-09;9.9999998176e-09;0.138857700784116;0.20720592091944903;9.484873297408623e-09;0.2413227924555051;0.291135141069845;0.34895787229851316
08/05/2020;9.999999755800011e-09;9.999999755800011e-09;9.9999997728e-09;9.959999802688419e-09;9.9999998176e-09;0.07535251647035633;9.999999755800011e-09;9.999999755800011e-09;9.9999997728e-09;9.959999802688419e-09;9.9999998176e-09;0.09193109414880121;9.999999755800011e-09;9.999999755800011e-09;9.9999997728e-09;9.959999802688419e-09;9.9999998176e-09;0.11108616652953697;0.20720592091944903;9.484873297408623e-09;0.2413227924555051;0.291135141069845;0.34895787229851316
09/05/2020;9.999999755800011e-09;9.999999755800011e-09;9.9999997728e-09;9.959999802688419e-09;9.9999998176e-09;0.07535251647035633;9.999999755800011e-09;9.999999755800011e-09;9.9999997728e-09;9.959999802688419e-09;9.9999998176e-09;0.09193109414880121;9.999999755800011e-09;9.999999755800011e-09;9.9999997728e-09;9.959999802688419e-09;9.9999998176e-09;9.998535497462948e-09;0.20720592091944903;9.484873297408623e-09;0.2413227924555051;0.291135141069845;1.0007493055814098e-08
10/05/2020;9.999999755800011e-09;9.999999755800011e-09;9.9999997728e-09;9.959999802688419e-09;9.9999998176e-09;0.07535251647035633;9.999999755800011e-09;9.999999755800011e-09;9.9999997728e-09;9.959999802688419e-09;9.9999998176e-09;9.998535497462948e-09;9.999999755800011e-09;9.999999755800011e-09;9.9999997728e-09;9.959999802688419e-09;9.9999998176e-09;9.998535497462948e-09;0.20720592091944903;9.484873297408623e-09;0.2413227924555051;1.0007493055814098e-08;1.0007493055814098e-08
11/05/2020;9.999999755800011e-09;9.999999755800011e-09;9.9999997728e-09;9.959999802688419e-09;9.9999998176e-09;0.07535251647035633;9.999999755800011e-09;9.999999755800011e-09;9.9999997728e-09;9.959999802688419e-09;9.9999998176e-09;0.09193109414880121;9.999999755800011e-09;9.999999755800011e-09;9.9999997728e-09;9.959999802688419e-09;9.9999998176e-09;0.11108616652953697;0.20720592091944903;9.484873297408623e-09;0.2413227924555051;0.291135141069845;0.34895787229851316
12/05/2020;9.999999755800011e-09;9.999999755800011e-09;9.9999997728e-09;9.959999802688419e-09;9.9999998176e-09;0.07535251647035633;9.999999755800011e-09;9.999999755800011e-09;9.9999997728e-09;9.959999802688419e-09;9.9999998176e-09;0.09193109414880121;9.999999755800011e-09;9.999999755800011e-09;9.9999997728e-09;9.959999802688419e-09;9.9999998176e-09;0.11108616652953697;0.20720592091944903;9.484873297408623e-09;0.2413227924555051;0.291135141069845;0.34895787229851316
13/05/2020;9.999999755800011e-09;9.999999755800011e-09;9.9999997728e-09;9.959999802688419e-09;9.9999998176e-09;0.07535251647035633;9.999999755800011e-09;9.999999755800011e-09;9.9999997728e-09;9.959999802688419e-09;9.9999998176e-09;0.09193109414880121;9.999999755800011e-09;9.999999755800011e-09;9.9999997728e-09;9.959999802688419e-09;9.9999998176e-09;0.11108616652953697;0.20720592091944903;9.484873297408623e-09;0.2413227924555051;0.291135141069845;0.34895787229851316
14/05/2020;9.999999755800011e-09;9.999999755800011e-09;9.9999997728e-09;9.959999802688419e-09;9.9999998176e-09;0.07535251647035633;9.999999755800011e-09;9.999999755800011e-09;9.9999997728e-09;9.959999802688419e-09;9.9999998176e-09;0.09193109414880121;9.999999755800011e-09;9.999999755800011e-09;9.9999997728e-09;9.959999802688419e-09;9.9999998176e-09;0.11108616652953697;0.20720592091944903;9.484873297408623e-09;0.2413227924555051;0.291135141069845;0.34895787229851316
15/05/2020;9.999999755800011e-09;9.999999755800011e-09;9.9999997728e-09;9.959999802688419e-09;9.9999998176e-09;0.07535251647035633;9.999999755800011e-09;9.999999755800011e-09;9.9999997728e-09;9.959999802688419e-09;9.9999998176e-09;9.998535497462948e-09;9.999999755800011e-09;9.999999755800011e-09;9.9999997728e-09;9.959999802688419e-09;9.9999998176e-09;9.998535497462948e-09;0.20720592091944903;9.484873297408623e-09;0.2413227924555051;0.291135141069845;0.34895787229851316
16/05/2020;9.999999755800011e-09;9.999999755800011e-09;9.9999997728e-09;9.959999802688419e-09;9.9999998176e-09;0.07535251647035633;9.999999755800011e-09;9.999999755800011e-09;9.9999997728e-09;9.959999802688419e-09;9.9999998176e-09;0.09193109414880121;9.999999755800011e-09;9.999999755800011e-09;9.9999997728e-09;9.959999802688419e-09;9.9999998176e-09;9.998535497462948e-09;0.20720592091944903;9.484873297408623e-09;0.2413227924555051;0.291135141069845;1.0007493055814098e-08
17/05/2020;9.999999755800011e-09;9.999999755800011e-09;9.9999997728e-09;9.959999802688419e-09;9.9999998176e-09;0.07535251647035633;9.999999755800011e-09;9.999999755800011e-09;9.9999997728e-09;9.959999802688419e-09;9.9999998176e-09;9.998535497462948e-09;9.999999755800011e-09;9.999999755800011e-09;9.9999997728e-09;9.959999802688419e-09;9.9999998176e-09;9.998535497462948e-09;0.20720592091944903;9.484873297408623e-09;0.2413227924555051;1.0007493055814098e-08;1.0007493055814098e-08
18/05/2020;9.999999755800011e-09;9.999999755800011e-09;9.9999997728e-09;9.959999802688419e-09;9.9999998176e-09;0.056113578011582094;9.999999755800011e-09;9.999999755800011e-09;9.9999997728e-09;9.959999802688419e-09;9.9999998176e-09;0.06845932776828008;9.999999755800011e-09;9.999999755800011e-09;9.9999997728e-09;9.959999802688419e-09;9.9999998176e-09;0.08272374385817617;0.20720592091944903;9.484873297408623e-09;0.2413227924555051;0.291135141069845;0.34895787229851316
19/05/2020;9.999999755800011e-09;9.999999755800011e-09;9.9999997728e-09;9.959999802688419e-09;9.9999998176e-09;0.056113578011582094;9.999999755800011e-09;9.999999755800011e-09;9.9999997728e-09;9.959999802688419e-09;9.9999998176e-09;0.06845932776828008;9.999999755800011e-09;9.999999755800011e-09;9.9999997728e-09;9.959999802688419e-09;9.9999998176e-09;0.08272374385817617;0.20720592091944903;9.484873297408623e-09;0.2413227924555051;0.291135141069845;0.34895787229851316
20/05/2020;9.999999755800011e-09;9.999999755800011e-09;9.9999997728e-09;9.959999802688419e-09;9.9999998176e-09;0.056113578011582094;9.999999755800011e-09;9.999999755800011e-09;9.9999997728e-09;9.959999802688419e-09;9.9999998176e-09;0.06845932776828008;9.999999755800011e-09;9.999999755800011e-09;9.9999997728e-09;9.959999802688419e-09;9.9999998176e-09;0.08272374385817617;0.20720592091944903;9.484873297408623e-09;0.2413227924555051;0.291135141069845;0.34895787229851316
21/05/2020;9.999999755800011e-09;9.999999755800011e-09;9.9999997728e-09;9.959999802688419e-09;9.9999998176e-09;0.056113578011582094;9.999999755800011e-09;9.999999755800011e-09;9.9999997728e-09;9.959999802688419e-09;9.9999998176e-09;0.06845932776828008;9.999999755800011e-09;9.999999755800011e-09;9.9999997728e-09;9.959999802688419e-09;9.9999998176e-09;0.08272374385817617;0.20720592091944903;9.484873297408623e-09;0.2413227924555051;0.291135141069845;0.34895787229851316
22/05/2020;9.999999755800011e-09;9.999999755800011e-09;9.9999997728e-09;9.959999802688419e-09;9.9999998176e-09;0.056113578011582094;9.999999755800011e-09;9.999999755800011e-09;9.9999997728e-09;9.959999802688419e-09;9.9999998176e-09;0.06845932776828008;9.999999755800011e-09;9.999999755800011e-09;9.9999997728e-09;9.959999802688419e-09;9.9999998176e-09;0.08272374385817617;0.20720592091944903;9.484873297408623e-09;0.2413227924555051;0.291135141069845;0.34895787229851316
23/05/2020;9.999999755800011e-09;9.999999755800011e-09;9.9999997728e-09;9.959999802688419e-09;9.9999998176e-09;0.056113578011582094;9.999999755800011e-09;9.999999755800011e-09;9.9999997728e-09;9.959999802688419e-09;9.9999998176e-09;0.06845932776828008;9.999999755800011e-09;9.999999755800011e-09;9.9999997728e-09;9.959999802688419e-09;9.9999998176e-09;9.998535497462948e-09;0.20720592091944903;9.484873297408623e-09;0.2413227924555051;0.291135141069845;1.0007493055814098e-08
24/05/2020;9.999999755800011e-09;9.999999755800011e-09;9.9999997728e-09;9.959999802688419e-09;9.9999998176e-09;0.056113578011582094;9.999999755800011e-09;9.999999755800011e-09;9.9999997728e-09;9.959999802688419e-09;9.9999998176e-09;9.998535497462948e-09;9.999999755800011e-09;9.999999755800011e-09;9.9999997728e-09;9.959999802688419e-09;9.9999998176e-09;9.998535497462948e-09;0.20720592091944903;9.484873297408623e-09;0.2413227924555051;1.0007493055814098e-08;1.0007493055814098e-08
25/05/2020;9.999999755800011e-09;9.999999755800011e-09;9.9999997728e-09;9.959999802688419e-09;9.9999998176e-09;0.05170465023579909;9.999999755800011e-09;9.999999755800011e-09;9.9999997728e-09;9.959999802688419e-09;9.9999998176e-09;0.06308037596366162;9.999999755800011e-09;9.999999755800011e-09;9.9999997728e-09;9.959999802688419e-09;9.9999998176e-09;0.07622401554040993;0.20720592091944903;9.484873297408623e-09;0.2413227924555051;0.291135141069845;0.34895787229851316
26/05/2020;9.999999755800011e-09;9.999999755800011e-09;9.9999997728e-09;9.959999802688419e-09;9.9999998176e-09;0.05170465023579909;9.999999755800011e-09;9.999999755800011e-09;9.9999997728e-09;9.959999802688419e-09;9.9999998176e-09;0.06308037596366162;9.999999755800011e-09;9.999999755800011e-09;9.9999997728e-09;9.959999802688419e-09;9.9999998176e-09;0.07622401554040993;0.20720592091944903;9.484873297408623e-09;0.2413227924555051;0.291135141069845;0.34895787229851316
27/05/2020;9.999999755800011e-09;9.999999755800011e-09;9.9999997728e-09;9.959999802688419e-09;9.9999998176e-09;0.05170465023579909;9.999999755800011e-09;9.999999755800011e-09;9.9999997728e-09;9.959999802688419e-09;9.9999998176e-09;0.06308037596366162;9.999999755800011e-09;9.999999755800011e-09;9.9999997728e-09;9.959999802688419e-09;9.9999998176e-09;0.07622401554040993;0.20720592091944903;9.484873297408623e-09;0.2413227924555051;0.291135141069845;0.34895787229851316
28/05/2020;9.999999755800011e-09;9.999999755800011e-09;9.9999997728e-09;9.959999802688419e-09;9.9999998176e-09;0.05170465023579909;9.999999755800011e-09;9.999999755800011e-09;9.9999997728e-09;9.959999802688419e-09;9.9999998176e-09;0.06308037596366162;9.999999755800011e-09;9.999999755800011e-09;9.9999997728e-09;9.959999802688419e-09;9.9999998176e-09;0.07622401554040993;0.20720592091944903;9.484873297408623e-09;0.2413227924555051;0.291135141069845;0.34895787229851316
29/05/2020;9.999999755800011e-09;9.999999755800011e-09;9.9999997728e-09;9.959999802688419e-09;9.9999998176e-09;0.05170465023579909;9.999999755800011e-09;9.999999755800011e-09;9.9999997728e-09;9.959999802688419e-09;9.9999998176e-09;0.06308037596366162;9.999999755800011e-09;9.999999755800011e-09;9.9999997728e-09;9.959999802688419e-09;9.9999998176e-09;0.07622401554040993;0.20720592091944903;9.484873297408623e-09;0.2413227924555051;0.291135141069845;0.34895787229851316
30/05/2020;9.999999755800011e-09;9.999999755800011e-09;9.9999997728e-09;9.959999802688419e-09;9.9999998176e-09;0.05170465023579909;9.999999755800011e-09;9.999999755800011e-09;9.9999997728e-09;9.959999802688419e-09;9.9999998176e-09;0.06308037596366162;9.999999755800011e-09;9.999999755800011e-09;9.9999997728e-09;9.959999802688419e-09;9.9999998176e-09;9.998535497462948e-09;0.20720592091944903;9.484873297408623e-09;0.2413227924555051;0.291135141069845;1.0007493055814098e-08
31/05/2020;9.999999755800011e-09;9.999999755800011e-09;9.9999997728e-09;9.959999802688419e-09;9.9999998176e-09;0.05170465023579909;9.999999755800011e-09;9.999999755800011e-09;9.9999997728e-09;9.959999802688419e-09;9.9999998176e-09;9.998535497462948e-09;9.999999755800011e-09;9.999999755800011e-09;9.9999997728e-09;9.959999802688419e-09;9.9999998176e-09;9.998535497462948e-09;0.192509827933709;0.772110884170161;0.2413227924555051;1.0007493055814098e-08;1.0007493055814098e-08
01/06/2020;9.999999755800011e-09;9.999999755800011e-09;9.9999997728e-09;9.959999802688419e-09;9.9999998176e-09;0.0244494849169276;9.999999755800011e-09;9.999999755800011e-09;9.9999997728e-09;9.959999802688419e-09;9.9999998176e-09;0.0298287038717811;9.999999755800011e-09;9.999999755800011e-09;9.9999997728e-09;9.959999802688419e-09;9.9999998176e-09;0.036043913067079686;0.192509827933709;0.772110884170161;0.22857719716170205;0.27575867933523907;0.330527471383426
02/06/2020;9.999999755800011e-09;9.999999755800011e-09;9.9999997728e-09;9.959999802688419e-09;9.9999998176e-09;0.0244494849169276;9.999999755800011e-09;9.999999755800011e-09;9.9999997728e-09;9.959999802688419e-09;9.9999998176e-09;9.998535497462948e-09;9.999999755800011e-09;9.999999755800011e-09;9.9999997728e-09;9.959999802688419e-09;9.9999998176e-09;9.998535497462948e-09;0.192509827933709;0.772110884170161;0.22857719716170205;1.0007493055814098e-08;1.0007493055814098e-08
03/06/2020;9.999999755800011e-09;9.999999755800011e-09;9.9999997728e-09;9.959999802688419e-09;9.9999998176e-09;0.0244494849169276;9.999999755800011e-09;9.999999755800011e-09;9.9999997728e-09;9.959999802688419e-09;9.9999998176e-09;0.0298287038717811;9.999999755800011e-09;9.999999755800011e-09;9.9999997728e-09;9.959999802688419e-09;9.9999998176e-09;0.036043913067079686;0.192509827933709;0.772110884170161;0.22857719716170205;0.27575867933523907;0.330527471383426
04/06/2020;9.999999755800011e-09;9.999999755800011e-09;9.9999997728e-09;9.959999802688419e-09;9.9999998176e-09;0.0244494849169276;9.999999755800011e-09;9.999999755800011e-09;9.9999997728e-09;9.959999802688419e-09;9.9999998176e-09;0.0298287038717811;9.999999755800011e-09;9.999999755800011e-09;9.9999997728e-09;9.959999802688419e-09;9.9999998176e-09;0.036043913067079686;0.192509827933709;0.772110884170161;0.22857719716170205;0.27575867933523907;0.330527471383426
05/06/2020;9.999999755800011e-09;9.999999755800011e-09;9.9999997728e-09;9.959999802688419e-09;9.9999998176e-09;0.0244494849169276;9.999999755800011e-09;9.999999755800011e-09;9.9999997728e-09;9.959999802688419e-09;9.9999998176e-09;0.0298287038717811;9.999999755800011e-09;9.999999755800011e-09;9.9999997728e-09;9.959999802688419e-09;9.9999998176e-09;0.036043913067079686;0.192509827933709;0.772110884170161;0.22857719716170205;0.27575867933523907;0.330527471383426
06/06/2020;9.999999755800011e-09;9.999999755800011e-09;9.9999997728e-09;9.959999802688419e-09;9.9999998176e-09;0.0244494849169276;9.999999755800011e-09;9.999999755800011e-09;9.9999997728e-09;9.959999802688419e-09;9.9999998176e-09;0.0298287038717811;9.999999755800011e-09;9.999999755800011e-09;9.9999997728e-09;9.959999802688419e-09;9.9999998176e-09;9.998535497462948e-09;0.192509827933709;0.772110884170161;0.22857719716170205;0.27575867933523907;1.0007493055814098e-08
07/06/2020;9.999999755800011e-09;9.999999755800011e-09;9.9999997728e-09;9.959999802688419e-09;9.9999998176e-09;0.0244494849169276;9.999999755800011e-09;9.999999755800011e-09;9.9999997728e-09;9.959999802688419e-09;9.9999998176e-09;9.998535497462948e-09;9.999999755800011e-09;9.999999755800011e-09;9.9999997728e-09;9.959999802688419e-09;9.9999998176e-09;9.998535497462948e-09;0.192509827933709;0.772110884170161;0.22857719716170205;1.0007493055814098e-08;1.0007493055814098e-08
08/06/2020;9.999999755800011e-09;9.999999755800011e-09;9.9999997728e-09;9.959999802688419e-09;9.9999998176e-09;0.014429206346355304;9.999999755800011e-09;9.999999755800011e-09;9.9999997728e-09;9.959999802688419e-09;9.9999998176e-09;0.017603827838199804;9.999999755800011e-09;9.999999755800011e-09;9.9999997728e-09;9.959999802688419e-09;9.9999998176e-09;0.021271820692423005;0.192509827933709;0.772110884170161;0.22857719716170205;0.27575867933523907;0.330527471383426
09/06/2020;9.999999755800011e-09;9.999999755800011e-09;9.9999997728e-09;9.959999802688419e-09;9.9999998176e-09;0.014429206346355304;9.999999755800011e-09;9.999999755800011e-09;9.9999997728e-09;9.959999802688419e-09;9.9999998176e-09;0.017603827838199804;9.999999755800011e-09;9.999999755800011e-09;9.9999997728e-09;9.959999802688419e-09;9.9999998176e-09;0.021271820692423005;0.192509827933709;0.772110884170161;0.22857719716170205;0.27575867933523907;0.330527471383426
10/06/2020;9.999999755800011e-09;9.999999755800011e-09;9.9999997728e-09;9.959999802688419e-09;9.9999998176e-09;0.014429206346355304;9.999999755800011e-09;9.999999755800011e-09;9.9999997728e-09;9.959999802688419e-09;9.9999998176e-09;0.017603827838199804;9.999999755800011e-09;9.999999755800011e-09;9.9999997728e-09;9.959999802688419e-09;9.9999998176e-09;0.021271820692423005;0.192509827933709;0.772110884170161;0.22857719716170205;0.27575867933523907;0.330527471383426
11/06/2020;9.999999755800011e-09;9.999999755800011e-09;9.9999997728e-09;9.959999802688419e-09;9.9999998176e-09;0.014429206346355304;9.999999755800011e-09;9.999999755800011e-09;9.9999997728e-09;9.959999802688419e-09;9.9999998176e-09;0.017603827838199804;9.999999755800011e-09;9.999999755800011e-09;9.9999997728e-09;9.959999802688419e-09;9.9999998176e-09;0.021271820692423005;0.192509827933709;0.772110884170161;0.22857719716170205;0.27575867933523907;0.330527471383426
12/06/2020;9.999999755800011e-09;9.999999755800011e-09;9.9999997728e-09;9.959999802688419e-09;9.9999998176e-09;0.014429206346355304;9.999999755800011e-09;9.999999755800011e-09;9.9999997728e-09;9.959999802688419e-09;9.9999998176e-09;0.017603827838199804;9.999999755800011e-09;9.999999755800011e-09;9.9999997728e-09;9.959999802688419e-09;9.9999998176e-09;0.021271820692423005;0.192509827933709;0.772110884170161;0.22857719716170205;0.27575867933523907;0.330527471383426
13/06/2020;9.999999755800011e-09;9.999999755800011e-09;9.9999997728e-09;9.959999802688419e-09;9.9999998176e-09;0.014429206346355304;9.999999755800011e-09;9.999999755800011e-09;9.9999997728e-09;9.959999802688419e-09;9.9999998176e-09;0.017603827838199804;9.999999755800011e-09;9.999999755800011e-09;9.9999997728e-09;9.959999802688419e-09;9.9999998176e-09;9.998535497462948e-09;0.192509827933709;0.772110884170161;0.22857719716170205;0.27575867933523907;1.0007493055814098e-08
14/06/2020;9.999999755800011e-09;9.999999755800011e-09;9.9999997728e-09;9.959999802688419e-09;9.9999998176e-09;0.014429206346355304;9.999999755800011e-09;9.999999755800011e-09;9.9999997728e-09;9.959999802688419e-09;9.9999998176e-09;9.998535497462948e-09;9.999999755800011e-09;9.999999755800011e-09;9.9999997728e-09;9.959999802688419e-09;9.9999998176e-09;9.998535497462948e-09;0.192509827933709;0.772110884170161;0.22857719716170205;1.0007493055814098e-08;1.0007493055814098e-08
15/06/2020;9.999999755800011e-09;9.999999755800011e-09;9.9999997728e-09;9.959999802688419e-09;9.9999998176e-09;1.0000000000139698e-08;9.999999755800011e-09;9.999999755800011e-09;9.9999997728e-09;9.959999802688419e-09;9.9999998176e-09;1.0000000000139698e-08;9.999999755800011e-09;9.999999755800011e-09;9.9999997728e-09;9.959999802688419e-09;9.9999998176e-09;1.0000000000139698e-08;0.192509827933709;0.772110884170161;0.22857719716170205;0.27575867933523907;0.330527471383426
16/06/2020;9.999999755800011e-09;9.999999755800011e-09;9.9999997728e-09;9.959999802688419e-09;9.9999998176e-09;1.0000000000139698e-08;9.999999755800011e-09;9.999999755800011e-09;9.9999997728e-09;9.959999802688419e-09;9.9999998176e-09;1.0000000000139698e-08;9.999999755800011e-09;9.999999755800011e-09;9.9999997728e-09;9.959999802688419e-09;9.9999998176e-09;1.0000000000139698e-08;0.192509827933709;0.772110884170161;0.22857719716170205;0.27575867933523907;0.330527471383426
17/06/2020;9.999999755800011e-09;9.999999755800011e-09;9.9999997728e-09;9.959999802688419e-09;9.9999998176e-09;1.0000000000139698e-08;9.999999755800011e-09;9.999999755800011e-09;9.9999997728e-09;9.959999802688419e-09;9.9999998176e-09;1.0000000000139698e-08;9.999999755800011e-09;9.999999755800011e-09;9.9999997728e-09;9.959999802688419e-09;9.9999998176e-09;1.0000000000139698e-08;0.192509827933709;0.772110884170161;0.22857719716170205;0.27575867933523907;0.330527471383426
18/06/2020;9.999999755800011e-09;9.999999755800011e-09;9.9999997728e-09;9.959999802688419e-09;9.9999998176e-09;1.0000000000139698e-08;9.999999755800011e-09;9.999999755800011e-09;9.9999997728e-09;9.959999802688419e-09;9.9999998176e-09;1.0000000000139698e-08;9.999999755800011e-09;9.999999755800011e-09;9.9999997728e-09;9.959999802688419e-09;9.9999998176e-09;1.0000000000139698e-08;0.192509827933709;0.772110884170161;0.22857719716170205;0.27575867933523907;0.330527471383426
19/06/2020;9.999999755800011e-09;9.999999755800011e-09;9.9999997728e-09;9.959999802688419e-09;9.9999998176e-09;1.0000000000139698e-08;9.999999755800011e-09;9.999999755800011e-09;9.9999997728e-09;9.959999802688419e-09;9.9999998176e-09;1.0000000000139698e-08;9.999999755800011e-09;9.999999755800011e-09;9.9999997728e-09;9.959999802688419e-09;9.9999998176e-09;1.0000000000139698e-08;0.192509827933709;0.772110884170161;0.22857719716170205;0.27575867933523907;0.330527471383426
20/06/2020;9.999999755800011e-09;9.999999755800011e-09;9.9999997728e-09;9.959999802688419e-09;9.9999998176e-09;1.0000000000139698e-08;9.999999755800011e-09;9.999999755800011e-09;9.9999997728e-09;9.959999802688419e-09;9.9999998176e-09;1.0000000000139698e-08;9.999999755800011e-09;9.999999755800011e-09;9.9999997728e-09;9.959999802688419e-09;9.9999998176e-09;1.0000000000139698e-08;0.192509827933709;0.772110884170161;0.22857719716170205;0.27575867933523907;1.0007493055814098e-08
21/06/2020;9.999999755800011e-09;9.999999755800011e-09;9.9999997728e-09;9.959999802688419e-09;9.9999998176e-09;1.0000000000139698e-08;9.999999755800011e-09;9.999999755800011e-09;9.9999997728e-09;9.959999802688419e-09;9.9999998176e-09;1.0000000000139698e-08;9.999999755800011e-09;9.999999755800011e-09;9.9999997728e-09;9.959999802688419e-09;9.9999998176e-09;1.0000000000139698e-08;0.192509827933709;0.772110884170161;0.22857719716170205;1.0007493055814098e-08;1.0007493055814098e-08
22/06/2020;9.999999755800011e-09;9.999999755800011e-09;9.9999997728e-09;9.959999802688419e-09;9.9999998176e-09;1.0000000000139698e-08;9.999999755800011e-09;9.999999755800011e-09;9.9999997728e-09;9.959999802688419e-09;9.9999998176e-09;1.0000000000139698e-08;9.999999755800011e-09;9.999999755800011e-09;9.9999997728e-09;9.959999802688419e-09;9.9999998176e-09;1.0000000000139698e-08;0.192509827933709;0.772110884170161;0.22857719716170205;0.27575867933523907;0.330527471383426
23/06/2020;9.999999755800011e-09;9.999999755800011e-09;9.9999997728e-09;9.959999802688419e-09;9.9999998176e-09;1.0000000000139698e-08;9.999999755800011e-09;9.999999755800011e-09;9.9999997728e-09;9.959999802688419e-09;9.9999998176e-09;1.0000000000139698e-08;9.999999755800011e-09;9.999999755800011e-09;9.9999997728e-09;9.959999802688419e-09;9.9999998176e-09;1.0000000000139698e-08;0.192509827933709;0.772110884170161;0.22857719716170205;0.27575867933523907;0.330527471383426
24/06/2020;9.999999755800011e-09;9.999999755800011e-09;9.9999997728e-09;9.959999802688419e-09;9.9999998176e-09;1.0000000000139698e-08;9.999999755800011e-09;9.999999755800011e-09;9.9999997728e-09;9.959999802688419e-09;9.9999998176e-09;1.0000000000139698e-08;9.999999755800011e-09;9.999999755800011e-09;9.9999997728e-09;9.959999802688419e-09;9.9999998176e-09;1.0000000000139698e-08;0.192509827933709;0.772110884170161;0.22857719716170205;0.27575867933523907;0.330527471383426
25/06/2020;9.999999755800011e-09;9.999999755800011e-09;9.9999997728e-09;9.959999802688419e-09;9.9999998176e-09;1.0000000000139698e-08;9.999999755800011e-09;9.999999755800011e-09;9.9999997728e-09;9.959999802688419e-09;9.9999998176e-09;1.0000000000139698e-08;9.999999755800011e-09;9.999999755800011e-09;9.9999997728e-09;9.959999802688419e-09;9.9999998176e-09;1.0000000000139698e-08;0.192509827933709;0.772110884170161;0.22857719716170205;0.27575867933523907;0.330527471383426
26/06/2020;9.999999755800011e-09;9.999999755800011e-09;9.9999997728e-09;9.959999802688419e-09;9.9999998176e-09;1.0000000000139698e-08;9.999999755800011e-09;9.999999755800011e-09;9.9999997728e-09;9.959999802688419e-09;9.9999998176e-09;1.0000000000139698e-08;9.999999755800011e-09;9.999999755800011e-09;9.9999997728e-09;9.959999802688419e-09;9.9999998176e-09;1.0000000000139698e-08;0.192509827933709;0.772110884170161;0.22857719716170205;0.27575867933523907;0.330527471383426
27/06/2020;9.999999755800011e-09;9.999999755800011e-09;9.9999997728e-09;9.959999802688419e-09;9.9999998176e-09;1.0000000000139698e-08;9.999999755800011e-09;9.999999755800011e-09;9.9999997728e-09;9.959999802688419e-09;9.9999998176e-09;1.0000000000139698e-08;9.999999755800011e-09;9.999999755800011e-09;9.9999997728e-09;9.959999802688419e-09;9.9999998176e-09;1.0000000000139698e-08;0.192509827933709;0.772110884170161;0.22857719716170205;0.27575867933523907;1.0007493055814098e-08
28/06/2020;9.999999755800011e-09;9.999999755800011e-09;9.9999997728e-09;9.959999802688419e-09;9.9999998176e-09;1.0000000000139698e-08;9.999999755800011e-09;9.999999755800011e-09;9.9999997728e-09;9.959999802688419e-09;9.9999998176e-09;1.0000000000139698e-08;9.999999755800011e-09;9.999999755800011e-09;9.9999997728e-09;9.959999802688419e-09;9.9999998176e-09;1.0000000000139698e-08;0.192509827933709;0.772110884170161;0.22857719716170205;1.0007493055814098e-08;1.0007493055814098e-08
29/06/2020;9.999999755800011e-09;9.999999755800011e-09;9.9999997728e-09;9.959999802688419e-09;9.9999998176e-09;1.0000000000139698e-08;9.999999755800011e-09;9.999999755800011e-09;9.9999997728e-09;9.959999802688419e-09;9.9999998176e-09;1.0000000000139698e-08;9.999999755800011e-09;9.999999755800011e-09;9.9999997728e-09;9.959999802688419e-09;9.9999998176e-09;1.0000000000139698e-08;0.192509827933709;0.772110884170161;0.22857719716170205;0.27575867933523907;0.330527471383426
30/06/2020;9.999999755800011e-09;9.999999755800011e-09;9.9999997728e-09;9.959999802688419e-09;9.9999998176e-09;1.0000000000139698e-08;9.999999755800011e-09;9.999999755800011e-09;9.9999997728e-09;9.959999802688419e-09;9.9999998176e-09;1.0000000000139698e-08;9.999999755800011e-09;9.999999755800011e-09;9.9999997728e-09;9.959999802688419e-09;9.9999998176e-09;1.0000000000139698e-08;0.179693357173525;0.772110884170161;0.22857719716170205;0.27575867933523907;0.330527471383426
01/07/2020;9.999999755800011e-09;9.999999755800011e-09;9.9999997728e-09;9.959999802688419e-09;9.9999998176e-09;1.0000000000139698e-08;9.999999755800011e-09;9.999999755800011e-09;9.9999997728e-09;9.959999802688419e-09;9.9999998176e-09;1.0000000000139698e-08;9.999999755800011e-09;9.999999755800011e-09;9.9999997728e-09;9.959999802688419e-09;9.9999998176e-09;1.0000000000139698e-08;0.17104019276124602;0.8532457058192918;0.21589829051366097;0.26046267170152293;0.31219350366345694
02/07/2020;9.999999755800011e-09;9.999999755800011e-09;9.9999997728e-09;9.959999802688419e-09;9.9999998176e-09;1.0000000000139698e-08;9.999999755800011e-09;9.999999755800011e-09;9.9999997728e-09;9.959999802688419e-09;9.9999998176e-09;1.0000000000139698e-08;9.999999755800011e-09;9.999999755800011e-09;9.9999997728e-09;9.959999802688419e-09;9.9999998176e-09;1.0000000000139698e-08;0.17104019276124602;0.8532457058192918;0.21589829051366097;0.26046267170152293;0.31219350366345694
03/07/2020;9.999999755800011e-09;9.999999755800011e-09;9.9999997728e-09;9.959999802688419e-09;9.9999998176e-09;1.0000000000139698e-08;9.999999755800011e-09;9.999999755800011e-09;9.9999997728e-09;9.959999802688419e-09;9.9999998176e-09;1.0000000000139698e-08;9.999999755800011e-09;9.999999755800011e-09;9.9999997728e-09;9.959999802688419e-09;9.9999998176e-09;1.0000000000139698e-08;0.17104019276124602;0.8532457058192918;0.21589829051366097;0.26046267170152293;0.31219350366345694
04/07/2020;9.999999755800011e-09;9.999999755800011e-09;9.9999997728e-09;9.959999802688419e-09;9.9999998176e-09;1.0000000000139698e-08;9.999999755800011e-09;9.999999755800011e-09;9.9999997728e-09;9.959999802688419e-09;9.9999998176e-09;1.0000000000139698e-08;9.999999755800011e-09;9.999999755800011e-09;9.9999997728e-09;9.959999802688419e-09;9.9999998176e-09;1.0000000000139698e-08;0.17104019276124602;0.8532457058192918;0.21589829051366097;0.26046267170152293;1.0007493055814098e-08
05/07/2020;9.999999755800011e-09;9.999999755800011e-09;9.9999997728e-09;9.959999802688419e-09;9.9999998176e-09;1.0000000000139698e-08;9.999999755800011e-09;9.999999755800011e-09;9.9999997728e-09;9.959999802688419e-09;9.9999998176e-09;1.0000000000139698e-08;9.999999755800011e-09;9.999999755800011e-09;9.9999997728e-09;9.959999802688419e-09;9.9999998176e-09;1.0000000000139698e-08;0.17104019276124602;0.8532457058192918;0.21589829051366097;1.0007493055814098e-08;1.0007493055814098e-08
06/07/2020;9.999999755800011e-09;9.999999755800011e-09;9.9999997728e-09;9.959999802688419e-09;9.9999998176e-09;1.0000000000139698e-08;9.999999755800011e-09;9.999999755800011e-09;9.9999997728e-09;9.959999802688419e-09;9.9999998176e-09;1.0000000000139698e-08;9.999999755800011e-09;9.999999755800011e-09;9.9999997728e-09;9.959999802688419e-09;9.9999998176e-09;1.0000000000139698e-08;0.17104019276124602;0.8532457058192918;0.21589829051366097;0.26046267170152293;0.31219350366345694
07/07/2020;9.999999755800011e-09;9.999999755800011e-09;9.9999997728e-09;9.959999802688419e-09;9.9999998176e-09;1.0000000000139698e-08;9.999999755800011e-09;9.999999755800011e-09;9.9999997728e-09;9.959999802688419e-09;9.9999998176e-09;1.0000000000139698e-08;9.999999755800011e-09;9.999999755800011e-09;9.9999997728e-09;9.959999802688419e-09;9.9999998176e-09;1.0000000000139698e-08;0.17104019276124602;0.8532457058192918;0.21589829051366097;0.26046267170152293;0.31219350366345694
08/07/2020;9.999999755800011e-09;9.999999755800011e-09;9.9999997728e-09;9.959999802688419e-09;9.9999998176e-09;1.0000000000139698e-08;9.999999755800011e-09;9.999999755800011e-09;9.9999997728e-09;9.959999802688419e-09;9.9999998176e-09;1.0000000000139698e-08;9.999999755800011e-09;9.999999755800011e-09;9.9999997728e-09;9.959999802688419e-09;9.9999998176e-09;1.0000000000139698e-08;0.17104019276124602;0.8532457058192918;0.21589829051366097;0.26046267170152293;0.31219350366345694
09/07/2020;9.999999755800011e-09;9.999999755800011e-09;9.9999997728e-09;9.959999802688419e-09;9.9999998176e-09;1.0000000000139698e-08;9.999999755800011e-09;9.999999755800011e-09;9.9999997728e-09;9.959999802688419e-09;9.9999998176e-09;1.0000000000139698e-08;9.999999755800011e-09;9.999999755800011e-09;9.9999997728e-09;9.959999802688419e-09;9.9999998176e-09;1.0000000000139698e-08;0.17104019276124602;0.8532457058192918;0.21589829051366097;0.26046267170152293;0.31219350366345694
10/07/2020;9.999999755800011e-09;9.999999755800011e-09;9.9999997728e-09;9.959999802688419e-09;9.9999998176e-09;1.0000000000139698e-08;9.999999755800011e-09;9.999999755800011e-09;9.9999997728e-09;9.959999802688419e-09;9.9999998176e-09;1.0000000000139698e-08;9.999999755800011e-09;9.999999755800011e-09;9.9999997728e-09;9.959999802688419e-09;9.9999998176e-09;1.0000000000139698e-08;0.17104019276124602;0.8532457058192918;0.21589829051366097;0.26046267170152293;0.31219350366345694
11/07/2020;9.999999755800011e-09;9.999999755800011e-09;9.9999997728e-09;9.959999802688419e-09;9.9999998176e-09;1.0000000000139698e-08;9.999999755800011e-09;9.999999755800011e-09;9.9999997728e-09;9.959999802688419e-09;9.9999998176e-09;1.0000000000139698e-08;9.999999755800011e-09;9.999999755800011e-09;9.9999997728e-09;9.959999802688419e-09;9.9999998176e-09;1.0000000000139698e-08;0.17104019276124602;0.8532457058192918;0.21589829051366097;0.26046267170152293;1.0007493055814098e-08
12/07/2020;9.999999755800011e-09;9.999999755800011e-09;9.9999997728e-09;9.959999802688419e-09;9.9999998176e-09;1.0000000000139698e-08;9.999999755800011e-09;9.999999755800011e-09;9.9999997728e-09;9.959999802688419e-09;9.9999998176e-09;1.0000000000139698e-08;9.999999755800011e-09;9.999999755800011e-09;9.9999997728e-09;9.959999802688419e-09;9.9999998176e-09;1.0000000000139698e-08;0.17104019276124602;0.8532457058192918;0.21589829051366097;1.0007493055814098e-08;1.0007493055814098e-08
13/07/2020;9.999999755800011e-09;9.999999755800011e-09;9.9999997728e-09;9.959999802688419e-09;9.9999998176e-09;1.0000000000139698e-08;9.999999755800011e-09;9.999999755800011e-09;9.9999997728e-09;9.959999802688419e-09;9.9999998176e-09;1.0000000000139698e-08;9.999999755800011e-09;9.999999755800011e-09;9.9999997728e-09;9.959999802688419e-09;9.9999998176e-09;1.0000000000139698e-08;0.17104019276124602;0.8532457058192918;0.21589829051366097;0.26046267170152293;0.31219350366345694
14/07/2020;9.999999755800011e-09;9.999999755800011e-09;9.9999997728e-09;9.959999802688419e-09;9.9999998176e-09;1.0000000000139698e-08;9.999999755800011e-09;9.999999755800011e-09;9.9999997728e-09;9.959999802688419e-09;9.9999998176e-09;1.0000000000139698e-08;9.999999755800011e-09;9.999999755800011e-09;9.9999997728e-09;9.959999802688419e-09;9.9999998176e-09;1.0000000000139698e-08;0.17104019276124602;0.8532457058192918;0.21589829051366097;0.26046267170152293;0.31219350366345694
15/07/2020;9.999999755800011e-09;9.999999755800011e-09;9.9999997728e-09;9.959999802688419e-09;9.9999998176e-09;1.0000000000139698e-08;9.999999755800011e-09;9.999999755800011e-09;9.9999997728e-09;9.959999802688419e-09;9.9999998176e-09;1.0000000000139698e-08;9.999999755800011e-09;9.999999755800011e-09;9.9999997728e-09;9.959999802688419e-09;9.9999998176e-09;1.0000000000139698e-08;0.17104019276124602;0.8532457058192918;0.21589829051366097;0.26046267170152293;0.31219350366345694
16/07/2020;9.999999755800011e-09;9.999999755800011e-09;9.9999997728e-09;9.959999802688419e-09;9.9999998176e-09;1.0000000000139698e-08;9.999999755800011e-09;9.999999755800011e-09;9.9999997728e-09;9.959999802688419e-09;9.9999998176e-09;1.0000000000139698e-08;9.999999755800011e-09;9.999999755800011e-09;9.9999997728e-09;9.959999802688419e-09;9.9999998176e-09;1.0000000000139698e-08;0.17104019276124602;0.8532457058192918;0.21589829051366097;0.26046267170152293;0.31219350366345694
17/07/2020;9.999999755800011e-09;9.999999755800011e-09;9.9999997728e-09;9.959999802688419e-09;9.9999998176e-09;1.0000000000139698e-08;9.999999755800011e-09;9.999999755800011e-09;9.9999997728e-09;9.959999802688419e-09;9.9999998176e-09;1.0000000000139698e-08;9.999999755800011e-09;9.999999755800011e-09;9.9999997728e-09;9.959999802688419e-09;9.9999998176e-09;1.0000000000139698e-08;0.17104019276124602;0.8532457058192918;0.21589829051366097;0.26046267170152293;0.31219350366345694
18/07/2020;9.999999755800011e-09;9.999999755800011e-09;9.9999997728e-09;9.959999802688419e-09;9.9999998176e-09;1.0000000000139698e-08;9.999999755800011e-09;9.999999755800011e-09;9.9999997728e-09;9.959999802688419e-09;9.9999998176e-09;1.0000000000139698e-08;9.999999755800011e-09;9.999999755800011e-09;9.9999997728e-09;9.959999802688419e-09;9.9999998176e-09;1.0000000000139698e-08;0.17104019276124602;0.8532457058192918;0.21589829051366097;0.26046267170152293;1.0007493055814098e-08
19/07/2020;9.999999755800011e-09;9.999999755800011e-09;9.9999997728e-09;9.959999802688419e-09;9.9999998176e-09;1.0000000000139698e-08;9.999999755800011e-09;9.999999755800011e-09;9.9999997728e-09;9.959999802688419e-09;9.9999998176e-09;1.0000000000139698e-08;9.999999755800011e-09;9.999999755800011e-09;9.9999997728e-09;9.959999802688419e-09;9.9999998176e-09;1.0000000000139698e-08;0.17104019276124602;0.8532457058192918;0.21589829051366097;1.0007493055814098e-08;1.0007493055814098e-08
20/07/2020;9.999999755800011e-09;9.999999755800011e-09;9.9999997728e-09;9.959999802688419e-09;9.9999998176e-09;1.0000000000139698e-08;9.999999755800011e-09;9.999999755800011e-09;9.9999997728e-09;9.959999802688419e-09;9.9999998176e-09;1.0000000000139698e-08;9.999999755800011e-09;9.999999755800011e-09;9.9999997728e-09;9.959999802688419e-09;9.9999998176e-09;1.0000000000139698e-08;0.17104019276124602;0.8532457058192918;0.21589829051366097;0.26046267170152293;0.31219350366345694
21/07/2020;9.999999755800011e-09;9.999999755800011e-09;9.9999997728e-09;9.959999802688419e-09;9.9999998176e-09;1.0000000000139698e-08;9.999999755800011e-09;9.999999755800011e-09;9.9999997728e-09;9.959999802688419e-09;9.9999998176e-09;1.0000000000139698e-08;9.999999755800011e-09;9.999999755800011e-09;9.9999997728e-09;9.959999802688419e-09;9.9999998176e-09;1.0000000000139698e-08;0.17104019276124602;0.8532457058192918;0.21589829051366097;0.26046267170152293;0.31219350366345694
22/07/2020;9.999999755800011e-09;9.999999755800011e-09;9.9999997728e-09;9.959999802688419e-09;9.9999998176e-09;1.0000000000139698e-08;9.999999755800011e-09;9.999999755800011e-09;9.9999997728e-09;9.959999802688419e-09;9.9999998176e-09;1.0000000000139698e-08;9.999999755800011e-09;9.999999755800011e-09;9.9999997728e-09;9.959999802688419e-09;9.9999998176e-09;1.0000000000139698e-08;0.17104019276124602;0.8532457058192918;0.21589829051366097;0.26046267170152293;0.31219350366345694
23/07/2020;9.999999755800011e-09;9.999999755800011e-09;9.9999997728e-09;9.959999802688419e-09;9.9999998176e-09;1.0000000000139698e-08;9.999999755800011e-09;9.999999755800011e-09;9.9999997728e-09;9.959999802688419e-09;9.9999998176e-09;1.0000000000139698e-08;9.999999755800011e-09;9.999999755800011e-09;9.9999997728e-09;9.959999802688419e-09;9.9999998176e-09;1.0000000000139698e-08;0.17104019276124602;0.8532457058192918;0.21589829051366097;0.26046267170152293;0.31219350366345694
24/07/2020;9.999999755800011e-09;9.999999755800011e-09;9.9999997728e-09;9.959999802688419e-09;9.9999998176e-09;1.0000000000139698e-08;9.999999755800011e-09;9.999999755800011e-09;9.9999997728e-09;9.959999802688419e-09;9.9999998176e-09;1.0000000000139698e-08;9.999999755800011e-09;9.999999755800011e-09;9.9999997728e-09;9.959999802688419e-09;9.9999998176e-09;1.0000000000139698e-08;0.17104019276124602;0.8532457058192918;0.21589829051366097;0.26046267170152293;0.31219350366345694
25/07/2020;9.999999755800011e-09;9.999999755800011e-09;9.9999997728e-09;9.959999802688419e-09;9.9999998176e-09;1.0000000000139698e-08;9.999999755800011e-09;9.999999755800011e-09;9.9999997728e-09;9.959999802688419e-09;9.9999998176e-09;1.0000000000139698e-08;9.999999755800011e-09;9.999999755800011e-09;9.9999997728e-09;9.959999802688419e-09;9.9999998176e-09;1.0000000000139698e-08;0.17104019276124602;0.8532457058192918;0.21589829051366097;0.26046267170152293;1.0007493055814098e-08
26/07/2020;9.999999755800011e-09;9.999999755800011e-09;9.9999997728e-09;9.959999802688419e-09;9.9999998176e-09;1.0000000000139698e-08;9.999999755800011e-09;9.999999755800011e-09;9.9999997728e-09;9.959999802688419e-09;9.9999998176e-09;1.0000000000139698e-08;9.999999755800011e-09;9.999999755800011e-09;9.9999997728e-09;9.959999802688419e-09;9.9999998176e-09;1.0000000000139698e-08;0.17104019276124602;0.8532457058192918;0.21589829051366097;1.0007493055814098e-08;1.0007493055814098e-08
27/07/2020;9.999999755800011e-09;9.999999755800011e-09;9.9999997728e-09;9.959999802688419e-09;9.9999998176e-09;1.0000000000139698e-08;9.999999755800011e-09;9.999999755800011e-09;9.9999997728e-09;9.959999802688419e-09;9.9999998176e-09;1.0000000000139698e-08;9.999999755800011e-09;9.999999755800011e-09;9.9999997728e-09;9.959999802688419e-09;9.9999998176e-09;1.0000000000139698e-08;0.17104019276124602;0.8532457058192918;0.21589829051366097;0.26046267170152293;0.31219350366345694
28/07/2020;9.999999755800011e-09;9.999999755800011e-09;9.9999997728e-09;9.959999802688419e-09;9.9999998176e-09;1.0000000000139698e-08;9.999999755800011e-09;9.999999755800011e-09;9.9999997728e-09;9.959999802688419e-09;9.9999998176e-09;1.0000000000139698e-08;9.999999755800011e-09;9.999999755800011e-09;9.9999997728e-09;9.959999802688419e-09;9.9999998176e-09;1.0000000000139698e-08;0.17104019276124602;0.8532457058192918;0.21589829051366097;0.26046267170152293;0.31219350366345694
29/07/2020;9.999999755800011e-09;9.999999755800011e-09;9.9999997728e-09;9.959999802688419e-09;9.9999998176e-09;1.0000000000139698e-08;9.999999755800011e-09;9.999999755800011e-09;9.9999997728e-09;9.959999802688419e-09;9.9999998176e-09;1.0000000000139698e-08;9.999999755800011e-09;9.999999755800011e-09;9.9999997728e-09;9.959999802688419e-09;9.9999998176e-09;1.0000000000139698e-08;0.17104019276124602;0.8532457058192918;0.21589829051366097;0.26046267170152293;0.31219350366345694
30/07/2020;9.999999755800011e-09;9.999999755800011e-09;9.9999997728e-09;9.959999802688419e-09;9.9999998176e-09;1.0000000000139698e-08;9.999999755800011e-09;9.999999755800011e-09;9.9999997728e-09;9.959999802688419e-09;9.9999998176e-09;1.0000000000139698e-08;9.999999755800011e-09;9.999999755800011e-09;9.9999997728e-09;9.959999802688419e-09;9.9999998176e-09;1.0000000000139698e-08;0.17104019276124602;0.8532457058192918;0.21589829051366097;0.26046267170152293;0.31219350366345694
31/07/2020;9.999999755800011e-09;9.999999755800011e-09;9.9999997728e-09;9.959999802688419e-09;9.9999998176e-09;1.0000000000139698e-08;9.999999755800011e-09;9.999999755800011e-09;9.9999997728e-09;9.959999802688419e-09;9.9999998176e-09;1.0000000000139698e-08;9.999999755800011e-09;9.999999755800011e-09;9.9999997728e-09;9.959999802688419e-09;9.9999998176e-09;1.0000000000139698e-08;0.17118573576743698;0.8532457058192918;0.21589829051366097;0.26046267170152293;0.31219350366345694
01/08/2020;9.999999755800011e-09;9.999999755800011e-09;9.9999997728e-09;9.959999802688419e-09;9.9999998176e-09;1.0000000000139698e-08;9.999999755800011e-09;9.999999755800011e-09;9.9999997728e-09;9.959999802688419e-09;9.9999998176e-09;1.0000000000139698e-08;9.999999755800011e-09;9.999999755800011e-09;9.9999997728e-09;9.959999802688419e-09;9.9999998176e-09;1.0000000000139698e-08;0.17240848768871203;0.8532457058192918;0.20762907319992807;0.250486574024738;1.0007493055814098e-08
02/08/2020;9.999999755800011e-09;9.999999755800011e-09;9.9999997728e-09;9.959999802688419e-09;9.9999998176e-09;1.0000000000139698e-08;9.999999755800011e-09;9.999999755800011e-09;9.9999997728e-09;9.959999802688419e-09;9.9999998176e-09;1.0000000000139698e-08;9.999999755800011e-09;9.999999755800011e-09;9.9999997728e-09;9.959999802688419e-09;9.9999998176e-09;1.0000000000139698e-08;0.17240848768871203;0.8532457058192918;0.20762907319992807;1.0007493055814098e-08;1.0007493055814098e-08
03/08/2020;9.999999755800011e-09;9.999999755800011e-09;9.9999997728e-09;9.959999802688419e-09;9.9999998176e-09;1.0000000000139698e-08;9.999999755800011e-09;9.999999755800011e-09;9.9999997728e-09;9.959999802688419e-09;9.9999998176e-09;1.0000000000139698e-08;9.999999755800011e-09;9.999999755800011e-09;9.9999997728e-09;9.959999802688419e-09;9.9999998176e-09;1.0000000000139698e-08;0.17240848768871203;0.8532457058192918;0.20762907319992807;0.250486574024738;0.3002360401764301
04/08/2020;9.999999755800011e-09;9.999999755800011e-09;9.9999997728e-09;9.959999802688419e-09;9.9999998176e-09;1.0000000000139698e-08;9.999999755800011e-09;9.999999755800011e-09;9.9999997728e-09;9.959999802688419e-09;9.9999998176e-09;1.0000000000139698e-08;9.999999755800011e-09;9.999999755800011e-09;9.9999997728e-09;9.959999802688419e-09;9.9999998176e-09;1.0000000000139698e-08;0.17240848768871203;0.8532457058192918;0.20762907319992807;0.250486574024738;0.3002360401764301
05/08/2020;9.999999755800011e-09;9.999999755800011e-09;9.9999997728e-09;9.959999802688419e-09;9.9999998176e-09;1.0000000000139698e-08;9.999999755800011e-09;9.999999755800011e-09;9.9999997728e-09;9.959999802688419e-09;9.9999998176e-09;1.0000000000139698e-08;9.999999755800011e-09;9.999999755800011e-09;9.9999997728e-09;9.959999802688419e-09;9.9999998176e-09;1.0000000000139698e-08;0.17240848768871203;0.8532457058192918;0.20762907319992807;0.250486574024738;0.3002360401764301
06/08/2020;9.999999755800011e-09;9.999999755800011e-09;9.9999997728e-09;9.959999802688419e-09;9.9999998176e-09;1.0000000000139698e-08;9.999999755800011e-09;9.999999755800011e-09;9.9999997728e-09;9.959999802688419e-09;9.9999998176e-09;1.0000000000139698e-08;9.999999755800011e-09;9.999999755800011e-09;9.9999997728e-09;9.959999802688419e-09;9.9999998176e-09;1.0000000000139698e-08;0.17240848768871203;0.8532457058192918;0.20762907319992807;0.250486574024738;0.3002360401764301
07/08/2020;9.999999755800011e-09;9.999999755800011e-09;9.9999997728e-09;9.959999802688419e-09;9.9999998176e-09;1.0000000000139698e-08;9.999999755800011e-09;9.999999755800011e-09;9.9999997728e-09;9.959999802688419e-09;9.9999998176e-09;1.0000000000139698e-08;9.999999755800011e-09;9.999999755800011e-09;9.9999997728e-09;9.959999802688419e-09;9.9999998176e-09;1.0000000000139698e-08;0.17240848768871203;0.8532457058192918;0.20762907319992807;0.250486574024738;0.3002360401764301
08/08/2020;9.999999755800011e-09;9.999999755800011e-09;9.9999997728e-09;9.959999802688419e-09;9.9999998176e-09;1.0000000000139698e-08;9.999999755800011e-09;9.999999755800011e-09;9.9999997728e-09;9.959999802688419e-09;9.9999998176e-09;1.0000000000139698e-08;9.999999755800011e-09;9.999999755800011e-09;9.9999997728e-09;9.959999802688419e-09;9.9999998176e-09;1.0000000000139698e-08;0.17240848768871203;0.8532457058192918;0.20762907319992807;0.250486574024738;1.0007493055814098e-08
09/08/2020;9.999999755800011e-09;9.999999755800011e-09;9.9999997728e-09;9.959999802688419e-09;9.9999998176e-09;1.0000000000139698e-08;9.999999755800011e-09;9.999999755800011e-09;9.9999997728e-09;9.959999802688419e-09;9.9999998176e-09;1.0000000000139698e-08;9.999999755800011e-09;9.999999755800011e-09;9.9999997728e-09;9.959999802688419e-09;9.9999998176e-09;1.0000000000139698e-08;0.17240848768871203;0.8532457058192918;0.20762907319992807;1.0007493055814098e-08;1.0007493055814098e-08
10/08/2020;9.999999755800011e-09;9.999999755800011e-09;9.9999997728e-09;9.959999802688419e-09;9.9999998176e-09;1.0000000000139698e-08;9.999999755800011e-09;9.999999755800011e-09;9.9999997728e-09;9.959999802688419e-09;9.9999998176e-09;1.0000000000139698e-08;9.999999755800011e-09;9.999999755800011e-09;9.9999997728e-09;9.959999802688419e-09;9.9999998176e-09;1.0000000000139698e-08;0.17240848768871203;0.8532457058192918;0.20762907319992807;0.250486574024738;0.3002360401764301
11/08/2020;9.999999755800011e-09;9.999999755800011e-09;9.9999997728e-09;9.959999802688419e-09;9.9999998176e-09;1.0000000000139698e-08;9.999999755800011e-09;9.999999755800011e-09;9.9999997728e-09;9.959999802688419e-09;9.9999998176e-09;1.0000000000139698e-08;9.999999755800011e-09;9.999999755800011e-09;9.9999997728e-09;9.959999802688419e-09;9.9999998176e-09;1.0000000000139698e-08;0.17240848768871203;0.8532457058192918;0.20762907319992807;0.250486574024738;0.3002360401764301
12/08/2020;9.999999755800011e-09;9.999999755800011e-09;9.9999997728e-09;9.959999802688419e-09;9.9999998176e-09;1.0000000000139698e-08;9.999999755800011e-09;9.999999755800011e-09;9.9999997728e-09;9.959999802688419e-09;9.9999998176e-09;1.0000000000139698e-08;9.999999755800011e-09;9.999999755800011e-09;9.9999997728e-09;9.959999802688419e-09;9.9999998176e-09;1.0000000000139698e-08;0.17240848768871203;0.8532457058192918;0.20762907319992807;0.250486574024738;0.3002360401764301
13/08/2020;9.999999755800011e-09;9.999999755800011e-09;9.9999997728e-09;9.959999802688419e-09;9.9999998176e-09;1.0000000000139698e-08;9.999999755800011e-09;9.999999755800011e-09;9.9999997728e-09;9.959999802688419e-09;9.9999998176e-09;1.0000000000139698e-08;9.999999755800011e-09;9.999999755800011e-09;9.9999997728e-09;9.959999802688419e-09;9.9999998176e-09;1.0000000000139698e-08;0.17240848768871203;0.8532457058192918;0.20762907319992807;0.250486574024738;0.3002360401764301
14/08/2020;9.999999755800011e-09;9.999999755800011e-09;9.9999997728e-09;9.959999802688419e-09;9.9999998176e-09;1.0000000000139698e-08;9.999999755800011e-09;9.999999755800011e-09;9.9999997728e-09;9.959999802688419e-09;9.9999998176e-09;1.0000000000139698e-08;9.999999755800011e-09;9.999999755800011e-09;9.9999997728e-09;9.959999802688419e-09;9.9999998176e-09;1.0000000000139698e-08;0.17240848768871203;0.8532457058192918;0.20762907319992807;0.250486574024738;0.3002360401764301
15/08/2020;9.999999755800011e-09;9.999999755800011e-09;9.9999997728e-09;9.959999802688419e-09;9.9999998176e-09;1.0000000000139698e-08;9.999999755800011e-09;9.999999755800011e-09;9.9999997728e-09;9.959999802688419e-09;9.9999998176e-09;1.0000000000139698e-08;9.999999755800011e-09;9.999999755800011e-09;9.9999997728e-09;9.959999802688419e-09;9.9999998176e-09;1.0000000000139698e-08;0.17240848768871203;0.8532457058192918;0.20762907319992807;1.0007493055814098e-08;1.0007493055814098e-08
16/08/2020;9.999999755800011e-09;9.999999755800011e-09;9.9999997728e-09;9.959999802688419e-09;9.9999998176e-09;1.0000000000139698e-08;9.999999755800011e-09;9.999999755800011e-09;9.9999997728e-09;9.959999802688419e-09;9.9999998176e-09;1.0000000000139698e-08;9.999999755800011e-09;9.999999755800011e-09;9.9999997728e-09;9.959999802688419e-09;9.9999998176e-09;1.0000000000139698e-08;0.17240848768871203;0.8532457058192918;0.20762907319992807;1.0007493055814098e-08;1.0007493055814098e-08
17/08/2020;9.999999755800011e-09;9.999999755800011e-09;9.9999997728e-09;9.959999802688419e-09;9.9999998176e-09;1.0000000000139698e-08;9.999999755800011e-09;9.999999755800011e-09;9.9999997728e-09;9.959999802688419e-09;9.9999998176e-09;1.0000000000139698e-08;9.999999755800011e-09;9.999999755800011e-09;9.9999997728e-09;9.959999802688419e-09;9.9999998176e-09;1.0000000000139698e-08;0.17240848768871203;0.8532457058192918;0.20762907319992807;0.250486574024738;0.3002360401764301
18/08/2020;9.999999755800011e-09;9.999999755800011e-09;9.9999997728e-09;9.959999802688419e-09;9.9999998176e-09;1.0000000000139698e-08;9.999999755800011e-09;9.999999755800011e-09;9.9999997728e-09;9.959999802688419e-09;9.9999998176e-09;1.0000000000139698e-08;9.999999755800011e-09;9.999999755800011e-09;9.9999997728e-09;9.959999802688419e-09;9.9999998176e-09;1.0000000000139698e-08;0.17240848768871203;0.8532457058192918;0.20762907319992807;0.250486574024738;0.3002360401764301
19/08/2020;9.999999755800011e-09;9.999999755800011e-09;9.9999997728e-09;9.959999802688419e-09;9.9999998176e-09;1.0000000000139698e-08;9.999999755800011e-09;9.999999755800011e-09;9.9999997728e-09;9.959999802688419e-09;9.9999998176e-09;1.0000000000139698e-08;9.999999755800011e-09;9.999999755800011e-09;9.9999997728e-09;9.959999802688419e-09;9.9999998176e-09;1.0000000000139698e-08;0.17240848768871203;0.8532457058192918;0.20762907319992807;0.250486574024738;0.3002360401764301
20/08/2020;9.999999755800011e-09;9.999999755800011e-09;9.9999997728e-09;9.959999802688419e-09;9.9999998176e-09;1.0000000000139698e-08;9.999999755800011e-09;9.999999755800011e-09;9.9999997728e-09;9.959999802688419e-09;9.9999998176e-09;1.0000000000139698e-08;9.999999755800011e-09;9.999999755800011e-09;9.9999997728e-09;9.959999802688419e-09;9.9999998176e-09;1.0000000000139698e-08;0.17240848768871203;0.8532457058192918;0.20762907319992807;0.250486574024738;0.3002360401764301
21/08/2020;9.999999755800011e-09;9.999999755800011e-09;9.9999997728e-09;9.959999802688419e-09;9.9999998176e-09;1.0000000000139698e-08;9.999999755800011e-09;9.999999755800011e-09;9.9999997728e-09;9.959999802688419e-09;9.9999998176e-09;1.0000000000139698e-08;9.999999755800011e-09;9.999999755800011e-09;9.9999997728e-09;9.959999802688419e-09;9.9999998176e-09;1.0000000000139698e-08;0.17240848768871203;0.8532457058192918;0.20762907319992807;0.250486574024738;0.3002360401764301
22/08/2020;9.999999755800011e-09;9.999999755800011e-09;9.9999997728e-09;9.959999802688419e-09;9.9999998176e-09;1.0000000000139698e-08;9.999999755800011e-09;9.999999755800011e-09;9.9999997728e-09;9.959999802688419e-09;9.9999998176e-09;1.0000000000139698e-08;9.999999755800011e-09;9.999999755800011e-09;9.9999997728e-09;9.959999802688419e-09;9.9999998176e-09;1.0000000000139698e-08;0.17240848768871203;0.8532457058192918;0.20762907319992807;0.250486574024738;1.0007493055814098e-08
23/08/2020;9.999999755800011e-09;9.999999755800011e-09;9.9999997728e-09;9.959999802688419e-09;9.9999998176e-09;1.0000000000139698e-08;9.999999755800011e-09;9.999999755800011e-09;9.9999997728e-09;9.959999802688419e-09;9.9999998176e-09;1.0000000000139698e-08;9.999999755800011e-09;9.999999755800011e-09;9.9999997728e-09;9.959999802688419e-09;9.9999998176e-09;1.0000000000139698e-08;0.17240848768871203;0.8532457058192918;0.20762907319992807;1.0007493055814098e-08;1.0007493055814098e-08
24/08/2020;9.999999755800011e-09;9.999999755800011e-09;9.9999997728e-09;9.959999802688419e-09;9.9999998176e-09;1.0000000000139698e-08;9.999999755800011e-09;9.999999755800011e-09;9.9999997728e-09;9.959999802688419e-09;9.9999998176e-09;1.0000000000139698e-08;9.999999755800011e-09;9.999999755800011e-09;9.9999997728e-09;9.959999802688419e-09;9.9999998176e-09;1.0000000000139698e-08;0.17240848768871203;0.8532457058192918;0.20762907319992807;0.250486574024738;0.3002360401764301
25/08/2020;9.999999755800011e-09;9.999999755800011e-09;9.9999997728e-09;9.959999802688419e-09;9.9999998176e-09;1.0000000000139698e-08;9.999999755800011e-09;9.999999755800011e-09;9.9999997728e-09;9.959999802688419e-09;9.9999998176e-09;1.0000000000139698e-08;9.999999755800011e-09;9.999999755800011e-09;9.9999997728e-09;9.959999802688419e-09;9.9999998176e-09;1.0000000000139698e-08;0.17240848768871203;0.8532457058192918;0.20762907319992807;0.250486574024738;0.3002360401764301
26/08/2020;9.999999755800011e-09;9.999999755800011e-09;9.9999997728e-09;9.959999802688419e-09;9.9999998176e-09;1.0000000000139698e-08;9.999999755800011e-09;9.999999755800011e-09;9.9999997728e-09;9.959999802688419e-09;9.9999998176e-09;1.0000000000139698e-08;9.999999755800011e-09;9.999999755800011e-09;9.9999997728e-09;9.959999802688419e-09;9.9999998176e-09;1.0000000000139698e-08;0.17240848768871203;0.8532457058192918;0.20762907319992807;0.250486574024738;0.3002360401764301
27/08/2020;9.999999755800011e-09;9.999999755800011e-09;9.9999997728e-09;9.959999802688419e-09;9.9999998176e-09;1.0000000000139698e-08;9.999999755800011e-09;9.999999755800011e-09;9.9999997728e-09;9.959999802688419e-09;9.9999998176e-09;1.0000000000139698e-08;9.999999755800011e-09;9.999999755800011e-09;9.9999997728e-09;9.959999802688419e-09;9.9999998176e-09;1.0000000000139698e-08;0.17240848768871203;0.8532457058192918;0.20762907319992807;0.250486574024738;0.3002360401764301
28/08/2020;9.999999755800011e-09;9.999999755800011e-09;9.9999997728e-09;9.959999802688419e-09;9.9999998176e-09;1.0000000000139698e-08;9.999999755800011e-09;9.999999755800011e-09;9.9999997728e-09;9.959999802688419e-09;9.9999998176e-09;1.0000000000139698e-08;9.999999755800011e-09;9.999999755800011e-09;9.9999997728e-09;9.959999802688419e-09;9.9999998176e-09;1.0000000000139698e-08;0.17240848768871203;0.8532457058192918;0.20762907319992807;0.250486574024738;0.3002360401764301
29/08/2020;9.999999755800011e-09;9.999999755800011e-09;9.9999997728e-09;9.959999802688419e-09;9.9999998176e-09;1.0000000000139698e-08;9.999999755800011e-09;9.999999755800011e-09;9.9999997728e-09;9.959999802688419e-09;9.9999998176e-09;1.0000000000139698e-08;9.999999755800011e-09;9.999999755800011e-09;9.9999997728e-09;9.959999802688419e-09;9.9999998176e-09;1.0000000000139698e-08;0.17240848768871203;0.8532457058192918;0.20762907319992807;0.250486574024738;1.0007493055814098e-08
30/08/2020;9.999999755800011e-09;9.999999755800011e-09;9.9999997728e-09;9.959999802688419e-09;9.9999998176e-09;1.0000000000139698e-08;9.999999755800011e-09;9.999999755800011e-09;9.9999997728e-09;9.959999802688419e-09;9.9999998176e-09;1.0000000000139698e-08;9.999999755800011e-09;9.999999755800011e-09;9.9999997728e-09;9.959999802688419e-09;9.9999998176e-09;1.0000000000139698e-08;0.17240848768871203;0.8532457058192918;0.20762907319992807;1.0007493055814098e-08;1.0007493055814098e-08
31/08/2020;9.999999755800011e-09;9.999999755800011e-09;9.9999997728e-09;9.959999802688419e-09;9.9999998176e-09;1.0000000000139698e-08;9.999999755800011e-09;9.999999755800011e-09;9.9999997728e-09;9.959999802688419e-09;9.9999998176e-09;1.0000000000139698e-08;9.999999755800011e-09;9.999999755800011e-09;9.9999997728e-09;9.959999802688419e-09;9.9999998176e-09;1.0000000000139698e-08;0.178418743659382;0.8532457058192918;0.20762907319992807;0.250486574024738;0.3002360401764301
01/09/2020;9.999999755800011e-09;9.999999755800011e-09;9.9999997728e-09;9.959999802688419e-09;9.9999998176e-09;1.0000000000139698e-08;9.999999755800011e-09;9.999999755800011e-09;9.9999997728e-09;9.959999802688419e-09;9.9999998176e-09;1.0000000000139698e-08;9.999999755800011e-09;9.999999755800011e-09;9.9999997728e-09;9.959999802688419e-09;9.9999998176e-09;1.0000000000139698e-08;0.17977350224656;0.772110884170161;0.228477169186221;0.27563800420772105;0.330382828810965
02/09/2020;9.999999755800011e-09;9.999999755800011e-09;9.9999997728e-09;9.959999802688419e-09;9.9999998176e-09;1.0000000000139698e-08;9.999999755800011e-09;9.999999755800011e-09;9.9999997728e-09;9.959999802688419e-09;9.9999998176e-09;1.0000000000139698e-08;9.999999755800011e-09;9.999999755800011e-09;9.9999997728e-09;9.959999802688419e-09;9.9999998176e-09;1.0000000000139698e-08;0.17977350224656;0.772110884170161;0.228477169186221;0.27563800420772105;0.330382828810965
03/09/2020;9.999999755800011e-09;9.999999755800011e-09;9.9999997728e-09;9.959999802688419e-09;9.9999998176e-09;1.0000000000139698e-08;9.999999755800011e-09;9.999999755800011e-09;9.9999997728e-09;9.959999802688419e-09;9.9999998176e-09;1.0000000000139698e-08;9.999999755800011e-09;9.999999755800011e-09;9.9999997728e-09;9.959999802688419e-09;9.9999998176e-09;1.0000000000139698e-08;0.17977350224656;0.772110884170161;0.228477169186221;0.27563800420772105;0.330382828810965
04/09/2020;9.999999755800011e-09;9.999999755800011e-09;9.9999997728e-09;9.959999802688419e-09;9.9999998176e-09;0.0304616500574513;9.999999755800011e-09;9.999999755800011e-09;9.9999997728e-09;9.959999802688419e-09;9.9999998176e-09;0.0371636270496827;9.999999755800011e-09;9.999999755800011e-09;9.9999997728e-09;9.959999802688419e-09;9.9999998176e-09;0.044907165540751706;0.17977350224656;0.772110884170161;0.228477169186221;0.27563800420772105;0.330382828810965
05/09/2020;9.999999755800011e-09;9.999999755800011e-09;9.9999997728e-09;9.959999802688419e-09;9.9999998176e-09;0.0304616500574513;9.999999755800011e-09;9.999999755800011e-09;9.9999997728e-09;9.959999802688419e-09;9.9999998176e-09;0.0371636270496827;9.999999755800011e-09;9.999999755800011e-09;9.9999997728e-09;9.959999802688419e-09;9.9999998176e-09;9.998535497462948e-09;0.17977350224656;0.772110884170161;0.228477169186221;0.27563800420772105;1.0007493055814098e-08
06/09/2020;9.999999755800011e-09;9.999999755800011e-09;9.9999997728e-09;9.959999802688419e-09;9.9999998176e-09;0.0304616500574513;9.999999755800011e-09;9.999999755800011e-09;9.9999997728e-09;9.959999802688419e-09;9.9999998176e-09;9.998535497462948e-09;9.999999755800011e-09;9.999999755800011e-09;9.9999997728e-09;9.959999802688419e-09;9.9999998176e-09;9.998535497462948e-09;0.17977350224656;0.772110884170161;0.228477169186221;1.0007493055814098e-08;1.0007493055814098e-08
07/09/2020;9.999999755800011e-09;9.999999755800011e-09;9.9999997728e-09;9.959999802688419e-09;9.9999998176e-09;0.0304616500574513;9.999999755800011e-09;9.999999755800011e-09;9.9999997728e-09;9.959999802688419e-09;9.9999998176e-09;0.0371636270496827;9.999999755800011e-09;9.999999755800011e-09;9.9999997728e-09;9.959999802688419e-09;9.9999998176e-09;0.044907165540751706;0.17977350224656;0.772110884170161;0.228477169186221;0.27563800420772105;0.330382828810965
08/09/2020;9.999999755800011e-09;9.999999755800011e-09;9.9999997728e-09;9.959999802688419e-09;9.9999998176e-09;0.0332673404684936;9.999999755800011e-09;9.999999755800011e-09;9.9999997728e-09;9.959999802688419e-09;9.9999998176e-09;0.04058660748101821;9.999999755800011e-09;9.999999755800011e-09;9.9999997728e-09;9.959999802688419e-09;9.9999998176e-09;0.049043369702612416;0.17977350224656;0.772110884170161;0.228477169186221;0.27563800420772105;0.330382828810965
09/09/2020;9.999999755800011e-09;9.999999755800011e-09;9.9999997728e-09;9.959999802688419e-09;9.9999998176e-09;0.0332673404684936;9.999999755800011e-09;9.999999755800011e-09;9.9999997728e-09;9.959999802688419e-09;9.9999998176e-09;0.04058660748101821;9.999999755800011e-09;9.999999755800011e-09;9.9999997728e-09;9.959999802688419e-09;9.9999998176e-09;0.049043369702612416;0.17977350224656;0.772110884170161;0.228477169186221;0.27563800420772105;0.330382828810965
10/09/2020;9.999999755800011e-09;9.999999755800011e-09;9.9999997728e-09;9.959999802688419e-09;9.9999998176e-09;0.0332673404684936;9.999999755800011e-09;9.999999755800011e-09;9.9999997728e-09;9.959999802688419e-09;9.9999998176e-09;0.04058660748101821;9.999999755800011e-09;9.999999755800011e-09;9.9999997728e-09;9.959999802688419e-09;9.9999998176e-09;0.049043369702612416;0.17977350224656;0.772110884170161;0.228477169186221;0.27563800420772105;0.330382828810965
11/09/2020;9.999999755800011e-09;9.999999755800011e-09;9.9999997728e-09;9.959999802688419e-09;9.9999998176e-09;0.0332673404684936;9.999999755800011e-09;9.999999755800011e-09;9.9999997728e-09;9.959999802688419e-09;9.9999998176e-09;0.04058660748101821;9.999999755800011e-09;9.999999755800011e-09;9.9999997728e-09;9.959999802688419e-09;9.9999998176e-09;0.049043369702612416;0.17977350224656;0.772110884170161;0.228477169186221;0.27563800420772105;0.330382828810965
12/09/2020;9.999999755800011e-09;9.999999755800011e-09;9.9999997728e-09;9.959999802688419e-09;9.9999998176e-09;0.0332673404684936;9.999999755800011e-09;9.999999755800011e-09;9.9999997728e-09;9.959999802688419e-09;9.9999998176e-09;0.04058660748101821;9.999999755800011e-09;9.999999755800011e-09;9.9999997728e-09;9.959999802688419e-09;9.9999998176e-09;9.998535497462948e-09;0.17977350224656;0.772110884170161;0.228477169186221;0.27563800420772105;1.0007493055814098e-08
13/09/2020;9.999999755800011e-09;9.999999755800011e-09;9.9999997728e-09;9.959999802688419e-09;9.9999998176e-09;0.0332673404684936;9.999999755800011e-09;9.999999755800011e-09;9.9999997728e-09;9.959999802688419e-09;9.9999998176e-09;9.998535497462948e-09;9.999999755800011e-09;9.999999755800011e-09;9.9999997728e-09;9.959999802688419e-09;9.9999998176e-09;9.998535497462948e-09;0.17977350224656;0.772110884170161;0.228477169186221;1.0007493055814098e-08;1.0007493055814098e-08
14/09/2020;9.999999755800011e-09;9.999999755800011e-09;9.9999997728e-09;9.959999802688419e-09;9.9999998176e-09;0.0332673404684936;9.999999755800011e-09;9.999999755800011e-09;9.9999997728e-09;9.959999802688419e-09;9.9999998176e-09;0.04058660748101821;9.999999755800011e-09;9.999999755800011e-09;9.9999997728e-09;9.959999802688419e-09;9.9999998176e-09;0.049043369702612416;0.17977350224656;0.772110884170161;0.228477169186221;0.27563800420772105;0.330382828810965
15/09/2020;9.999999755800011e-09;9.999999755800011e-09;9.9999997728e-09;9.959999802688419e-09;9.9999998176e-09;0.049299784179589586;9.999999755800011e-09;9.999999755800011e-09;9.9999997728e-09;9.959999802688419e-09;9.9999998176e-09;0.060146406692501;9.999999755800011e-09;9.999999755800011e-09;9.9999997728e-09;9.959999802688419e-09;9.9999998176e-09;0.07267871455094113;0.17977350224656;0.772110884170161;0.228477169186221;0.27563800420772105;0.330382828810965
16/09/2020;9.999999755800011e-09;9.999999755800011e-09;9.9999997728e-09;9.959999802688419e-09;9.9999998176e-09;0.049299784179589586;9.999999755800011e-09;9.999999755800011e-09;9.9999997728e-09;9.959999802688419e-09;9.9999998176e-09;0.060146406692501;9.999999755800011e-09;9.999999755800011e-09;9.9999997728e-09;9.959999802688419e-09;9.9999998176e-09;0.07267871455094113;0.17977350224656;0.772110884170161;0.228477169186221;0.27563800420772105;0.330382828810965
17/09/2020;9.999999755800011e-09;9.999999755800011e-09;9.9999997728e-09;9.959999802688419e-09;9.9999998176e-09;0.049299784179589586;9.999999755800011e-09;9.999999755800011e-09;9.9999997728e-09;9.959999802688419e-09;9.9999998176e-09;0.060146406692501;9.999999755800011e-09;9.999999755800011e-09;9.9999997728e-09;9.959999802688419e-09;9.9999998176e-09;0.07267871455094113;0.17977350224656;0.772110884170161;0.228477169186221;0.27563800420772105;0.330382828810965
18/09/2020;9.999999755800011e-09;9.999999755800011e-09;9.9999997728e-09;9.959999802688419e-09;9.9999998176e-09;0.049299784179589586;9.999999755800011e-09;9.999999755800011e-09;9.9999997728e-09;9.959999802688419e-09;9.9999998176e-09;0.060146406692501;9.999999755800011e-09;9.999999755800011e-09;9.9999997728e-09;9.959999802688419e-09;9.9999998176e-09;0.07267871455094113;0.17977350224656;0.772110884170161;0.228477169186221;0.27563800420772105;0.330382828810965
19/09/2020;9.999999755800011e-09;9.999999755800011e-09;9.9999997728e-09;9.959999802688419e-09;9.9999998176e-09;0.049299784179589586;9.999999755800011e-09;9.999999755800011e-09;9.9999997728e-09;9.959999802688419e-09;9.9999998176e-09;0.060146406692501;9.999999755800011e-09;9.999999755800011e-09;9.9999997728e-09;9.959999802688419e-09;9.9999998176e-09;9.998535497462948e-09;0.17977350224656;0.772110884170161;0.228477169186221;0.27563800420772105;1.0007493055814098e-08
20/09/2020;9.999999755800011e-09;9.999999755800011e-09;9.9999997728e-09;9.959999802688419e-09;9.9999998176e-09;0.049299784179589586;9.999999755800011e-09;9.999999755800011e-09;9.9999997728e-09;9.959999802688419e-09;9.9999998176e-09;9.998535497462948e-09;9.999999755800011e-09;9.999999755800011e-09;9.9999997728e-09;9.959999802688419e-09;9.9999998176e-09;9.998535497462948e-09;0.17977350224656;0.772110884170161;0.228477169186221;1.0007493055814098e-08;1.0007493055814098e-08
21/09/2020;9.999999755800011e-09;9.999999755800011e-09;9.9999997728e-09;9.959999802688419e-09;9.9999998176e-09;0.049299784179589586;9.999999755800011e-09;9.999999755800011e-09;9.9999997728e-09;9.959999802688419e-09;9.9999998176e-09;0.060146406692501;9.999999755800011e-09;9.999999755800011e-09;9.9999997728e-09;9.959999802688419e-09;9.9999998176e-09;0.07267871455094113;0.17977350224656;0.772110884170161;0.228477169186221;0.27563800420772105;0.330382828810965
22/09/2020;9.999999755800011e-09;9.999999755800011e-09;9.9999997728e-09;9.959999802688419e-09;9.9999998176e-09;0.08136468161087998;9.999999755800011e-09;9.999999755800011e-09;9.9999997728e-09;9.959999802688419e-09;9.9999998176e-09;0.09926601732670276;9.999999755800011e-09;9.999999755800011e-09;9.9999997728e-09;9.959999802688419e-09;9.9999998176e-09;0.11994941900320895;0.17977350224656;0.772110884170161;0.228477169186221;0.27563800420772105;0.330382828810965
23/09/2020;9.999999755800011e-09;9.999999755800011e-09;9.9999997728e-09;9.959999802688419e-09;9.9999998176e-09;0.08136468161087998;9.999999755800011e-09;9.999999755800011e-09;9.9999997728e-09;9.959999802688419e-09;9.9999998176e-09;0.09926601732670276;9.999999755800011e-09;9.999999755800011e-09;9.9999997728e-09;9.959999802688419e-09;9.9999998176e-09;0.11994941900320895;0.17977350224656;0.772110884170161;0.228477169186221;0.27563800420772105;0.330382828810965
24/09/2020;9.999999755800011e-09;9.999999755800011e-09;9.9999997728e-09;9.959999802688419e-09;9.9999998176e-09;0.08136468161087998;9.999999755800011e-09;9.999999755800011e-09;9.9999997728e-09;9.959999802688419e-09;9.9999998176e-09;0.09926601732670276;9.999999755800011e-09;9.999999755800011e-09;9.9999997728e-09;9.959999802688419e-09;9.9999998176e-09;0.11994941900320895;0.17977350224656;0.772110884170161;0.228477169186221;0.27563800420772105;0.330382828810965
25/09/2020;9.999999755800011e-09;9.999999755800011e-09;9.9999997728e-09;9.959999802688419e-09;9.9999998176e-09;0.08136468161087998;9.999999755800011e-09;9.999999755800011e-09;9.9999997728e-09;9.959999802688419e-09;9.9999998176e-09;0.09926601732670276;9.999999755800011e-09;9.999999755800011e-09;9.9999997728e-09;9.959999802688419e-09;9.9999998176e-09;0.11994941900320895;0.17977350224656;0.772110884170161;0.228477169186221;0.27563800420772105;0.330382828810965
26/09/2020;9.999999755800011e-09;9.999999755800011e-09;9.9999997728e-09;9.959999802688419e-09;9.9999998176e-09;0.08136468161087998;9.999999755800011e-09;9.999999755800011e-09;9.9999997728e-09;9.959999802688419e-09;9.9999998176e-09;0.09926601732670276;9.999999755800011e-09;9.999999755800011e-09;9.9999997728e-09;9.959999802688419e-09;9.9999998176e-09;9.998535497462948e-09;0.17977350224656;0.772110884170161;0.228477169186221;0.27563800420772105;1.0007493055814098e-08
27/09/2020;9.999999755800011e-09;9.999999755800011e-09;9.9999997728e-09;9.959999802688419e-09;9.9999998176e-09;0.08136468161087998;9.999999755800011e-09;9.999999755800011e-09;9.9999997728e-09;9.959999802688419e-09;9.9999998176e-09;9.998535497462948e-09;9.999999755800011e-09;9.999999755800011e-09;9.9999997728e-09;9.959999802688419e-09;9.9999998176e-09;9.998535497462948e-09;0.17977350224656;0.772110884170161;0.228477169186221;1.0007493055814098e-08;1.0007493055814098e-08
28/09/2020;9.999999755800011e-09;9.999999755800011e-09;9.9999997728e-09;9.959999802688419e-09;9.9999998176e-09;0.08136468161087998;9.999999755800011e-09;9.999999755800011e-09;9.9999997728e-09;9.959999802688419e-09;9.9999998176e-09;0.09926601732670276;9.999999755800011e-09;9.999999755800011e-09;9.9999997728e-09;9.959999802688419e-09;9.9999998176e-09;0.11994941900320895;0.17977350224656;0.772110884170161;0.228477169186221;0.27563800420772105;0.330382828810965
29/09/2020;9.999999755800011e-09;9.999999755800011e-09;9.9999997728e-09;9.959999802688419e-09;9.9999998176e-09;0.08136468161087998;9.999999755800011e-09;9.999999755800011e-09;9.9999997728e-09;9.959999802688419e-09;9.9999998176e-09;0.09926601732670276;9.999999755800011e-09;9.999999755800011e-09;9.9999997728e-09;9.959999802688419e-09;9.9999998176e-09;0.11994941900320895;0.17977350224656;0.772110884170161;0.228477169186221;0.27563800420772105;0.330382828810965
30/09/2020;9.999999755800011e-09;9.999999755800011e-09;9.9999997728e-09;9.959999802688419e-09;9.9999998176e-09;0.08136468161087998;9.999999755800011e-09;9.999999755800011e-09;9.9999997728e-09;9.959999802688419e-09;9.9999998176e-09;0.09926601732670276;9.999999755800011e-09;9.999999755800011e-09;9.9999997728e-09;9.959999802688419e-09;9.9999998176e-09;0.11994941900320895;0.15787199216781697;0.772110884170161;0.228477169186221;0.27563800420772105;0.330382828810965
