GIORNO_RIFERIMENTO;C1_A1;C1_B1;C1_C1;C1_D1;C1_E1;C1_F1;C1_A2;C1_B2;C1_C2;C1_D2;C1_E2;C1_F2;C1_A3;C1_B3;C1_C3;C1_D3;C1_E3;C1_F3;C2;C4;T1_1;T1_2;T1_3
01/10/2019;0.000000009999999755800010000000;0.000000009999999755800010000000;0.000000009999999772800000000000;0.000000009959999802688420000000;0.000000009999999817600000000000;0.145093662127727000000000000000;0.000000009999999755800010000000;0.000000009999999755800010000000;0.000000009999999772800000000000;0.000000009959999802688420000000;0.000000009999999817600000000000;0.177016239646168000000000000000;0.000000009999999755800010000000;0.000000009999999755800010000000;0.000000009999999772800000000000;0.000000009959999802688420000000;0.000000009999999817600000000000;0.213899939490962000000000000000;0.227345411973673000000000000000;0.000000009484873297408620000000;0.243765211678312000000000000000;0.294081709264868000000000000000;0.352489662257429000000000000000
02/10/2019;0.000000009999999755800010000000;0.000000009999999755800010000000;0.000000009999999772800000000000;0.000000009959999802688420000000;0.000000009999999817600000000000;0.145093662127727000000000000000;0.000000009999999755800010000000;0.000000009999999755800010000000;0.000000009999999772800000000000;0.000000009959999802688420000000;0.000000009999999817600000000000;0.177016239646168000000000000000;0.000000009999999755800010000000;0.000000009999999755800010000000;0.000000009999999772800000000000;0.000000009959999802688420000000;0.000000009999999817600000000000;0.213899939490962000000000000000;0.227345411973673000000000000000;0.000000009484873297408620000000;0.243765211678312000000000000000;0.294081709264868000000000000000;0.352489662257429000000000000000
03/10/2019;0.000000009999999755800010000000;0.000000009999999755800010000000;0.000000009999999772800000000000;0.000000009959999802688420000000;0.000000009999999817600000000000;0.145093662127727000000000000000;0.000000009999999755800010000000;0.000000009999999755800010000000;0.000000009999999772800000000000;0.000000009959999802688420000000;0.000000009999999817600000000000;0.177016239646168000000000000000;0.000000009999999755800010000000;0.000000009999999755800010000000;0.000000009999999772800000000000;0.000000009959999802688420000000;0.000000009999999817600000000000;0.213899939490962000000000000000;0.227345411973673000000000000000;0.000000009484873297408620000000;0.243765211678312000000000000000;0.294081709264868000000000000000;0.352489662257429000000000000000
04/10/2019;0.000000009999999755800010000000;0.000000009999999755800010000000;0.000000009999999772800000000000;0.000000009959999802688420000000;0.000000009999999817600000000000;0.145093662127727000000000000000;0.000000009999999755800010000000;0.000000009999999755800010000000;0.000000009999999772800000000000;0.000000009959999802688420000000;0.000000009999999817600000000000;0.177016239646168000000000000000;0.000000009999999755800010000000;0.000000009999999755800010000000;0.000000009999999772800000000000;0.000000009959999802688420000000;0.000000009999999817600000000000;0.213899939490962000000000000000;0.227345411973673000000000000000;0.000000009484873297408620000000;0.243765211678312000000000000000;0.294081709264868000000000000000;0.352489662257429000000000000000
05/10/2019;0.000000009999999755800010000000;0.000000009999999755800010000000;0.000000009999999772800000000000;0.000000009959999802688420000000;0.000000009999999817600000000000;0.145093662127727000000000000000;0.000000009999999755800010000000;0.000000009999999755800010000000;0.000000009999999772800000000000;0.000000009959999802688420000000;0.000000009999999817600000000000;0.177016239646168000000000000000;0.000000009999999755800010000000;0.000000009999999755800010000000;0.000000009999999772800000000000;0.000000009959999802688420000000;0.000000009999999817600000000000;0.000000009998535497462950000000;0.227345411973673000000000000000;0.000000009484873297408620000000;0.243765211678312000000000000000;0.294081709264868000000000000000;0.000000010007493055814100000000
06/10/2019;0.000000009999999755800010000000;0.000000009999999755800010000000;0.000000009999999772800000000000;0.000000009959999802688420000000;0.000000009999999817600000000000;0.145093662127727000000000000000;0.000000009999999755800010000000;0.000000009999999755800010000000;0.000000009999999772800000000000;0.000000009959999802688420000000;0.000000009999999817600000000000;0.000000009998535497462950000000;0.000000009999999755800010000000;0.000000009999999755800010000000;0.000000009999999772800000000000;0.000000009959999802688420000000;0.000000009999999817600000000000;0.000000009998535497462950000000;0.227345411973673000000000000000;0.000000009484873297408620000000;0.243765211678312000000000000000;0.000000010007493055814100000000;0.000000010007493055814100000000
07/10/2019;0.000000009999999755800010000000;0.000000009999999755800010000000;0.000000009999999772800000000000;0.000000009959999802688420000000;0.000000009999999817600000000000;0.145093662127727000000000000000;0.000000009999999755800010000000;0.000000009999999755800010000000;0.000000009999999772800000000000;0.000000009959999802688420000000;0.000000009999999817600000000000;0.177016239646168000000000000000;0.000000009999999755800010000000;0.000000009999999755800010000000;0.000000009999999772800000000000;0.000000009959999802688420000000;0.000000009999999817600000000000;0.213899939490962000000000000000;0.227345411973673000000000000000;0.000000009484873297408620000000;0.243765211678312000000000000000;0.294081709264868000000000000000;0.352489662257429000000000000000
08/10/2019;0.000000009999999755800010000000;0.000000009999999755800010000000;0.000000009999999772800000000000;0.000000009959999802688420000000;0.000000009999999817600000000000;0.152308280314552000000000000000;0.000000009999999755800010000000;0.000000009999999755800010000000;0.000000009999999772800000000000;0.000000009959999802688420000000;0.000000009999999817600000000000;0.185818171882122000000000000000;0.000000009999999755800010000000;0.000000009999999755800010000000;0.000000009999999772800000000000;0.000000009959999802688420000000;0.000000009999999817600000000000;0.224535871970590000000000000000;0.227345411973673000000000000000;0.000000009484873297408620000000;0.243765211678312000000000000000;0.294081709264868000000000000000;0.352489662257429000000000000000
09/10/2019;0.000000009999999755800010000000;0.000000009999999755800010000000;0.000000009999999772800000000000;0.000000009959999802688420000000;0.000000009999999817600000000000;0.152308280314552000000000000000;0.000000009999999755800010000000;0.000000009999999755800010000000;0.000000009999999772800000000000;0.000000009959999802688420000000;0.000000009999999817600000000000;0.185818171882122000000000000000;0.000000009999999755800010000000;0.000000009999999755800010000000;0.000000009999999772800000000000;0.000000009959999802688420000000;0.000000009999999817600000000000;0.224535871970590000000000000000;0.227345411973673000000000000000;0.000000009484873297408620000000;0.243765211678312000000000000000;0.294081709264868000000000000000;0.352489662257429000000000000000
10/10/2019;0.000000009999999755800010000000;0.000000009999999755800010000000;0.000000009999999772800000000000;0.000000009959999802688420000000;0.000000009999999817600000000000;0.152308280314552000000000000000;0.000000009999999755800010000000;0.000000009999999755800010000000;0.000000009999999772800000000000;0.000000009959999802688420000000;0.000000009999999817600000000000;0.185818171882122000000000000000;0.000000009999999755800010000000;0.000000009999999755800010000000;0.000000009999999772800000000000;0.000000009959999802688420000000;0.000000009999999817600000000000;0.224535871970590000000000000000;0.227345411973673000000000000000;0.000000009484873297408620000000;0.243765211678312000000000000000;0.294081709264868000000000000000;0.352489662257429000000000000000
11/10/2019;0.000000009999999755800010000000;0.000000009999999755800010000000;0.000000009999999772800000000000;0.000000009959999802688420000000;0.000000009999999817600000000000;0.152308280314552000000000000000;0.000000009999999755800010000000;0.000000009999999755800010000000;0.000000009999999772800000000000;0.000000009959999802688420000000;0.000000009999999817600000000000;0.185818171882122000000000000000;0.000000009999999755800010000000;0.000000009999999755800010000000;0.000000009999999772800000000000;0.000000009959999802688420000000;0.000000009999999817600000000000;0.224535871970590000000000000000;0.227345411973673000000000000000;0.000000009484873297408620000000;0.243765211678312000000000000000;0.294081709264868000000000000000;0.352489662257429000000000000000
12/10/2019;0.000000009999999755800010000000;0.000000009999999755800010000000;0.000000009999999772800000000000;0.000000009959999802688420000000;0.000000009999999817600000000000;0.152308280314552000000000000000;0.000000009999999755800010000000;0.000000009999999755800010000000;0.000000009999999772800000000000;0.000000009959999802688420000000;0.000000009999999817600000000000;0.185818171882122000000000000000;0.000000009999999755800010000000;0.000000009999999755800010000000;0.000000009999999772800000000000;0.000000009959999802688420000000;0.000000009999999817600000000000;0.000000009998535497462950000000;0.227345411973673000000000000000;0.000000009484873297408620000000;0.243765211678312000000000000000;0.294081709264868000000000000000;0.000000010007493055814100000000
13/10/2019;0.000000009999999755800010000000;0.000000009999999755800010000000;0.000000009999999772800000000000;0.000000009959999802688420000000;0.000000009999999817600000000000;0.152308280314552000000000000000;0.000000009999999755800010000000;0.000000009999999755800010000000;0.000000009999999772800000000000;0.000000009959999802688420000000;0.000000009999999817600000000000;0.000000009998535497462950000000;0.000000009999999755800010000000;0.000000009999999755800010000000;0.000000009999999772800000000000;0.000000009959999802688420000000;0.000000009999999817600000000000;0.000000009998535497462950000000;0.227345411973673000000000000000;0.000000009484873297408620000000;0.243765211678312000000000000000;0.000000010007493055814100000000;0.000000010007493055814100000000
14/10/2019;0.000000009999999755800010000000;0.000000009999999755800010000000;0.000000009999999772800000000000;0.000000009959999802688420000000;0.241467306056249000000000000000;0.152308280314552000000000000000;0.000000009999999755800010000000;0.000000009999999755800010000000;0.000000009999999772800000000000;0.000000009959999802688420000000;0.293383522289502000000000000000;0.185818171882122000000000000000;0.000000009999999755800010000000;0.000000009999999755800010000000;0.000000009999999772800000000000;0.000000009959999802688420000000;0.354463210548781000000000000000;0.224535871970590000000000000000;0.227345411973673000000000000000;0.000000009484873297408620000000;0.243765211678312000000000000000;0.294081709264868000000000000000;0.352489662257429000000000000000
15/10/2019;0.000000009999999755800010000000;0.000000009999999755800010000000;0.000000009999999772800000000000;0.000000009959999802688420000000;0.241467306056249000000000000000;0.222450240317656000000000000000;0.000000009999999755800010000000;0.000000009999999755800010000000;0.000000009999999772800000000000;0.000000009959999802688420000000;0.293383522289502000000000000000;0.271392316328427000000000000000;0.000000009999999755800010000000;0.000000009999999755800010000000;0.000000009999999772800000000000;0.000000009959999802688420000000;0.354463210548781000000000000000;0.327940533348797000000000000000;0.227345411973673000000000000000;0.000000009484873297408620000000;0.243765211678312000000000000000;0.294081709264868000000000000000;0.352489662257429000000000000000
16/10/2019;0.000000009999999755800010000000;0.000000009999999755800010000000;0.000000009999999772800000000000;0.000000009959999802688420000000;0.241467306056249000000000000000;0.222450240317656000000000000000;0.000000009999999755800010000000;0.000000009999999755800010000000;0.000000009999999772800000000000;0.000000009959999802688420000000;0.293383522289502000000000000000;0.271392316328427000000000000000;0.000000009999999755800010000000;0.000000009999999755800010000000;0.000000009999999772800000000000;0.000000009959999802688420000000;0.354463210548781000000000000000;0.327940533348797000000000000000;0.227345411973673000000000000000;0.000000009484873297408620000000;0.243765211678312000000000000000;0.294081709264868000000000000000;0.352489662257429000000000000000
17/10/2019;0.000000009999999755800010000000;0.000000009999999755800010000000;0.000000009999999772800000000000;0.000000009959999802688420000000;0.241467306056249000000000000000;0.222450240317656000000000000000;0.000000009999999755800010000000;0.000000009999999755800010000000;0.000000009999999772800000000000;0.000000009959999802688420000000;0.293383522289502000000000000000;0.271392316328427000000000000000;0.000000009999999755800010000000;0.000000009999999755800010000000;0.000000009999999772800000000000;0.000000009959999802688420000000;0.354463210548781000000000000000;0.327940533348797000000000000000;0.227345411973673000000000000000;0.000000009484873297408620000000;0.243765211678312000000000000000;0.294081709264868000000000000000;0.352489662257429000000000000000
18/10/2019;0.000000009999999755800010000000;0.000000009999999755800010000000;0.000000009999999772800000000000;0.000000009959999802688420000000;0.241467306056249000000000000000;0.222450240317656000000000000000;0.000000009999999755800010000000;0.000000009999999755800010000000;0.000000009999999772800000000000;0.000000009959999802688420000000;0.293383522289502000000000000000;0.271392316328427000000000000000;0.000000009999999755800010000000;0.000000009999999755800010000000;0.000000009999999772800000000000;0.000000009959999802688420000000;0.354463210548781000000000000000;0.327940533348797000000000000000;0.227345411973673000000000000000;0.000000009484873297408620000000;0.243765211678312000000000000000;0.294081709264868000000000000000;0.352489662257429000000000000000
19/10/2019;0.000000009999999755800010000000;0.000000009999999755800010000000;0.000000009999999772800000000000;0.000000009959999802688420000000;0.241467306056249000000000000000;0.222450240317656000000000000000;0.000000009999999755800010000000;0.000000009999999755800010000000;0.000000009999999772800000000000;0.000000009959999802688420000000;0.293383522289502000000000000000;0.271392316328427000000000000000;0.000000009999999755800010000000;0.000000009999999755800010000000;0.000000009999999772800000000000;0.000000009959999802688420000000;0.000000009999999817600000000000;0.000000009998535497462950000000;0.227345411973673000000000000000;0.000000009484873297408620000000;0.243765211678312000000000000000;0.294081709264868000000000000000;0.000000010007493055814100000000
20/10/2019;0.000000009999999755800010000000;0.000000009999999755800010000000;0.000000009999999772800000000000;0.000000009959999802688420000000;0.241467306056249000000000000000;0.222450240317656000000000000000;0.000000009999999755800010000000;0.000000009999999755800010000000;0.000000009999999772800000000000;0.000000009959999802688420000000;0.000000009999999817600000000000;0.000000009998535497462950000000;0.000000009999999755800010000000;0.000000009999999755800010000000;0.000000009999999772800000000000;0.000000009959999802688420000000;0.000000009999999817600000000000;0.000000009998535497462950000000;0.227345411973673000000000000000;0.000000009484873297408620000000;0.243765211678312000000000000000;0.000000010007493055814100000000;0.000000010007493055814100000000
21/10/2019;0.000000009999999755800010000000;0.000000009999999755800010000000;0.000000009999999772800000000000;0.000000009959999802688420000000;0.267000460342627000000000000000;0.222450240317656000000000000000;0.000000009999999755800010000000;0.000000009999999755800010000000;0.000000009999999772800000000000;0.000000009959999802688420000000;0.324406383570581000000000000000;0.271392316328427000000000000000;0.000000009999999755800010000000;0.000000009999999755800010000000;0.000000009999999772800000000000;0.000000009959999802688420000000;0.391944739587244000000000000000;0.327940533348797000000000000000;0.227345411973673000000000000000;0.000000009484873297408620000000;0.243765211678312000000000000000;0.294081709264868000000000000000;0.352489662257429000000000000000
22/10/2019;0.000000009999999755800010000000;0.000000009999999755800010000000;0.000000009999999772800000000000;0.000000009959999802688420000000;0.267000460342627000000000000000;0.298203561124649000000000000000;0.000000009999999755800010000000;0.000000009999999755800010000000;0.000000009999999772800000000000;0.000000009959999802688420000000;0.324406383570581000000000000000;0.363812397214931000000000000000;0.000000009999999755800010000000;0.000000009999999755800010000000;0.000000009999999772800000000000;0.000000009959999802688420000000;0.391944739587244000000000000000;0.439617573539505000000000000000;0.227345411973673000000000000000;0.000000009484873297408620000000;0.243765211678312000000000000000;0.294081709264868000000000000000;0.352489662257429000000000000000
23/10/2019;0.000000009999999755800010000000;0.000000009999999755800010000000;0.000000009999999772800000000000;0.000000009959999802688420000000;0.267000460342627000000000000000;0.298203561124649000000000000000;0.000000009999999755800010000000;0.000000009999999755800010000000;0.000000009999999772800000000000;0.000000009959999802688420000000;0.324406383570581000000000000000;0.363812397214931000000000000000;0.000000009999999755800010000000;0.000000009999999755800010000000;0.000000009999999772800000000000;0.000000009959999802688420000000;0.391944739587244000000000000000;0.439617573539505000000000000000;0.227345411973673000000000000000;0.000000009484873297408620000000;0.243765211678312000000000000000;0.294081709264868000000000000000;0.352489662257429000000000000000
24/10/2019;0.000000009999999755800010000000;0.000000009999999755800010000000;0.000000009999999772800000000000;0.000000009959999802688420000000;0.267000460342627000000000000000;0.298203561124649000000000000000;0.000000009999999755800010000000;0.000000009999999755800010000000;0.000000009999999772800000000000;0.000000009959999802688420000000;0.324406383570581000000000000000;0.363812397214931000000000000000;0.000000009999999755800010000000;0.000000009999999755800010000000;0.000000009999999772800000000000;0.000000009959999802688420000000;0.391944739587244000000000000000;0.439617573539505000000000000000;0.227345411973673000000000000000;0.000000009484873297408620000000;0.243765211678312000000000000000;0.294081709264868000000000000000;0.352489662257429000000000000000
25/10/2019;0.000000009999999755800010000000;0.000000009999999755800010000000;0.000000009999999772800000000000;0.000000009959999802688420000000;0.267000460342627000000000000000;0.298203561124649000000000000000;0.000000009999999755800010000000;0.000000009999999755800010000000;0.000000009999999772800000000000;0.000000009959999802688420000000;0.324406383570581000000000000000;0.363812397214931000000000000000;0.000000009999999755800010000000;0.000000009999999755800010000000;0.000000009999999772800000000000;0.000000009959999802688420000000;0.391944739587244000000000000000;0.439617573539505000000000000000;0.227345411973673000000000000000;0.000000009484873297408620000000;0.243765211678312000000000000000;0.294081709264868000000000000000;0.352489662257429000000000000000
26/10/2019;0.000000009999999755800010000000;0.000000009999999755800010000000;0.000000009999999772800000000000;0.000000009959999802688420000000;0.267000460342627000000000000000;0.298203561124649000000000000000;0.000000009999999755800010000000;0.000000009999999755800010000000;0.000000009999999772800000000000;0.000000009959999802688420000000;0.324406383570581000000000000000;0.363812397214931000000000000000;0.000000009999999755800010000000;0.000000009999999755800010000000;0.000000009999999772800000000000;0.000000009959999802688420000000;0.000000009999999817600000000000;0.000000009998535497462950000000;0.227345411973673000000000000000;0.000000009484873297408620000000;0.243765211678312000000000000000;0.294081709264868000000000000000;0.000000010007493055814100000000
27/10/2019;0.000000009999999755800010000000;0.000000009999999755800010000000;0.000000009999999772800000000000;0.000000009959999802688420000000;0.267000460342627000000000000000;0.298203561124649000000000000000;0.000000009999999755800010000000;0.000000009999999755800010000000;0.000000009999999772800000000000;0.000000009959999802688420000000;0.000000009999999817600000000000;0.000000009998535497462950000000;0.000000009999999755800010000000;0.000000009999999755800010000000;0.000000009999999772800000000000;0.000000009959999802688420000000;0.000000009999999817600000000000;0.000000009998535497462950000000;0.227345411973673000000000000000;0.000000009484873297408620000000;0.243765211678312000000000000000;0.000000010007493055814100000000;0.000000010007493055814100000000
28/10/2019;0.000000009999999755800010000000;0.000000009999999755800010000000;0.000000009999999772800000000000;0.000000009959999802688420000000;0.313602971420856000000000000000;0.298203561124649000000000000000;0.000000009999999755800010000000;0.000000009999999755800010000000;0.000000009999999772800000000000;0.000000009959999802688420000000;0.381028578396746000000000000000;0.363812397214931000000000000000;0.000000009999999755800010000000;0.000000009999999755800010000000;0.000000009999999772800000000000;0.000000009959999802688420000000;0.460355142495272000000000000000;0.439617573539505000000000000000;0.227345411973673000000000000000;0.000000009484873297408620000000;0.243765211678312000000000000000;0.294081709264868000000000000000;0.352489662257429000000000000000
29/10/2019;0.000000009999999755800010000000;0.000000009999999755800010000000;0.000000009999999772800000000000;0.000000009959999802688420000000;0.313602971420856000000000000000;0.298203561124649000000000000000;0.000000009999999755800010000000;0.000000009999999755800010000000;0.000000009999999772800000000000;0.000000009959999802688420000000;0.381028578396746000000000000000;0.363812397214931000000000000000;0.000000009999999755800010000000;0.000000009999999755800010000000;0.000000009999999772800000000000;0.000000009959999802688420000000;0.460355142495272000000000000000;0.439617573539505000000000000000;0.227345411973673000000000000000;0.000000009484873297408620000000;0.243765211678312000000000000000;0.294081709264868000000000000000;0.352489662257429000000000000000
30/10/2019;0.000000009999999755800010000000;0.000000009999999755800010000000;0.000000009999999772800000000000;0.000000009959999802688420000000;0.313602971420856000000000000000;0.298203561124649000000000000000;0.000000009999999755800010000000;0.000000009999999755800010000000;0.000000009999999772800000000000;0.000000009959999802688420000000;0.381028578396746000000000000000;0.363812397214931000000000000000;0.000000009999999755800010000000;0.000000009999999755800010000000;0.000000009999999772800000000000;0.000000009959999802688420000000;0.460355142495272000000000000000;0.439617573539505000000000000000;0.227345411973673000000000000000;0.000000009484873297408620000000;0.243765211678312000000000000000;0.294081709264868000000000000000;0.352489662257429000000000000000
31/10/2019;0.000000009999999755800010000000;0.000000009999999755800010000000;0.000000009999999772800000000000;0.319815034159621000000000000000;0.360101100567270000000000000000;0.298203561124649000000000000000;0.000000009999999755800010000000;0.000000009999999755800010000000;0.000000009999999772800000000000;0.389373385427518000000000000000;0.437523948853520000000000000000;0.363812397214931000000000000000;0.000000009999999755800010000000;0.000000009999999755800010000000;0.000000009999999772800000000000;0.471397254263516000000000000000;0.528612317393766000000000000000;0.439617573539505000000000000000;0.227345411973673000000000000000;0.000000009484873297408620000000;0.243765211678312000000000000000;0.294081709264868000000000000000;0.352489662257429000000000000000
01/11/2019;0.000000009999999755800010000000;0.000000009999999755800010000000;0.000000009999999772800000000000;0.319815034159621000000000000000;0.360101100567270000000000000000;0.352313077416657000000000000000;0.000000009999999755800010000000;0.000000009999999755800010000000;0.000000009999999772800000000000;0.000000009959999802688420000000;0.000000009999999817600000000000;0.000000009998535497462950000000;0.000000009999999755800010000000;0.000000009999999755800010000000;0.000000009999999772800000000000;0.000000009959999802688420000000;0.000000009999999817600000000000;0.000000009998535497462950000000;0.281903203847045000000000000000;0.000000009484873297408620000000;0.296598162828102000000000000000;0.000000010007493055814100000000;0.000000010007493055814100000000
02/11/2019;0.000000009999999755800010000000;0.000000009999999755800010000000;0.000000009999999772800000000000;0.319815034159621000000000000000;0.360101100567270000000000000000;0.352313077416657000000000000000;0.000000009999999755800010000000;0.000000009999999755800010000000;0.000000009999999772800000000000;0.389373385427518000000000000000;0.437523948853520000000000000000;0.429826742449753000000000000000;0.000000009999999755800010000000;0.000000009999999755800010000000;0.000000009999999772800000000000;0.000000009959999802688420000000;0.000000009999999817600000000000;0.000000009998535497462950000000;0.281903203847045000000000000000;0.000000009484873297408620000000;0.296598162828102000000000000000;0.357820109312458000000000000000;0.000000010007493055814100000000
03/11/2019;0.000000009999999755800010000000;0.000000009999999755800010000000;0.000000009999999772800000000000;0.319815034159621000000000000000;0.360101100567270000000000000000;0.352313077416657000000000000000;0.000000009999999755800010000000;0.000000009999999755800010000000;0.000000009999999772800000000000;0.000000009959999802688420000000;0.000000009999999817600000000000;0.000000009998535497462950000000;0.000000009999999755800010000000;0.000000009999999755800010000000;0.000000009999999772800000000000;0.000000009959999802688420000000;0.000000009999999817600000000000;0.000000009998535497462950000000;0.281903203847045000000000000000;0.000000009484873297408620000000;0.296598162828102000000000000000;0.000000010007493055814100000000;0.000000010007493055814100000000
04/11/2019;0.000000009999999755800010000000;0.000000009999999755800010000000;0.000000009999999772800000000000;0.338376881880360000000000000000;0.371833841873283000000000000000;0.352313077416657000000000000000;0.000000009999999755800010000000;0.000000009999999755800010000000;0.000000009999999772800000000000;0.411972352689347000000000000000;0.451779265760348000000000000000;0.429826742449753000000000000000;0.000000009999999755800010000000;0.000000009999999755800010000000;0.000000009999999772800000000000;0.498756831253403000000000000000;0.545835457121424000000000000000;0.519386890069383000000000000000;0.281903203847045000000000000000;0.000000009484873297408620000000;0.296598162828102000000000000000;0.357820109312458000000000000000;0.428887229320562000000000000000
05/11/2019;0.000000009999999755800010000000;0.000000009999999755800010000000;0.000000009999999772800000000000;0.338376881880360000000000000000;0.371833841873283000000000000000;0.352313077416657000000000000000;0.000000009999999755800010000000;0.000000009999999755800010000000;0.000000009999999772800000000000;0.411972352689347000000000000000;0.451779265760348000000000000000;0.429826742449753000000000000000;0.000000009999999755800010000000;0.000000009999999755800010000000;0.000000009999999772800000000000;0.498756831253403000000000000000;0.545835457121424000000000000000;0.519386890069383000000000000000;0.281903203847045000000000000000;0.000000009484873297408620000000;0.296598162828102000000000000000;0.357820109312458000000000000000;0.428887229320562000000000000000
06/11/2019;0.000000009999999755800010000000;0.000000009999999755800010000000;0.000000009999999772800000000000;0.338376881880360000000000000000;0.371833841873283000000000000000;0.352313077416657000000000000000;0.000000009999999755800010000000;0.000000009999999755800010000000;0.000000009999999772800000000000;0.411972352689347000000000000000;0.451779265760348000000000000000;0.429826742449753000000000000000;0.000000009999999755800010000000;0.000000009999999755800010000000;0.000000009999999772800000000000;0.498756831253403000000000000000;0.545835457121424000000000000000;0.519386890069383000000000000000;0.281903203847045000000000000000;0.000000009484873297408620000000;0.296598162828102000000000000000;0.357820109312458000000000000000;0.428887229320562000000000000000
07/11/2019;0.000000009999999755800010000000;0.000000009999999755800010000000;0.000000009999999772800000000000;0.338376881880360000000000000000;0.371833841873283000000000000000;0.352313077416657000000000000000;0.000000009999999755800010000000;0.000000009999999755800010000000;0.000000009999999772800000000000;0.411972352689347000000000000000;0.451779265760348000000000000000;0.429826742449753000000000000000;0.000000009999999755800010000000;0.000000009999999755800010000000;0.000000009999999772800000000000;0.498756831253403000000000000000;0.545835457121424000000000000000;0.519386890069383000000000000000;0.281903203847045000000000000000;0.000000009484873297408620000000;0.296598162828102000000000000000;0.357820109312458000000000000000;0.428887229320562000000000000000
08/11/2019;0.000000009999999755800010000000;0.000000009999999755800010000000;0.000000009999999772800000000000;0.338376881880360000000000000000;0.371833841873283000000000000000;0.403216108970086000000000000000;0.000000009999999755800010000000;0.000000009999999755800010000000;0.000000009999999772800000000000;0.411972352689347000000000000000;0.451779265760348000000000000000;0.491929132726773000000000000000;0.000000009999999755800010000000;0.000000009999999755800010000000;0.000000009999999772800000000000;0.498756831253403000000000000000;0.545835457121424000000000000000;0.594429143531841000000000000000;0.281903203847045000000000000000;0.000000009484873297408620000000;0.296598162828102000000000000000;0.357820109312458000000000000000;0.428887229320562000000000000000
09/11/2019;0.000000009999999755800010000000;0.000000009999999755800010000000;0.000000009999999772800000000000;0.338376881880360000000000000000;0.371833841873283000000000000000;0.403216108970086000000000000000;0.000000009999999755800010000000;0.000000009999999755800010000000;0.000000009999999772800000000000;0.411972352689347000000000000000;0.451779265760348000000000000000;0.491929132726773000000000000000;0.000000009999999755800010000000;0.000000009999999755800010000000;0.000000009999999772800000000000;0.000000009959999802688420000000;0.000000009999999817600000000000;0.000000009998535497462950000000;0.281903203847045000000000000000;0.000000009484873297408620000000;0.296598162828102000000000000000;0.357820109312458000000000000000;0.000000010007493055814100000000
10/11/2019;0.000000009999999755800010000000;0.000000009999999755800010000000;0.000000009999999772800000000000;0.338376881880360000000000000000;0.371833841873283000000000000000;0.403216108970086000000000000000;0.000000009999999755800010000000;0.000000009999999755800010000000;0.000000009999999772800000000000;0.000000009959999802688420000000;0.000000009999999817600000000000;0.000000009998535497462950000000;0.000000009999999755800010000000;0.000000009999999755800010000000;0.000000009999999772800000000000;0.000000009959999802688420000000;0.000000009999999817600000000000;0.000000009998535497462950000000;0.281903203847045000000000000000;0.000000009484873297408620000000;0.296598162828102000000000000000;0.000000010007493055814100000000;0.000000010007493055814100000000
11/11/2019;0.000000009999999755800010000000;0.000000009999999755800010000000;0.000000009999999772800000000000;0.422939934709548000000000000000;0.445724144004364000000000000000;0.403216108970086000000000000000;0.000000009999999755800010000000;0.000000009999999755800010000000;0.000000009999999772800000000000;0.514927494397142000000000000000;0.541556210955578000000000000000;0.491929132726773000000000000000;0.000000009999999755800010000000;0.000000009999999755800010000000;0.000000009999999772800000000000;0.623400098948956000000000000000;0.654303117400455000000000000000;0.594429143531841000000000000000;0.281903203847045000000000000000;0.000000009484873297408620000000;0.296598162828102000000000000000;0.357820109312458000000000000000;0.428887229320562000000000000000
12/11/2019;0.000000009999999755800010000000;0.000000009999999755800010000000;0.000000009999999772800000000000;0.422939934709548000000000000000;0.445724144004364000000000000000;0.403216108970086000000000000000;0.000000009999999755800010000000;0.000000009999999755800010000000;0.000000009999999772800000000000;0.514927494397142000000000000000;0.541556210955578000000000000000;0.491929132726773000000000000000;0.000000009999999755800010000000;0.000000009999999755800010000000;0.000000009999999772800000000000;0.623400098948956000000000000000;0.654303117400455000000000000000;0.594429143531841000000000000000;0.281903203847045000000000000000;0.000000009484873297408620000000;0.296598162828102000000000000000;0.357820109312458000000000000000;0.428887229320562000000000000000
13/11/2019;0.000000009999999755800010000000;0.000000009999999755800010000000;0.000000009999999772800000000000;0.422939934709548000000000000000;0.445724144004364000000000000000;0.403216108970086000000000000000;0.000000009999999755800010000000;0.000000009999999755800010000000;0.000000009999999772800000000000;0.514927494397142000000000000000;0.541556210955578000000000000000;0.491929132726773000000000000000;0.000000009999999755800010000000;0.000000009999999755800010000000;0.000000009999999772800000000000;0.623400098948956000000000000000;0.654303117400455000000000000000;0.594429143531841000000000000000;0.281903203847045000000000000000;0.000000009484873297408620000000;0.296598162828102000000000000000;0.357820109312458000000000000000;0.428887229320562000000000000000
14/11/2019;0.000000009999999755800010000000;0.000000009999999755800010000000;0.510887797516760000000000000000;0.422939934709548000000000000000;0.445724144004364000000000000000;0.403216108970086000000000000000;0.000000009999999755800010000000;0.000000009999999755800010000000;0.620370131142195000000000000000;0.514927494397142000000000000000;0.541556210955578000000000000000;0.491929132726773000000000000000;0.000000009999999755800010000000;0.000000009999999755800010000000;0.753321733649815000000000000000;0.623400098948956000000000000000;0.654303117400455000000000000000;0.594429143531841000000000000000;0.281903203847045000000000000000;0.000000009484873297408620000000;0.296598162828102000000000000000;0.357820109312458000000000000000;0.428887229320562000000000000000
15/11/2019;0.000000009999999755800010000000;0.000000009999999755800010000000;0.510887797516760000000000000000;0.422939934709548000000000000000;0.445724144004364000000000000000;0.499009996927321000000000000000;0.000000009999999755800010000000;0.000000009999999755800010000000;0.620370131142195000000000000000;0.514927494397142000000000000000;0.541556210955578000000000000000;0.608798977891676000000000000000;0.000000009999999755800010000000;0.000000009999999755800010000000;0.753321733649815000000000000000;0.623400098948956000000000000000;0.654303117400455000000000000000;0.735650383227472000000000000000;0.281903203847045000000000000000;0.000000009484873297408620000000;0.296598162828102000000000000000;0.357820109312458000000000000000;0.428887229320562000000000000000
16/11/2019;0.000000009999999755800010000000;0.000000009999999755800010000000;0.510887797516760000000000000000;0.422939934709548000000000000000;0.445724144004364000000000000000;0.499009996927321000000000000000;0.000000009999999755800010000000;0.000000009999999755800010000000;0.620370131142195000000000000000;0.514927494397142000000000000000;0.541556210955578000000000000000;0.608798977891676000000000000000;0.000000009999999755800010000000;0.000000009999999755800010000000;0.000000009999999772800000000000;0.000000009959999802688420000000;0.000000009999999817600000000000;0.000000009998535497462950000000;0.281903203847045000000000000000;0.000000009484873297408620000000;0.296598162828102000000000000000;0.357820109312458000000000000000;0.000000010007493055814100000000
17/11/2019;0.000000009999999755800010000000;0.000000009999999755800010000000;0.510887797516760000000000000000;0.422939934709548000000000000000;0.445724144004364000000000000000;0.499009996927321000000000000000;0.000000009999999755800010000000;0.000000009999999755800010000000;0.000000009999999772800000000000;0.000000009959999802688420000000;0.000000009999999817600000000000;0.000000009998535497462950000000;0.000000009999999755800010000000;0.000000009999999755800010000000;0.000000009999999772800000000000;0.000000009959999802688420000000;0.000000009999999817600000000000;0.000000009998535497462950000000;0.281903203847045000000000000000;0.000000009484873297408620000000;0.296598162828102000000000000000;0.000000010007493055814100000000;0.000000010007493055814100000000
18/11/2019;0.000000009999999755800010000000;0.000000009999999755800010000000;0.529957165695972000000000000000;0.475187775134877000000000000000;0.505280412966239000000000000000;0.499009996927321000000000000000;0.000000009999999755800010000000;0.000000009999999755800010000000;0.643526030530747000000000000000;0.578539008349715000000000000000;0.613917261599783000000000000000;0.608798977891676000000000000000;0.000000009999999755800010000000;0.000000009999999755800010000000;0.781440176811299000000000000000;0.700411764715131000000000000000;0.741729057786834000000000000000;0.735650383227472000000000000000;0.281903203847045000000000000000;0.000000009484873297408620000000;0.296598162828102000000000000000;0.357820109312458000000000000000;0.428887229320562000000000000000
19/11/2019;0.000000009999999755800010000000;0.000000009999999755800010000000;0.529957165695972000000000000000;0.475187775134877000000000000000;0.505280412966239000000000000000;0.499009996927321000000000000000;0.000000009999999755800010000000;0.000000009999999755800010000000;0.643526030530747000000000000000;0.578539008349715000000000000000;0.613917261599783000000000000000;0.608798977891676000000000000000;0.000000009999999755800010000000;0.000000009999999755800010000000;0.781440176811299000000000000000;0.700411764715131000000000000000;0.741729057786834000000000000000;0.735650383227472000000000000000;0.281903203847045000000000000000;0.000000009484873297408620000000;0.296598162828102000000000000000;0.357820109312458000000000000000;0.428887229320562000000000000000
20/11/2019;0.000000009999999755800010000000;0.000000009999999755800010000000;0.529957165695972000000000000000;0.475187775134877000000000000000;0.505280412966239000000000000000;0.499009996927321000000000000000;0.000000009999999755800010000000;0.000000009999999755800010000000;0.643526030530747000000000000000;0.578539008349715000000000000000;0.613917261599783000000000000000;0.608798977891676000000000000000;0.000000009999999755800010000000;0.000000009999999755800010000000;0.781440176811299000000000000000;0.700411764715131000000000000000;0.741729057786834000000000000000;0.735650383227472000000000000000;0.281903203847045000000000000000;0.000000009484873297408620000000;0.296598162828102000000000000000;0.357820109312458000000000000000;0.428887229320562000000000000000
21/11/2019;0.000000009999999755800010000000;0.000000009999999755800010000000;0.529957165695972000000000000000;0.475187775134877000000000000000;0.505280412966239000000000000000;0.499009996927321000000000000000;0.000000009999999755800010000000;0.000000009999999755800010000000;0.643526030530747000000000000000;0.578539008349715000000000000000;0.613917261599783000000000000000;0.608798977891676000000000000000;0.000000009999999755800010000000;0.000000009999999755800010000000;0.781440176811299000000000000000;0.700411764715131000000000000000;0.741729057786834000000000000000;0.735650383227472000000000000000;0.281903203847045000000000000000;0.000000009484873297408620000000;0.296598162828102000000000000000;0.357820109312458000000000000000;0.428887229320562000000000000000
22/11/2019;0.000000009999999755800010000000;0.000000009999999755800010000000;0.529957165695972000000000000000;0.475187775134877000000000000000;0.505280412966239000000000000000;0.545504100704967000000000000000;0.000000009999999755800010000000;0.000000009999999755800010000000;0.643526030530747000000000000000;0.578539008349715000000000000000;0.613917261599783000000000000000;0.665522416364077000000000000000;0.000000009999999755800010000000;0.000000009999999755800010000000;0.781440176811299000000000000000;0.700411764715131000000000000000;0.741729057786834000000000000000;0.804192908372163000000000000000;0.281903203847045000000000000000;0.000000009484873297408620000000;0.296598162828102000000000000000;0.357820109312458000000000000000;0.428887229320562000000000000000
23/11/2019;0.000000009999999755800010000000;0.000000009999999755800010000000;0.529957165695972000000000000000;0.475187775134877000000000000000;0.505280412966239000000000000000;0.545504100704967000000000000000;0.000000009999999755800010000000;0.000000009999999755800010000000;0.643526030530747000000000000000;0.578539008349715000000000000000;0.613917261599783000000000000000;0.665522416364077000000000000000;0.000000009999999755800010000000;0.000000009999999755800010000000;0.000000009999999772800000000000;0.000000009959999802688420000000;0.000000009999999817600000000000;0.000000009998535497462950000000;0.281903203847045000000000000000;0.000000009484873297408620000000;0.296598162828102000000000000000;0.357820109312458000000000000000;0.000000010007493055814100000000
24/11/2019;0.000000009999999755800010000000;0.000000009999999755800010000000;0.529957165695972000000000000000;0.475187775134877000000000000000;0.505280412966239000000000000000;0.545504100704967000000000000000;0.000000009999999755800010000000;0.000000009999999755800010000000;0.000000009999999772800000000000;0.000000009959999802688420000000;0.000000009999999817600000000000;0.000000009998535497462950000000;0.000000009999999755800010000000;0.000000009999999755800010000000;0.000000009999999772800000000000;0.000000009959999802688420000000;0.000000009999999817600000000000;0.000000009998535497462950000000;0.281903203847045000000000000000;0.000000009484873297408620000000;0.296598162828102000000000000000;0.000000010007493055814100000000;0.000000010007493055814100000000
25/11/2019;0.000000009999999755800010000000;0.000000009999999755800010000000;0.602373588382376000000000000000;0.571115280451435000000000000000;0.581191438564073000000000000000;0.545504100704967000000000000000;0.000000009999999755800010000000;0.000000009999999755800010000000;0.731461161996357000000000000000;0.695330320549510000000000000000;0.706149392045274000000000000000;0.665522416364077000000000000000;0.000000009999999755800010000000;0.000000009999999755800010000000;0.888220697598839000000000000000;0.841805876262760000000000000000;0.853163049779070000000000000000;0.804192908372163000000000000000;0.281903203847045000000000000000;0.000000009484873297408620000000;0.296598162828102000000000000000;0.357820109312458000000000000000;0.428887229320562000000000000000
26/11/2019;0.000000009999999755800010000000;0.000000009999999755800010000000;0.602373588382376000000000000000;0.571115280451435000000000000000;0.581191438564073000000000000000;0.545504100704967000000000000000;0.000000009999999755800010000000;0.000000009999999755800010000000;0.731461161996357000000000000000;0.695330320549510000000000000000;0.706149392045274000000000000000;0.665522416364077000000000000000;0.000000009999999755800010000000;0.000000009999999755800010000000;0.888220697598839000000000000000;0.841805876262760000000000000000;0.853163049779070000000000000000;0.804192908372163000000000000000;0.281903203847045000000000000000;0.000000009484873297408620000000;0.296598162828102000000000000000;0.357820109312458000000000000000;0.428887229320562000000000000000
27/11/2019;0.000000009999999755800010000000;0.000000009999999755800010000000;0.602373588382376000000000000000;0.571115280451435000000000000000;0.581191438564073000000000000000;0.545504100704967000000000000000;0.000000009999999755800010000000;0.000000009999999755800010000000;0.731461161996357000000000000000;0.695330320549510000000000000000;0.706149392045274000000000000000;0.665522416364077000000000000000;0.000000009999999755800010000000;0.000000009999999755800010000000;0.888220697598839000000000000000;0.841805876262760000000000000000;0.853163049779070000000000000000;0.804192908372163000000000000000;0.281903203847045000000000000000;0.000000009484873297408620000000;0.296598162828102000000000000000;0.357820109312458000000000000000;0.428887229320562000000000000000
28/11/2019;0.000000009999999755800010000000;0.000000009999999755800010000000;0.602373588382376000000000000000;0.571115280451435000000000000000;0.581191438564073000000000000000;0.545504100704967000000000000000;0.000000009999999755800010000000;0.000000009999999755800010000000;0.731461161996357000000000000000;0.695330320549510000000000000000;0.706149392045274000000000000000;0.665522416364077000000000000000;0.000000009999999755800010000000;0.000000009999999755800010000000;0.888220697598839000000000000000;0.841805876262760000000000000000;0.853163049779070000000000000000;0.804192908372163000000000000000;0.281903203847045000000000000000;0.000000009484873297408620000000;0.296598162828102000000000000000;0.357820109312458000000000000000;0.428887229320562000000000000000
29/11/2019;0.000000009999999755800010000000;0.000000009999999755800010000000;0.602373588382376000000000000000;0.571115280451435000000000000000;0.581191438564073000000000000000;0.545504100704967000000000000000;0.000000009999999755800010000000;0.000000009999999755800010000000;0.731461161996357000000000000000;0.695330320549510000000000000000;0.706149392045274000000000000000;0.665522416364077000000000000000;0.000000009999999755800010000000;0.000000009999999755800010000000;0.888220697598839000000000000000;0.841805876262760000000000000000;0.853163049779070000000000000000;0.804192908372163000000000000000;0.281903203847045000000000000000;0.000000009484873297408620000000;0.296598162828102000000000000000;0.357820109312458000000000000000;0.428887229320562000000000000000
30/11/2019;0.542243906982391000000000000000;0.542243906982391000000000000000;0.666066439189007000000000000000;0.582029858550912000000000000000;0.608872994975200000000000000000;0.545504100704967000000000000000;0.659304635779789000000000000000;0.659304635779789000000000000000;0.808803275861259000000000000000;0.708618770969840000000000000000;0.739782568540232000000000000000;0.665522416364077000000000000000;0.000000009999999755800010000000;0.000000009999999755800010000000;0.000000009999999772800000000000;0.000000009959999802688420000000;0.000000009999999817600000000000;0.000000009998535497462950000000;0.281903203847045000000000000000;0.000000009484873297408620000000;0.296598162828102000000000000000;0.357820109312458000000000000000;0.000000010007493055814100000000
01/12/2019;0.542243906982391000000000000000;0.542243906982391000000000000000;0.666066439189007000000000000000;0.582029858550912000000000000000;0.608872994975200000000000000000;0.587589276706830000000000000000;0.000000009999999755800010000000;0.000000009999999755800010000000;0.000000009999999772800000000000;0.000000009959999802688420000000;0.000000009999999817600000000000;0.000000009998535497462950000000;0.000000009999999755800010000000;0.000000009999999755800010000000;0.000000009999999772800000000000;0.000000009959999802688420000000;0.000000009999999817600000000000;0.000000009998535497462950000000;0.412644814456169000000000000000;0.000000009484873297408620000000;0.328899794052123000000000000000;0.000000010007493055814100000000;0.000000010007493055814100000000
02/12/2019;0.639946907911760000000000000000;0.639946907911760000000000000000;0.701823531895596000000000000000;0.620810446242238000000000000000;0.644778255105004000000000000000;0.587589276706830000000000000000;0.778099961301855000000000000000;0.778099961301855000000000000000;0.852223049047215000000000000000;0.755833964457910000000000000000;0.783407570440691000000000000000;0.716866903031860000000000000000;0.944784217365924000000000000000;0.944784217365924000000000000000;1.034863080178540000000000000000;0.915054980281624000000000000000;0.946505653826775000000000000000;0.866235705199087000000000000000;0.412644814456169000000000000000;0.000000009484873297408620000000;0.328899794052123000000000000000;0.396789242180110000000000000000;0.475596072646183000000000000000
03/12/2019;0.639946907911760000000000000000;0.639946907911760000000000000000;0.701823531895596000000000000000;0.620810446242238000000000000000;0.644778255105004000000000000000;0.587589276706830000000000000000;0.778099961301855000000000000000;0.778099961301855000000000000000;0.852223049047215000000000000000;0.755833964457910000000000000000;0.783407570440691000000000000000;0.716866903031860000000000000000;0.944784217365924000000000000000;0.944784217365924000000000000000;1.034863080178540000000000000000;0.915054980281624000000000000000;0.946505653826775000000000000000;0.866235705199087000000000000000;0.412644814456169000000000000000;0.000000009484873297408620000000;0.328899794052123000000000000000;0.396789242180110000000000000000;0.475596072646183000000000000000
04/12/2019;0.639946907911760000000000000000;0.639946907911760000000000000000;0.701823531895596000000000000000;0.620810446242238000000000000000;0.644778255105004000000000000000;0.587589276706830000000000000000;0.778099961301855000000000000000;0.778099961301855000000000000000;0.852223049047215000000000000000;0.755833964457910000000000000000;0.783407570440691000000000000000;0.716866903031860000000000000000;0.944784217365924000000000000000;0.944784217365924000000000000000;1.034863080178540000000000000000;0.915054980281624000000000000000;0.946505653826775000000000000000;0.866235705199087000000000000000;0.412644814456169000000000000000;0.000000009484873297408620000000;0.328899794052123000000000000000;0.396789242180110000000000000000;0.475596072646183000000000000000
05/12/2019;0.639946907911760000000000000000;0.639946907911760000000000000000;0.701823531895596000000000000000;0.620810446242238000000000000000;0.644778255105004000000000000000;0.587589276706830000000000000000;0.778099961301855000000000000000;0.778099961301855000000000000000;0.852223049047215000000000000000;0.755833964457910000000000000000;0.783407570440691000000000000000;0.716866903031860000000000000000;0.944784217365924000000000000000;0.944784217365924000000000000000;1.034863080178540000000000000000;0.915054980281624000000000000000;0.946505653826775000000000000000;0.866235705199087000000000000000;0.412644814456169000000000000000;0.000000009484873297408620000000;0.328899794052123000000000000000;0.396789242180110000000000000000;0.475596072646183000000000000000
06/12/2019;0.639946907911760000000000000000;0.639946907911760000000000000000;0.701823531895596000000000000000;0.620810446242238000000000000000;0.644778255105004000000000000000;0.587589276706830000000000000000;0.778099961301855000000000000000;0.778099961301855000000000000000;0.852223049047215000000000000000;0.755833964457910000000000000000;0.783407570440691000000000000000;0.716866903031860000000000000000;0.944784217365924000000000000000;0.944784217365924000000000000000;1.034863080178540000000000000000;0.915054980281624000000000000000;0.946505653826775000000000000000;0.866235705199087000000000000000;0.412644814456169000000000000000;0.000000009484873297408620000000;0.328899794052123000000000000000;0.396789242180110000000000000000;0.475596072646183000000000000000
07/12/2019;0.639946907911760000000000000000;0.639946907911760000000000000000;0.701823531895596000000000000000;0.620810446242238000000000000000;0.644778255105004000000000000000;0.587589276706830000000000000000;0.778099961301855000000000000000;0.778099961301855000000000000000;0.852223049047215000000000000000;0.755833964457910000000000000000;0.783407570440691000000000000000;0.716866903031860000000000000000;0.000000009999999755800010000000;0.000000009999999755800010000000;0.000000009999999772800000000000;0.000000009959999802688420000000;0.000000009999999817600000000000;0.000000009998535497462950000000;0.412644814456169000000000000000;0.000000009484873297408620000000;0.328899794052123000000000000000;0.396789242180110000000000000000;0.000000010007493055814100000000
08/12/2019;0.639946907911760000000000000000;0.639946907911760000000000000000;0.701823531895596000000000000000;0.620810446242238000000000000000;0.644778255105004000000000000000;0.623261483231533000000000000000;0.000000009999999755800010000000;0.000000009999999755800010000000;0.000000009999999772800000000000;0.000000009959999802688420000000;0.000000009999999817600000000000;0.000000009998535497462950000000;0.000000009999999755800010000000;0.000000009999999755800010000000;0.000000009999999772800000000000;0.000000009959999802688420000000;0.000000009999999817600000000000;0.000000009998535497462950000000;0.412644814456169000000000000000;0.000000009484873297408620000000;0.328899794052123000000000000000;0.000000010007493055814100000000;0.000000010007493055814100000000
09/12/2019;0.677110663966364000000000000000;0.677110663966364000000000000000;0.734019092051899000000000000000;0.673087740765110000000000000000;0.687972100616083000000000000000;0.623261483231533000000000000000;0.823286705374547000000000000000;0.823286705374547000000000000000;0.891318059680556000000000000000;0.819481338643586000000000000000;0.835888226079914000000000000000;0.760387479784039000000000000000;0.999650847307152000000000000000;0.999650847307152000000000000000;1.082336547563480000000000000000;0.992110060456834000000000000000;1.009912288065860000000000000000;0.918824375891168000000000000000;0.412644814456169000000000000000;0.000000009484873297408620000000;0.328899794052123000000000000000;0.396789242180110000000000000000;0.475596072646183000000000000000
10/12/2019;0.677110663966364000000000000000;0.677110663966364000000000000000;0.734019092051899000000000000000;0.673087740765110000000000000000;0.687972100616083000000000000000;0.623261483231533000000000000000;0.823286705374547000000000000000;0.823286705374547000000000000000;0.891318059680556000000000000000;0.819481338643586000000000000000;0.835888226079914000000000000000;0.760387479784039000000000000000;0.999650847307152000000000000000;0.999650847307152000000000000000;1.082336547563480000000000000000;0.992110060456834000000000000000;1.009912288065860000000000000000;0.918824375891168000000000000000;0.412644814456169000000000000000;0.000000009484873297408620000000;0.328899794052123000000000000000;0.396789242180110000000000000000;0.475596072646183000000000000000
11/12/2019;0.677110663966364000000000000000;0.677110663966364000000000000000;0.734019092051899000000000000000;0.673087740765110000000000000000;0.687972100616083000000000000000;0.623261483231533000000000000000;0.823286705374547000000000000000;0.823286705374547000000000000000;0.891318059680556000000000000000;0.819481338643586000000000000000;0.835888226079914000000000000000;0.760387479784039000000000000000;0.999650847307152000000000000000;0.999650847307152000000000000000;1.082336547563480000000000000000;0.992110060456834000000000000000;1.009912288065860000000000000000;0.918824375891168000000000000000;0.412644814456169000000000000000;0.000000009484873297408620000000;0.328899794052123000000000000000;0.396789242180110000000000000000;0.475596072646183000000000000000
12/12/2019;0.677110663966364000000000000000;0.677110663966364000000000000000;0.734019092051899000000000000000;0.673087740765110000000000000000;0.687972100616083000000000000000;0.623261483231533000000000000000;0.823286705374547000000000000000;0.823286705374547000000000000000;0.891318059680556000000000000000;0.819481338643586000000000000000;0.835888226079914000000000000000;0.760387479784039000000000000000;0.999650847307152000000000000000;0.999650847307152000000000000000;1.082336547563480000000000000000;0.992110060456834000000000000000;1.009912288065860000000000000000;0.918824375891168000000000000000;0.412644814456169000000000000000;0.000000009484873297408620000000;0.328899794052123000000000000000;0.396789242180110000000000000000;0.475596072646183000000000000000
13/12/2019;0.677110663966364000000000000000;0.677110663966364000000000000000;0.734019092051899000000000000000;0.673087740765110000000000000000;0.687972100616083000000000000000;0.623261483231533000000000000000;0.823286705374547000000000000000;0.823286705374547000000000000000;0.891318059680556000000000000000;0.819481338643586000000000000000;0.835888226079914000000000000000;0.760387479784039000000000000000;0.999650847307152000000000000000;0.999650847307152000000000000000;1.082336547563480000000000000000;0.992110060456834000000000000000;1.009912288065860000000000000000;0.918824375891168000000000000000;0.412644814456169000000000000000;0.000000009484873297408620000000;0.328899794052123000000000000000;0.396789242180110000000000000000;0.475596072646183000000000000000
14/12/2019;0.677110663966364000000000000000;0.677110663966364000000000000000;0.734019092051899000000000000000;0.673087740765110000000000000000;0.687972100616083000000000000000;0.623261483231533000000000000000;0.823286705374547000000000000000;0.823286705374547000000000000000;0.891318059680556000000000000000;0.819481338643586000000000000000;0.835888226079914000000000000000;0.760387479784039000000000000000;0.000000009999999755800010000000;0.000000009999999755800010000000;0.000000009999999772800000000000;0.000000009959999802688420000000;0.000000009999999817600000000000;0.000000009998535497462950000000;0.412644814456169000000000000000;0.000000009484873297408620000000;0.328899794052123000000000000000;0.396789242180110000000000000000;0.000000010007493055814100000000
15/12/2019;0.677110663966364000000000000000;0.677110663966364000000000000000;0.734019092051899000000000000000;0.673087740765110000000000000000;0.687972100616083000000000000000;0.657330442382397000000000000000;0.000000009999999755800010000000;0.000000009999999755800010000000;0.000000009999999772800000000000;0.000000009959999802688420000000;0.000000009999999817600000000000;0.000000009998535497462950000000;0.000000009999999755800010000000;0.000000009999999755800010000000;0.000000009999999772800000000000;0.000000009959999802688420000000;0.000000009999999817600000000000;0.000000009998535497462950000000;0.412644814456169000000000000000;0.000000009484873297408620000000;0.328899794052123000000000000000;0.000000010007493055814100000000;0.000000010007493055814100000000
16/12/2019;0.725602247429981000000000000000;0.725602247429981000000000000000;0.763079484747308000000000000000;0.711979718569286000000000000000;0.713200689396995000000000000000;0.657330442382397000000000000000;0.882246751512794000000000000000;0.882246751512794000000000000000;0.926606042120386000000000000000;0.866832149099938000000000000000;0.866541039331632000000000000000;0.801952072951699000000000000000;1.071241290459700000000000000000;1.071241290459700000000000000000;1.125187102053640000000000000000;1.049435606761880000000000000000;1.046946728557830000000000000000;0.969049507671734000000000000000;0.412644814456169000000000000000;0.000000009484873297408620000000;0.328899794052123000000000000000;0.396789242180110000000000000000;0.475596072646183000000000000000
17/12/2019;0.725602247429981000000000000000;0.725602247429981000000000000000;0.763079484747308000000000000000;0.711979718569286000000000000000;0.713200689396995000000000000000;0.657330442382397000000000000000;0.882246751512794000000000000000;0.882246751512794000000000000000;0.926606042120386000000000000000;0.866832149099938000000000000000;0.866541039331632000000000000000;0.801952072951699000000000000000;1.071241290459700000000000000000;1.071241290459700000000000000000;1.125187102053640000000000000000;1.049435606761880000000000000000;1.046946728557830000000000000000;0.969049507671734000000000000000;0.412644814456169000000000000000;0.000000009484873297408620000000;0.328899794052123000000000000000;0.396789242180110000000000000000;0.475596072646183000000000000000
18/12/2019;0.725602247429981000000000000000;0.725602247429981000000000000000;0.763079484747308000000000000000;0.711979718569286000000000000000;0.713200689396995000000000000000;0.657330442382397000000000000000;0.882246751512794000000000000000;0.882246751512794000000000000000;0.926606042120386000000000000000;0.866832149099938000000000000000;0.866541039331632000000000000000;0.801952072951699000000000000000;1.071241290459700000000000000000;1.071241290459700000000000000000;1.125187102053640000000000000000;1.049435606761880000000000000000;1.046946728557830000000000000000;0.969049507671734000000000000000;0.412644814456169000000000000000;0.000000009484873297408620000000;0.328899794052123000000000000000;0.396789242180110000000000000000;0.475596072646183000000000000000
19/12/2019;0.725602247429981000000000000000;0.725602247429981000000000000000;0.763079484747308000000000000000;0.711979718569286000000000000000;0.713200689396995000000000000000;0.657330442382397000000000000000;0.882246751512794000000000000000;0.882246751512794000000000000000;0.926606042120386000000000000000;0.866832149099938000000000000000;0.866541039331632000000000000000;0.801952072951699000000000000000;1.071241290459700000000000000000;1.071241290459700000000000000000;1.125187102053640000000000000000;1.049435606761880000000000000000;1.046946728557830000000000000000;0.969049507671734000000000000000;0.412644814456169000000000000000;0.000000009484873297408620000000;0.328899794052123000000000000000;0.396789242180110000000000000000;0.475596072646183000000000000000
20/12/2019;0.725602247429981000000000000000;0.725602247429981000000000000000;0.763079484747308000000000000000;0.711979718569286000000000000000;0.713200689396995000000000000000;0.657330442382397000000000000000;0.882246751512794000000000000000;0.882246751512794000000000000000;0.926606042120386000000000000000;0.866832149099938000000000000000;0.866541039331632000000000000000;0.801952072951699000000000000000;1.071241290459700000000000000000;1.071241290459700000000000000000;1.125187102053640000000000000000;1.049435606761880000000000000000;1.046946728557830000000000000000;0.969049507671734000000000000000;0.412644814456169000000000000000;0.000000009484873297408620000000;0.328899794052123000000000000000;0.396789242180110000000000000000;0.475596072646183000000000000000
21/12/2019;0.725602247429981000000000000000;0.725602247429981000000000000000;0.763079484747308000000000000000;0.711979718569286000000000000000;0.713200689396995000000000000000;0.657330442382397000000000000000;0.882246751512794000000000000000;0.882246751512794000000000000000;0.926606042120386000000000000000;0.866832149099938000000000000000;0.866541039331632000000000000000;0.801952072951699000000000000000;0.000000009999999755800010000000;0.000000009999999755800010000000;0.000000009999999772800000000000;0.000000009959999802688420000000;0.000000009999999817600000000000;0.000000009998535497462950000000;0.412644814456169000000000000000;0.000000009484873297408620000000;0.328899794052123000000000000000;0.396789242180110000000000000000;0.000000010007493055814100000000
22/12/2019;0.725602247429981000000000000000;0.725602247429981000000000000000;0.763079484747308000000000000000;0.711979718569286000000000000000;0.713200689396995000000000000000;0.694205071926106000000000000000;0.000000009999999755800010000000;0.000000009999999755800010000000;0.000000009999999772800000000000;0.000000009959999802688420000000;0.000000009999999817600000000000;0.000000009998535497462950000000;0.000000009999999755800010000000;0.000000009999999755800010000000;0.000000009999999772800000000000;0.000000009959999802688420000000;0.000000009999999817600000000000;0.000000009998535497462950000000;0.412644814456169000000000000000;0.000000009484873297408620000000;0.328899794052123000000000000000;0.000000010007493055814100000000;0.000000010007493055814100000000
23/12/2019;0.725602247429981000000000000000;0.725602247429981000000000000000;0.742884981261208000000000000000;0.711979718569286000000000000000;0.713200689396995000000000000000;0.694205071926106000000000000000;0.882246751512794000000000000000;0.882246751512794000000000000000;0.902083892957854000000000000000;0.866832149099938000000000000000;0.866541039331632000000000000000;0.846939622128222000000000000000;1.071241290459700000000000000000;1.071241290459700000000000000000;1.095409607953580000000000000000;1.049435606761880000000000000000;1.046946728557830000000000000000;1.023410814102940000000000000000;0.412644814456169000000000000000;0.000000009484873297408620000000;0.328899794052123000000000000000;0.396789242180110000000000000000;0.475596072646183000000000000000
24/12/2019;0.725602247429981000000000000000;0.725602247429981000000000000000;0.742884981261208000000000000000;0.711979718569286000000000000000;0.713200689396995000000000000000;0.694205071926106000000000000000;0.882246751512794000000000000000;0.882246751512794000000000000000;0.902083892957854000000000000000;0.866832149099938000000000000000;0.866541039331632000000000000000;0.846939622128222000000000000000;1.071241290459700000000000000000;1.071241290459700000000000000000;1.095409607953580000000000000000;1.049435606761880000000000000000;1.046946728557830000000000000000;1.023410814102940000000000000000;0.412644814456169000000000000000;0.000000009484873297408620000000;0.328899794052123000000000000000;0.396789242180110000000000000000;0.475596072646183000000000000000
25/12/2019;0.745817594729406000000000000000;0.745817594729406000000000000000;0.742884981261208000000000000000;0.711979718569286000000000000000;0.713200689396995000000000000000;0.694205071926106000000000000000;0.000000009999999755800010000000;0.000000009999999755800010000000;0.000000009999999772800000000000;0.000000009959999802688420000000;0.000000009999999817600000000000;0.000000009998535497462950000000;0.000000009999999755800010000000;0.000000009999999755800010000000;0.000000009999999772800000000000;0.000000009959999802688420000000;0.000000009999999817600000000000;0.000000009998535497462950000000;0.412644814456169000000000000000;0.000000009484873297408620000000;0.328899794052123000000000000000;0.000000010007493055814100000000;0.000000010007493055814100000000
26/12/2019;0.745817594729406000000000000000;0.745817594729406000000000000000;0.742884981261208000000000000000;0.711979718569286000000000000000;0.713200689396995000000000000000;0.694205071926106000000000000000;0.000000009999999755800010000000;0.000000009999999755800010000000;0.000000009999999772800000000000;0.000000009959999802688420000000;0.000000009999999817600000000000;0.000000009998535497462950000000;0.000000009999999755800010000000;0.000000009999999755800010000000;0.000000009999999772800000000000;0.000000009959999802688420000000;0.000000009999999817600000000000;0.000000009998535497462950000000;0.412644814456169000000000000000;0.000000009484873297408620000000;0.328899794052123000000000000000;0.000000010007493055814100000000;0.000000010007493055814100000000
27/12/2019;0.745817594729406000000000000000;0.745817594729406000000000000000;0.742884981261208000000000000000;0.711979718569286000000000000000;0.713200689396995000000000000000;0.694205071926106000000000000000;0.906826229524046000000000000000;0.906826229524046000000000000000;0.902083892957854000000000000000;0.866832149099938000000000000000;0.866541039331632000000000000000;0.846939622128222000000000000000;1.101086174216370000000000000000;1.101086174216370000000000000000;1.095409607953580000000000000000;1.049435606761880000000000000000;1.046946728557830000000000000000;1.023410814102940000000000000000;0.412644814456169000000000000000;0.000000009484873297408620000000;0.328899794052123000000000000000;0.396789242180110000000000000000;0.475596072646183000000000000000
28/12/2019;0.745817594729406000000000000000;0.745817594729406000000000000000;0.742884981261208000000000000000;0.711979718569286000000000000000;0.713200689396995000000000000000;0.694205071926106000000000000000;0.906826229524046000000000000000;0.906826229524046000000000000000;0.902083892957854000000000000000;0.866832149099938000000000000000;0.866541039331632000000000000000;0.846939622128222000000000000000;0.000000009999999755800010000000;0.000000009999999755800010000000;0.000000009999999772800000000000;0.000000009959999802688420000000;0.000000009999999817600000000000;0.000000009998535497462950000000;0.412644814456169000000000000000;0.000000009484873297408620000000;0.328899794052123000000000000000;0.396789242180110000000000000000;0.000000010007493055814100000000
29/12/2019;0.745817594729406000000000000000;0.745817594729406000000000000000;0.742884981261208000000000000000;0.711979718569286000000000000000;0.713200689396995000000000000000;0.694205071926106000000000000000;0.000000009999999755800010000000;0.000000009999999755800010000000;0.000000009999999772800000000000;0.000000009959999802688420000000;0.000000009999999817600000000000;0.000000009998535497462950000000;0.000000009999999755800010000000;0.000000009999999755800010000000;0.000000009999999772800000000000;0.000000009959999802688420000000;0.000000009999999817600000000000;0.000000009998535497462950000000;0.412644814456169000000000000000;0.000000009484873297408620000000;0.328899794052123000000000000000;0.000000010007493055814100000000;0.000000010007493055814100000000
30/12/2019;0.745817594729406000000000000000;0.745817594729406000000000000000;0.814024651963392000000000000000;0.711979718569286000000000000000;0.744500538587435000000000000000;0.694205071926106000000000000000;0.906826229524046000000000000000;0.906826229524046000000000000000;0.988468666791639000000000000000;0.866832149099938000000000000000;0.904570452723448000000000000000;0.846939622128222000000000000000;1.101086174216370000000000000000;1.101086174216370000000000000000;1.200307513766040000000000000000;1.049435606761880000000000000000;1.092893507916650000000000000000;1.023410814102940000000000000000;0.412644814456169000000000000000;0.000000009484873297408620000000;0.328899794052123000000000000000;0.396789242180110000000000000000;0.475596072646183000000000000000
31/12/2019;0.871810565997552000000000000000;0.871810565997552000000000000000;0.814024651963392000000000000000;0.767539951603177000000000000000;0.744500538587435000000000000000;0.694204181116348000000000000000;1.060018822309520000000000000000;1.060018822309520000000000000000;0.988468666791639000000000000000;0.934476486360051000000000000000;0.904570452723448000000000000000;0.846938535328210000000000000000;1.287095621690090000000000000000;1.287095621690090000000000000000;1.200307513766040000000000000000;1.131329634562160000000000000000;1.092893507916650000000000000000;1.023409500853620000000000000000;0.412644814456169000000000000000;0.000000009484873297408620000000;0.328899549387280000000000000000;0.396788947013073000000000000000;0.475595718855634000000000000000
01/01/2020;0.871810565997552000000000000000;0.871810565997552000000000000000;0.814024651963392000000000000000;0.767539951603177000000000000000;0.744500538587435000000000000000;0.712241577356776000000000000000;0.000000009999999755800010000000;0.000000009999999755800010000000;0.000000009999999772800000000000;0.000000009959999802688420000000;0.000000009999999817600000000000;0.000000009998535497462950000000;0.000000009999999755800010000000;0.000000009999999755800010000000;0.000000009999999772800000000000;0.000000009959999802688420000000;0.000000009999999817600000000000;0.000000009998535497462950000000;0.426780347599437000000000000000;0.000000009484873297408620000000;0.353707441000160000000000000000;0.000000010007493055814100000000;0.000000010007493055814100000000
02/01/2020;0.871810565997552000000000000000;0.871810565997552000000000000000;0.814024651963392000000000000000;0.767539951603177000000000000000;0.744500538587435000000000000000;0.712241577356776000000000000000;1.060018822309520000000000000000;1.060018822309520000000000000000;0.988468666791639000000000000000;0.934476486360051000000000000000;0.904570452723448000000000000000;0.868944403873162000000000000000;1.287095621690090000000000000000;1.287095621690090000000000000000;1.200307513766040000000000000000;1.131329634562160000000000000000;1.092893507916650000000000000000;1.050000586279570000000000000000;0.426780347599437000000000000000;0.000000009484873297408620000000;0.353707441000160000000000000000;0.426717529186648000000000000000;0.511468455887048000000000000000
03/01/2020;0.871810565997552000000000000000;0.871810565997552000000000000000;0.814024651963392000000000000000;0.767539951603177000000000000000;0.744500538587435000000000000000;0.712241577356776000000000000000;1.060018822309520000000000000000;1.060018822309520000000000000000;0.988468666791639000000000000000;0.934476486360051000000000000000;0.904570452723448000000000000000;0.868944403873162000000000000000;1.287095621690090000000000000000;1.287095621690090000000000000000;1.200307513766040000000000000000;1.131329634562160000000000000000;1.092893507916650000000000000000;1.050000586279570000000000000000;0.426780347599437000000000000000;0.000000009484873297408620000000;0.353707441000160000000000000000;0.426717529186648000000000000000;0.511468455887048000000000000000
04/01/2020;0.871810565997552000000000000000;0.871810565997552000000000000000;0.814024651963392000000000000000;0.767539951603177000000000000000;0.744500538587435000000000000000;0.712241577356776000000000000000;1.060018822309520000000000000000;1.060018822309520000000000000000;0.988468666791639000000000000000;0.934476486360051000000000000000;0.904570452723448000000000000000;0.868944403873162000000000000000;0.000000009999999755800010000000;0.000000009999999755800010000000;0.000000009999999772800000000000;0.000000009959999802688420000000;0.000000009999999817600000000000;0.000000009998535497462950000000;0.426780347599437000000000000000;0.000000009484873297408620000000;0.353707441000160000000000000000;0.426717529186648000000000000000;0.000000010007493055814100000000
05/01/2020;0.871810565997552000000000000000;0.871810565997552000000000000000;0.814024651963392000000000000000;0.767539951603177000000000000000;0.744500538587435000000000000000;0.712241577356776000000000000000;0.000000009999999755800010000000;0.000000009999999755800010000000;0.000000009999999772800000000000;0.000000009959999802688420000000;0.000000009999999817600000000000;0.000000009998535497462950000000;0.000000009999999755800010000000;0.000000009999999755800010000000;0.000000009999999772800000000000;0.000000009959999802688420000000;0.000000009999999817600000000000;0.000000009998535497462950000000;0.426780347599437000000000000000;0.000000009484873297408620000000;0.353707441000160000000000000000;0.000000010007493055814100000000;0.000000010007493055814100000000
06/01/2020;0.871810565997552000000000000000;0.871810565997552000000000000000;0.814024651963392000000000000000;0.767539951603177000000000000000;0.744500538587435000000000000000;0.712241577356776000000000000000;0.000000009999999755800010000000;0.000000009999999755800010000000;0.000000009999999772800000000000;0.000000009959999802688420000000;0.000000009999999817600000000000;0.000000009998535497462950000000;0.000000009999999755800010000000;0.000000009999999755800010000000;0.000000009999999772800000000000;0.000000009959999802688420000000;0.000000009999999817600000000000;0.000000009998535497462950000000;0.426780347599437000000000000000;0.000000009484873297408620000000;0.353707441000160000000000000000;0.000000010007493055814100000000;0.000000010007493055814100000000
07/01/2020;0.876885447820285000000000000000;0.876885447820285000000000000000;0.802349318686172000000000000000;0.767539951603177000000000000000;0.744500538587435000000000000000;0.712241577356776000000000000000;1.066189280047590000000000000000;1.066189280047590000000000000000;0.974291330649490000000000000000;0.934476486360051000000000000000;0.904570452723448000000000000000;0.868944403873162000000000000000;1.294587912365830000000000000000;1.294587912365830000000000000000;1.183091830893820000000000000000;1.131329634562160000000000000000;1.092893507916650000000000000000;1.050000586279570000000000000000;0.426780347599437000000000000000;0.000000009484873297408620000000;0.353707441000160000000000000000;0.426717529186648000000000000000;0.511468455887048000000000000000
08/01/2020;0.876885447820285000000000000000;0.876885447820285000000000000000;0.802349318686172000000000000000;0.767539951603177000000000000000;0.744500538587435000000000000000;0.681779917290226000000000000000;1.066189280047590000000000000000;1.066189280047590000000000000000;0.974291330649490000000000000000;0.934476486360051000000000000000;0.904570452723448000000000000000;0.831780764612244000000000000000;1.294587912365830000000000000000;1.294587912365830000000000000000;1.183091830893820000000000000000;1.131329634562160000000000000000;1.092893507916650000000000000000;1.005093405983200000000000000000;0.426780347599437000000000000000;0.000000009484873297408620000000;0.353707441000160000000000000000;0.426717529186648000000000000000;0.511468455887048000000000000000
09/01/2020;0.876885447820285000000000000000;0.876885447820285000000000000000;0.802349318686172000000000000000;0.767539951603177000000000000000;0.744500538587435000000000000000;0.681779917290226000000000000000;1.066189280047590000000000000000;1.066189280047590000000000000000;0.974291330649490000000000000000;0.934476486360051000000000000000;0.904570452723448000000000000000;0.831780764612244000000000000000;1.294587912365830000000000000000;1.294587912365830000000000000000;1.183091830893820000000000000000;1.131329634562160000000000000000;1.092893507916650000000000000000;1.005093405983200000000000000000;0.426780347599437000000000000000;0.000000009484873297408620000000;0.353707441000160000000000000000;0.426717529186648000000000000000;0.511468455887048000000000000000
10/01/2020;0.876885447820285000000000000000;0.876885447820285000000000000000;0.802349318686172000000000000000;0.767539951603177000000000000000;0.744500538587435000000000000000;0.681779917290226000000000000000;1.066189280047590000000000000000;1.066189280047590000000000000000;0.974291330649490000000000000000;0.934476486360051000000000000000;0.904570452723448000000000000000;0.831780764612244000000000000000;1.294587912365830000000000000000;1.294587912365830000000000000000;1.183091830893820000000000000000;1.131329634562160000000000000000;1.092893507916650000000000000000;1.005093405983200000000000000000;0.426780347599437000000000000000;0.000000009484873297408620000000;0.353707441000160000000000000000;0.426717529186648000000000000000;0.511468455887048000000000000000
11/01/2020;0.876885447820285000000000000000;0.876885447820285000000000000000;0.802349318686172000000000000000;0.767539951603177000000000000000;0.744500538587435000000000000000;0.681779917290226000000000000000;1.066189280047590000000000000000;1.066189280047590000000000000000;0.974291330649490000000000000000;0.934476486360051000000000000000;0.904570452723448000000000000000;0.831780764612244000000000000000;0.000000009999999755800010000000;0.000000009999999755800010000000;0.000000009999999772800000000000;0.000000009959999802688420000000;0.000000009999999817600000000000;0.000000009998535497462950000000;0.426780347599437000000000000000;0.000000009484873297408620000000;0.353707441000160000000000000000;0.426717529186648000000000000000;0.000000010007493055814100000000
12/01/2020;0.876885447820285000000000000000;0.876885447820285000000000000000;0.802349318686172000000000000000;0.767539951603177000000000000000;0.744500538587435000000000000000;0.681779917290226000000000000000;0.000000009999999755800010000000;0.000000009999999755800010000000;0.000000009999999772800000000000;0.000000009959999802688420000000;0.000000009999999817600000000000;0.000000009998535497462950000000;0.000000009999999755800010000000;0.000000009999999755800010000000;0.000000009999999772800000000000;0.000000009959999802688420000000;0.000000009999999817600000000000;0.000000009998535497462950000000;0.426780347599437000000000000000;0.000000009484873297408620000000;0.353707441000160000000000000000;0.000000010007493055814100000000;0.000000010007493055814100000000
13/01/2020;0.876885447820285000000000000000;0.876885447820285000000000000000;0.802349318686172000000000000000;0.767539951603177000000000000000;0.744500538587435000000000000000;0.681779917290226000000000000000;1.066189280047590000000000000000;1.066189280047590000000000000000;0.974291330649490000000000000000;0.934476486360051000000000000000;0.904570452723448000000000000000;0.831780764612244000000000000000;1.294587912365830000000000000000;1.294587912365830000000000000000;1.183091830893820000000000000000;1.131329634562160000000000000000;1.092893507916650000000000000000;1.005093405983200000000000000000;0.426780347599437000000000000000;0.000000009484873297408620000000;0.353707441000160000000000000000;0.426717529186648000000000000000;0.511468455887048000000000000000
14/01/2020;0.917187213804000000000000000000;0.917187213804000000000000000000;0.819305081640063000000000000000;0.772704157494686000000000000000;0.746008045713694000000000000000;0.681779917290226000000000000000;1.115191474080620000000000000000;1.115191474080620000000000000000;0.994880683024806000000000000000;0.940763884125154000000000000000;0.906402078535662000000000000000;0.831780764612244000000000000000;1.354087336400300000000000000000;1.354087336400300000000000000000;1.208093690021920000000000000000;1.138941510858430000000000000000;1.095106460985230000000000000000;1.005093405983200000000000000000;0.426780347599437000000000000000;0.000000009484873297408620000000;0.353707441000160000000000000000;0.426717529186648000000000000000;0.511468455887048000000000000000
15/01/2020;0.917187213804000000000000000000;0.917187213804000000000000000000;0.819305081640063000000000000000;0.772704157494686000000000000000;0.746008045713694000000000000000;0.657731246719033000000000000000;1.115191474080620000000000000000;1.115191474080620000000000000000;0.994880683024806000000000000000;0.940763884125154000000000000000;0.906402078535662000000000000000;0.802441059689401000000000000000;1.354087336400300000000000000000;1.354087336400300000000000000000;1.208093690021920000000000000000;1.138941510858430000000000000000;1.095106460985230000000000000000;0.969640381332905000000000000000;0.426780347599437000000000000000;0.000000009484873297408620000000;0.353707441000160000000000000000;0.426717529186648000000000000000;0.511468455887048000000000000000
16/01/2020;0.917187213804000000000000000000;0.917187213804000000000000000000;0.819305081640063000000000000000;0.772704157494686000000000000000;0.746008045713694000000000000000;0.657731246719033000000000000000;1.115191474080620000000000000000;1.115191474080620000000000000000;0.994880683024806000000000000000;0.940763884125154000000000000000;0.906402078535662000000000000000;0.802441059689401000000000000000;1.354087336400300000000000000000;1.354087336400300000000000000000;1.208093690021920000000000000000;1.138941510858430000000000000000;1.095106460985230000000000000000;0.969640381332905000000000000000;0.426780347599437000000000000000;0.000000009484873297408620000000;0.353707441000160000000000000000;0.426717529186648000000000000000;0.511468455887048000000000000000
17/01/2020;0.917187213804000000000000000000;0.917187213804000000000000000000;0.819305081640063000000000000000;0.772704157494686000000000000000;0.746008045713694000000000000000;0.657731246719033000000000000000;1.115191474080620000000000000000;1.115191474080620000000000000000;0.994880683024806000000000000000;0.940763884125154000000000000000;0.906402078535662000000000000000;0.802441059689401000000000000000;1.354087336400300000000000000000;1.354087336400300000000000000000;1.208093690021920000000000000000;1.138941510858430000000000000000;1.095106460985230000000000000000;0.969640381332905000000000000000;0.426780347599437000000000000000;0.000000009484873297408620000000;0.353707441000160000000000000000;0.426717529186648000000000000000;0.511468455887048000000000000000
18/01/2020;0.917187213804000000000000000000;0.917187213804000000000000000000;0.819305081640063000000000000000;0.772704157494686000000000000000;0.746008045713694000000000000000;0.657731246719033000000000000000;1.115191474080620000000000000000;1.115191474080620000000000000000;0.994880683024806000000000000000;0.940763884125154000000000000000;0.906402078535662000000000000000;0.802441059689401000000000000000;0.000000009999999755800010000000;0.000000009999999755800010000000;0.000000009999999772800000000000;0.000000009959999802688420000000;0.000000009999999817600000000000;0.000000009998535497462950000000;0.426780347599437000000000000000;0.000000009484873297408620000000;0.353707441000160000000000000000;0.426717529186648000000000000000;0.000000010007493055814100000000
19/01/2020;0.917187213804000000000000000000;0.917187213804000000000000000000;0.819305081640063000000000000000;0.772704157494686000000000000000;0.746008045713694000000000000000;0.657731246719033000000000000000;0.000000009999999755800010000000;0.000000009999999755800010000000;0.000000009999999772800000000000;0.000000009959999802688420000000;0.000000009999999817600000000000;0.000000009998535497462950000000;0.000000009999999755800010000000;0.000000009999999755800010000000;0.000000009999999772800000000000;0.000000009959999802688420000000;0.000000009999999817600000000000;0.000000009998535497462950000000;0.426780347599437000000000000000;0.000000009484873297408620000000;0.353707441000160000000000000000;0.000000010007493055814100000000;0.000000010007493055814100000000
20/01/2020;0.917187213804000000000000000000;0.917187213804000000000000000000;0.819305081640063000000000000000;0.772704157494686000000000000000;0.746008045713694000000000000000;0.657731246719033000000000000000;1.115191474080620000000000000000;1.115191474080620000000000000000;0.994880683024806000000000000000;0.940763884125154000000000000000;0.906402078535662000000000000000;0.802441059689401000000000000000;1.354087336400300000000000000000;1.354087336400300000000000000000;1.208093690021920000000000000000;1.138941510858430000000000000000;1.095106460985230000000000000000;0.969640381332905000000000000000;0.426780347599437000000000000000;0.000000009484873297408620000000;0.353707441000160000000000000000;0.426717529186648000000000000000;0.511468455887048000000000000000
21/01/2020;0.919291663083399000000000000000;0.919291663083399000000000000000;0.827694932419041000000000000000;0.792780630555510000000000000000;0.746008045713694000000000000000;0.657731246719033000000000000000;1.117750236194500000000000000000;1.117750236194500000000000000000;1.005068463694680000000000000000;0.965206901019837000000000000000;0.906402078535662000000000000000;0.802441059689401000000000000000;1.357194235489650000000000000000;1.357194235489650000000000000000;1.220464815276040000000000000000;1.168533597737760000000000000000;1.095106460985230000000000000000;0.969640381332905000000000000000;0.426780347599437000000000000000;0.000000009484873297408620000000;0.353707441000160000000000000000;0.426717529186648000000000000000;0.511468455887048000000000000000
22/01/2020;0.919291663083399000000000000000;0.919291663083399000000000000000;0.827694932419041000000000000000;0.792780630555510000000000000000;0.746008045713694000000000000000;0.644504473400782000000000000000;1.117750236194500000000000000000;1.117750236194500000000000000000;1.005068463694680000000000000000;0.965206901019837000000000000000;0.906402078535662000000000000000;0.786304216486782000000000000000;1.357194235489650000000000000000;1.357194235489650000000000000000;1.220464815276040000000000000000;1.168533597737760000000000000000;1.095106460985230000000000000000;0.950141211135216000000000000000;0.426780347599437000000000000000;0.000000009484873297408620000000;0.353707441000160000000000000000;0.426717529186648000000000000000;0.511468455887048000000000000000
23/01/2020;0.919291663083399000000000000000;0.919291663083399000000000000000;0.827694932419041000000000000000;0.792780630555510000000000000000;0.746008045713694000000000000000;0.644504473400782000000000000000;1.117750236194500000000000000000;1.117750236194500000000000000000;1.005068463694680000000000000000;0.965206901019837000000000000000;0.906402078535662000000000000000;0.786304216486782000000000000000;1.357194235489650000000000000000;1.357194235489650000000000000000;1.220464815276040000000000000000;1.168533597737760000000000000000;1.095106460985230000000000000000;0.950141211135216000000000000000;0.426780347599437000000000000000;0.000000009484873297408620000000;0.353707441000160000000000000000;0.426717529186648000000000000000;0.511468455887048000000000000000
24/01/2020;0.919291663083399000000000000000;0.919291663083399000000000000000;0.827694932419041000000000000000;0.792780630555510000000000000000;0.746008045713694000000000000000;0.644504473400782000000000000000;1.117750236194500000000000000000;1.117750236194500000000000000000;1.005068463694680000000000000000;0.965206901019837000000000000000;0.906402078535662000000000000000;0.786304216486782000000000000000;1.357194235489650000000000000000;1.357194235489650000000000000000;1.220464815276040000000000000000;1.168533597737760000000000000000;1.095106460985230000000000000000;0.950141211135216000000000000000;0.426780347599437000000000000000;0.000000009484873297408620000000;0.353707441000160000000000000000;0.426717529186648000000000000000;0.511468455887048000000000000000
25/01/2020;0.919291663083399000000000000000;0.919291663083399000000000000000;0.827694932419041000000000000000;0.792780630555510000000000000000;0.746008045713694000000000000000;0.644504473400782000000000000000;1.117750236194500000000000000000;1.117750236194500000000000000000;1.005068463694680000000000000000;0.965206901019837000000000000000;0.906402078535662000000000000000;0.786304216486782000000000000000;0.000000009999999755800010000000;0.000000009999999755800010000000;0.000000009999999772800000000000;0.000000009959999802688420000000;0.000000009999999817600000000000;0.000000009998535497462950000000;0.426780347599437000000000000000;0.000000009484873297408620000000;0.353707441000160000000000000000;0.426717529186648000000000000000;0.000000010007493055814100000000
26/01/2020;0.919291663083399000000000000000;0.919291663083399000000000000000;0.827694932419041000000000000000;0.792780630555510000000000000000;0.746008045713694000000000000000;0.644504473400782000000000000000;0.000000009999999755800010000000;0.000000009999999755800010000000;0.000000009999999772800000000000;0.000000009959999802688420000000;0.000000009999999817600000000000;0.000000009998535497462950000000;0.000000009999999755800010000000;0.000000009999999755800010000000;0.000000009999999772800000000000;0.000000009959999802688420000000;0.000000009999999817600000000000;0.000000009998535497462950000000;0.426780347599437000000000000000;0.000000009484873297408620000000;0.353707441000160000000000000000;0.000000010007493055814100000000;0.000000010007493055814100000000
27/01/2020;0.919291663083399000000000000000;0.919291663083399000000000000000;0.827694932419041000000000000000;0.792780630555510000000000000000;0.746008045713694000000000000000;0.644504473400782000000000000000;1.117750236194500000000000000000;1.117750236194500000000000000000;1.005068463694680000000000000000;0.965206901019837000000000000000;0.906402078535662000000000000000;0.786304216486782000000000000000;1.357194235489650000000000000000;1.357194235489650000000000000000;1.220464815276040000000000000000;1.168533597737760000000000000000;1.095106460985230000000000000000;0.950141211135216000000000000000;0.426780347599437000000000000000;0.000000009484873297408620000000;0.353707441000160000000000000000;0.426717529186648000000000000000;0.511468455887048000000000000000
28/01/2020;0.949456130576518000000000000000;0.949456130576518000000000000000;0.843121640594613000000000000000;0.785952384903577000000000000000;0.746070171314574000000000000000;0.644504473400782000000000000000;1.154426670909490000000000000000;1.154426670909490000000000000000;1.023801087610330000000000000000;0.956893542227903000000000000000;0.906477561332519000000000000000;0.786304216486782000000000000000;1.401727481076760000000000000000;1.401727481076760000000000000000;1.243212030229740000000000000000;1.158468979417940000000000000000;1.095197658590010000000000000000;0.950141211135216000000000000000;0.426780347599437000000000000000;0.000000009484873297408620000000;0.353707441000160000000000000000;0.426717529186648000000000000000;0.511468455887048000000000000000
29/01/2020;0.949456130576518000000000000000;0.949456130576518000000000000000;0.843121640594613000000000000000;0.785952384903577000000000000000;0.746070171314574000000000000000;0.644504473400782000000000000000;1.154426670909490000000000000000;1.154426670909490000000000000000;1.023801087610330000000000000000;0.956893542227903000000000000000;0.906477561332519000000000000000;0.786304216486782000000000000000;1.401727481076760000000000000000;1.401727481076760000000000000000;1.243212030229740000000000000000;1.158468979417940000000000000000;1.095197658590010000000000000000;0.950141211135216000000000000000;0.426780347599437000000000000000;0.000000009484873297408620000000;0.353707441000160000000000000000;0.426717529186648000000000000000;0.511468455887048000000000000000
30/01/2020;0.949456130576518000000000000000;0.949456130576518000000000000000;0.843121640594613000000000000000;0.785952384903577000000000000000;0.746070171314574000000000000000;0.644504473400782000000000000000;1.154426670909490000000000000000;1.154426670909490000000000000000;1.023801087610330000000000000000;0.956893542227903000000000000000;0.906477561332519000000000000000;0.786304216486782000000000000000;1.401727481076760000000000000000;1.401727481076760000000000000000;1.243212030229740000000000000000;1.158468979417940000000000000000;1.095197658590010000000000000000;0.950141211135216000000000000000;0.426780347599437000000000000000;0.000000009484873297408620000000;0.353707441000160000000000000000;0.426717529186648000000000000000;0.511468455887048000000000000000
31/01/2020;0.949456130576518000000000000000;0.949456130576518000000000000000;0.843121640594613000000000000000;0.746047000795887000000000000000;0.746070171314574000000000000000;0.644504473400782000000000000000;1.154426670909490000000000000000;1.154426670909490000000000000000;1.023801087610330000000000000000;0.908308914092373000000000000000;0.906477561332519000000000000000;0.786304216486782000000000000000;1.401727481076760000000000000000;1.401727481076760000000000000000;1.243212030229740000000000000000;1.099649704244940000000000000000;1.095197658590010000000000000000;0.950141211135216000000000000000;0.426780347599437000000000000000;0.000000009484873297408620000000;0.353707441000160000000000000000;0.426717529186648000000000000000;0.511468455887048000000000000000
01/02/2020;0.949456130576518000000000000000;0.949456130576518000000000000000;0.843121640594613000000000000000;0.746047000795887000000000000000;0.746070171314574000000000000000;0.595605513576026000000000000000;1.154426670909490000000000000000;1.154426670909490000000000000000;1.023801087610330000000000000000;0.908308914092373000000000000000;0.906477561332519000000000000000;0.726646820954456000000000000000;0.000000009999999755800010000000;0.000000009999999755800010000000;0.000000009999999772800000000000;0.000000009959999802688420000000;0.000000009999999817600000000000;0.000000009998535497462950000000;0.408283941470018000000000000000;0.000000009484873297408620000000;0.348964308437047000000000000000;0.420995348725267000000000000000;0.000000010007493055814100000000
02/02/2020;0.949456130576518000000000000000;0.949456130576518000000000000000;0.843121640594613000000000000000;0.746047000795887000000000000000;0.746070171314574000000000000000;0.595605513576026000000000000000;0.000000009999999755800010000000;0.000000009999999755800010000000;0.000000009999999772800000000000;0.000000009959999802688420000000;0.000000009999999817600000000000;0.000000009998535497462950000000;0.000000009999999755800010000000;0.000000009999999755800010000000;0.000000009999999772800000000000;0.000000009959999802688420000000;0.000000009999999817600000000000;0.000000009998535497462950000000;0.408283941470018000000000000000;0.000000009484873297408620000000;0.348964308437047000000000000000;0.000000010007493055814100000000;0.000000010007493055814100000000
03/02/2020;0.949456130576518000000000000000;0.949456130576518000000000000000;0.843121640594613000000000000000;0.746047000795887000000000000000;0.696357804301391000000000000000;0.595605513576026000000000000000;1.154426670909490000000000000000;1.154426670909490000000000000000;1.023801087610330000000000000000;0.908308914092373000000000000000;0.846076881944981000000000000000;0.726646820954456000000000000000;1.401727481076760000000000000000;1.401727481076760000000000000000;1.243212030229740000000000000000;1.099649704244940000000000000000;1.022222126194890000000000000000;0.878053399756667000000000000000;0.408283941470018000000000000000;0.000000009484873297408620000000;0.348964308437047000000000000000;0.420995348725267000000000000000;0.504609785678519000000000000000
04/02/2020;1.017615263479040000000000000000;1.017615263479040000000000000000;0.812568152899254000000000000000;0.747387756957683000000000000000;0.696094535674983000000000000000;0.595605513576026000000000000000;1.237300137470780000000000000000;1.237300137470780000000000000000;0.986700042604843000000000000000;0.909941278771924000000000000000;0.845757009751162000000000000000;0.726646820954456000000000000000;1.502354067813130000000000000000;1.502354067813130000000000000000;1.198159855502540000000000000000;1.101625936459810000000000000000;1.021835659620680000000000000000;0.878053399756667000000000000000;0.408283941470018000000000000000;0.000000009484873297408620000000;0.348964308437047000000000000000;0.420995348725267000000000000000;0.504609785678519000000000000000
05/02/2020;1.017615263479040000000000000000;1.017615263479040000000000000000;0.812568152899254000000000000000;0.747387756957683000000000000000;0.696094535674983000000000000000;0.595605513576026000000000000000;1.237300137470780000000000000000;1.237300137470780000000000000000;0.986700042604843000000000000000;0.909941278771924000000000000000;0.845757009751162000000000000000;0.726646820954456000000000000000;1.502354067813130000000000000000;1.502354067813130000000000000000;1.198159855502540000000000000000;1.101625936459810000000000000000;1.021835659620680000000000000000;0.878053399756667000000000000000;0.408283941470018000000000000000;0.000000009484873297408620000000;0.348964308437047000000000000000;0.420995348725267000000000000000;0.504609785678519000000000000000
06/02/2020;1.017615263479040000000000000000;1.017615263479040000000000000000;0.812568152899254000000000000000;0.747387756957683000000000000000;0.696094535674983000000000000000;0.595605513576026000000000000000;1.237300137470780000000000000000;1.237300137470780000000000000000;0.986700042604843000000000000000;0.909941278771924000000000000000;0.845757009751162000000000000000;0.726646820954456000000000000000;1.502354067813130000000000000000;1.502354067813130000000000000000;1.198159855502540000000000000000;1.101625936459810000000000000000;1.021835659620680000000000000000;0.878053399756667000000000000000;0.408283941470018000000000000000;0.000000009484873297408620000000;0.348964308437047000000000000000;0.420995348725267000000000000000;0.504609785678519000000000000000
07/02/2020;1.017615263479040000000000000000;1.017615263479040000000000000000;0.812568152899254000000000000000;0.746047000795887000000000000000;0.696094535674983000000000000000;0.595605513576026000000000000000;1.237300137470780000000000000000;1.237300137470780000000000000000;0.986700042604843000000000000000;0.908308914092373000000000000000;0.845757009751162000000000000000;0.726646820954456000000000000000;1.502354067813130000000000000000;1.502354067813130000000000000000;1.198159855502540000000000000000;1.099649704244940000000000000000;1.021835659620680000000000000000;0.878053399756667000000000000000;0.408283941470018000000000000000;0.000000009484873297408620000000;0.348964308437047000000000000000;0.420995348725267000000000000000;0.504609785678519000000000000000
08/02/2020;1.017615263479040000000000000000;1.017615263479040000000000000000;0.812568152899254000000000000000;0.746047000795887000000000000000;0.696094535674983000000000000000;0.560734925733693000000000000000;1.237300137470780000000000000000;1.237300137470780000000000000000;0.986700042604843000000000000000;0.908308914092373000000000000000;0.845757009751162000000000000000;0.684104229888919000000000000000;0.000000009999999755800010000000;0.000000009999999755800010000000;0.000000009999999772800000000000;0.000000009959999802688420000000;0.000000009999999817600000000000;0.000000009998535497462950000000;0.408283941470018000000000000000;0.000000009484873297408620000000;0.348964308437047000000000000000;0.420995348725267000000000000000;0.000000010007493055814100000000
09/02/2020;1.017615263479040000000000000000;1.017615263479040000000000000000;0.812568152899254000000000000000;0.746047000795887000000000000000;0.696094535674983000000000000000;0.560734925733693000000000000000;0.000000009999999755800010000000;0.000000009999999755800010000000;0.000000009999999772800000000000;0.000000009959999802688420000000;0.000000009999999817600000000000;0.000000009998535497462950000000;0.000000009999999755800010000000;0.000000009999999755800010000000;0.000000009999999772800000000000;0.000000009959999802688420000000;0.000000009999999817600000000000;0.000000009998535497462950000000;0.408283941470018000000000000000;0.000000009484873297408620000000;0.348964308437047000000000000000;0.000000010007493055814100000000;0.000000010007493055814100000000
10/02/2020;1.017615263479040000000000000000;1.017615263479040000000000000000;0.812568152899254000000000000000;0.746047000795887000000000000000;0.696094535674983000000000000000;0.560734925733693000000000000000;1.237300137470780000000000000000;1.237300137470780000000000000000;0.986700042604843000000000000000;0.908308914092373000000000000000;0.845757009751162000000000000000;0.684104229888919000000000000000;1.502354067813130000000000000000;1.502354067813130000000000000000;1.198159855502540000000000000000;1.099649704244940000000000000000;1.021835659620680000000000000000;0.826646491142539000000000000000;0.408283941470018000000000000000;0.000000009484873297408620000000;0.348964308437047000000000000000;0.420995348725267000000000000000;0.504609785678519000000000000000
11/02/2020;0.995367032456928000000000000000;0.995367032456928000000000000000;0.812970497228401000000000000000;0.745095178338167000000000000000;0.682177636679546000000000000000;0.560734925733693000000000000000;1.210248912621780000000000000000;1.210248912621780000000000000000;0.987188608598101000000000000000;0.907150074472272000000000000000;0.828847934508994000000000000000;0.684104229888919000000000000000;1.469507940620180000000000000000;1.469507940620180000000000000000;1.198753126136580000000000000000;1.098246748019650000000000000000;1.001406274047230000000000000000;0.826646491142539000000000000000;0.408283941470018000000000000000;0.000000009484873297408620000000;0.348964308437047000000000000000;0.420995348725267000000000000000;0.504609785678519000000000000000
12/02/2020;0.995367032456928000000000000000;0.995367032456928000000000000000;0.812970497228401000000000000000;0.745095178338167000000000000000;0.682177636679546000000000000000;0.560734925733693000000000000000;1.210248912621780000000000000000;1.210248912621780000000000000000;0.987188608598101000000000000000;0.907150074472272000000000000000;0.828847934508994000000000000000;0.684104229888919000000000000000;1.469507940620180000000000000000;1.469507940620180000000000000000;1.198753126136580000000000000000;1.098246748019650000000000000000;1.001406274047230000000000000000;0.826646491142539000000000000000;0.408283941470018000000000000000;0.000000009484873297408620000000;0.348964308437047000000000000000;0.420995348725267000000000000000;0.504609785678519000000000000000
13/02/2020;0.995367032456928000000000000000;0.995367032456928000000000000000;0.812970497228401000000000000000;0.745095178338167000000000000000;0.682177636679546000000000000000;0.560734925733693000000000000000;1.210248912621780000000000000000;1.210248912621780000000000000000;0.987188608598101000000000000000;0.907150074472272000000000000000;0.828847934508994000000000000000;0.684104229888919000000000000000;1.469507940620180000000000000000;1.469507940620180000000000000000;1.198753126136580000000000000000;1.098246748019650000000000000000;1.001406274047230000000000000000;0.826646491142539000000000000000;0.408283941470018000000000000000;0.000000009484873297408620000000;0.348964308437047000000000000000;0.420995348725267000000000000000;0.504609785678519000000000000000
14/02/2020;0.995367032456928000000000000000;0.995367032456928000000000000000;0.812970497228401000000000000000;0.745095178338167000000000000000;0.682177636679546000000000000000;0.560734925733693000000000000000;1.210248912621780000000000000000;1.210248912621780000000000000000;0.987188608598101000000000000000;0.907150074472272000000000000000;0.828847934508994000000000000000;0.684104229888919000000000000000;1.469507940620180000000000000000;1.469507940620180000000000000000;1.198753126136580000000000000000;1.098246748019650000000000000000;1.001406274047230000000000000000;0.826646491142539000000000000000;0.408283941470018000000000000000;0.000000009484873297408620000000;0.348964308437047000000000000000;0.420995348725267000000000000000;0.504609785678519000000000000000
15/02/2020;0.995367032456928000000000000000;0.995367032456928000000000000000;0.812970497228401000000000000000;0.745095178338167000000000000000;0.682177636679546000000000000000;0.541896801620653000000000000000;1.210248912621780000000000000000;1.210248912621780000000000000000;0.987188608598101000000000000000;0.907150074472272000000000000000;0.828847934508994000000000000000;0.661121462457336000000000000000;0.000000009999999755800010000000;0.000000009999999755800010000000;0.000000009999999772800000000000;0.000000009959999802688420000000;0.000000009999999817600000000000;0.000000009998535497462950000000;0.408283941470018000000000000000;0.000000009484873297408620000000;0.348964308437047000000000000000;0.420995348725267000000000000000;0.000000010007493055814100000000
16/02/2020;0.995367032456928000000000000000;0.995367032456928000000000000000;0.812970497228401000000000000000;0.745095178338167000000000000000;0.682177636679546000000000000000;0.541896801620653000000000000000;0.000000009999999755800010000000;0.000000009999999755800010000000;0.000000009999999772800000000000;0.000000009959999802688420000000;0.000000009999999817600000000000;0.000000009998535497462950000000;0.000000009999999755800010000000;0.000000009999999755800010000000;0.000000009999999772800000000000;0.000000009959999802688420000000;0.000000009999999817600000000000;0.000000009998535497462950000000;0.408283941470018000000000000000;0.000000009484873297408620000000;0.348964308437047000000000000000;0.000000010007493055814100000000;0.000000010007493055814100000000
17/02/2020;0.995367032456928000000000000000;0.995367032456928000000000000000;0.812970497228401000000000000000;0.745095178338167000000000000000;0.682177636679546000000000000000;0.541896801620653000000000000000;1.210248912621780000000000000000;1.210248912621780000000000000000;0.987188608598101000000000000000;0.907150074472272000000000000000;0.828847934508994000000000000000;0.661121462457336000000000000000;1.469507940620180000000000000000;1.469507940620180000000000000000;1.198753126136580000000000000000;1.098246748019650000000000000000;1.001406274047230000000000000000;0.798874956887960000000000000000;0.408283941470018000000000000000;0.000000009484873297408620000000;0.348964308437047000000000000000;0.420995348725267000000000000000;0.504609785678519000000000000000
18/02/2020;0.995367032456928000000000000000;0.995367032456928000000000000000;0.785885979614817000000000000000;0.702180333692127000000000000000;0.643413928130954000000000000000;0.541896801620653000000000000000;1.210248912621780000000000000000;1.210248912621780000000000000000;0.954299927706655000000000000000;0.854901441480914000000000000000;0.781749908955422000000000000000;0.661121462457336000000000000000;1.469507940620180000000000000000;1.469507940620180000000000000000;1.158816067817890000000000000000;1.034991623111440000000000000000;0.944502882820803000000000000000;0.798874956887960000000000000000;0.408283941470018000000000000000;0.000000009484873297408620000000;0.348964308437047000000000000000;0.420995348725267000000000000000;0.504609785678519000000000000000
19/02/2020;0.995367032456928000000000000000;0.995367032456928000000000000000;0.785885979614817000000000000000;0.702180333692127000000000000000;0.643413928130954000000000000000;0.541896801620653000000000000000;1.210248912621780000000000000000;1.210248912621780000000000000000;0.954299927706655000000000000000;0.854901441480914000000000000000;0.781749908955422000000000000000;0.661121462457336000000000000000;1.469507940620180000000000000000;1.469507940620180000000000000000;1.158816067817890000000000000000;1.034991623111440000000000000000;0.944502882820803000000000000000;0.798874956887960000000000000000;0.408283941470018000000000000000;0.000000009484873297408620000000;0.348964308437047000000000000000;0.420995348725267000000000000000;0.504609785678519000000000000000
20/02/2020;0.995367032456928000000000000000;0.995367032456928000000000000000;0.785885979614817000000000000000;0.702180333692127000000000000000;0.643413928130954000000000000000;0.541896801620653000000000000000;1.210248912621780000000000000000;1.210248912621780000000000000000;0.954299927706655000000000000000;0.854901441480914000000000000000;0.781749908955422000000000000000;0.661121462457336000000000000000;1.469507940620180000000000000000;1.469507940620180000000000000000;1.158816067817890000000000000000;1.034991623111440000000000000000;0.944502882820803000000000000000;0.798874956887960000000000000000;0.408283941470018000000000000000;0.000000009484873297408620000000;0.348964308437047000000000000000;0.420995348725267000000000000000;0.504609785678519000000000000000
21/02/2020;0.995367032456928000000000000000;0.995367032456928000000000000000;0.785885979614817000000000000000;0.702180333692127000000000000000;0.643413928130954000000000000000;0.541896801620653000000000000000;1.210248912621780000000000000000;1.210248912621780000000000000000;0.954299927706655000000000000000;0.854901441480914000000000000000;0.781749908955422000000000000000;0.661121462457336000000000000000;1.469507940620180000000000000000;1.469507940620180000000000000000;1.158816067817890000000000000000;1.034991623111440000000000000000;0.944502882820803000000000000000;0.798874956887960000000000000000;0.408283941470018000000000000000;0.000000009484873297408620000000;0.348964308437047000000000000000;0.420995348725267000000000000000;0.504609785678519000000000000000
22/02/2020;0.995367032456928000000000000000;0.995367032456928000000000000000;0.785885979614817000000000000000;0.702180333692127000000000000000;0.643413928130954000000000000000;0.526665966582829000000000000000;1.210248912621780000000000000000;1.210248912621780000000000000000;0.954299927706655000000000000000;0.854901441480914000000000000000;0.781749908955422000000000000000;0.642539636721259000000000000000;0.000000009999999755800010000000;0.000000009999999755800010000000;0.000000009999999772800000000000;0.000000009959999802688420000000;0.000000009999999817600000000000;0.000000009998535497462950000000;0.408283941470018000000000000000;0.000000009484873297408620000000;0.348964308437047000000000000000;0.420995348725267000000000000000;0.000000010007493055814100000000
23/02/2020;0.995367032456928000000000000000;0.995367032456928000000000000000;0.785885979614817000000000000000;0.702180333692127000000000000000;0.643413928130954000000000000000;0.526665966582829000000000000000;0.000000009999999755800010000000;0.000000009999999755800010000000;0.000000009999999772800000000000;0.000000009959999802688420000000;0.000000009999999817600000000000;0.000000009998535497462950000000;0.000000009999999755800010000000;0.000000009999999755800010000000;0.000000009999999772800000000000;0.000000009959999802688420000000;0.000000009999999817600000000000;0.000000009998535497462950000000;0.408283941470018000000000000000;0.000000009484873297408620000000;0.348964308437047000000000000000;0.000000010007493055814100000000;0.000000010007493055814100000000
24/02/2020;0.995367032456928000000000000000;0.995367032456928000000000000000;0.785885979614817000000000000000;0.702180333692127000000000000000;0.643413928130954000000000000000;0.526665966582829000000000000000;1.210248912621780000000000000000;1.210248912621780000000000000000;0.954299927706655000000000000000;0.854901441480914000000000000000;0.781749908955422000000000000000;0.642539636721259000000000000000;1.469507940620180000000000000000;1.469507940620180000000000000000;1.158816067817890000000000000000;1.034991623111440000000000000000;0.944502882820803000000000000000;0.776421359361974000000000000000;0.408283941470018000000000000000;0.000000009484873297408620000000;0.348964308437047000000000000000;0.420995348725267000000000000000;0.504609785678519000000000000000
25/02/2020;1.005601351491770000000000000000;1.005601351491770000000000000000;0.785885979614817000000000000000;0.702180333692127000000000000000;0.643413928130954000000000000000;0.526665966582829000000000000000;1.222692637478500000000000000000;1.222692637478500000000000000000;0.954299927706655000000000000000;0.854901441480914000000000000000;0.781749908955422000000000000000;0.642539636721259000000000000000;1.484617355135770000000000000000;1.484617355135770000000000000000;1.158816067817890000000000000000;1.034991623111440000000000000000;0.944502882820803000000000000000;0.776421359361974000000000000000;0.408283941470018000000000000000;0.000000009484873297408620000000;0.348964308437047000000000000000;0.420995348725267000000000000000;0.504609785678519000000000000000
26/02/2020;1.005601351491770000000000000000;1.005601351491770000000000000000;0.785885979614817000000000000000;0.702180333692127000000000000000;0.643413928130954000000000000000;0.526665966582829000000000000000;1.222692637478500000000000000000;1.222692637478500000000000000000;0.954299927706655000000000000000;0.854901441480914000000000000000;0.781749908955422000000000000000;0.642539636721259000000000000000;1.484617355135770000000000000000;1.484617355135770000000000000000;1.158816067817890000000000000000;1.034991623111440000000000000000;0.944502882820803000000000000000;0.776421359361974000000000000000;0.408283941470018000000000000000;0.000000009484873297408620000000;0.348964308437047000000000000000;0.420995348725267000000000000000;0.504609785678519000000000000000
27/02/2020;1.005601351491770000000000000000;1.005601351491770000000000000000;0.785885979614817000000000000000;0.702180333692127000000000000000;0.643413928130954000000000000000;0.526665966582829000000000000000;1.222692637478500000000000000000;1.222692637478500000000000000000;0.954299927706655000000000000000;0.854901441480914000000000000000;0.781749908955422000000000000000;0.642539636721259000000000000000;1.484617355135770000000000000000;1.484617355135770000000000000000;1.158816067817890000000000000000;1.034991623111440000000000000000;0.944502882820803000000000000000;0.776421359361974000000000000000;0.408283941470018000000000000000;0.000000009484873297408620000000;0.348964308437047000000000000000;0.420995348725267000000000000000;0.504609785678519000000000000000
28/02/2020;1.005601351491770000000000000000;1.005601351491770000000000000000;0.785885979614817000000000000000;0.599428912295756000000000000000;0.541197838034681000000000000000;0.526665966582829000000000000000;1.222692637478500000000000000000;1.222692637478500000000000000000;0.954299927706655000000000000000;0.729802041724035000000000000000;0.657557043938242000000000000000;0.642539636721259000000000000000;1.484617355135770000000000000000;1.484617355135770000000000000000;1.158816067817890000000000000000;0.883539274896482000000000000000;0.794454232106869000000000000000;0.776421359361974000000000000000;0.408283941470018000000000000000;0.000000009484873297408620000000;0.348964308437047000000000000000;0.420995348725267000000000000000;0.504609785678519000000000000000
29/02/2020;0.752234095904899000000000000000;0.752234095904899000000000000000;0.785885979614817000000000000000;0.599428912295756000000000000000;0.541197838034681000000000000000;0.526665966582829000000000000000;0.914627938157402000000000000000;0.914627938157402000000000000000;0.954299927706655000000000000000;0.729802041724035000000000000000;0.657557043938242000000000000000;0.642539636721259000000000000000;0.000000009999999755800010000000;0.000000009999999755800010000000;0.000000009999999772800000000000;0.000000009959999802688420000000;0.000000009999999817600000000000;0.000000009998535497462950000000;0.370866077456775000000000000000;0.000000009484873297408620000000;0.348964308437047000000000000000;0.420995348725267000000000000000;0.000000010007493055814100000000
01/03/2020;0.762055144258985000000000000000;0.762055144258985000000000000000;0.785885979614817000000000000000;0.599428912295756000000000000000;0.541197838034681000000000000000;0.443698047607208000000000000000;0.000000009999999755800010000000;0.000000009999999755800010000000;0.000000009999999772800000000000;0.000000009959999802688420000000;0.000000009999999817600000000000;0.000000009998535497462950000000;0.000000009999999755800010000000;0.000000009999999755800010000000;0.000000009999999772800000000000;0.000000009959999802688420000000;0.000000009999999817600000000000;0.000000009998535497462950000000;0.357451362778181000000000000000;0.000000009484873297408620000000;0.309468801829286000000000000000;0.000000010007493055814100000000;0.000000010007493055814100000000
02/03/2020;0.762055144258985000000000000000;0.762055144258985000000000000000;0.687194617787942000000000000000;0.599428912295756000000000000000;0.541197838034681000000000000000;0.443698047607208000000000000000;0.926569174609648000000000000000;0.926569174609648000000000000000;0.834459185029430000000000000000;0.729802041724035000000000000000;0.657557043938242000000000000000;0.541317648021273000000000000000;1.125058444938490000000000000000;1.125058444938490000000000000000;1.013292240180880000000000000000;0.883539274896482000000000000000;0.794454232106869000000000000000;0.654108416202859000000000000000;0.357451362778181000000000000000;0.000000009484873297408620000000;0.309468801829286000000000000000;0.373347425498141000000000000000;0.447498446086601000000000000000
03/03/2020;0.762055144258985000000000000000;0.762055144258985000000000000000;0.687194617787942000000000000000;0.599428912295756000000000000000;0.541197838034681000000000000000;0.443698047607208000000000000000;0.926569174609648000000000000000;0.926569174609648000000000000000;0.834459185029430000000000000000;0.729802041724035000000000000000;0.657557043938242000000000000000;0.541317648021273000000000000000;1.125058444938490000000000000000;1.125058444938490000000000000000;1.013292240180880000000000000000;0.883539274896482000000000000000;0.794454232106869000000000000000;0.654108416202859000000000000000;0.357451362778181000000000000000;0.000000009484873297408620000000;0.309468801829286000000000000000;0.373347425498141000000000000000;0.447498446086601000000000000000
04/03/2020;0.762055144258985000000000000000;0.762055144258985000000000000000;0.687194617787942000000000000000;0.599428912295756000000000000000;0.541197838034681000000000000000;0.443698047607208000000000000000;0.926569174609648000000000000000;0.926569174609648000000000000000;0.834459185029430000000000000000;0.729802041724035000000000000000;0.657557043938242000000000000000;0.541317648021273000000000000000;1.125058444938490000000000000000;1.125058444938490000000000000000;1.013292240180880000000000000000;0.883539274896482000000000000000;0.794454232106869000000000000000;0.654108416202859000000000000000;0.357451362778181000000000000000;0.000000009484873297408620000000;0.309468801829286000000000000000;0.373347425498141000000000000000;0.447498446086601000000000000000
05/03/2020;0.762055144258985000000000000000;0.762055144258985000000000000000;0.687194617787942000000000000000;0.599428912295756000000000000000;0.541197838034681000000000000000;0.443698047607208000000000000000;0.926569174609648000000000000000;0.926569174609648000000000000000;0.834459185029430000000000000000;0.729802041724035000000000000000;0.657557043938242000000000000000;0.541317648021273000000000000000;1.125058444938490000000000000000;1.125058444938490000000000000000;1.013292240180880000000000000000;0.883539274896482000000000000000;0.794454232106869000000000000000;0.654108416202859000000000000000;0.357451362778181000000000000000;0.000000009484873297408620000000;0.309468801829286000000000000000;0.373347425498141000000000000000;0.447498446086601000000000000000
06/03/2020;0.762055144258985000000000000000;0.762055144258985000000000000000;0.687194617787942000000000000000;0.599428912295756000000000000000;0.541197838034681000000000000000;0.443698047607208000000000000000;0.926569174609648000000000000000;0.926569174609648000000000000000;0.834459185029430000000000000000;0.729802041724035000000000000000;0.657557043938242000000000000000;0.541317648021273000000000000000;1.125058444938490000000000000000;1.125058444938490000000000000000;1.013292240180880000000000000000;0.883539274896482000000000000000;0.794454232106869000000000000000;0.654108416202859000000000000000;0.357451362778181000000000000000;0.000000009484873297408620000000;0.309468801829286000000000000000;0.373347425498141000000000000000;0.447498446086601000000000000000
07/03/2020;0.762055144258985000000000000000;0.762055144258985000000000000000;0.687194617787942000000000000000;0.599428912295756000000000000000;0.541197838034681000000000000000;0.443698047607208000000000000000;0.926569174609648000000000000000;0.926569174609648000000000000000;0.834459185029430000000000000000;0.729802041724035000000000000000;0.657557043938242000000000000000;0.541317648021273000000000000000;0.000000009999999755800010000000;0.000000009999999755800010000000;0.000000009999999772800000000000;0.000000009959999802688420000000;0.000000009999999817600000000000;0.000000009998535497462950000000;0.357451362778181000000000000000;0.000000009484873297408620000000;0.309468801829286000000000000000;0.373347425498141000000000000000;0.000000010007493055814100000000
08/03/2020;0.762055144258985000000000000000;0.762055144258985000000000000000;0.687194617787942000000000000000;0.599428912295756000000000000000;0.541197838034681000000000000000;0.389989345660934000000000000000;0.000000009999999755800010000000;0.000000009999999755800010000000;0.000000009999999772800000000000;0.000000009959999802688420000000;0.000000009999999817600000000000;0.000000009998535497462950000000;0.000000009999999755800010000000;0.000000009999999755800010000000;0.000000009999999772800000000000;0.000000009959999802688420000000;0.000000009999999817600000000000;0.000000009998535497462950000000;0.357451362778181000000000000000;0.000000009484873297408620000000;0.309468801829286000000000000000;0.000000010007493055814100000000;0.000000010007493055814100000000
09/03/2020;0.762055144258985000000000000000;0.762055144258985000000000000000;0.687194617787942000000000000000;0.599428912295756000000000000000;0.541197838034681000000000000000;0.389989345660934000000000000000;0.926569174609648000000000000000;0.926569174609648000000000000000;0.834459185029430000000000000000;0.729802041724035000000000000000;0.657557043938242000000000000000;0.475792301735390000000000000000;1.125058444938490000000000000000;1.125058444938490000000000000000;1.013292240180880000000000000000;0.883539274896482000000000000000;0.794454232106869000000000000000;0.574929988089762000000000000000;0.357451362778181000000000000000;0.000000009484873297408620000000;0.309468801829286000000000000000;0.373347425498141000000000000000;0.447498446086601000000000000000
10/03/2020;0.762055144258985000000000000000;0.762055144258985000000000000000;0.662924980522574000000000000000;0.577389723677747000000000000000;0.470604663850279000000000000000;0.389989345660934000000000000000;0.926569174609648000000000000000;0.926569174609648000000000000000;0.804988608268207000000000000000;0.702969427344854000000000000000;0.571786119376755000000000000000;0.475792301735390000000000000000;1.125058444938490000000000000000;1.125058444938490000000000000000;0.977505820327704000000000000000;0.851054207307259000000000000000;0.690826608256197000000000000000;0.574929988089762000000000000000;0.357451362778181000000000000000;0.000000009484873297408620000000;0.309468801829286000000000000000;0.373347425498141000000000000000;0.447498446086601000000000000000
11/03/2020;0.762055144258985000000000000000;0.762055144258985000000000000000;0.662924980522574000000000000000;0.577389723677747000000000000000;0.470604663850279000000000000000;0.389989345660934000000000000000;0.926569174609648000000000000000;0.926569174609648000000000000000;0.804988608268207000000000000000;0.702969427344854000000000000000;0.571786119376755000000000000000;0.475792301735390000000000000000;1.125058444938490000000000000000;1.125058444938490000000000000000;0.977505820327704000000000000000;0.851054207307259000000000000000;0.690826608256197000000000000000;0.574929988089762000000000000000;0.357451362778181000000000000000;0.000000009484873297408620000000;0.309468801829286000000000000000;0.373347425498141000000000000000;0.447498446086601000000000000000
12/03/2020;0.762055144258985000000000000000;0.762055144258985000000000000000;0.662924980522574000000000000000;0.577389723677747000000000000000;0.470604663850279000000000000000;0.389989345660934000000000000000;0.926569174609648000000000000000;0.926569174609648000000000000000;0.804988608268207000000000000000;0.702969427344854000000000000000;0.571786119376755000000000000000;0.475792301735390000000000000000;1.125058444938490000000000000000;1.125058444938490000000000000000;0.977505820327704000000000000000;0.851054207307259000000000000000;0.690826608256197000000000000000;0.574929988089762000000000000000;0.357451362778181000000000000000;0.000000009484873297408620000000;0.309468801829286000000000000000;0.373347425498141000000000000000;0.447498446086601000000000000000
13/03/2020;0.762055144258985000000000000000;0.762055144258985000000000000000;0.662924980522574000000000000000;0.577389723677747000000000000000;0.470604663850279000000000000000;0.389989345660934000000000000000;0.926569174609648000000000000000;0.926569174609648000000000000000;0.804988608268207000000000000000;0.702969427344854000000000000000;0.571786119376755000000000000000;0.475792301735390000000000000000;1.125058444938490000000000000000;1.125058444938490000000000000000;0.977505820327704000000000000000;0.851054207307259000000000000000;0.690826608256197000000000000000;0.574929988089762000000000000000;0.357451362778181000000000000000;0.000000009484873297408620000000;0.309468801829286000000000000000;0.373347425498141000000000000000;0.447498446086601000000000000000
14/03/2020;0.762055144258985000000000000000;0.762055144258985000000000000000;0.662924980522574000000000000000;0.577389723677747000000000000000;0.470604663850279000000000000000;0.389989345660934000000000000000;0.926569174609648000000000000000;0.926569174609648000000000000000;0.804988608268207000000000000000;0.702969427344854000000000000000;0.571786119376755000000000000000;0.475792301735390000000000000000;0.000000009999999755800010000000;0.000000009999999755800010000000;0.000000009999999772800000000000;0.000000009959999802688420000000;0.000000009999999817600000000000;0.000000009998535497462950000000;0.357451362778181000000000000000;0.000000009484873297408620000000;0.309468801829286000000000000000;0.373347425498141000000000000000;0.000000010007493055814100000000
15/03/2020;0.762055144258985000000000000000;0.762055144258985000000000000000;0.662924980522574000000000000000;0.577389723677747000000000000000;0.470604663850279000000000000000;0.372754448903536000000000000000;0.000000009999999755800010000000;0.000000009999999755800010000000;0.000000009999999772800000000000;0.000000009959999802688420000000;0.000000009999999817600000000000;0.000000009998535497462950000000;0.000000009999999755800010000000;0.000000009999999755800010000000;0.000000009999999772800000000000;0.000000009959999802688420000000;0.000000009999999817600000000000;0.000000009998535497462950000000;0.357451362778181000000000000000;0.000000009484873297408620000000;0.309468801829286000000000000000;0.000000010007493055814100000000;0.000000010007493055814100000000
16/03/2020;0.762055144258985000000000000000;0.762055144258985000000000000000;0.662924980522574000000000000000;0.577389723677747000000000000000;0.470604663850279000000000000000;0.372754448903536000000000000000;0.926569174609648000000000000000;0.926569174609648000000000000000;0.804988608268207000000000000000;0.702969427344854000000000000000;0.571786119376755000000000000000;0.454765493465854000000000000000;1.125058444938490000000000000000;1.125058444938490000000000000000;0.977505820327704000000000000000;0.851054207307259000000000000000;0.690826608256197000000000000000;0.549521963235479000000000000000;0.357451362778181000000000000000;0.000000009484873297408620000000;0.309468801829286000000000000000;0.373347425498141000000000000000;0.447498446086601000000000000000
17/03/2020;0.762055144258985000000000000000;0.762055144258985000000000000000;0.628632419006264000000000000000;0.526989922188192000000000000000;0.430074784245275000000000000000;0.372754448903536000000000000000;0.926569174609648000000000000000;0.926569174609648000000000000000;0.763347212665336000000000000000;0.641607892598902000000000000000;0.522542190537313000000000000000;0.454765493465854000000000000000;1.125058444938490000000000000000;1.125058444938490000000000000000;0.926940251883271000000000000000;0.776766492534773000000000000000;0.631330556875233000000000000000;0.549521963235479000000000000000;0.357451362778181000000000000000;0.000000009484873297408620000000;0.309468801829286000000000000000;0.373347425498141000000000000000;0.447498446086601000000000000000
18/03/2020;0.680028461303833000000000000000;0.680028461303833000000000000000;0.628632419006264000000000000000;0.526989922188192000000000000000;0.430074784245275000000000000000;0.372754448903536000000000000000;0.826834402796478000000000000000;0.826834402796478000000000000000;0.763347212665336000000000000000;0.641607892598902000000000000000;0.522542190537313000000000000000;0.454765493465854000000000000000;1.003958531022520000000000000000;1.003958531022520000000000000000;0.926940251883271000000000000000;0.776766492534773000000000000000;0.631330556875233000000000000000;0.549521963235479000000000000000;0.357451362778181000000000000000;0.000000009484873297408620000000;0.309468801829286000000000000000;0.373347425498141000000000000000;0.447498446086601000000000000000
19/03/2020;0.680028461303833000000000000000;0.680028461303833000000000000000;0.628632419006264000000000000000;0.526989922188192000000000000000;0.430074784245275000000000000000;0.372754448903536000000000000000;0.826834402796478000000000000000;0.826834402796478000000000000000;0.763347212665336000000000000000;0.641607892598902000000000000000;0.522542190537313000000000000000;0.454765493465854000000000000000;1.003958531022520000000000000000;1.003958531022520000000000000000;0.926940251883271000000000000000;0.776766492534773000000000000000;0.631330556875233000000000000000;0.549521963235479000000000000000;0.357451362778181000000000000000;0.000000009484873297408620000000;0.309468801829286000000000000000;0.373347425498141000000000000000;0.447498446086601000000000000000
20/03/2020;0.680028461303833000000000000000;0.680028461303833000000000000000;0.628632419006264000000000000000;0.526989922188192000000000000000;0.430074784245275000000000000000;0.372754448903536000000000000000;0.826834402796478000000000000000;0.826834402796478000000000000000;0.763347212665336000000000000000;0.641607892598902000000000000000;0.522542190537313000000000000000;0.454765493465854000000000000000;1.003958531022520000000000000000;1.003958531022520000000000000000;0.926940251883271000000000000000;0.776766492534773000000000000000;0.631330556875233000000000000000;0.549521963235479000000000000000;0.357451362778181000000000000000;0.000000009484873297408620000000;0.309468801829286000000000000000;0.373347425498141000000000000000;0.447498446086601000000000000000
21/03/2020;0.680028461303833000000000000000;0.680028461303833000000000000000;0.628632419006264000000000000000;0.526989922188192000000000000000;0.430074784245275000000000000000;0.372754448903536000000000000000;0.826834402796478000000000000000;0.826834402796478000000000000000;0.763347212665336000000000000000;0.641607892598902000000000000000;0.522542190537313000000000000000;0.454765493465854000000000000000;0.000000009999999755800010000000;0.000000009999999755800010000000;0.000000009999999772800000000000;0.000000009959999802688420000000;0.000000009999999817600000000000;0.000000009998535497462950000000;0.357451362778181000000000000000;0.000000009484873297408620000000;0.309468801829286000000000000000;0.373347425498141000000000000000;0.000000010007493055814100000000
22/03/2020;0.680028461303833000000000000000;0.680028461303833000000000000000;0.628632419006264000000000000000;0.526989922188192000000000000000;0.430074784245275000000000000000;0.372754448903536000000000000000;0.000000009999999755800010000000;0.000000009999999755800010000000;0.000000009999999772800000000000;0.000000009959999802688420000000;0.000000009999999817600000000000;0.000000009998535497462950000000;0.000000009999999755800010000000;0.000000009999999755800010000000;0.000000009999999772800000000000;0.000000009959999802688420000000;0.000000009999999817600000000000;0.000000009998535497462950000000;0.357451362778181000000000000000;0.000000009484873297408620000000;0.309468801829286000000000000000;0.000000010007493055814100000000;0.000000010007493055814100000000
23/03/2020;0.680028461303833000000000000000;0.680028461303833000000000000000;0.628632419006264000000000000000;0.526989922188192000000000000000;0.430074784245275000000000000000;0.372754448903536000000000000000;0.826834402796478000000000000000;0.826834402796478000000000000000;0.763347212665336000000000000000;0.641607892598902000000000000000;0.522542190537313000000000000000;0.454765493465854000000000000000;1.003958531022520000000000000000;1.003958531022520000000000000000;0.926940251883271000000000000000;0.776766492534773000000000000000;0.631330556875233000000000000000;0.549521963235479000000000000000;0.357451362778181000000000000000;0.000000009484873297408620000000;0.309468801829286000000000000000;0.373347425498141000000000000000;0.447498446086601000000000000000
24/03/2020;0.680028461303833000000000000000;0.680028461303833000000000000000;0.602809142683740000000000000000;0.485561437602665000000000000000;0.383475941013838000000000000000;0.357924438220545000000000000000;0.826834402796478000000000000000;0.826834402796478000000000000000;0.731990054798985000000000000000;0.591168896387902000000000000000;0.465924452156322000000000000000;0.436672678889952000000000000000;1.003958531022520000000000000000;1.003958531022520000000000000000;0.888862937485948000000000000000;0.715702215387100000000000000000;0.562925538202325000000000000000;0.527659268881884000000000000000;0.357451362778181000000000000000;0.000000009484873297408620000000;0.309468801829286000000000000000;0.373347425498141000000000000000;0.447498446086601000000000000000
25/03/2020;0.680028461303833000000000000000;0.680028461303833000000000000000;0.602809142683740000000000000000;0.485561437602665000000000000000;0.383475941013838000000000000000;0.357924438220545000000000000000;0.826834402796478000000000000000;0.826834402796478000000000000000;0.731990054798985000000000000000;0.591168896387902000000000000000;0.465924452156322000000000000000;0.436672678889952000000000000000;1.003958531022520000000000000000;1.003958531022520000000000000000;0.888862937485948000000000000000;0.715702215387100000000000000000;0.562925538202325000000000000000;0.527659268881884000000000000000;0.357451362778181000000000000000;0.000000009484873297408620000000;0.309468801829286000000000000000;0.373347425498141000000000000000;0.447498446086601000000000000000
26/03/2020;0.680028461303833000000000000000;0.680028461303833000000000000000;0.602809142683740000000000000000;0.485561437602665000000000000000;0.383475941013838000000000000000;0.357924438220545000000000000000;0.826834402796478000000000000000;0.826834402796478000000000000000;0.731990054798985000000000000000;0.591168896387902000000000000000;0.465924452156322000000000000000;0.436672678889952000000000000000;1.003958531022520000000000000000;1.003958531022520000000000000000;0.888862937485948000000000000000;0.715702215387100000000000000000;0.562925538202325000000000000000;0.527659268881884000000000000000;0.357451362778181000000000000000;0.000000009484873297408620000000;0.309468801829286000000000000000;0.373347425498141000000000000000;0.447498446086601000000000000000
27/03/2020;0.680028461303833000000000000000;0.680028461303833000000000000000;0.602809142683740000000000000000;0.485561437602665000000000000000;0.383475941013838000000000000000;0.357924438220545000000000000000;0.826834402796478000000000000000;0.826834402796478000000000000000;0.731990054798985000000000000000;0.591168896387902000000000000000;0.465924452156322000000000000000;0.436672678889952000000000000000;1.003958531022520000000000000000;1.003958531022520000000000000000;0.888862937485948000000000000000;0.715702215387100000000000000000;0.562925538202325000000000000000;0.527659268881884000000000000000;0.357451362778181000000000000000;0.000000009484873297408620000000;0.309468801829286000000000000000;0.373347425498141000000000000000;0.447498446086601000000000000000
28/03/2020;0.680028461303833000000000000000;0.680028461303833000000000000000;0.602809142683740000000000000000;0.485561437602665000000000000000;0.383475941013838000000000000000;0.357924438220545000000000000000;0.826834402796478000000000000000;0.826834402796478000000000000000;0.731990054798985000000000000000;0.591168896387902000000000000000;0.465924452156322000000000000000;0.436672678889952000000000000000;0.000000009999999755800010000000;0.000000009999999755800010000000;0.000000009999999772800000000000;0.000000009959999802688420000000;0.000000009999999817600000000000;0.000000009998535497462950000000;0.357451362778181000000000000000;0.000000009484873297408620000000;0.309468801829286000000000000000;0.373347425498141000000000000000;0.000000010007493055814100000000
29/03/2020;0.680028461303833000000000000000;0.680028461303833000000000000000;0.602809142683740000000000000000;0.485561437602665000000000000000;0.383475941013838000000000000000;0.357924438220545000000000000000;0.000000009999999755800010000000;0.000000009999999755800010000000;0.000000009999999772800000000000;0.000000009959999802688420000000;0.000000009999999817600000000000;0.000000009998535497462950000000;0.000000009999999755800010000000;0.000000009999999755800010000000;0.000000009999999772800000000000;0.000000009959999802688420000000;0.000000009999999817600000000000;0.000000009998535497462950000000;0.357451362778181000000000000000;0.000000009484873297408620000000;0.309468801829286000000000000000;0.000000010007493055814100000000;0.000000010007493055814100000000
30/03/2020;0.000000009999999755800010000000;0.000000009999999755800010000000;0.000000009999999772800000000000;0.313263334161410000000000000000;0.383475941013838000000000000000;0.357924438220545000000000000000;0.000000009999999755800010000000;0.000000009999999755800010000000;0.000000009999999772800000000000;0.381396719742265000000000000000;0.465924452156322000000000000000;0.436672678889952000000000000000;0.000000009999999755800010000000;0.000000009999999755800010000000;0.000000009999999772800000000000;0.461740255498493000000000000000;0.562925538202325000000000000000;0.527659268881884000000000000000;0.357451362778181000000000000000;0.000000009484873297408620000000;0.309468801829286000000000000000;0.373347425498141000000000000000;0.447498446086601000000000000000
31/03/2020;0.000000009999999755800010000000;0.000000009999999755800010000000;0.000000009999999772800000000000;0.313263334161410000000000000000;0.269768715846994000000000000000;0.277762199646868000000000000000;0.000000009999999755800010000000;0.000000009999999755800010000000;0.000000009999999772800000000000;0.381396719742265000000000000000;0.327769822554239000000000000000;0.338873658410065000000000000000;0.000000009999999755800010000000;0.000000009999999755800010000000;0.000000009999999772800000000000;0.461740255498493000000000000000;0.396008414913413000000000000000;0.409482515129020000000000000000;0.276540129353796000000000000000;0.000000009484873297408620000000;0.309468801829286000000000000000;0.373347425498141000000000000000;0.447498446086601000000000000000
01/04/2020;0.000000009999999755800010000000;0.000000009999999755800010000000;0.000000009999999772800000000000;0.313263334161410000000000000000;0.269768715846994000000000000000;0.277762199646868000000000000000;0.000000009999999755800010000000;0.000000009999999755800010000000;0.000000009999999772800000000000;0.381396719742265000000000000000;0.327769822554239000000000000000;0.338873658410065000000000000000;0.000000009999999755800010000000;0.000000009999999755800010000000;0.000000009999999772800000000000;0.461740255498493000000000000000;0.396008414913413000000000000000;0.409482515129020000000000000000;0.250599256704591000000000000000;0.000000009484873297408620000000;0.278300862603718000000000000000;0.335745994274171000000000000000;0.402428945417331000000000000000
02/04/2020;0.000000009999999755800010000000;0.000000009999999755800010000000;0.000000009999999772800000000000;0.313263334161410000000000000000;0.269768715846994000000000000000;0.277762199646868000000000000000;0.000000009999999755800010000000;0.000000009999999755800010000000;0.000000009999999772800000000000;0.381396719742265000000000000000;0.327769822554239000000000000000;0.338873658410065000000000000000;0.000000009999999755800010000000;0.000000009999999755800010000000;0.000000009999999772800000000000;0.461740255498493000000000000000;0.396008414913413000000000000000;0.409482515129020000000000000000;0.250599256704591000000000000000;0.000000009484873297408620000000;0.278300862603718000000000000000;0.335745994274171000000000000000;0.402428945417331000000000000000
03/04/2020;0.000000009999999755800010000000;0.000000009999999755800010000000;0.000000009999999772800000000000;0.313263334161410000000000000000;0.269768715846994000000000000000;0.277762199646868000000000000000;0.000000009999999755800010000000;0.000000009999999755800010000000;0.000000009999999772800000000000;0.381396719742265000000000000000;0.327769822554239000000000000000;0.338873658410065000000000000000;0.000000009999999755800010000000;0.000000009999999755800010000000;0.000000009999999772800000000000;0.461740255498493000000000000000;0.396008414913413000000000000000;0.409482515129020000000000000000;0.250599256704591000000000000000;0.000000009484873297408620000000;0.278300862603718000000000000000;0.335745994274171000000000000000;0.402428945417331000000000000000
04/04/2020;0.000000009999999755800010000000;0.000000009999999755800010000000;0.000000009999999772800000000000;0.313263334161410000000000000000;0.269768715846994000000000000000;0.277762199646868000000000000000;0.000000009999999755800010000000;0.000000009999999755800010000000;0.000000009999999772800000000000;0.381396719742265000000000000000;0.327769822554239000000000000000;0.338873658410065000000000000000;0.000000009999999755800010000000;0.000000009999999755800010000000;0.000000009999999772800000000000;0.000000009959999802688420000000;0.000000009999999817600000000000;0.000000009998535497462950000000;0.250599256704591000000000000000;0.000000009484873297408620000000;0.278300862603718000000000000000;0.335745994274171000000000000000;0.000000010007493055814100000000
05/04/2020;0.000000009999999755800010000000;0.000000009999999755800010000000;0.000000009999999772800000000000;0.313263334161410000000000000000;0.269768715846994000000000000000;0.277762199646868000000000000000;0.000000009999999755800010000000;0.000000009999999755800010000000;0.000000009999999772800000000000;0.000000009959999802688420000000;0.000000009999999817600000000000;0.000000009998535497462950000000;0.000000009999999755800010000000;0.000000009999999755800010000000;0.000000009999999772800000000000;0.000000009959999802688420000000;0.000000009999999817600000000000;0.000000009998535497462950000000;0.250599256704591000000000000000;0.000000009484873297408620000000;0.278300862603718000000000000000;0.000000010007493055814100000000;0.000000010007493055814100000000
06/04/2020;0.000000009999999755800010000000;0.000000009999999755800010000000;0.000000009999999772800000000000;0.313263334161410000000000000000;0.269768715846994000000000000000;0.277762199646868000000000000000;0.000000009999999755800010000000;0.000000009999999755800010000000;0.000000009999999772800000000000;0.381396719742265000000000000000;0.327769822554239000000000000000;0.338873658410065000000000000000;0.000000009999999755800010000000;0.000000009999999755800010000000;0.000000009999999772800000000000;0.461740255498493000000000000000;0.396008414913413000000000000000;0.409482515129020000000000000000;0.250599256704591000000000000000;0.000000009484873297408620000000;0.278300862603718000000000000000;0.335745994274171000000000000000;0.402428945417331000000000000000
07/04/2020;0.000000009999999755800010000000;0.000000009999999755800010000000;0.000000009999999772800000000000;0.293559544440028000000000000000;0.237826768647752000000000000000;0.266138663693358000000000000000;0.000000009999999755800010000000;0.000000009999999755800010000000;0.000000009999999772800000000000;0.357407443160174000000000000000;0.288960258099513000000000000000;0.324692786580729000000000000000;0.000000009999999755800010000000;0.000000009999999755800010000000;0.000000009999999772800000000000;0.432697492084785000000000000000;0.349119064382515000000000000000;0.392346869087237000000000000000;0.250599256704591000000000000000;0.000000009484873297408620000000;0.278300862603718000000000000000;0.335745994274171000000000000000;0.402428945417331000000000000000
08/04/2020;0.000000009999999755800010000000;0.000000009999999755800010000000;0.000000009999999772800000000000;0.293559544440028000000000000000;0.237826768647752000000000000000;0.266138663693358000000000000000;0.000000009999999755800010000000;0.000000009999999755800010000000;0.000000009999999772800000000000;0.357407443160174000000000000000;0.288960258099513000000000000000;0.324692786580729000000000000000;0.000000009999999755800010000000;0.000000009999999755800010000000;0.000000009999999772800000000000;0.432697492084785000000000000000;0.349119064382515000000000000000;0.392346869087237000000000000000;0.250599256704591000000000000000;0.000000009484873297408620000000;0.278300862603718000000000000000;0.335745994274171000000000000000;0.402428945417331000000000000000
09/04/2020;0.000000009999999755800010000000;0.000000009999999755800010000000;0.000000009999999772800000000000;0.293559544440028000000000000000;0.237826768647752000000000000000;0.266138663693358000000000000000;0.000000009999999755800010000000;0.000000009999999755800010000000;0.000000009999999772800000000000;0.357407443160174000000000000000;0.288960258099513000000000000000;0.324692786580729000000000000000;0.000000009999999755800010000000;0.000000009999999755800010000000;0.000000009999999772800000000000;0.432697492084785000000000000000;0.349119064382515000000000000000;0.392346869087237000000000000000;0.250599256704591000000000000000;0.000000009484873297408620000000;0.278300862603718000000000000000;0.335745994274171000000000000000;0.402428945417331000000000000000
10/04/2020;0.000000009999999755800010000000;0.000000009999999755800010000000;0.000000009999999772800000000000;0.293559544440028000000000000000;0.237826768647752000000000000000;0.266138663693358000000000000000;0.000000009999999755800010000000;0.000000009999999755800010000000;0.000000009999999772800000000000;0.357407443160174000000000000000;0.288960258099513000000000000000;0.324692786580729000000000000000;0.000000009999999755800010000000;0.000000009999999755800010000000;0.000000009999999772800000000000;0.432697492084785000000000000000;0.349119064382515000000000000000;0.392346869087237000000000000000;0.250599256704591000000000000000;0.000000009484873297408620000000;0.278300862603718000000000000000;0.335745994274171000000000000000;0.402428945417331000000000000000
11/04/2020;0.000000009999999755800010000000;0.000000009999999755800010000000;0.000000009999999772800000000000;0.293559544440028000000000000000;0.237826768647752000000000000000;0.266138663693358000000000000000;0.000000009999999755800010000000;0.000000009999999755800010000000;0.000000009999999772800000000000;0.357407443160174000000000000000;0.288960258099513000000000000000;0.324692786580729000000000000000;0.000000009999999755800010000000;0.000000009999999755800010000000;0.000000009999999772800000000000;0.000000009959999802688420000000;0.000000009999999817600000000000;0.000000009998535497462950000000;0.250599256704591000000000000000;0.000000009484873297408620000000;0.278300862603718000000000000000;0.335745994274171000000000000000;0.000000010007493055814100000000
12/04/2020;0.000000009999999755800010000000;0.000000009999999755800010000000;0.000000009999999772800000000000;0.293559544440028000000000000000;0.237826768647752000000000000000;0.266138663693358000000000000000;0.000000009999999755800010000000;0.000000009999999755800010000000;0.000000009999999772800000000000;0.000000009959999802688420000000;0.000000009999999817600000000000;0.000000009998535497462950000000;0.000000009999999755800010000000;0.000000009999999755800010000000;0.000000009999999772800000000000;0.000000009959999802688420000000;0.000000009999999817600000000000;0.000000009998535497462950000000;0.250599256704591000000000000000;0.000000009484873297408620000000;0.278300862603718000000000000000;0.000000010007493055814100000000;0.000000010007493055814100000000
13/04/2020;0.000000009999999755800010000000;0.000000009999999755800010000000;0.000000009999999772800000000000;0.293559544440028000000000000000;0.237826768647752000000000000000;0.266138663693358000000000000000;0.000000009999999755800010000000;0.000000009999999755800010000000;0.000000009999999772800000000000;0.000000009959999802688420000000;0.000000009999999817600000000000;0.000000009998535497462950000000;0.000000009999999755800010000000;0.000000009999999755800010000000;0.000000009999999772800000000000;0.000000009959999802688420000000;0.000000009999999817600000000000;0.000000009998535497462950000000;0.250599256704591000000000000000;0.000000009484873297408620000000;0.278300862603718000000000000000;0.000000010007493055814100000000;0.000000010007493055814100000000
14/04/2020;0.000000009999999755800010000000;0.000000009999999755800010000000;0.000000009999999772800000000000;0.000000009959999802688420000000;0.000000009999999817600000000000;0.265737849347624000000000000000;0.000000009999999755800010000000;0.000000009999999755800010000000;0.000000009999999772800000000000;0.000000009959999802688420000000;0.000000009999999817600000000000;0.324203787631790000000000000000;0.000000009999999755800010000000;0.000000009999999755800010000000;0.000000009999999772800000000000;0.000000009959999802688420000000;0.000000009999999817600000000000;0.391755980670456000000000000000;0.250599256704591000000000000000;0.000000009484873297408620000000;0.278300862603718000000000000000;0.335745994274171000000000000000;0.402428945417331000000000000000
15/04/2020;0.000000009999999755800010000000;0.000000009999999755800010000000;0.000000009999999772800000000000;0.000000009959999802688420000000;0.000000009999999817600000000000;0.265737849347624000000000000000;0.000000009999999755800010000000;0.000000009999999755800010000000;0.000000009999999772800000000000;0.000000009959999802688420000000;0.000000009999999817600000000000;0.324203787631790000000000000000;0.000000009999999755800010000000;0.000000009999999755800010000000;0.000000009999999772800000000000;0.000000009959999802688420000000;0.000000009999999817600000000000;0.391755980670456000000000000000;0.250599256704591000000000000000;0.000000009484873297408620000000;0.278300862603718000000000000000;0.335745994274171000000000000000;0.402428945417331000000000000000
16/04/2020;0.000000009999999755800010000000;0.000000009999999755800010000000;0.000000009999999772800000000000;0.000000009959999802688420000000;0.000000009999999817600000000000;0.265737849347624000000000000000;0.000000009999999755800010000000;0.000000009999999755800010000000;0.000000009999999772800000000000;0.000000009959999802688420000000;0.000000009999999817600000000000;0.324203787631790000000000000000;0.000000009999999755800010000000;0.000000009999999755800010000000;0.000000009999999772800000000000;0.000000009959999802688420000000;0.000000009999999817600000000000;0.391755980670456000000000000000;0.250599256704591000000000000000;0.000000009484873297408620000000;0.278300862603718000000000000000;0.335745994274171000000000000000;0.402428945417331000000000000000
17/04/2020;0.000000009999999755800010000000;0.000000009999999755800010000000;0.000000009999999772800000000000;0.000000009959999802688420000000;0.000000009999999817600000000000;0.265737849347624000000000000000;0.000000009999999755800010000000;0.000000009999999755800010000000;0.000000009999999772800000000000;0.000000009959999802688420000000;0.000000009999999817600000000000;0.324203787631790000000000000000;0.000000009999999755800010000000;0.000000009999999755800010000000;0.000000009999999772800000000000;0.000000009959999802688420000000;0.000000009999999817600000000000;0.391755980670456000000000000000;0.250599256704591000000000000000;0.000000009484873297408620000000;0.278300862603718000000000000000;0.335745994274171000000000000000;0.402428945417331000000000000000
18/04/2020;0.000000009999999755800010000000;0.000000009999999755800010000000;0.000000009999999772800000000000;0.000000009959999802688420000000;0.000000009999999817600000000000;0.265737849347624000000000000000;0.000000009999999755800010000000;0.000000009999999755800010000000;0.000000009999999772800000000000;0.000000009959999802688420000000;0.000000009999999817600000000000;0.324203787631790000000000000000;0.000000009999999755800010000000;0.000000009999999755800010000000;0.000000009999999772800000000000;0.000000009959999802688420000000;0.000000009999999817600000000000;0.000000009998535497462950000000;0.250599256704591000000000000000;0.000000009484873297408620000000;0.278300862603718000000000000000;0.335745994274171000000000000000;0.000000010007493055814100000000
19/04/2020;0.000000009999999755800010000000;0.000000009999999755800010000000;0.000000009999999772800000000000;0.000000009959999802688420000000;0.000000009999999817600000000000;0.265737849347624000000000000000;0.000000009999999755800010000000;0.000000009999999755800010000000;0.000000009999999772800000000000;0.000000009959999802688420000000;0.000000009999999817600000000000;0.000000009998535497462950000000;0.000000009999999755800010000000;0.000000009999999755800010000000;0.000000009999999772800000000000;0.000000009959999802688420000000;0.000000009999999817600000000000;0.000000009998535497462950000000;0.250599256704591000000000000000;0.000000009484873297408620000000;0.278300862603718000000000000000;0.000000010007493055814100000000;0.000000010007493055814100000000
20/04/2020;0.000000009999999755800010000000;0.000000009999999755800010000000;0.000000009999999772800000000000;0.000000009959999802688420000000;0.000000009999999817600000000000;0.265737849347624000000000000000;0.000000009999999755800010000000;0.000000009999999755800010000000;0.000000009999999772800000000000;0.000000009959999802688420000000;0.000000009999999817600000000000;0.324203787631790000000000000000;0.000000009999999755800010000000;0.000000009999999755800010000000;0.000000009999999772800000000000;0.000000009959999802688420000000;0.000000009999999817600000000000;0.391755980670456000000000000000;0.250599256704591000000000000000;0.000000009484873297408620000000;0.278300862603718000000000000000;0.335745994274171000000000000000;0.402428945417331000000000000000
21/04/2020;0.000000009999999755800010000000;0.000000009999999755800010000000;0.000000009999999772800000000000;0.000000009959999802688420000000;0.000000009999999817600000000000;0.265737849347624000000000000000;0.000000009999999755800010000000;0.000000009999999755800010000000;0.000000009999999772800000000000;0.000000009959999802688420000000;0.000000009999999817600000000000;0.324203787631790000000000000000;0.000000009999999755800010000000;0.000000009999999755800010000000;0.000000009999999772800000000000;0.000000009959999802688420000000;0.000000009999999817600000000000;0.391755980670456000000000000000;0.250599256704591000000000000000;0.000000009484873297408620000000;0.278300862603718000000000000000;0.335745994274171000000000000000;0.402428945417331000000000000000
22/04/2020;0.000000009999999755800010000000;0.000000009999999755800010000000;0.000000009999999772800000000000;0.000000009959999802688420000000;0.000000009999999817600000000000;0.139883125678672000000000000000;0.000000009999999755800010000000;0.000000009999999755800010000000;0.000000009999999772800000000000;0.000000009959999802688420000000;0.000000009999999817600000000000;0.170659314366144000000000000000;0.000000009999999755800010000000;0.000000009999999755800010000000;0.000000009999999772800000000000;0.000000009959999802688420000000;0.000000009999999817600000000000;0.206218463850854000000000000000;0.250599256704591000000000000000;0.000000009484873297408620000000;0.278300862603718000000000000000;0.335745994274171000000000000000;0.402428945417331000000000000000
23/04/2020;0.000000009999999755800010000000;0.000000009999999755800010000000;0.000000009999999772800000000000;0.000000009959999802688420000000;0.000000009999999817600000000000;0.139883125678672000000000000000;0.000000009999999755800010000000;0.000000009999999755800010000000;0.000000009999999772800000000000;0.000000009959999802688420000000;0.000000009999999817600000000000;0.170659314366144000000000000000;0.000000009999999755800010000000;0.000000009999999755800010000000;0.000000009999999772800000000000;0.000000009959999802688420000000;0.000000009999999817600000000000;0.206218463850854000000000000000;0.250599256704591000000000000000;0.000000009484873297408620000000;0.278300862603718000000000000000;0.335745994274171000000000000000;0.402428945417331000000000000000
24/04/2020;0.000000009999999755800010000000;0.000000009999999755800010000000;0.000000009999999772800000000000;0.000000009959999802688420000000;0.000000009999999817600000000000;0.139883125678672000000000000000;0.000000009999999755800010000000;0.000000009999999755800010000000;0.000000009999999772800000000000;0.000000009959999802688420000000;0.000000009999999817600000000000;0.170659314366144000000000000000;0.000000009999999755800010000000;0.000000009999999755800010000000;0.000000009999999772800000000000;0.000000009959999802688420000000;0.000000009999999817600000000000;0.206218463850854000000000000000;0.250599256704591000000000000000;0.000000009484873297408620000000;0.278300862603718000000000000000;0.335745994274171000000000000000;0.402428945417331000000000000000
25/04/2020;0.000000009999999755800010000000;0.000000009999999755800010000000;0.000000009999999772800000000000;0.000000009959999802688420000000;0.000000009999999817600000000000;0.139883125678672000000000000000;0.000000009999999755800010000000;0.000000009999999755800010000000;0.000000009999999772800000000000;0.000000009959999802688420000000;0.000000009999999817600000000000;0.000000009998535497462950000000;0.000000009999999755800010000000;0.000000009999999755800010000000;0.000000009999999772800000000000;0.000000009959999802688420000000;0.000000009999999817600000000000;0.000000009998535497462950000000;0.250599256704591000000000000000;0.000000009484873297408620000000;0.278300862603718000000000000000;0.000000010007493055814100000000;0.000000010007493055814100000000
26/04/2020;0.000000009999999755800010000000;0.000000009999999755800010000000;0.000000009999999772800000000000;0.000000009959999802688420000000;0.000000009999999817600000000000;0.139883125678672000000000000000;0.000000009999999755800010000000;0.000000009999999755800010000000;0.000000009999999772800000000000;0.000000009959999802688420000000;0.000000009999999817600000000000;0.000000009998535497462950000000;0.000000009999999755800010000000;0.000000009999999755800010000000;0.000000009999999772800000000000;0.000000009959999802688420000000;0.000000009999999817600000000000;0.000000009998535497462950000000;0.250599256704591000000000000000;0.000000009484873297408620000000;0.278300862603718000000000000000;0.000000010007493055814100000000;0.000000010007493055814100000000
27/04/2020;0.000000009999999755800010000000;0.000000009999999755800010000000;0.000000009999999772800000000000;0.000000009959999802688420000000;0.000000009999999817600000000000;0.139883125678672000000000000000;0.000000009999999755800010000000;0.000000009999999755800010000000;0.000000009999999772800000000000;0.000000009959999802688420000000;0.000000009999999817600000000000;0.170659314366144000000000000000;0.000000009999999755800010000000;0.000000009999999755800010000000;0.000000009999999772800000000000;0.000000009959999802688420000000;0.000000009999999817600000000000;0.206218463850854000000000000000;0.250599256704591000000000000000;0.000000009484873297408620000000;0.278300862603718000000000000000;0.335745994274171000000000000000;0.402428945417331000000000000000
28/04/2020;0.000000009999999755800010000000;0.000000009999999755800010000000;0.000000009999999772800000000000;0.000000009959999802688420000000;0.000000009999999817600000000000;0.139883125678672000000000000000;0.000000009999999755800010000000;0.000000009999999755800010000000;0.000000009999999772800000000000;0.000000009959999802688420000000;0.000000009999999817600000000000;0.170659314366144000000000000000;0.000000009999999755800010000000;0.000000009999999755800010000000;0.000000009999999772800000000000;0.000000009959999802688420000000;0.000000009999999817600000000000;0.206218463850854000000000000000;0.250599256704591000000000000000;0.000000009484873297408620000000;0.278300862603718000000000000000;0.335745994274171000000000000000;0.402428945417331000000000000000
29/04/2020;0.000000009999999755800010000000;0.000000009999999755800010000000;0.000000009999999772800000000000;0.000000009959999802688420000000;0.000000009999999817600000000000;0.139883125678672000000000000000;0.000000009999999755800010000000;0.000000009999999755800010000000;0.000000009999999772800000000000;0.000000009959999802688420000000;0.000000009999999817600000000000;0.170659314366144000000000000000;0.000000009999999755800010000000;0.000000009999999755800010000000;0.000000009999999772800000000000;0.000000009959999802688420000000;0.000000009999999817600000000000;0.206218463850854000000000000000;0.250599256704591000000000000000;0.000000009484873297408620000000;0.278300862603718000000000000000;0.335745994274171000000000000000;0.402428945417331000000000000000
30/04/2020;0.000000009999999755800010000000;0.000000009999999755800010000000;0.000000009999999772800000000000;0.000000009959999802688420000000;0.000000009999999817600000000000;0.139883125678672000000000000000;0.000000009999999755800010000000;0.000000009999999755800010000000;0.000000009999999772800000000000;0.000000009959999802688420000000;0.000000009999999817600000000000;0.170659314366144000000000000000;0.000000009999999755800010000000;0.000000009999999755800010000000;0.000000009999999772800000000000;0.000000009959999802688420000000;0.000000009999999817600000000000;0.206218463850854000000000000000;0.207205920919449000000000000000;0.000000009484873297408620000000;0.278300862603718000000000000000;0.335745994274171000000000000000;0.402428945417331000000000000000
01/05/2020;0.000000009999999755800010000000;0.000000009999999755800010000000;0.000000009999999772800000000000;0.000000009959999802688420000000;0.000000009999999817600000000000;0.094190640583396200000000000000;0.000000009999999755800010000000;0.000000009999999755800010000000;0.000000009999999772800000000000;0.000000009959999802688420000000;0.000000009999999817600000000000;0.000000009998535497462950000000;0.000000009999999755800010000000;0.000000009999999755800010000000;0.000000009999999772800000000000;0.000000009959999802688420000000;0.000000009999999817600000000000;0.000000009998535497462950000000;0.207205920919449000000000000000;0.000000009484873297408620000000;0.241322792455505000000000000000;0.000000010007493055814100000000;0.000000010007493055814100000000
02/05/2020;0.000000009999999755800010000000;0.000000009999999755800010000000;0.000000009999999772800000000000;0.000000009959999802688420000000;0.000000009999999817600000000000;0.094190640583396200000000000000;0.000000009999999755800010000000;0.000000009999999755800010000000;0.000000009999999772800000000000;0.000000009959999802688420000000;0.000000009999999817600000000000;0.114913861580383000000000000000;0.000000009999999755800010000000;0.000000009999999755800010000000;0.000000009999999772800000000000;0.000000009959999802688420000000;0.000000009999999817600000000000;0.000000009998535497462950000000;0.207205920919449000000000000000;0.000000009484873297408620000000;0.241322792455505000000000000000;0.291135141069845000000000000000;0.000000010007493055814100000000
03/05/2020;0.000000009999999755800010000000;0.000000009999999755800010000000;0.000000009999999772800000000000;0.000000009959999802688420000000;0.000000009999999817600000000000;0.094190640583396200000000000000;0.000000009999999755800010000000;0.000000009999999755800010000000;0.000000009999999772800000000000;0.000000009959999802688420000000;0.000000009999999817600000000000;0.000000009998535497462950000000;0.000000009999999755800010000000;0.000000009999999755800010000000;0.000000009999999772800000000000;0.000000009959999802688420000000;0.000000009999999817600000000000;0.000000009998535497462950000000;0.207205920919449000000000000000;0.000000009484873297408620000000;0.241322792455505000000000000000;0.000000010007493055814100000000;0.000000010007493055814100000000
04/05/2020;0.000000009999999755800010000000;0.000000009999999755800010000000;0.000000009999999772800000000000;0.000000009959999802688420000000;0.000000009999999817600000000000;0.094190640583396200000000000000;0.000000009999999755800010000000;0.000000009999999755800010000000;0.000000009999999772800000000000;0.000000009959999802688420000000;0.000000009999999817600000000000;0.114913861580383000000000000000;0.000000009999999755800010000000;0.000000009999999755800010000000;0.000000009999999772800000000000;0.000000009959999802688420000000;0.000000009999999817600000000000;0.138857700784116000000000000000;0.207205920919449000000000000000;0.000000009484873297408620000000;0.241322792455505000000000000000;0.291135141069845000000000000000;0.348957872298513000000000000000
05/05/2020;0.000000009999999755800010000000;0.000000009999999755800010000000;0.000000009999999772800000000000;0.000000009959999802688420000000;0.000000009999999817600000000000;0.094190640583396200000000000000;0.000000009999999755800010000000;0.000000009999999755800010000000;0.000000009999999772800000000000;0.000000009959999802688420000000;0.000000009999999817600000000000;0.114913861580383000000000000000;0.000000009999999755800010000000;0.000000009999999755800010000000;0.000000009999999772800000000000;0.000000009959999802688420000000;0.000000009999999817600000000000;0.138857700784116000000000000000;0.207205920919449000000000000000;0.000000009484873297408620000000;0.241322792455505000000000000000;0.291135141069845000000000000000;0.348957872298513000000000000000
06/05/2020;0.000000009999999755800010000000;0.000000009999999755800010000000;0.000000009999999772800000000000;0.000000009959999802688420000000;0.000000009999999817600000000000;0.094190640583396200000000000000;0.000000009999999755800010000000;0.000000009999999755800010000000;0.000000009999999772800000000000;0.000000009959999802688420000000;0.000000009999999817600000000000;0.114913861580383000000000000000;0.000000009999999755800010000000;0.000000009999999755800010000000;0.000000009999999772800000000000;0.000000009959999802688420000000;0.000000009999999817600000000000;0.138857700784116000000000000000;0.207205920919449000000000000000;0.000000009484873297408620000000;0.241322792455505000000000000000;0.291135141069845000000000000000;0.348957872298513000000000000000
07/05/2020;0.000000009999999755800010000000;0.000000009999999755800010000000;0.000000009999999772800000000000;0.000000009959999802688420000000;0.000000009999999817600000000000;0.094190640583396200000000000000;0.000000009999999755800010000000;0.000000009999999755800010000000;0.000000009999999772800000000000;0.000000009959999802688420000000;0.000000009999999817600000000000;0.114913861580383000000000000000;0.000000009999999755800010000000;0.000000009999999755800010000000;0.000000009999999772800000000000;0.000000009959999802688420000000;0.000000009999999817600000000000;0.138857700784116000000000000000;0.207205920919449000000000000000;0.000000009484873297408620000000;0.241322792455505000000000000000;0.291135141069845000000000000000;0.348957872298513000000000000000
08/05/2020;0.000000009999999755800010000000;0.000000009999999755800010000000;0.000000009999999772800000000000;0.000000009959999802688420000000;0.000000009999999817600000000000;0.075352516470356300000000000000;0.000000009999999755800010000000;0.000000009999999755800010000000;0.000000009999999772800000000000;0.000000009959999802688420000000;0.000000009999999817600000000000;0.091931094148801200000000000000;0.000000009999999755800010000000;0.000000009999999755800010000000;0.000000009999999772800000000000;0.000000009959999802688420000000;0.000000009999999817600000000000;0.111086166529537000000000000000;0.207205920919449000000000000000;0.000000009484873297408620000000;0.241322792455505000000000000000;0.291135141069845000000000000000;0.348957872298513000000000000000
09/05/2020;0.000000009999999755800010000000;0.000000009999999755800010000000;0.000000009999999772800000000000;0.000000009959999802688420000000;0.000000009999999817600000000000;0.075352516470356300000000000000;0.000000009999999755800010000000;0.000000009999999755800010000000;0.000000009999999772800000000000;0.000000009959999802688420000000;0.000000009999999817600000000000;0.091931094148801200000000000000;0.000000009999999755800010000000;0.000000009999999755800010000000;0.000000009999999772800000000000;0.000000009959999802688420000000;0.000000009999999817600000000000;0.000000009998535497462950000000;0.207205920919449000000000000000;0.000000009484873297408620000000;0.241322792455505000000000000000;0.291135141069845000000000000000;0.000000010007493055814100000000
10/05/2020;0.000000009999999755800010000000;0.000000009999999755800010000000;0.000000009999999772800000000000;0.000000009959999802688420000000;0.000000009999999817600000000000;0.075352516470356300000000000000;0.000000009999999755800010000000;0.000000009999999755800010000000;0.000000009999999772800000000000;0.000000009959999802688420000000;0.000000009999999817600000000000;0.000000009998535497462950000000;0.000000009999999755800010000000;0.000000009999999755800010000000;0.000000009999999772800000000000;0.000000009959999802688420000000;0.000000009999999817600000000000;0.000000009998535497462950000000;0.207205920919449000000000000000;0.000000009484873297408620000000;0.241322792455505000000000000000;0.000000010007493055814100000000;0.000000010007493055814100000000
11/05/2020;0.000000009999999755800010000000;0.000000009999999755800010000000;0.000000009999999772800000000000;0.000000009959999802688420000000;0.000000009999999817600000000000;0.075352516470356300000000000000;0.000000009999999755800010000000;0.000000009999999755800010000000;0.000000009999999772800000000000;0.000000009959999802688420000000;0.000000009999999817600000000000;0.091931094148801200000000000000;0.000000009999999755800010000000;0.000000009999999755800010000000;0.000000009999999772800000000000;0.000000009959999802688420000000;0.000000009999999817600000000000;0.111086166529537000000000000000;0.207205920919449000000000000000;0.000000009484873297408620000000;0.241322792455505000000000000000;0.291135141069845000000000000000;0.348957872298513000000000000000
12/05/2020;0.000000009999999755800010000000;0.000000009999999755800010000000;0.000000009999999772800000000000;0.000000009959999802688420000000;0.000000009999999817600000000000;0.075352516470356300000000000000;0.000000009999999755800010000000;0.000000009999999755800010000000;0.000000009999999772800000000000;0.000000009959999802688420000000;0.000000009999999817600000000000;0.091931094148801200000000000000;0.000000009999999755800010000000;0.000000009999999755800010000000;0.000000009999999772800000000000;0.000000009959999802688420000000;0.000000009999999817600000000000;0.111086166529537000000000000000;0.207205920919449000000000000000;0.000000009484873297408620000000;0.241322792455505000000000000000;0.291135141069845000000000000000;0.348957872298513000000000000000
13/05/2020;0.000000009999999755800010000000;0.000000009999999755800010000000;0.000000009999999772800000000000;0.000000009959999802688420000000;0.000000009999999817600000000000;0.075352516470356300000000000000;0.000000009999999755800010000000;0.000000009999999755800010000000;0.000000009999999772800000000000;0.000000009959999802688420000000;0.000000009999999817600000000000;0.091931094148801200000000000000;0.000000009999999755800010000000;0.000000009999999755800010000000;0.000000009999999772800000000000;0.000000009959999802688420000000;0.000000009999999817600000000000;0.111086166529537000000000000000;0.207205920919449000000000000000;0.000000009484873297408620000000;0.241322792455505000000000000000;0.291135141069845000000000000000;0.348957872298513000000000000000
14/05/2020;0.000000009999999755800010000000;0.000000009999999755800010000000;0.000000009999999772800000000000;0.000000009959999802688420000000;0.000000009999999817600000000000;0.075352516470356300000000000000;0.000000009999999755800010000000;0.000000009999999755800010000000;0.000000009999999772800000000000;0.000000009959999802688420000000;0.000000009999999817600000000000;0.091931094148801200000000000000;0.000000009999999755800010000000;0.000000009999999755800010000000;0.000000009999999772800000000000;0.000000009959999802688420000000;0.000000009999999817600000000000;0.111086166529537000000000000000;0.207205920919449000000000000000;0.000000009484873297408620000000;0.241322792455505000000000000000;0.291135141069845000000000000000;0.348957872298513000000000000000
15/05/2020;0.000000009999999755800010000000;0.000000009999999755800010000000;0.000000009999999772800000000000;0.000000009959999802688420000000;0.000000009999999817600000000000;0.075352516470356300000000000000;0.000000009999999755800010000000;0.000000009999999755800010000000;0.000000009999999772800000000000;0.000000009959999802688420000000;0.000000009999999817600000000000;0.000000009998535497462950000000;0.000000009999999755800010000000;0.000000009999999755800010000000;0.000000009999999772800000000000;0.000000009959999802688420000000;0.000000009999999817600000000000;0.000000009998535497462950000000;0.207205920919449000000000000000;0.000000009484873297408620000000;0.241322792455505000000000000000;0.291135141069845000000000000000;0.348957872298513000000000000000
16/05/2020;0.000000009999999755800010000000;0.000000009999999755800010000000;0.000000009999999772800000000000;0.000000009959999802688420000000;0.000000009999999817600000000000;0.075352516470356300000000000000;0.000000009999999755800010000000;0.000000009999999755800010000000;0.000000009999999772800000000000;0.000000009959999802688420000000;0.000000009999999817600000000000;0.091931094148801200000000000000;0.000000009999999755800010000000;0.000000009999999755800010000000;0.000000009999999772800000000000;0.000000009959999802688420000000;0.000000009999999817600000000000;0.000000009998535497462950000000;0.207205920919449000000000000000;0.000000009484873297408620000000;0.241322792455505000000000000000;0.291135141069845000000000000000;0.000000010007493055814100000000
17/05/2020;0.000000009999999755800010000000;0.000000009999999755800010000000;0.000000009999999772800000000000;0.000000009959999802688420000000;0.000000009999999817600000000000;0.075352516470356300000000000000;0.000000009999999755800010000000;0.000000009999999755800010000000;0.000000009999999772800000000000;0.000000009959999802688420000000;0.000000009999999817600000000000;0.000000009998535497462950000000;0.000000009999999755800010000000;0.000000009999999755800010000000;0.000000009999999772800000000000;0.000000009959999802688420000000;0.000000009999999817600000000000;0.000000009998535497462950000000;0.207205920919449000000000000000;0.000000009484873297408620000000;0.241322792455505000000000000000;0.000000010007493055814100000000;0.000000010007493055814100000000
18/05/2020;0.000000009999999755800010000000;0.000000009999999755800010000000;0.000000009999999772800000000000;0.000000009959999802688420000000;0.000000009999999817600000000000;0.056113578011582100000000000000;0.000000009999999755800010000000;0.000000009999999755800010000000;0.000000009999999772800000000000;0.000000009959999802688420000000;0.000000009999999817600000000000;0.068459327768280100000000000000;0.000000009999999755800010000000;0.000000009999999755800010000000;0.000000009999999772800000000000;0.000000009959999802688420000000;0.000000009999999817600000000000;0.082723743858176200000000000000;0.207205920919449000000000000000;0.000000009484873297408620000000;0.241322792455505000000000000000;0.291135141069845000000000000000;0.348957872298513000000000000000
19/05/2020;0.000000009999999755800010000000;0.000000009999999755800010000000;0.000000009999999772800000000000;0.000000009959999802688420000000;0.000000009999999817600000000000;0.056113578011582100000000000000;0.000000009999999755800010000000;0.000000009999999755800010000000;0.000000009999999772800000000000;0.000000009959999802688420000000;0.000000009999999817600000000000;0.068459327768280100000000000000;0.000000009999999755800010000000;0.000000009999999755800010000000;0.000000009999999772800000000000;0.000000009959999802688420000000;0.000000009999999817600000000000;0.082723743858176200000000000000;0.207205920919449000000000000000;0.000000009484873297408620000000;0.241322792455505000000000000000;0.291135141069845000000000000000;0.348957872298513000000000000000
20/05/2020;0.000000009999999755800010000000;0.000000009999999755800010000000;0.000000009999999772800000000000;0.000000009959999802688420000000;0.000000009999999817600000000000;0.056113578011582100000000000000;0.000000009999999755800010000000;0.000000009999999755800010000000;0.000000009999999772800000000000;0.000000009959999802688420000000;0.000000009999999817600000000000;0.068459327768280100000000000000;0.000000009999999755800010000000;0.000000009999999755800010000000;0.000000009999999772800000000000;0.000000009959999802688420000000;0.000000009999999817600000000000;0.082723743858176200000000000000;0.207205920919449000000000000000;0.000000009484873297408620000000;0.241322792455505000000000000000;0.291135141069845000000000000000;0.348957872298513000000000000000
21/05/2020;0.000000009999999755800010000000;0.000000009999999755800010000000;0.000000009999999772800000000000;0.000000009959999802688420000000;0.000000009999999817600000000000;0.056113578011582100000000000000;0.000000009999999755800010000000;0.000000009999999755800010000000;0.000000009999999772800000000000;0.000000009959999802688420000000;0.000000009999999817600000000000;0.068459327768280100000000000000;0.000000009999999755800010000000;0.000000009999999755800010000000;0.000000009999999772800000000000;0.000000009959999802688420000000;0.000000009999999817600000000000;0.082723743858176200000000000000;0.207205920919449000000000000000;0.000000009484873297408620000000;0.241322792455505000000000000000;0.291135141069845000000000000000;0.348957872298513000000000000000
22/05/2020;0.000000009999999755800010000000;0.000000009999999755800010000000;0.000000009999999772800000000000;0.000000009959999802688420000000;0.000000009999999817600000000000;0.056113578011582100000000000000;0.000000009999999755800010000000;0.000000009999999755800010000000;0.000000009999999772800000000000;0.000000009959999802688420000000;0.000000009999999817600000000000;0.068459327768280100000000000000;0.000000009999999755800010000000;0.000000009999999755800010000000;0.000000009999999772800000000000;0.000000009959999802688420000000;0.000000009999999817600000000000;0.082723743858176200000000000000;0.207205920919449000000000000000;0.000000009484873297408620000000;0.241322792455505000000000000000;0.291135141069845000000000000000;0.348957872298513000000000000000
23/05/2020;0.000000009999999755800010000000;0.000000009999999755800010000000;0.000000009999999772800000000000;0.000000009959999802688420000000;0.000000009999999817600000000000;0.056113578011582100000000000000;0.000000009999999755800010000000;0.000000009999999755800010000000;0.000000009999999772800000000000;0.000000009959999802688420000000;0.000000009999999817600000000000;0.068459327768280100000000000000;0.000000009999999755800010000000;0.000000009999999755800010000000;0.000000009999999772800000000000;0.000000009959999802688420000000;0.000000009999999817600000000000;0.000000009998535497462950000000;0.207205920919449000000000000000;0.000000009484873297408620000000;0.241322792455505000000000000000;0.291135141069845000000000000000;0.000000010007493055814100000000
24/05/2020;0.000000009999999755800010000000;0.000000009999999755800010000000;0.000000009999999772800000000000;0.000000009959999802688420000000;0.000000009999999817600000000000;0.056113578011582100000000000000;0.000000009999999755800010000000;0.000000009999999755800010000000;0.000000009999999772800000000000;0.000000009959999802688420000000;0.000000009999999817600000000000;0.000000009998535497462950000000;0.000000009999999755800010000000;0.000000009999999755800010000000;0.000000009999999772800000000000;0.000000009959999802688420000000;0.000000009999999817600000000000;0.000000009998535497462950000000;0.207205920919449000000000000000;0.000000009484873297408620000000;0.241322792455505000000000000000;0.000000010007493055814100000000;0.000000010007493055814100000000
25/05/2020;0.000000009999999755800010000000;0.000000009999999755800010000000;0.000000009999999772800000000000;0.000000009959999802688420000000;0.000000009999999817600000000000;0.051704650235799100000000000000;0.000000009999999755800010000000;0.000000009999999755800010000000;0.000000009999999772800000000000;0.000000009959999802688420000000;0.000000009999999817600000000000;0.063080375963661600000000000000;0.000000009999999755800010000000;0.000000009999999755800010000000;0.000000009999999772800000000000;0.000000009959999802688420000000;0.000000009999999817600000000000;0.076224015540409900000000000000;0.207205920919449000000000000000;0.000000009484873297408620000000;0.241322792455505000000000000000;0.291135141069845000000000000000;0.348957872298513000000000000000
26/05/2020;0.000000009999999755800010000000;0.000000009999999755800010000000;0.000000009999999772800000000000;0.000000009959999802688420000000;0.000000009999999817600000000000;0.051704650235799100000000000000;0.000000009999999755800010000000;0.000000009999999755800010000000;0.000000009999999772800000000000;0.000000009959999802688420000000;0.000000009999999817600000000000;0.063080375963661600000000000000;0.000000009999999755800010000000;0.000000009999999755800010000000;0.000000009999999772800000000000;0.000000009959999802688420000000;0.000000009999999817600000000000;0.076224015540409900000000000000;0.207205920919449000000000000000;0.000000009484873297408620000000;0.241322792455505000000000000000;0.291135141069845000000000000000;0.348957872298513000000000000000
27/05/2020;0.000000009999999755800010000000;0.000000009999999755800010000000;0.000000009999999772800000000000;0.000000009959999802688420000000;0.000000009999999817600000000000;0.051704650235799100000000000000;0.000000009999999755800010000000;0.000000009999999755800010000000;0.000000009999999772800000000000;0.000000009959999802688420000000;0.000000009999999817600000000000;0.063080375963661600000000000000;0.000000009999999755800010000000;0.000000009999999755800010000000;0.000000009999999772800000000000;0.000000009959999802688420000000;0.000000009999999817600000000000;0.076224015540409900000000000000;0.207205920919449000000000000000;0.000000009484873297408620000000;0.241322792455505000000000000000;0.291135141069845000000000000000;0.348957872298513000000000000000
28/05/2020;0.000000009999999755800010000000;0.000000009999999755800010000000;0.000000009999999772800000000000;0.000000009959999802688420000000;0.000000009999999817600000000000;0.051704650235799100000000000000;0.000000009999999755800010000000;0.000000009999999755800010000000;0.000000009999999772800000000000;0.000000009959999802688420000000;0.000000009999999817600000000000;0.063080375963661600000000000000;0.000000009999999755800010000000;0.000000009999999755800010000000;0.000000009999999772800000000000;0.000000009959999802688420000000;0.000000009999999817600000000000;0.076224015540409900000000000000;0.207205920919449000000000000000;0.000000009484873297408620000000;0.241322792455505000000000000000;0.291135141069845000000000000000;0.348957872298513000000000000000
29/05/2020;0.000000009999999755800010000000;0.000000009999999755800010000000;0.000000009999999772800000000000;0.000000009959999802688420000000;0.000000009999999817600000000000;0.051704650235799100000000000000;0.000000009999999755800010000000;0.000000009999999755800010000000;0.000000009999999772800000000000;0.000000009959999802688420000000;0.000000009999999817600000000000;0.063080375963661600000000000000;0.000000009999999755800010000000;0.000000009999999755800010000000;0.000000009999999772800000000000;0.000000009959999802688420000000;0.000000009999999817600000000000;0.076224015540409900000000000000;0.207205920919449000000000000000;0.000000009484873297408620000000;0.241322792455505000000000000000;0.291135141069845000000000000000;0.348957872298513000000000000000
30/05/2020;0.000000009999999755800010000000;0.000000009999999755800010000000;0.000000009999999772800000000000;0.000000009959999802688420000000;0.000000009999999817600000000000;0.051704650235799100000000000000;0.000000009999999755800010000000;0.000000009999999755800010000000;0.000000009999999772800000000000;0.000000009959999802688420000000;0.000000009999999817600000000000;0.063080375963661600000000000000;0.000000009999999755800010000000;0.000000009999999755800010000000;0.000000009999999772800000000000;0.000000009959999802688420000000;0.000000009999999817600000000000;0.000000009998535497462950000000;0.207205920919449000000000000000;0.000000009484873297408620000000;0.241322792455505000000000000000;0.291135141069845000000000000000;0.000000010007493055814100000000
31/05/2020;0.000000009999999755800010000000;0.000000009999999755800010000000;0.000000009999999772800000000000;0.000000009959999802688420000000;0.000000009999999817600000000000;0.051704650235799100000000000000;0.000000009999999755800010000000;0.000000009999999755800010000000;0.000000009999999772800000000000;0.000000009959999802688420000000;0.000000009999999817600000000000;0.000000009998535497462950000000;0.000000009999999755800010000000;0.000000009999999755800010000000;0.000000009999999772800000000000;0.000000009959999802688420000000;0.000000009999999817600000000000;0.000000009998535497462950000000;0.192509827933709000000000000000;0.772110884170161000000000000000;0.241322792455505000000000000000;0.000000010007493055814100000000;0.000000010007493055814100000000
01/06/2020;0.000000009999999755800010000000;0.000000009999999755800010000000;0.000000009999999772800000000000;0.000000009959999802688420000000;0.000000009999999817600000000000;0.024449484916927600000000000000;0.000000009999999755800010000000;0.000000009999999755800010000000;0.000000009999999772800000000000;0.000000009959999802688420000000;0.000000009999999817600000000000;0.029828703871781100000000000000;0.000000009999999755800010000000;0.000000009999999755800010000000;0.000000009999999772800000000000;0.000000009959999802688420000000;0.000000009999999817600000000000;0.036043913067079700000000000000;0.192509827933709000000000000000;0.772110884170161000000000000000;0.228577197161702000000000000000;0.275758679335239000000000000000;0.330527471383426000000000000000
02/06/2020;0.000000009999999755800010000000;0.000000009999999755800010000000;0.000000009999999772800000000000;0.000000009959999802688420000000;0.000000009999999817600000000000;0.024449484916927600000000000000;0.000000009999999755800010000000;0.000000009999999755800010000000;0.000000009999999772800000000000;0.000000009959999802688420000000;0.000000009999999817600000000000;0.000000009998535497462950000000;0.000000009999999755800010000000;0.000000009999999755800010000000;0.000000009999999772800000000000;0.000000009959999802688420000000;0.000000009999999817600000000000;0.000000009998535497462950000000;0.192509827933709000000000000000;0.772110884170161000000000000000;0.228577197161702000000000000000;0.000000010007493055814100000000;0.000000010007493055814100000000
03/06/2020;0.000000009999999755800010000000;0.000000009999999755800010000000;0.000000009999999772800000000000;0.000000009959999802688420000000;0.000000009999999817600000000000;0.024449484916927600000000000000;0.000000009999999755800010000000;0.000000009999999755800010000000;0.000000009999999772800000000000;0.000000009959999802688420000000;0.000000009999999817600000000000;0.029828703871781100000000000000;0.000000009999999755800010000000;0.000000009999999755800010000000;0.000000009999999772800000000000;0.000000009959999802688420000000;0.000000009999999817600000000000;0.036043913067079700000000000000;0.192509827933709000000000000000;0.772110884170161000000000000000;0.228577197161702000000000000000;0.275758679335239000000000000000;0.330527471383426000000000000000
04/06/2020;0.000000009999999755800010000000;0.000000009999999755800010000000;0.000000009999999772800000000000;0.000000009959999802688420000000;0.000000009999999817600000000000;0.024449484916927600000000000000;0.000000009999999755800010000000;0.000000009999999755800010000000;0.000000009999999772800000000000;0.000000009959999802688420000000;0.000000009999999817600000000000;0.029828703871781100000000000000;0.000000009999999755800010000000;0.000000009999999755800010000000;0.000000009999999772800000000000;0.000000009959999802688420000000;0.000000009999999817600000000000;0.036043913067079700000000000000;0.192509827933709000000000000000;0.772110884170161000000000000000;0.228577197161702000000000000000;0.275758679335239000000000000000;0.330527471383426000000000000000
05/06/2020;0.000000009999999755800010000000;0.000000009999999755800010000000;0.000000009999999772800000000000;0.000000009959999802688420000000;0.000000009999999817600000000000;0.024449484916927600000000000000;0.000000009999999755800010000000;0.000000009999999755800010000000;0.000000009999999772800000000000;0.000000009959999802688420000000;0.000000009999999817600000000000;0.029828703871781100000000000000;0.000000009999999755800010000000;0.000000009999999755800010000000;0.000000009999999772800000000000;0.000000009959999802688420000000;0.000000009999999817600000000000;0.036043913067079700000000000000;0.192509827933709000000000000000;0.772110884170161000000000000000;0.228577197161702000000000000000;0.275758679335239000000000000000;0.330527471383426000000000000000
06/06/2020;0.000000009999999755800010000000;0.000000009999999755800010000000;0.000000009999999772800000000000;0.000000009959999802688420000000;0.000000009999999817600000000000;0.024449484916927600000000000000;0.000000009999999755800010000000;0.000000009999999755800010000000;0.000000009999999772800000000000;0.000000009959999802688420000000;0.000000009999999817600000000000;0.029828703871781100000000000000;0.000000009999999755800010000000;0.000000009999999755800010000000;0.000000009999999772800000000000;0.000000009959999802688420000000;0.000000009999999817600000000000;0.000000009998535497462950000000;0.192509827933709000000000000000;0.772110884170161000000000000000;0.228577197161702000000000000000;0.275758679335239000000000000000;0.000000010007493055814100000000
07/06/2020;0.000000009999999755800010000000;0.000000009999999755800010000000;0.000000009999999772800000000000;0.000000009959999802688420000000;0.000000009999999817600000000000;0.024449484916927600000000000000;0.000000009999999755800010000000;0.000000009999999755800010000000;0.000000009999999772800000000000;0.000000009959999802688420000000;0.000000009999999817600000000000;0.000000009998535497462950000000;0.000000009999999755800010000000;0.000000009999999755800010000000;0.000000009999999772800000000000;0.000000009959999802688420000000;0.000000009999999817600000000000;0.000000009998535497462950000000;0.192509827933709000000000000000;0.772110884170161000000000000000;0.228577197161702000000000000000;0.000000010007493055814100000000;0.000000010007493055814100000000
08/06/2020;0.000000009999999755800010000000;0.000000009999999755800010000000;0.000000009999999772800000000000;0.000000009959999802688420000000;0.000000009999999817600000000000;0.014429206346355300000000000000;0.000000009999999755800010000000;0.000000009999999755800010000000;0.000000009999999772800000000000;0.000000009959999802688420000000;0.000000009999999817600000000000;0.017603827838199800000000000000;0.000000009999999755800010000000;0.000000009999999755800010000000;0.000000009999999772800000000000;0.000000009959999802688420000000;0.000000009999999817600000000000;0.021271820692423000000000000000;0.192509827933709000000000000000;0.772110884170161000000000000000;0.228577197161702000000000000000;0.275758679335239000000000000000;0.330527471383426000000000000000
09/06/2020;0.000000009999999755800010000000;0.000000009999999755800010000000;0.000000009999999772800000000000;0.000000009959999802688420000000;0.000000009999999817600000000000;0.014429206346355300000000000000;0.000000009999999755800010000000;0.000000009999999755800010000000;0.000000009999999772800000000000;0.000000009959999802688420000000;0.000000009999999817600000000000;0.017603827838199800000000000000;0.000000009999999755800010000000;0.000000009999999755800010000000;0.000000009999999772800000000000;0.000000009959999802688420000000;0.000000009999999817600000000000;0.021271820692423000000000000000;0.192509827933709000000000000000;0.772110884170161000000000000000;0.228577197161702000000000000000;0.275758679335239000000000000000;0.330527471383426000000000000000
10/06/2020;0.000000009999999755800010000000;0.000000009999999755800010000000;0.000000009999999772800000000000;0.000000009959999802688420000000;0.000000009999999817600000000000;0.014429206346355300000000000000;0.000000009999999755800010000000;0.000000009999999755800010000000;0.000000009999999772800000000000;0.000000009959999802688420000000;0.000000009999999817600000000000;0.017603827838199800000000000000;0.000000009999999755800010000000;0.000000009999999755800010000000;0.000000009999999772800000000000;0.000000009959999802688420000000;0.000000009999999817600000000000;0.021271820692423000000000000000;0.192509827933709000000000000000;0.772110884170161000000000000000;0.228577197161702000000000000000;0.275758679335239000000000000000;0.330527471383426000000000000000
11/06/2020;0.000000009999999755800010000000;0.000000009999999755800010000000;0.000000009999999772800000000000;0.000000009959999802688420000000;0.000000009999999817600000000000;0.014429206346355300000000000000;0.000000009999999755800010000000;0.000000009999999755800010000000;0.000000009999999772800000000000;0.000000009959999802688420000000;0.000000009999999817600000000000;0.017603827838199800000000000000;0.000000009999999755800010000000;0.000000009999999755800010000000;0.000000009999999772800000000000;0.000000009959999802688420000000;0.000000009999999817600000000000;0.021271820692423000000000000000;0.192509827933709000000000000000;0.772110884170161000000000000000;0.228577197161702000000000000000;0.275758679335239000000000000000;0.330527471383426000000000000000
12/06/2020;0.000000009999999755800010000000;0.000000009999999755800010000000;0.000000009999999772800000000000;0.000000009959999802688420000000;0.000000009999999817600000000000;0.014429206346355300000000000000;0.000000009999999755800010000000;0.000000009999999755800010000000;0.000000009999999772800000000000;0.000000009959999802688420000000;0.000000009999999817600000000000;0.017603827838199800000000000000;0.000000009999999755800010000000;0.000000009999999755800010000000;0.000000009999999772800000000000;0.000000009959999802688420000000;0.000000009999999817600000000000;0.021271820692423000000000000000;0.192509827933709000000000000000;0.772110884170161000000000000000;0.228577197161702000000000000000;0.275758679335239000000000000000;0.330527471383426000000000000000
13/06/2020;0.000000009999999755800010000000;0.000000009999999755800010000000;0.000000009999999772800000000000;0.000000009959999802688420000000;0.000000009999999817600000000000;0.014429206346355300000000000000;0.000000009999999755800010000000;0.000000009999999755800010000000;0.000000009999999772800000000000;0.000000009959999802688420000000;0.000000009999999817600000000000;0.017603827838199800000000000000;0.000000009999999755800010000000;0.000000009999999755800010000000;0.000000009999999772800000000000;0.000000009959999802688420000000;0.000000009999999817600000000000;0.000000009998535497462950000000;0.192509827933709000000000000000;0.772110884170161000000000000000;0.228577197161702000000000000000;0.275758679335239000000000000000;0.000000010007493055814100000000
14/06/2020;0.000000009999999755800010000000;0.000000009999999755800010000000;0.000000009999999772800000000000;0.000000009959999802688420000000;0.000000009999999817600000000000;0.014429206346355300000000000000;0.000000009999999755800010000000;0.000000009999999755800010000000;0.000000009999999772800000000000;0.000000009959999802688420000000;0.000000009999999817600000000000;0.000000009998535497462950000000;0.000000009999999755800010000000;0.000000009999999755800010000000;0.000000009999999772800000000000;0.000000009959999802688420000000;0.000000009999999817600000000000;0.000000009998535497462950000000;0.192509827933709000000000000000;0.772110884170161000000000000000;0.228577197161702000000000000000;0.000000010007493055814100000000;0.000000010007493055814100000000
15/06/2020;0.000000009999999755800010000000;0.000000009999999755800010000000;0.000000009999999772800000000000;0.000000009959999802688420000000;0.000000009999999817600000000000;0.000000010000000000139700000000;0.000000009999999755800010000000;0.000000009999999755800010000000;0.000000009999999772800000000000;0.000000009959999802688420000000;0.000000009999999817600000000000;0.000000010000000000139700000000;0.000000009999999755800010000000;0.000000009999999755800010000000;0.000000009999999772800000000000;0.000000009959999802688420000000;0.000000009999999817600000000000;0.000000010000000000139700000000;0.192509827933709000000000000000;0.772110884170161000000000000000;0.228577197161702000000000000000;0.275758679335239000000000000000;0.330527471383426000000000000000
16/06/2020;0.000000009999999755800010000000;0.000000009999999755800010000000;0.000000009999999772800000000000;0.000000009959999802688420000000;0.000000009999999817600000000000;0.000000010000000000139700000000;0.000000009999999755800010000000;0.000000009999999755800010000000;0.000000009999999772800000000000;0.000000009959999802688420000000;0.000000009999999817600000000000;0.000000010000000000139700000000;0.000000009999999755800010000000;0.000000009999999755800010000000;0.000000009999999772800000000000;0.000000009959999802688420000000;0.000000009999999817600000000000;0.000000010000000000139700000000;0.192509827933709000000000000000;0.772110884170161000000000000000;0.228577197161702000000000000000;0.275758679335239000000000000000;0.330527471383426000000000000000
17/06/2020;0.000000009999999755800010000000;0.000000009999999755800010000000;0.000000009999999772800000000000;0.000000009959999802688420000000;0.000000009999999817600000000000;0.000000010000000000139700000000;0.000000009999999755800010000000;0.000000009999999755800010000000;0.000000009999999772800000000000;0.000000009959999802688420000000;0.000000009999999817600000000000;0.000000010000000000139700000000;0.000000009999999755800010000000;0.000000009999999755800010000000;0.000000009999999772800000000000;0.000000009959999802688420000000;0.000000009999999817600000000000;0.000000010000000000139700000000;0.192509827933709000000000000000;0.772110884170161000000000000000;0.228577197161702000000000000000;0.275758679335239000000000000000;0.330527471383426000000000000000
18/06/2020;0.000000009999999755800010000000;0.000000009999999755800010000000;0.000000009999999772800000000000;0.000000009959999802688420000000;0.000000009999999817600000000000;0.000000010000000000139700000000;0.000000009999999755800010000000;0.000000009999999755800010000000;0.000000009999999772800000000000;0.000000009959999802688420000000;0.000000009999999817600000000000;0.000000010000000000139700000000;0.000000009999999755800010000000;0.000000009999999755800010000000;0.000000009999999772800000000000;0.000000009959999802688420000000;0.000000009999999817600000000000;0.000000010000000000139700000000;0.192509827933709000000000000000;0.772110884170161000000000000000;0.228577197161702000000000000000;0.275758679335239000000000000000;0.330527471383426000000000000000
19/06/2020;0.000000009999999755800010000000;0.000000009999999755800010000000;0.000000009999999772800000000000;0.000000009959999802688420000000;0.000000009999999817600000000000;0.000000010000000000139700000000;0.000000009999999755800010000000;0.000000009999999755800010000000;0.000000009999999772800000000000;0.000000009959999802688420000000;0.000000009999999817600000000000;0.000000010000000000139700000000;0.000000009999999755800010000000;0.000000009999999755800010000000;0.000000009999999772800000000000;0.000000009959999802688420000000;0.000000009999999817600000000000;0.000000010000000000139700000000;0.192509827933709000000000000000;0.772110884170161000000000000000;0.228577197161702000000000000000;0.275758679335239000000000000000;0.330527471383426000000000000000
20/06/2020;0.000000009999999755800010000000;0.000000009999999755800010000000;0.000000009999999772800000000000;0.000000009959999802688420000000;0.000000009999999817600000000000;0.000000010000000000139700000000;0.000000009999999755800010000000;0.000000009999999755800010000000;0.000000009999999772800000000000;0.000000009959999802688420000000;0.000000009999999817600000000000;0.000000010000000000139700000000;0.000000009999999755800010000000;0.000000009999999755800010000000;0.000000009999999772800000000000;0.000000009959999802688420000000;0.000000009999999817600000000000;0.000000010000000000139700000000;0.192509827933709000000000000000;0.772110884170161000000000000000;0.228577197161702000000000000000;0.275758679335239000000000000000;0.000000010007493055814100000000
21/06/2020;0.000000009999999755800010000000;0.000000009999999755800010000000;0.000000009999999772800000000000;0.000000009959999802688420000000;0.000000009999999817600000000000;0.000000010000000000139700000000;0.000000009999999755800010000000;0.000000009999999755800010000000;0.000000009999999772800000000000;0.000000009959999802688420000000;0.000000009999999817600000000000;0.000000010000000000139700000000;0.000000009999999755800010000000;0.000000009999999755800010000000;0.000000009999999772800000000000;0.000000009959999802688420000000;0.000000009999999817600000000000;0.000000010000000000139700000000;0.192509827933709000000000000000;0.772110884170161000000000000000;0.228577197161702000000000000000;0.000000010007493055814100000000;0.000000010007493055814100000000
22/06/2020;0.000000009999999755800010000000;0.000000009999999755800010000000;0.000000009999999772800000000000;0.000000009959999802688420000000;0.000000009999999817600000000000;0.000000010000000000139700000000;0.000000009999999755800010000000;0.000000009999999755800010000000;0.000000009999999772800000000000;0.000000009959999802688420000000;0.000000009999999817600000000000;0.000000010000000000139700000000;0.000000009999999755800010000000;0.000000009999999755800010000000;0.000000009999999772800000000000;0.000000009959999802688420000000;0.000000009999999817600000000000;0.000000010000000000139700000000;0.192509827933709000000000000000;0.772110884170161000000000000000;0.228577197161702000000000000000;0.275758679335239000000000000000;0.330527471383426000000000000000
23/06/2020;0.000000009999999755800010000000;0.000000009999999755800010000000;0.000000009999999772800000000000;0.000000009959999802688420000000;0.000000009999999817600000000000;0.000000010000000000139700000000;0.000000009999999755800010000000;0.000000009999999755800010000000;0.000000009999999772800000000000;0.000000009959999802688420000000;0.000000009999999817600000000000;0.000000010000000000139700000000;0.000000009999999755800010000000;0.000000009999999755800010000000;0.000000009999999772800000000000;0.000000009959999802688420000000;0.000000009999999817600000000000;0.000000010000000000139700000000;0.192509827933709000000000000000;0.772110884170161000000000000000;0.228577197161702000000000000000;0.275758679335239000000000000000;0.330527471383426000000000000000
24/06/2020;0.000000009999999755800010000000;0.000000009999999755800010000000;0.000000009999999772800000000000;0.000000009959999802688420000000;0.000000009999999817600000000000;0.000000010000000000139700000000;0.000000009999999755800010000000;0.000000009999999755800010000000;0.000000009999999772800000000000;0.000000009959999802688420000000;0.000000009999999817600000000000;0.000000010000000000139700000000;0.000000009999999755800010000000;0.000000009999999755800010000000;0.000000009999999772800000000000;0.000000009959999802688420000000;0.000000009999999817600000000000;0.000000010000000000139700000000;0.192509827933709000000000000000;0.772110884170161000000000000000;0.228577197161702000000000000000;0.275758679335239000000000000000;0.330527471383426000000000000000
25/06/2020;0.000000009999999755800010000000;0.000000009999999755800010000000;0.000000009999999772800000000000;0.000000009959999802688420000000;0.000000009999999817600000000000;0.000000010000000000139700000000;0.000000009999999755800010000000;0.000000009999999755800010000000;0.000000009999999772800000000000;0.000000009959999802688420000000;0.000000009999999817600000000000;0.000000010000000000139700000000;0.000000009999999755800010000000;0.000000009999999755800010000000;0.000000009999999772800000000000;0.000000009959999802688420000000;0.000000009999999817600000000000;0.000000010000000000139700000000;0.192509827933709000000000000000;0.772110884170161000000000000000;0.228577197161702000000000000000;0.275758679335239000000000000000;0.330527471383426000000000000000
26/06/2020;0.000000009999999755800010000000;0.000000009999999755800010000000;0.000000009999999772800000000000;0.000000009959999802688420000000;0.000000009999999817600000000000;0.000000010000000000139700000000;0.000000009999999755800010000000;0.000000009999999755800010000000;0.000000009999999772800000000000;0.000000009959999802688420000000;0.000000009999999817600000000000;0.000000010000000000139700000000;0.000000009999999755800010000000;0.000000009999999755800010000000;0.000000009999999772800000000000;0.000000009959999802688420000000;0.000000009999999817600000000000;0.000000010000000000139700000000;0.192509827933709000000000000000;0.772110884170161000000000000000;0.228577197161702000000000000000;0.275758679335239000000000000000;0.330527471383426000000000000000
27/06/2020;0.000000009999999755800010000000;0.000000009999999755800010000000;0.000000009999999772800000000000;0.000000009959999802688420000000;0.000000009999999817600000000000;0.000000010000000000139700000000;0.000000009999999755800010000000;0.000000009999999755800010000000;0.000000009999999772800000000000;0.000000009959999802688420000000;0.000000009999999817600000000000;0.000000010000000000139700000000;0.000000009999999755800010000000;0.000000009999999755800010000000;0.000000009999999772800000000000;0.000000009959999802688420000000;0.000000009999999817600000000000;0.000000010000000000139700000000;0.192509827933709000000000000000;0.772110884170161000000000000000;0.228577197161702000000000000000;0.275758679335239000000000000000;0.000000010007493055814100000000
28/06/2020;0.000000009999999755800010000000;0.000000009999999755800010000000;0.000000009999999772800000000000;0.000000009959999802688420000000;0.000000009999999817600000000000;0.000000010000000000139700000000;0.000000009999999755800010000000;0.000000009999999755800010000000;0.000000009999999772800000000000;0.000000009959999802688420000000;0.000000009999999817600000000000;0.000000010000000000139700000000;0.000000009999999755800010000000;0.000000009999999755800010000000;0.000000009999999772800000000000;0.000000009959999802688420000000;0.000000009999999817600000000000;0.000000010000000000139700000000;0.192509827933709000000000000000;0.772110884170161000000000000000;0.228577197161702000000000000000;0.000000010007493055814100000000;0.000000010007493055814100000000
29/06/2020;0.000000009999999755800010000000;0.000000009999999755800010000000;0.000000009999999772800000000000;0.000000009959999802688420000000;0.000000009999999817600000000000;0.000000010000000000139700000000;0.000000009999999755800010000000;0.000000009999999755800010000000;0.000000009999999772800000000000;0.000000009959999802688420000000;0.000000009999999817600000000000;0.000000010000000000139700000000;0.000000009999999755800010000000;0.000000009999999755800010000000;0.000000009999999772800000000000;0.000000009959999802688420000000;0.000000009999999817600000000000;0.000000010000000000139700000000;0.192509827933709000000000000000;0.772110884170161000000000000000;0.228577197161702000000000000000;0.275758679335239000000000000000;0.330527471383426000000000000000
30/06/2020;0.000000009999999755800010000000;0.000000009999999755800010000000;0.000000009999999772800000000000;0.000000009959999802688420000000;0.000000009999999817600000000000;0.000000010000000000139700000000;0.000000009999999755800010000000;0.000000009999999755800010000000;0.000000009999999772800000000000;0.000000009959999802688420000000;0.000000009999999817600000000000;0.000000010000000000139700000000;0.000000009999999755800010000000;0.000000009999999755800010000000;0.000000009999999772800000000000;0.000000009959999802688420000000;0.000000009999999817600000000000;0.000000010000000000139700000000;0.179693357173525000000000000000;0.772110884170161000000000000000;0.228577197161702000000000000000;0.275758679335239000000000000000;0.330527471383426000000000000000
01/07/2020;0.000000009999999755800010000000;0.000000009999999755800010000000;0.000000009999999772800000000000;0.000000009959999802688420000000;0.000000009999999817600000000000;0.000000010000000000139700000000;0.000000009999999755800010000000;0.000000009999999755800010000000;0.000000009999999772800000000000;0.000000009959999802688420000000;0.000000009999999817600000000000;0.000000010000000000139700000000;0.000000009999999755800010000000;0.000000009999999755800010000000;0.000000009999999772800000000000;0.000000009959999802688420000000;0.000000009999999817600000000000;0.000000010000000000139700000000;0.171040192761246000000000000000;0.853245705819292000000000000000;0.215898290513661000000000000000;0.260462671701523000000000000000;0.312193503663457000000000000000
02/07/2020;0.000000009999999755800010000000;0.000000009999999755800010000000;0.000000009999999772800000000000;0.000000009959999802688420000000;0.000000009999999817600000000000;0.000000010000000000139700000000;0.000000009999999755800010000000;0.000000009999999755800010000000;0.000000009999999772800000000000;0.000000009959999802688420000000;0.000000009999999817600000000000;0.000000010000000000139700000000;0.000000009999999755800010000000;0.000000009999999755800010000000;0.000000009999999772800000000000;0.000000009959999802688420000000;0.000000009999999817600000000000;0.000000010000000000139700000000;0.171040192761246000000000000000;0.853245705819292000000000000000;0.215898290513661000000000000000;0.260462671701523000000000000000;0.312193503663457000000000000000
03/07/2020;0.000000009999999755800010000000;0.000000009999999755800010000000;0.000000009999999772800000000000;0.000000009959999802688420000000;0.000000009999999817600000000000;0.000000010000000000139700000000;0.000000009999999755800010000000;0.000000009999999755800010000000;0.000000009999999772800000000000;0.000000009959999802688420000000;0.000000009999999817600000000000;0.000000010000000000139700000000;0.000000009999999755800010000000;0.000000009999999755800010000000;0.000000009999999772800000000000;0.000000009959999802688420000000;0.000000009999999817600000000000;0.000000010000000000139700000000;0.171040192761246000000000000000;0.853245705819292000000000000000;0.215898290513661000000000000000;0.260462671701523000000000000000;0.312193503663457000000000000000
04/07/2020;0.000000009999999755800010000000;0.000000009999999755800010000000;0.000000009999999772800000000000;0.000000009959999802688420000000;0.000000009999999817600000000000;0.000000010000000000139700000000;0.000000009999999755800010000000;0.000000009999999755800010000000;0.000000009999999772800000000000;0.000000009959999802688420000000;0.000000009999999817600000000000;0.000000010000000000139700000000;0.000000009999999755800010000000;0.000000009999999755800010000000;0.000000009999999772800000000000;0.000000009959999802688420000000;0.000000009999999817600000000000;0.000000010000000000139700000000;0.171040192761246000000000000000;0.853245705819292000000000000000;0.215898290513661000000000000000;0.260462671701523000000000000000;0.000000010007493055814100000000
05/07/2020;0.000000009999999755800010000000;0.000000009999999755800010000000;0.000000009999999772800000000000;0.000000009959999802688420000000;0.000000009999999817600000000000;0.000000010000000000139700000000;0.000000009999999755800010000000;0.000000009999999755800010000000;0.000000009999999772800000000000;0.000000009959999802688420000000;0.000000009999999817600000000000;0.000000010000000000139700000000;0.000000009999999755800010000000;0.000000009999999755800010000000;0.000000009999999772800000000000;0.000000009959999802688420000000;0.000000009999999817600000000000;0.000000010000000000139700000000;0.171040192761246000000000000000;0.853245705819292000000000000000;0.215898290513661000000000000000;0.000000010007493055814100000000;0.000000010007493055814100000000
06/07/2020;0.000000009999999755800010000000;0.000000009999999755800010000000;0.000000009999999772800000000000;0.000000009959999802688420000000;0.000000009999999817600000000000;0.000000010000000000139700000000;0.000000009999999755800010000000;0.000000009999999755800010000000;0.000000009999999772800000000000;0.000000009959999802688420000000;0.000000009999999817600000000000;0.000000010000000000139700000000;0.000000009999999755800010000000;0.000000009999999755800010000000;0.000000009999999772800000000000;0.000000009959999802688420000000;0.000000009999999817600000000000;0.000000010000000000139700000000;0.171040192761246000000000000000;0.853245705819292000000000000000;0.215898290513661000000000000000;0.260462671701523000000000000000;0.312193503663457000000000000000
07/07/2020;0.000000009999999755800010000000;0.000000009999999755800010000000;0.000000009999999772800000000000;0.000000009959999802688420000000;0.000000009999999817600000000000;0.000000010000000000139700000000;0.000000009999999755800010000000;0.000000009999999755800010000000;0.000000009999999772800000000000;0.000000009959999802688420000000;0.000000009999999817600000000000;0.000000010000000000139700000000;0.000000009999999755800010000000;0.000000009999999755800010000000;0.000000009999999772800000000000;0.000000009959999802688420000000;0.000000009999999817600000000000;0.000000010000000000139700000000;0.171040192761246000000000000000;0.853245705819292000000000000000;0.215898290513661000000000000000;0.260462671701523000000000000000;0.312193503663457000000000000000
08/07/2020;0.000000009999999755800010000000;0.000000009999999755800010000000;0.000000009999999772800000000000;0.000000009959999802688420000000;0.000000009999999817600000000000;0.000000010000000000139700000000;0.000000009999999755800010000000;0.000000009999999755800010000000;0.000000009999999772800000000000;0.000000009959999802688420000000;0.000000009999999817600000000000;0.000000010000000000139700000000;0.000000009999999755800010000000;0.000000009999999755800010000000;0.000000009999999772800000000000;0.000000009959999802688420000000;0.000000009999999817600000000000;0.000000010000000000139700000000;0.171040192761246000000000000000;0.853245705819292000000000000000;0.215898290513661000000000000000;0.260462671701523000000000000000;0.312193503663457000000000000000
09/07/2020;0.000000009999999755800010000000;0.000000009999999755800010000000;0.000000009999999772800000000000;0.000000009959999802688420000000;0.000000009999999817600000000000;0.000000010000000000139700000000;0.000000009999999755800010000000;0.000000009999999755800010000000;0.000000009999999772800000000000;0.000000009959999802688420000000;0.000000009999999817600000000000;0.000000010000000000139700000000;0.000000009999999755800010000000;0.000000009999999755800010000000;0.000000009999999772800000000000;0.000000009959999802688420000000;0.000000009999999817600000000000;0.000000010000000000139700000000;0.171040192761246000000000000000;0.853245705819292000000000000000;0.215898290513661000000000000000;0.260462671701523000000000000000;0.312193503663457000000000000000
10/07/2020;0.000000009999999755800010000000;0.000000009999999755800010000000;0.000000009999999772800000000000;0.000000009959999802688420000000;0.000000009999999817600000000000;0.000000010000000000139700000000;0.000000009999999755800010000000;0.000000009999999755800010000000;0.000000009999999772800000000000;0.000000009959999802688420000000;0.000000009999999817600000000000;0.000000010000000000139700000000;0.000000009999999755800010000000;0.000000009999999755800010000000;0.000000009999999772800000000000;0.000000009959999802688420000000;0.000000009999999817600000000000;0.000000010000000000139700000000;0.171040192761246000000000000000;0.853245705819292000000000000000;0.215898290513661000000000000000;0.260462671701523000000000000000;0.312193503663457000000000000000
11/07/2020;0.000000009999999755800010000000;0.000000009999999755800010000000;0.000000009999999772800000000000;0.000000009959999802688420000000;0.000000009999999817600000000000;0.000000010000000000139700000000;0.000000009999999755800010000000;0.000000009999999755800010000000;0.000000009999999772800000000000;0.000000009959999802688420000000;0.000000009999999817600000000000;0.000000010000000000139700000000;0.000000009999999755800010000000;0.000000009999999755800010000000;0.000000009999999772800000000000;0.000000009959999802688420000000;0.000000009999999817600000000000;0.000000010000000000139700000000;0.171040192761246000000000000000;0.853245705819292000000000000000;0.215898290513661000000000000000;0.260462671701523000000000000000;0.000000010007493055814100000000
12/07/2020;0.000000009999999755800010000000;0.000000009999999755800010000000;0.000000009999999772800000000000;0.000000009959999802688420000000;0.000000009999999817600000000000;0.000000010000000000139700000000;0.000000009999999755800010000000;0.000000009999999755800010000000;0.000000009999999772800000000000;0.000000009959999802688420000000;0.000000009999999817600000000000;0.000000010000000000139700000000;0.000000009999999755800010000000;0.000000009999999755800010000000;0.000000009999999772800000000000;0.000000009959999802688420000000;0.000000009999999817600000000000;0.000000010000000000139700000000;0.171040192761246000000000000000;0.853245705819292000000000000000;0.215898290513661000000000000000;0.000000010007493055814100000000;0.000000010007493055814100000000
13/07/2020;0.000000009999999755800010000000;0.000000009999999755800010000000;0.000000009999999772800000000000;0.000000009959999802688420000000;0.000000009999999817600000000000;0.000000010000000000139700000000;0.000000009999999755800010000000;0.000000009999999755800010000000;0.000000009999999772800000000000;0.000000009959999802688420000000;0.000000009999999817600000000000;0.000000010000000000139700000000;0.000000009999999755800010000000;0.000000009999999755800010000000;0.000000009999999772800000000000;0.000000009959999802688420000000;0.000000009999999817600000000000;0.000000010000000000139700000000;0.171040192761246000000000000000;0.853245705819292000000000000000;0.215898290513661000000000000000;0.260462671701523000000000000000;0.312193503663457000000000000000
14/07/2020;0.000000009999999755800010000000;0.000000009999999755800010000000;0.000000009999999772800000000000;0.000000009959999802688420000000;0.000000009999999817600000000000;0.000000010000000000139700000000;0.000000009999999755800010000000;0.000000009999999755800010000000;0.000000009999999772800000000000;0.000000009959999802688420000000;0.000000009999999817600000000000;0.000000010000000000139700000000;0.000000009999999755800010000000;0.000000009999999755800010000000;0.000000009999999772800000000000;0.000000009959999802688420000000;0.000000009999999817600000000000;0.000000010000000000139700000000;0.171040192761246000000000000000;0.853245705819292000000000000000;0.215898290513661000000000000000;0.260462671701523000000000000000;0.312193503663457000000000000000
15/07/2020;0.000000009999999755800010000000;0.000000009999999755800010000000;0.000000009999999772800000000000;0.000000009959999802688420000000;0.000000009999999817600000000000;0.000000010000000000139700000000;0.000000009999999755800010000000;0.000000009999999755800010000000;0.000000009999999772800000000000;0.000000009959999802688420000000;0.000000009999999817600000000000;0.000000010000000000139700000000;0.000000009999999755800010000000;0.000000009999999755800010000000;0.000000009999999772800000000000;0.000000009959999802688420000000;0.000000009999999817600000000000;0.000000010000000000139700000000;0.171040192761246000000000000000;0.853245705819292000000000000000;0.215898290513661000000000000000;0.260462671701523000000000000000;0.312193503663457000000000000000
16/07/2020;0.000000009999999755800010000000;0.000000009999999755800010000000;0.000000009999999772800000000000;0.000000009959999802688420000000;0.000000009999999817600000000000;0.000000010000000000139700000000;0.000000009999999755800010000000;0.000000009999999755800010000000;0.000000009999999772800000000000;0.000000009959999802688420000000;0.000000009999999817600000000000;0.000000010000000000139700000000;0.000000009999999755800010000000;0.000000009999999755800010000000;0.000000009999999772800000000000;0.000000009959999802688420000000;0.000000009999999817600000000000;0.000000010000000000139700000000;0.171040192761246000000000000000;0.853245705819292000000000000000;0.215898290513661000000000000000;0.260462671701523000000000000000;0.312193503663457000000000000000
17/07/2020;0.000000009999999755800010000000;0.000000009999999755800010000000;0.000000009999999772800000000000;0.000000009959999802688420000000;0.000000009999999817600000000000;0.000000010000000000139700000000;0.000000009999999755800010000000;0.000000009999999755800010000000;0.000000009999999772800000000000;0.000000009959999802688420000000;0.000000009999999817600000000000;0.000000010000000000139700000000;0.000000009999999755800010000000;0.000000009999999755800010000000;0.000000009999999772800000000000;0.000000009959999802688420000000;0.000000009999999817600000000000;0.000000010000000000139700000000;0.171040192761246000000000000000;0.853245705819292000000000000000;0.215898290513661000000000000000;0.260462671701523000000000000000;0.312193503663457000000000000000
18/07/2020;0.000000009999999755800010000000;0.000000009999999755800010000000;0.000000009999999772800000000000;0.000000009959999802688420000000;0.000000009999999817600000000000;0.000000010000000000139700000000;0.000000009999999755800010000000;0.000000009999999755800010000000;0.000000009999999772800000000000;0.000000009959999802688420000000;0.000000009999999817600000000000;0.000000010000000000139700000000;0.000000009999999755800010000000;0.000000009999999755800010000000;0.000000009999999772800000000000;0.000000009959999802688420000000;0.000000009999999817600000000000;0.000000010000000000139700000000;0.171040192761246000000000000000;0.853245705819292000000000000000;0.215898290513661000000000000000;0.260462671701523000000000000000;0.000000010007493055814100000000
19/07/2020;0.000000009999999755800010000000;0.000000009999999755800010000000;0.000000009999999772800000000000;0.000000009959999802688420000000;0.000000009999999817600000000000;0.000000010000000000139700000000;0.000000009999999755800010000000;0.000000009999999755800010000000;0.000000009999999772800000000000;0.000000009959999802688420000000;0.000000009999999817600000000000;0.000000010000000000139700000000;0.000000009999999755800010000000;0.000000009999999755800010000000;0.000000009999999772800000000000;0.000000009959999802688420000000;0.000000009999999817600000000000;0.000000010000000000139700000000;0.171040192761246000000000000000;0.853245705819292000000000000000;0.215898290513661000000000000000;0.000000010007493055814100000000;0.000000010007493055814100000000
20/07/2020;0.000000009999999755800010000000;0.000000009999999755800010000000;0.000000009999999772800000000000;0.000000009959999802688420000000;0.000000009999999817600000000000;0.000000010000000000139700000000;0.000000009999999755800010000000;0.000000009999999755800010000000;0.000000009999999772800000000000;0.000000009959999802688420000000;0.000000009999999817600000000000;0.000000010000000000139700000000;0.000000009999999755800010000000;0.000000009999999755800010000000;0.000000009999999772800000000000;0.000000009959999802688420000000;0.000000009999999817600000000000;0.000000010000000000139700000000;0.171040192761246000000000000000;0.853245705819292000000000000000;0.215898290513661000000000000000;0.260462671701523000000000000000;0.312193503663457000000000000000
21/07/2020;0.000000009999999755800010000000;0.000000009999999755800010000000;0.000000009999999772800000000000;0.000000009959999802688420000000;0.000000009999999817600000000000;0.000000010000000000139700000000;0.000000009999999755800010000000;0.000000009999999755800010000000;0.000000009999999772800000000000;0.000000009959999802688420000000;0.000000009999999817600000000000;0.000000010000000000139700000000;0.000000009999999755800010000000;0.000000009999999755800010000000;0.000000009999999772800000000000;0.000000009959999802688420000000;0.000000009999999817600000000000;0.000000010000000000139700000000;0.171040192761246000000000000000;0.853245705819292000000000000000;0.215898290513661000000000000000;0.260462671701523000000000000000;0.312193503663457000000000000000
22/07/2020;0.000000009999999755800010000000;0.000000009999999755800010000000;0.000000009999999772800000000000;0.000000009959999802688420000000;0.000000009999999817600000000000;0.000000010000000000139700000000;0.000000009999999755800010000000;0.000000009999999755800010000000;0.000000009999999772800000000000;0.000000009959999802688420000000;0.000000009999999817600000000000;0.000000010000000000139700000000;0.000000009999999755800010000000;0.000000009999999755800010000000;0.000000009999999772800000000000;0.000000009959999802688420000000;0.000000009999999817600000000000;0.000000010000000000139700000000;0.171040192761246000000000000000;0.853245705819292000000000000000;0.215898290513661000000000000000;0.260462671701523000000000000000;0.312193503663457000000000000000
23/07/2020;0.000000009999999755800010000000;0.000000009999999755800010000000;0.000000009999999772800000000000;0.000000009959999802688420000000;0.000000009999999817600000000000;0.000000010000000000139700000000;0.000000009999999755800010000000;0.000000009999999755800010000000;0.000000009999999772800000000000;0.000000009959999802688420000000;0.000000009999999817600000000000;0.000000010000000000139700000000;0.000000009999999755800010000000;0.000000009999999755800010000000;0.000000009999999772800000000000;0.000000009959999802688420000000;0.000000009999999817600000000000;0.000000010000000000139700000000;0.171040192761246000000000000000;0.853245705819292000000000000000;0.215898290513661000000000000000;0.260462671701523000000000000000;0.312193503663457000000000000000
24/07/2020;0.000000009999999755800010000000;0.000000009999999755800010000000;0.000000009999999772800000000000;0.000000009959999802688420000000;0.000000009999999817600000000000;0.000000010000000000139700000000;0.000000009999999755800010000000;0.000000009999999755800010000000;0.000000009999999772800000000000;0.000000009959999802688420000000;0.000000009999999817600000000000;0.000000010000000000139700000000;0.000000009999999755800010000000;0.000000009999999755800010000000;0.000000009999999772800000000000;0.000000009959999802688420000000;0.000000009999999817600000000000;0.000000010000000000139700000000;0.171040192761246000000000000000;0.853245705819292000000000000000;0.215898290513661000000000000000;0.260462671701523000000000000000;0.312193503663457000000000000000
25/07/2020;0.000000009999999755800010000000;0.000000009999999755800010000000;0.000000009999999772800000000000;0.000000009959999802688420000000;0.000000009999999817600000000000;0.000000010000000000139700000000;0.000000009999999755800010000000;0.000000009999999755800010000000;0.000000009999999772800000000000;0.000000009959999802688420000000;0.000000009999999817600000000000;0.000000010000000000139700000000;0.000000009999999755800010000000;0.000000009999999755800010000000;0.000000009999999772800000000000;0.000000009959999802688420000000;0.000000009999999817600000000000;0.000000010000000000139700000000;0.171040192761246000000000000000;0.853245705819292000000000000000;0.215898290513661000000000000000;0.260462671701523000000000000000;0.000000010007493055814100000000
26/07/2020;0.000000009999999755800010000000;0.000000009999999755800010000000;0.000000009999999772800000000000;0.000000009959999802688420000000;0.000000009999999817600000000000;0.000000010000000000139700000000;0.000000009999999755800010000000;0.000000009999999755800010000000;0.000000009999999772800000000000;0.000000009959999802688420000000;0.000000009999999817600000000000;0.000000010000000000139700000000;0.000000009999999755800010000000;0.000000009999999755800010000000;0.000000009999999772800000000000;0.000000009959999802688420000000;0.000000009999999817600000000000;0.000000010000000000139700000000;0.171040192761246000000000000000;0.853245705819292000000000000000;0.215898290513661000000000000000;0.000000010007493055814100000000;0.000000010007493055814100000000
27/07/2020;0.000000009999999755800010000000;0.000000009999999755800010000000;0.000000009999999772800000000000;0.000000009959999802688420000000;0.000000009999999817600000000000;0.000000010000000000139700000000;0.000000009999999755800010000000;0.000000009999999755800010000000;0.000000009999999772800000000000;0.000000009959999802688420000000;0.000000009999999817600000000000;0.000000010000000000139700000000;0.000000009999999755800010000000;0.000000009999999755800010000000;0.000000009999999772800000000000;0.000000009959999802688420000000;0.000000009999999817600000000000;0.000000010000000000139700000000;0.171040192761246000000000000000;0.853245705819292000000000000000;0.215898290513661000000000000000;0.260462671701523000000000000000;0.312193503663457000000000000000
28/07/2020;0.000000009999999755800010000000;0.000000009999999755800010000000;0.000000009999999772800000000000;0.000000009959999802688420000000;0.000000009999999817600000000000;0.000000010000000000139700000000;0.000000009999999755800010000000;0.000000009999999755800010000000;0.000000009999999772800000000000;0.000000009959999802688420000000;0.000000009999999817600000000000;0.000000010000000000139700000000;0.000000009999999755800010000000;0.000000009999999755800010000000;0.000000009999999772800000000000;0.000000009959999802688420000000;0.000000009999999817600000000000;0.000000010000000000139700000000;0.171040192761246000000000000000;0.853245705819292000000000000000;0.215898290513661000000000000000;0.260462671701523000000000000000;0.312193503663457000000000000000
29/07/2020;0.000000009999999755800010000000;0.000000009999999755800010000000;0.000000009999999772800000000000;0.000000009959999802688420000000;0.000000009999999817600000000000;0.000000010000000000139700000000;0.000000009999999755800010000000;0.000000009999999755800010000000;0.000000009999999772800000000000;0.000000009959999802688420000000;0.000000009999999817600000000000;0.000000010000000000139700000000;0.000000009999999755800010000000;0.000000009999999755800010000000;0.000000009999999772800000000000;0.000000009959999802688420000000;0.000000009999999817600000000000;0.000000010000000000139700000000;0.171040192761246000000000000000;0.853245705819292000000000000000;0.215898290513661000000000000000;0.260462671701523000000000000000;0.312193503663457000000000000000
30/07/2020;0.000000009999999755800010000000;0.000000009999999755800010000000;0.000000009999999772800000000000;0.000000009959999802688420000000;0.000000009999999817600000000000;0.000000010000000000139700000000;0.000000009999999755800010000000;0.000000009999999755800010000000;0.000000009999999772800000000000;0.000000009959999802688420000000;0.000000009999999817600000000000;0.000000010000000000139700000000;0.000000009999999755800010000000;0.000000009999999755800010000000;0.000000009999999772800000000000;0.000000009959999802688420000000;0.000000009999999817600000000000;0.000000010000000000139700000000;0.171040192761246000000000000000;0.853245705819292000000000000000;0.215898290513661000000000000000;0.260462671701523000000000000000;0.312193503663457000000000000000
31/07/2020;0.000000009999999755800010000000;0.000000009999999755800010000000;0.000000009999999772800000000000;0.000000009959999802688420000000;0.000000009999999817600000000000;0.000000010000000000139700000000;0.000000009999999755800010000000;0.000000009999999755800010000000;0.000000009999999772800000000000;0.000000009959999802688420000000;0.000000009999999817600000000000;0.000000010000000000139700000000;0.000000009999999755800010000000;0.000000009999999755800010000000;0.000000009999999772800000000000;0.000000009959999802688420000000;0.000000009999999817600000000000;0.000000010000000000139700000000;0.171185735767437000000000000000;0.853245705819292000000000000000;0.215898290513661000000000000000;0.260462671701523000000000000000;0.312193503663457000000000000000
01/08/2020;0.000000009999999755800010000000;0.000000009999999755800010000000;0.000000009999999772800000000000;0.000000009959999802688420000000;0.000000009999999817600000000000;0.000000010000000000139700000000;0.000000009999999755800010000000;0.000000009999999755800010000000;0.000000009999999772800000000000;0.000000009959999802688420000000;0.000000009999999817600000000000;0.000000010000000000139700000000;0.000000009999999755800010000000;0.000000009999999755800010000000;0.000000009999999772800000000000;0.000000009959999802688420000000;0.000000009999999817600000000000;0.000000010000000000139700000000;0.172408487688712000000000000000;0.853245705819292000000000000000;0.207629073199928000000000000000;0.250486574024738000000000000000;0.000000010007493055814100000000
02/08/2020;0.000000009999999755800010000000;0.000000009999999755800010000000;0.000000009999999772800000000000;0.000000009959999802688420000000;0.000000009999999817600000000000;0.000000010000000000139700000000;0.000000009999999755800010000000;0.000000009999999755800010000000;0.000000009999999772800000000000;0.000000009959999802688420000000;0.000000009999999817600000000000;0.000000010000000000139700000000;0.000000009999999755800010000000;0.000000009999999755800010000000;0.000000009999999772800000000000;0.000000009959999802688420000000;0.000000009999999817600000000000;0.000000010000000000139700000000;0.172408487688712000000000000000;0.853245705819292000000000000000;0.207629073199928000000000000000;0.000000010007493055814100000000;0.000000010007493055814100000000
03/08/2020;0.000000009999999755800010000000;0.000000009999999755800010000000;0.000000009999999772800000000000;0.000000009959999802688420000000;0.000000009999999817600000000000;0.000000010000000000139700000000;0.000000009999999755800010000000;0.000000009999999755800010000000;0.000000009999999772800000000000;0.000000009959999802688420000000;0.000000009999999817600000000000;0.000000010000000000139700000000;0.000000009999999755800010000000;0.000000009999999755800010000000;0.000000009999999772800000000000;0.000000009959999802688420000000;0.000000009999999817600000000000;0.000000010000000000139700000000;0.172408487688712000000000000000;0.853245705819292000000000000000;0.207629073199928000000000000000;0.250486574024738000000000000000;0.300236040176430000000000000000
04/08/2020;0.000000009999999755800010000000;0.000000009999999755800010000000;0.000000009999999772800000000000;0.000000009959999802688420000000;0.000000009999999817600000000000;0.000000010000000000139700000000;0.000000009999999755800010000000;0.000000009999999755800010000000;0.000000009999999772800000000000;0.000000009959999802688420000000;0.000000009999999817600000000000;0.000000010000000000139700000000;0.000000009999999755800010000000;0.000000009999999755800010000000;0.000000009999999772800000000000;0.000000009959999802688420000000;0.000000009999999817600000000000;0.000000010000000000139700000000;0.172408487688712000000000000000;0.853245705819292000000000000000;0.207629073199928000000000000000;0.250486574024738000000000000000;0.300236040176430000000000000000
05/08/2020;0.000000009999999755800010000000;0.000000009999999755800010000000;0.000000009999999772800000000000;0.000000009959999802688420000000;0.000000009999999817600000000000;0.000000010000000000139700000000;0.000000009999999755800010000000;0.000000009999999755800010000000;0.000000009999999772800000000000;0.000000009959999802688420000000;0.000000009999999817600000000000;0.000000010000000000139700000000;0.000000009999999755800010000000;0.000000009999999755800010000000;0.000000009999999772800000000000;0.000000009959999802688420000000;0.000000009999999817600000000000;0.000000010000000000139700000000;0.172408487688712000000000000000;0.853245705819292000000000000000;0.207629073199928000000000000000;0.250486574024738000000000000000;0.300236040176430000000000000000
06/08/2020;0.000000009999999755800010000000;0.000000009999999755800010000000;0.000000009999999772800000000000;0.000000009959999802688420000000;0.000000009999999817600000000000;0.000000010000000000139700000000;0.000000009999999755800010000000;0.000000009999999755800010000000;0.000000009999999772800000000000;0.000000009959999802688420000000;0.000000009999999817600000000000;0.000000010000000000139700000000;0.000000009999999755800010000000;0.000000009999999755800010000000;0.000000009999999772800000000000;0.000000009959999802688420000000;0.000000009999999817600000000000;0.000000010000000000139700000000;0.172408487688712000000000000000;0.853245705819292000000000000000;0.207629073199928000000000000000;0.250486574024738000000000000000;0.300236040176430000000000000000
07/08/2020;0.000000009999999755800010000000;0.000000009999999755800010000000;0.000000009999999772800000000000;0.000000009959999802688420000000;0.000000009999999817600000000000;0.000000010000000000139700000000;0.000000009999999755800010000000;0.000000009999999755800010000000;0.000000009999999772800000000000;0.000000009959999802688420000000;0.000000009999999817600000000000;0.000000010000000000139700000000;0.000000009999999755800010000000;0.000000009999999755800010000000;0.000000009999999772800000000000;0.000000009959999802688420000000;0.000000009999999817600000000000;0.000000010000000000139700000000;0.172408487688712000000000000000;0.853245705819292000000000000000;0.207629073199928000000000000000;0.250486574024738000000000000000;0.300236040176430000000000000000
08/08/2020;0.000000009999999755800010000000;0.000000009999999755800010000000;0.000000009999999772800000000000;0.000000009959999802688420000000;0.000000009999999817600000000000;0.000000010000000000139700000000;0.000000009999999755800010000000;0.000000009999999755800010000000;0.000000009999999772800000000000;0.000000009959999802688420000000;0.000000009999999817600000000000;0.000000010000000000139700000000;0.000000009999999755800010000000;0.000000009999999755800010000000;0.000000009999999772800000000000;0.000000009959999802688420000000;0.000000009999999817600000000000;0.000000010000000000139700000000;0.172408487688712000000000000000;0.853245705819292000000000000000;0.207629073199928000000000000000;0.250486574024738000000000000000;0.000000010007493055814100000000
09/08/2020;0.000000009999999755800010000000;0.000000009999999755800010000000;0.000000009999999772800000000000;0.000000009959999802688420000000;0.000000009999999817600000000000;0.000000010000000000139700000000;0.000000009999999755800010000000;0.000000009999999755800010000000;0.000000009999999772800000000000;0.000000009959999802688420000000;0.000000009999999817600000000000;0.000000010000000000139700000000;0.000000009999999755800010000000;0.000000009999999755800010000000;0.000000009999999772800000000000;0.000000009959999802688420000000;0.000000009999999817600000000000;0.000000010000000000139700000000;0.172408487688712000000000000000;0.853245705819292000000000000000;0.207629073199928000000000000000;0.000000010007493055814100000000;0.000000010007493055814100000000
10/08/2020;0.000000009999999755800010000000;0.000000009999999755800010000000;0.000000009999999772800000000000;0.000000009959999802688420000000;0.000000009999999817600000000000;0.000000010000000000139700000000;0.000000009999999755800010000000;0.000000009999999755800010000000;0.000000009999999772800000000000;0.000000009959999802688420000000;0.000000009999999817600000000000;0.000000010000000000139700000000;0.000000009999999755800010000000;0.000000009999999755800010000000;0.000000009999999772800000000000;0.000000009959999802688420000000;0.000000009999999817600000000000;0.000000010000000000139700000000;0.172408487688712000000000000000;0.853245705819292000000000000000;0.207629073199928000000000000000;0.250486574024738000000000000000;0.300236040176430000000000000000
11/08/2020;0.000000009999999755800010000000;0.000000009999999755800010000000;0.000000009999999772800000000000;0.000000009959999802688420000000;0.000000009999999817600000000000;0.000000010000000000139700000000;0.000000009999999755800010000000;0.000000009999999755800010000000;0.000000009999999772800000000000;0.000000009959999802688420000000;0.000000009999999817600000000000;0.000000010000000000139700000000;0.000000009999999755800010000000;0.000000009999999755800010000000;0.000000009999999772800000000000;0.000000009959999802688420000000;0.000000009999999817600000000000;0.000000010000000000139700000000;0.172408487688712000000000000000;0.853245705819292000000000000000;0.207629073199928000000000000000;0.250486574024738000000000000000;0.300236040176430000000000000000
12/08/2020;0.000000009999999755800010000000;0.000000009999999755800010000000;0.000000009999999772800000000000;0.000000009959999802688420000000;0.000000009999999817600000000000;0.000000010000000000139700000000;0.000000009999999755800010000000;0.000000009999999755800010000000;0.000000009999999772800000000000;0.000000009959999802688420000000;0.000000009999999817600000000000;0.000000010000000000139700000000;0.000000009999999755800010000000;0.000000009999999755800010000000;0.000000009999999772800000000000;0.000000009959999802688420000000;0.000000009999999817600000000000;0.000000010000000000139700000000;0.172408487688712000000000000000;0.853245705819292000000000000000;0.207629073199928000000000000000;0.250486574024738000000000000000;0.300236040176430000000000000000
13/08/2020;0.000000009999999755800010000000;0.000000009999999755800010000000;0.000000009999999772800000000000;0.000000009959999802688420000000;0.000000009999999817600000000000;0.000000010000000000139700000000;0.000000009999999755800010000000;0.000000009999999755800010000000;0.000000009999999772800000000000;0.000000009959999802688420000000;0.000000009999999817600000000000;0.000000010000000000139700000000;0.000000009999999755800010000000;0.000000009999999755800010000000;0.000000009999999772800000000000;0.000000009959999802688420000000;0.000000009999999817600000000000;0.000000010000000000139700000000;0.172408487688712000000000000000;0.853245705819292000000000000000;0.207629073199928000000000000000;0.250486574024738000000000000000;0.300236040176430000000000000000
14/08/2020;0.000000009999999755800010000000;0.000000009999999755800010000000;0.000000009999999772800000000000;0.000000009959999802688420000000;0.000000009999999817600000000000;0.000000010000000000139700000000;0.000000009999999755800010000000;0.000000009999999755800010000000;0.000000009999999772800000000000;0.000000009959999802688420000000;0.000000009999999817600000000000;0.000000010000000000139700000000;0.000000009999999755800010000000;0.000000009999999755800010000000;0.000000009999999772800000000000;0.000000009959999802688420000000;0.000000009999999817600000000000;0.000000010000000000139700000000;0.172408487688712000000000000000;0.853245705819292000000000000000;0.207629073199928000000000000000;0.250486574024738000000000000000;0.300236040176430000000000000000
15/08/2020;0.000000009999999755800010000000;0.000000009999999755800010000000;0.000000009999999772800000000000;0.000000009959999802688420000000;0.000000009999999817600000000000;0.000000010000000000139700000000;0.000000009999999755800010000000;0.000000009999999755800010000000;0.000000009999999772800000000000;0.000000009959999802688420000000;0.000000009999999817600000000000;0.000000010000000000139700000000;0.000000009999999755800010000000;0.000000009999999755800010000000;0.000000009999999772800000000000;0.000000009959999802688420000000;0.000000009999999817600000000000;0.000000010000000000139700000000;0.172408487688712000000000000000;0.853245705819292000000000000000;0.207629073199928000000000000000;0.000000010007493055814100000000;0.000000010007493055814100000000
16/08/2020;0.000000009999999755800010000000;0.000000009999999755800010000000;0.000000009999999772800000000000;0.000000009959999802688420000000;0.000000009999999817600000000000;0.000000010000000000139700000000;0.000000009999999755800010000000;0.000000009999999755800010000000;0.000000009999999772800000000000;0.000000009959999802688420000000;0.000000009999999817600000000000;0.000000010000000000139700000000;0.000000009999999755800010000000;0.000000009999999755800010000000;0.000000009999999772800000000000;0.000000009959999802688420000000;0.000000009999999817600000000000;0.000000010000000000139700000000;0.172408487688712000000000000000;0.853245705819292000000000000000;0.207629073199928000000000000000;0.000000010007493055814100000000;0.000000010007493055814100000000
17/08/2020;0.000000009999999755800010000000;0.000000009999999755800010000000;0.000000009999999772800000000000;0.000000009959999802688420000000;0.000000009999999817600000000000;0.000000010000000000139700000000;0.000000009999999755800010000000;0.000000009999999755800010000000;0.000000009999999772800000000000;0.000000009959999802688420000000;0.000000009999999817600000000000;0.000000010000000000139700000000;0.000000009999999755800010000000;0.000000009999999755800010000000;0.000000009999999772800000000000;0.000000009959999802688420000000;0.000000009999999817600000000000;0.000000010000000000139700000000;0.172408487688712000000000000000;0.853245705819292000000000000000;0.207629073199928000000000000000;0.250486574024738000000000000000;0.300236040176430000000000000000
18/08/2020;0.000000009999999755800010000000;0.000000009999999755800010000000;0.000000009999999772800000000000;0.000000009959999802688420000000;0.000000009999999817600000000000;0.000000010000000000139700000000;0.000000009999999755800010000000;0.000000009999999755800010000000;0.000000009999999772800000000000;0.000000009959999802688420000000;0.000000009999999817600000000000;0.000000010000000000139700000000;0.000000009999999755800010000000;0.000000009999999755800010000000;0.000000009999999772800000000000;0.000000009959999802688420000000;0.000000009999999817600000000000;0.000000010000000000139700000000;0.172408487688712000000000000000;0.853245705819292000000000000000;0.207629073199928000000000000000;0.250486574024738000000000000000;0.300236040176430000000000000000
19/08/2020;0.000000009999999755800010000000;0.000000009999999755800010000000;0.000000009999999772800000000000;0.000000009959999802688420000000;0.000000009999999817600000000000;0.000000010000000000139700000000;0.000000009999999755800010000000;0.000000009999999755800010000000;0.000000009999999772800000000000;0.000000009959999802688420000000;0.000000009999999817600000000000;0.000000010000000000139700000000;0.000000009999999755800010000000;0.000000009999999755800010000000;0.000000009999999772800000000000;0.000000009959999802688420000000;0.000000009999999817600000000000;0.000000010000000000139700000000;0.172408487688712000000000000000;0.853245705819292000000000000000;0.207629073199928000000000000000;0.250486574024738000000000000000;0.300236040176430000000000000000
20/08/2020;0.000000009999999755800010000000;0.000000009999999755800010000000;0.000000009999999772800000000000;0.000000009959999802688420000000;0.000000009999999817600000000000;0.000000010000000000139700000000;0.000000009999999755800010000000;0.000000009999999755800010000000;0.000000009999999772800000000000;0.000000009959999802688420000000;0.000000009999999817600000000000;0.000000010000000000139700000000;0.000000009999999755800010000000;0.000000009999999755800010000000;0.000000009999999772800000000000;0.000000009959999802688420000000;0.000000009999999817600000000000;0.000000010000000000139700000000;0.172408487688712000000000000000;0.853245705819292000000000000000;0.207629073199928000000000000000;0.250486574024738000000000000000;0.300236040176430000000000000000
21/08/2020;0.000000009999999755800010000000;0.000000009999999755800010000000;0.000000009999999772800000000000;0.000000009959999802688420000000;0.000000009999999817600000000000;0.000000010000000000139700000000;0.000000009999999755800010000000;0.000000009999999755800010000000;0.000000009999999772800000000000;0.000000009959999802688420000000;0.000000009999999817600000000000;0.000000010000000000139700000000;0.000000009999999755800010000000;0.000000009999999755800010000000;0.000000009999999772800000000000;0.000000009959999802688420000000;0.000000009999999817600000000000;0.000000010000000000139700000000;0.172408487688712000000000000000;0.853245705819292000000000000000;0.207629073199928000000000000000;0.250486574024738000000000000000;0.300236040176430000000000000000
22/08/2020;0.000000009999999755800010000000;0.000000009999999755800010000000;0.000000009999999772800000000000;0.000000009959999802688420000000;0.000000009999999817600000000000;0.000000010000000000139700000000;0.000000009999999755800010000000;0.000000009999999755800010000000;0.000000009999999772800000000000;0.000000009959999802688420000000;0.000000009999999817600000000000;0.000000010000000000139700000000;0.000000009999999755800010000000;0.000000009999999755800010000000;0.000000009999999772800000000000;0.000000009959999802688420000000;0.000000009999999817600000000000;0.000000010000000000139700000000;0.172408487688712000000000000000;0.853245705819292000000000000000;0.207629073199928000000000000000;0.250486574024738000000000000000;0.000000010007493055814100000000
23/08/2020;0.000000009999999755800010000000;0.000000009999999755800010000000;0.000000009999999772800000000000;0.000000009959999802688420000000;0.000000009999999817600000000000;0.000000010000000000139700000000;0.000000009999999755800010000000;0.000000009999999755800010000000;0.000000009999999772800000000000;0.000000009959999802688420000000;0.000000009999999817600000000000;0.000000010000000000139700000000;0.000000009999999755800010000000;0.000000009999999755800010000000;0.000000009999999772800000000000;0.000000009959999802688420000000;0.000000009999999817600000000000;0.000000010000000000139700000000;0.172408487688712000000000000000;0.853245705819292000000000000000;0.207629073199928000000000000000;0.000000010007493055814100000000;0.000000010007493055814100000000
24/08/2020;0.000000009999999755800010000000;0.000000009999999755800010000000;0.000000009999999772800000000000;0.000000009959999802688420000000;0.000000009999999817600000000000;0.000000010000000000139700000000;0.000000009999999755800010000000;0.000000009999999755800010000000;0.000000009999999772800000000000;0.000000009959999802688420000000;0.000000009999999817600000000000;0.000000010000000000139700000000;0.000000009999999755800010000000;0.000000009999999755800010000000;0.000000009999999772800000000000;0.000000009959999802688420000000;0.000000009999999817600000000000;0.000000010000000000139700000000;0.172408487688712000000000000000;0.853245705819292000000000000000;0.207629073199928000000000000000;0.250486574024738000000000000000;0.300236040176430000000000000000
25/08/2020;0.000000009999999755800010000000;0.000000009999999755800010000000;0.000000009999999772800000000000;0.000000009959999802688420000000;0.000000009999999817600000000000;0.000000010000000000139700000000;0.000000009999999755800010000000;0.000000009999999755800010000000;0.000000009999999772800000000000;0.000000009959999802688420000000;0.000000009999999817600000000000;0.000000010000000000139700000000;0.000000009999999755800010000000;0.000000009999999755800010000000;0.000000009999999772800000000000;0.000000009959999802688420000000;0.000000009999999817600000000000;0.000000010000000000139700000000;0.172408487688712000000000000000;0.853245705819292000000000000000;0.207629073199928000000000000000;0.250486574024738000000000000000;0.300236040176430000000000000000
26/08/2020;0.000000009999999755800010000000;0.000000009999999755800010000000;0.000000009999999772800000000000;0.000000009959999802688420000000;0.000000009999999817600000000000;0.000000010000000000139700000000;0.000000009999999755800010000000;0.000000009999999755800010000000;0.000000009999999772800000000000;0.000000009959999802688420000000;0.000000009999999817600000000000;0.000000010000000000139700000000;0.000000009999999755800010000000;0.000000009999999755800010000000;0.000000009999999772800000000000;0.000000009959999802688420000000;0.000000009999999817600000000000;0.000000010000000000139700000000;0.172408487688712000000000000000;0.853245705819292000000000000000;0.207629073199928000000000000000;0.250486574024738000000000000000;0.300236040176430000000000000000
27/08/2020;0.000000009999999755800010000000;0.000000009999999755800010000000;0.000000009999999772800000000000;0.000000009959999802688420000000;0.000000009999999817600000000000;0.000000010000000000139700000000;0.000000009999999755800010000000;0.000000009999999755800010000000;0.000000009999999772800000000000;0.000000009959999802688420000000;0.000000009999999817600000000000;0.000000010000000000139700000000;0.000000009999999755800010000000;0.000000009999999755800010000000;0.000000009999999772800000000000;0.000000009959999802688420000000;0.000000009999999817600000000000;0.000000010000000000139700000000;0.172408487688712000000000000000;0.853245705819292000000000000000;0.207629073199928000000000000000;0.250486574024738000000000000000;0.300236040176430000000000000000
28/08/2020;0.000000009999999755800010000000;0.000000009999999755800010000000;0.000000009999999772800000000000;0.000000009959999802688420000000;0.000000009999999817600000000000;0.000000010000000000139700000000;0.000000009999999755800010000000;0.000000009999999755800010000000;0.000000009999999772800000000000;0.000000009959999802688420000000;0.000000009999999817600000000000;0.000000010000000000139700000000;0.000000009999999755800010000000;0.000000009999999755800010000000;0.000000009999999772800000000000;0.000000009959999802688420000000;0.000000009999999817600000000000;0.000000010000000000139700000000;0.172408487688712000000000000000;0.853245705819292000000000000000;0.207629073199928000000000000000;0.250486574024738000000000000000;0.300236040176430000000000000000
29/08/2020;0.000000009999999755800010000000;0.000000009999999755800010000000;0.000000009999999772800000000000;0.000000009959999802688420000000;0.000000009999999817600000000000;0.000000010000000000139700000000;0.000000009999999755800010000000;0.000000009999999755800010000000;0.000000009999999772800000000000;0.000000009959999802688420000000;0.000000009999999817600000000000;0.000000010000000000139700000000;0.000000009999999755800010000000;0.000000009999999755800010000000;0.000000009999999772800000000000;0.000000009959999802688420000000;0.000000009999999817600000000000;0.000000010000000000139700000000;0.172408487688712000000000000000;0.853245705819292000000000000000;0.207629073199928000000000000000;0.250486574024738000000000000000;0.000000010007493055814100000000
30/08/2020;0.000000009999999755800010000000;0.000000009999999755800010000000;0.000000009999999772800000000000;0.000000009959999802688420000000;0.000000009999999817600000000000;0.000000010000000000139700000000;0.000000009999999755800010000000;0.000000009999999755800010000000;0.000000009999999772800000000000;0.000000009959999802688420000000;0.000000009999999817600000000000;0.000000010000000000139700000000;0.000000009999999755800010000000;0.000000009999999755800010000000;0.000000009999999772800000000000;0.000000009959999802688420000000;0.000000009999999817600000000000;0.000000010000000000139700000000;0.172408487688712000000000000000;0.853245705819292000000000000000;0.207629073199928000000000000000;0.000000010007493055814100000000;0.000000010007493055814100000000
31/08/2020;0.000000009999999755800010000000;0.000000009999999755800010000000;0.000000009999999772800000000000;0.000000009959999802688420000000;0.000000009999999817600000000000;0.000000010000000000139700000000;0.000000009999999755800010000000;0.000000009999999755800010000000;0.000000009999999772800000000000;0.000000009959999802688420000000;0.000000009999999817600000000000;0.000000010000000000139700000000;0.000000009999999755800010000000;0.000000009999999755800010000000;0.000000009999999772800000000000;0.000000009959999802688420000000;0.000000009999999817600000000000;0.000000010000000000139700000000;0.178418743659382000000000000000;0.853245705819292000000000000000;0.207629073199928000000000000000;0.250486574024738000000000000000;0.300236040176430000000000000000
01/09/2020;0.000000009999999755800010000000;0.000000009999999755800010000000;0.000000009999999772800000000000;0.000000009959999802688420000000;0.000000009999999817600000000000;0.000000010000000000139700000000;0.000000009999999755800010000000;0.000000009999999755800010000000;0.000000009999999772800000000000;0.000000009959999802688420000000;0.000000009999999817600000000000;0.000000010000000000139700000000;0.000000009999999755800010000000;0.000000009999999755800010000000;0.000000009999999772800000000000;0.000000009959999802688420000000;0.000000009999999817600000000000;0.000000010000000000139700000000;0.179773502246560000000000000000;0.772110884170161000000000000000;0.228477169186221000000000000000;0.275638004207721000000000000000;0.330382828810965000000000000000
02/09/2020;0.000000009999999755800010000000;0.000000009999999755800010000000;0.000000009999999772800000000000;0.000000009959999802688420000000;0.000000009999999817600000000000;0.000000010000000000139700000000;0.000000009999999755800010000000;0.000000009999999755800010000000;0.000000009999999772800000000000;0.000000009959999802688420000000;0.000000009999999817600000000000;0.000000010000000000139700000000;0.000000009999999755800010000000;0.000000009999999755800010000000;0.000000009999999772800000000000;0.000000009959999802688420000000;0.000000009999999817600000000000;0.000000010000000000139700000000;0.179773502246560000000000000000;0.772110884170161000000000000000;0.228477169186221000000000000000;0.275638004207721000000000000000;0.330382828810965000000000000000
03/09/2020;0.000000009999999755800010000000;0.000000009999999755800010000000;0.000000009999999772800000000000;0.000000009959999802688420000000;0.000000009999999817600000000000;0.000000010000000000139700000000;0.000000009999999755800010000000;0.000000009999999755800010000000;0.000000009999999772800000000000;0.000000009959999802688420000000;0.000000009999999817600000000000;0.000000010000000000139700000000;0.000000009999999755800010000000;0.000000009999999755800010000000;0.000000009999999772800000000000;0.000000009959999802688420000000;0.000000009999999817600000000000;0.000000010000000000139700000000;0.179773502246560000000000000000;0.772110884170161000000000000000;0.228477169186221000000000000000;0.275638004207721000000000000000;0.330382828810965000000000000000
04/09/2020;0.000000009999999755800010000000;0.000000009999999755800010000000;0.000000009999999772800000000000;0.000000009959999802688420000000;0.000000009999999817600000000000;0.030461650057451300000000000000;0.000000009999999755800010000000;0.000000009999999755800010000000;0.000000009999999772800000000000;0.000000009959999802688420000000;0.000000009999999817600000000000;0.037163627049682700000000000000;0.000000009999999755800010000000;0.000000009999999755800010000000;0.000000009999999772800000000000;0.000000009959999802688420000000;0.000000009999999817600000000000;0.044907165540751700000000000000;0.179773502246560000000000000000;0.772110884170161000000000000000;0.228477169186221000000000000000;0.275638004207721000000000000000;0.330382828810965000000000000000
05/09/2020;0.000000009999999755800010000000;0.000000009999999755800010000000;0.000000009999999772800000000000;0.000000009959999802688420000000;0.000000009999999817600000000000;0.030461650057451300000000000000;0.000000009999999755800010000000;0.000000009999999755800010000000;0.000000009999999772800000000000;0.000000009959999802688420000000;0.000000009999999817600000000000;0.037163627049682700000000000000;0.000000009999999755800010000000;0.000000009999999755800010000000;0.000000009999999772800000000000;0.000000009959999802688420000000;0.000000009999999817600000000000;0.000000009998535497462950000000;0.179773502246560000000000000000;0.772110884170161000000000000000;0.228477169186221000000000000000;0.275638004207721000000000000000;0.000000010007493055814100000000
06/09/2020;0.000000009999999755800010000000;0.000000009999999755800010000000;0.000000009999999772800000000000;0.000000009959999802688420000000;0.000000009999999817600000000000;0.030461650057451300000000000000;0.000000009999999755800010000000;0.000000009999999755800010000000;0.000000009999999772800000000000;0.000000009959999802688420000000;0.000000009999999817600000000000;0.000000009998535497462950000000;0.000000009999999755800010000000;0.000000009999999755800010000000;0.000000009999999772800000000000;0.000000009959999802688420000000;0.000000009999999817600000000000;0.000000009998535497462950000000;0.179773502246560000000000000000;0.772110884170161000000000000000;0.228477169186221000000000000000;0.000000010007493055814100000000;0.000000010007493055814100000000
07/09/2020;0.000000009999999755800010000000;0.000000009999999755800010000000;0.000000009999999772800000000000;0.000000009959999802688420000000;0.000000009999999817600000000000;0.030461650057451300000000000000;0.000000009999999755800010000000;0.000000009999999755800010000000;0.000000009999999772800000000000;0.000000009959999802688420000000;0.000000009999999817600000000000;0.037163627049682700000000000000;0.000000009999999755800010000000;0.000000009999999755800010000000;0.000000009999999772800000000000;0.000000009959999802688420000000;0.000000009999999817600000000000;0.044907165540751700000000000000;0.179773502246560000000000000000;0.772110884170161000000000000000;0.228477169186221000000000000000;0.275638004207721000000000000000;0.330382828810965000000000000000
08/09/2020;0.000000009999999755800010000000;0.000000009999999755800010000000;0.000000009999999772800000000000;0.000000009959999802688420000000;0.000000009999999817600000000000;0.033267340468493600000000000000;0.000000009999999755800010000000;0.000000009999999755800010000000;0.000000009999999772800000000000;0.000000009959999802688420000000;0.000000009999999817600000000000;0.040586607481018200000000000000;0.000000009999999755800010000000;0.000000009999999755800010000000;0.000000009999999772800000000000;0.000000009959999802688420000000;0.000000009999999817600000000000;0.049043369702612400000000000000;0.179773502246560000000000000000;0.772110884170161000000000000000;0.228477169186221000000000000000;0.275638004207721000000000000000;0.330382828810965000000000000000
09/09/2020;0.000000009999999755800010000000;0.000000009999999755800010000000;0.000000009999999772800000000000;0.000000009959999802688420000000;0.000000009999999817600000000000;0.033267340468493600000000000000;0.000000009999999755800010000000;0.000000009999999755800010000000;0.000000009999999772800000000000;0.000000009959999802688420000000;0.000000009999999817600000000000;0.040586607481018200000000000000;0.000000009999999755800010000000;0.000000009999999755800010000000;0.000000009999999772800000000000;0.000000009959999802688420000000;0.000000009999999817600000000000;0.049043369702612400000000000000;0.179773502246560000000000000000;0.772110884170161000000000000000;0.228477169186221000000000000000;0.275638004207721000000000000000;0.330382828810965000000000000000
10/09/2020;0.000000009999999755800010000000;0.000000009999999755800010000000;0.000000009999999772800000000000;0.000000009959999802688420000000;0.000000009999999817600000000000;0.033267340468493600000000000000;0.000000009999999755800010000000;0.000000009999999755800010000000;0.000000009999999772800000000000;0.000000009959999802688420000000;0.000000009999999817600000000000;0.040586607481018200000000000000;0.000000009999999755800010000000;0.000000009999999755800010000000;0.000000009999999772800000000000;0.000000009959999802688420000000;0.000000009999999817600000000000;0.049043369702612400000000000000;0.179773502246560000000000000000;0.772110884170161000000000000000;0.228477169186221000000000000000;0.275638004207721000000000000000;0.330382828810965000000000000000
11/09/2020;0.000000009999999755800010000000;0.000000009999999755800010000000;0.000000009999999772800000000000;0.000000009959999802688420000000;0.000000009999999817600000000000;0.033267340468493600000000000000;0.000000009999999755800010000000;0.000000009999999755800010000000;0.000000009999999772800000000000;0.000000009959999802688420000000;0.000000009999999817600000000000;0.040586607481018200000000000000;0.000000009999999755800010000000;0.000000009999999755800010000000;0.000000009999999772800000000000;0.000000009959999802688420000000;0.000000009999999817600000000000;0.049043369702612400000000000000;0.179773502246560000000000000000;0.772110884170161000000000000000;0.228477169186221000000000000000;0.275638004207721000000000000000;0.330382828810965000000000000000
12/09/2020;0.000000009999999755800010000000;0.000000009999999755800010000000;0.000000009999999772800000000000;0.000000009959999802688420000000;0.000000009999999817600000000000;0.033267340468493600000000000000;0.000000009999999755800010000000;0.000000009999999755800010000000;0.000000009999999772800000000000;0.000000009959999802688420000000;0.000000009999999817600000000000;0.040586607481018200000000000000;0.000000009999999755800010000000;0.000000009999999755800010000000;0.000000009999999772800000000000;0.000000009959999802688420000000;0.000000009999999817600000000000;0.000000009998535497462950000000;0.179773502246560000000000000000;0.772110884170161000000000000000;0.228477169186221000000000000000;0.275638004207721000000000000000;0.000000010007493055814100000000
13/09/2020;0.000000009999999755800010000000;0.000000009999999755800010000000;0.000000009999999772800000000000;0.000000009959999802688420000000;0.000000009999999817600000000000;0.033267340468493600000000000000;0.000000009999999755800010000000;0.000000009999999755800010000000;0.000000009999999772800000000000;0.000000009959999802688420000000;0.000000009999999817600000000000;0.000000009998535497462950000000;0.000000009999999755800010000000;0.000000009999999755800010000000;0.000000009999999772800000000000;0.000000009959999802688420000000;0.000000009999999817600000000000;0.000000009998535497462950000000;0.179773502246560000000000000000;0.772110884170161000000000000000;0.228477169186221000000000000000;0.000000010007493055814100000000;0.000000010007493055814100000000
14/09/2020;0.000000009999999755800010000000;0.000000009999999755800010000000;0.000000009999999772800000000000;0.000000009959999802688420000000;0.000000009999999817600000000000;0.033267340468493600000000000000;0.000000009999999755800010000000;0.000000009999999755800010000000;0.000000009999999772800000000000;0.000000009959999802688420000000;0.000000009999999817600000000000;0.040586607481018200000000000000;0.000000009999999755800010000000;0.000000009999999755800010000000;0.000000009999999772800000000000;0.000000009959999802688420000000;0.000000009999999817600000000000;0.049043369702612400000000000000;0.179773502246560000000000000000;0.772110884170161000000000000000;0.228477169186221000000000000000;0.275638004207721000000000000000;0.330382828810965000000000000000
15/09/2020;0.000000009999999755800010000000;0.000000009999999755800010000000;0.000000009999999772800000000000;0.000000009959999802688420000000;0.000000009999999817600000000000;0.049299784179589600000000000000;0.000000009999999755800010000000;0.000000009999999755800010000000;0.000000009999999772800000000000;0.000000009959999802688420000000;0.000000009999999817600000000000;0.060146406692501000000000000000;0.000000009999999755800010000000;0.000000009999999755800010000000;0.000000009999999772800000000000;0.000000009959999802688420000000;0.000000009999999817600000000000;0.072678714550941100000000000000;0.179773502246560000000000000000;0.772110884170161000000000000000;0.228477169186221000000000000000;0.275638004207721000000000000000;0.330382828810965000000000000000
16/09/2020;0.000000009999999755800010000000;0.000000009999999755800010000000;0.000000009999999772800000000000;0.000000009959999802688420000000;0.000000009999999817600000000000;0.049299784179589600000000000000;0.000000009999999755800010000000;0.000000009999999755800010000000;0.000000009999999772800000000000;0.000000009959999802688420000000;0.000000009999999817600000000000;0.060146406692501000000000000000;0.000000009999999755800010000000;0.000000009999999755800010000000;0.000000009999999772800000000000;0.000000009959999802688420000000;0.000000009999999817600000000000;0.072678714550941100000000000000;0.179773502246560000000000000000;0.772110884170161000000000000000;0.228477169186221000000000000000;0.275638004207721000000000000000;0.330382828810965000000000000000
17/09/2020;0.000000009999999755800010000000;0.000000009999999755800010000000;0.000000009999999772800000000000;0.000000009959999802688420000000;0.000000009999999817600000000000;0.049299784179589600000000000000;0.000000009999999755800010000000;0.000000009999999755800010000000;0.000000009999999772800000000000;0.000000009959999802688420000000;0.000000009999999817600000000000;0.060146406692501000000000000000;0.000000009999999755800010000000;0.000000009999999755800010000000;0.000000009999999772800000000000;0.000000009959999802688420000000;0.000000009999999817600000000000;0.072678714550941100000000000000;0.179773502246560000000000000000;0.772110884170161000000000000000;0.228477169186221000000000000000;0.275638004207721000000000000000;0.330382828810965000000000000000
18/09/2020;0.000000009999999755800010000000;0.000000009999999755800010000000;0.000000009999999772800000000000;0.000000009959999802688420000000;0.000000009999999817600000000000;0.049299784179589600000000000000;0.000000009999999755800010000000;0.000000009999999755800010000000;0.000000009999999772800000000000;0.000000009959999802688420000000;0.000000009999999817600000000000;0.060146406692501000000000000000;0.000000009999999755800010000000;0.000000009999999755800010000000;0.000000009999999772800000000000;0.000000009959999802688420000000;0.000000009999999817600000000000;0.072678714550941100000000000000;0.179773502246560000000000000000;0.772110884170161000000000000000;0.228477169186221000000000000000;0.275638004207721000000000000000;0.330382828810965000000000000000
19/09/2020;0.000000009999999755800010000000;0.000000009999999755800010000000;0.000000009999999772800000000000;0.000000009959999802688420000000;0.000000009999999817600000000000;0.049299784179589600000000000000;0.000000009999999755800010000000;0.000000009999999755800010000000;0.000000009999999772800000000000;0.000000009959999802688420000000;0.000000009999999817600000000000;0.060146406692501000000000000000;0.000000009999999755800010000000;0.000000009999999755800010000000;0.000000009999999772800000000000;0.000000009959999802688420000000;0.000000009999999817600000000000;0.000000009998535497462950000000;0.179773502246560000000000000000;0.772110884170161000000000000000;0.228477169186221000000000000000;0.275638004207721000000000000000;0.000000010007493055814100000000
20/09/2020;0.000000009999999755800010000000;0.000000009999999755800010000000;0.000000009999999772800000000000;0.000000009959999802688420000000;0.000000009999999817600000000000;0.049299784179589600000000000000;0.000000009999999755800010000000;0.000000009999999755800010000000;0.000000009999999772800000000000;0.000000009959999802688420000000;0.000000009999999817600000000000;0.000000009998535497462950000000;0.000000009999999755800010000000;0.000000009999999755800010000000;0.000000009999999772800000000000;0.000000009959999802688420000000;0.000000009999999817600000000000;0.000000009998535497462950000000;0.179773502246560000000000000000;0.772110884170161000000000000000;0.228477169186221000000000000000;0.000000010007493055814100000000;0.000000010007493055814100000000
21/09/2020;0.000000009999999755800010000000;0.000000009999999755800010000000;0.000000009999999772800000000000;0.000000009959999802688420000000;0.000000009999999817600000000000;0.049299784179589600000000000000;0.000000009999999755800010000000;0.000000009999999755800010000000;0.000000009999999772800000000000;0.000000009959999802688420000000;0.000000009999999817600000000000;0.060146406692501000000000000000;0.000000009999999755800010000000;0.000000009999999755800010000000;0.000000009999999772800000000000;0.000000009959999802688420000000;0.000000009999999817600000000000;0.072678714550941100000000000000;0.179773502246560000000000000000;0.772110884170161000000000000000;0.228477169186221000000000000000;0.275638004207721000000000000000;0.330382828810965000000000000000
22/09/2020;0.000000009999999755800010000000;0.000000009999999755800010000000;0.000000009999999772800000000000;0.000000009959999802688420000000;0.000000009999999817600000000000;0.081364681610880000000000000000;0.000000009999999755800010000000;0.000000009999999755800010000000;0.000000009999999772800000000000;0.000000009959999802688420000000;0.000000009999999817600000000000;0.099266017326702800000000000000;0.000000009999999755800010000000;0.000000009999999755800010000000;0.000000009999999772800000000000;0.000000009959999802688420000000;0.000000009999999817600000000000;0.119949419003209000000000000000;0.179773502246560000000000000000;0.772110884170161000000000000000;0.228477169186221000000000000000;0.275638004207721000000000000000;0.330382828810965000000000000000
23/09/2020;0.000000009999999755800010000000;0.000000009999999755800010000000;0.000000009999999772800000000000;0.000000009959999802688420000000;0.000000009999999817600000000000;0.081364681610880000000000000000;0.000000009999999755800010000000;0.000000009999999755800010000000;0.000000009999999772800000000000;0.000000009959999802688420000000;0.000000009999999817600000000000;0.099266017326702800000000000000;0.000000009999999755800010000000;0.000000009999999755800010000000;0.000000009999999772800000000000;0.000000009959999802688420000000;0.000000009999999817600000000000;0.119949419003209000000000000000;0.179773502246560000000000000000;0.772110884170161000000000000000;0.228477169186221000000000000000;0.275638004207721000000000000000;0.330382828810965000000000000000
24/09/2020;0.000000009999999755800010000000;0.000000009999999755800010000000;0.000000009999999772800000000000;0.000000009959999802688420000000;0.000000009999999817600000000000;0.081364681610880000000000000000;0.000000009999999755800010000000;0.000000009999999755800010000000;0.000000009999999772800000000000;0.000000009959999802688420000000;0.000000009999999817600000000000;0.099266017326702800000000000000;0.000000009999999755800010000000;0.000000009999999755800010000000;0.000000009999999772800000000000;0.000000009959999802688420000000;0.000000009999999817600000000000;0.119949419003209000000000000000;0.179773502246560000000000000000;0.772110884170161000000000000000;0.228477169186221000000000000000;0.275638004207721000000000000000;0.330382828810965000000000000000
25/09/2020;0.000000009999999755800010000000;0.000000009999999755800010000000;0.000000009999999772800000000000;0.000000009959999802688420000000;0.000000009999999817600000000000;0.081364681610880000000000000000;0.000000009999999755800010000000;0.000000009999999755800010000000;0.000000009999999772800000000000;0.000000009959999802688420000000;0.000000009999999817600000000000;0.099266017326702800000000000000;0.000000009999999755800010000000;0.000000009999999755800010000000;0.000000009999999772800000000000;0.000000009959999802688420000000;0.000000009999999817600000000000;0.119949419003209000000000000000;0.179773502246560000000000000000;0.772110884170161000000000000000;0.228477169186221000000000000000;0.275638004207721000000000000000;0.330382828810965000000000000000
26/09/2020;0.000000009999999755800010000000;0.000000009999999755800010000000;0.000000009999999772800000000000;0.000000009959999802688420000000;0.000000009999999817600000000000;0.081364681610880000000000000000;0.000000009999999755800010000000;0.000000009999999755800010000000;0.000000009999999772800000000000;0.000000009959999802688420000000;0.000000009999999817600000000000;0.099266017326702800000000000000;0.000000009999999755800010000000;0.000000009999999755800010000000;0.000000009999999772800000000000;0.000000009959999802688420000000;0.000000009999999817600000000000;0.000000009998535497462950000000;0.179773502246560000000000000000;0.772110884170161000000000000000;0.228477169186221000000000000000;0.275638004207721000000000000000;0.000000010007493055814100000000
27/09/2020;0.000000009999999755800010000000;0.000000009999999755800010000000;0.000000009999999772800000000000;0.000000009959999802688420000000;0.000000009999999817600000000000;0.081364681610880000000000000000;0.000000009999999755800010000000;0.000000009999999755800010000000;0.000000009999999772800000000000;0.000000009959999802688420000000;0.000000009999999817600000000000;0.000000009998535497462950000000;0.000000009999999755800010000000;0.000000009999999755800010000000;0.000000009999999772800000000000;0.000000009959999802688420000000;0.000000009999999817600000000000;0.000000009998535497462950000000;0.179773502246560000000000000000;0.772110884170161000000000000000;0.228477169186221000000000000000;0.000000010007493055814100000000;0.000000010007493055814100000000
28/09/2020;0.000000009999999755800010000000;0.000000009999999755800010000000;0.000000009999999772800000000000;0.000000009959999802688420000000;0.000000009999999817600000000000;0.081364681610880000000000000000;0.000000009999999755800010000000;0.000000009999999755800010000000;0.000000009999999772800000000000;0.000000009959999802688420000000;0.000000009999999817600000000000;0.099266017326702800000000000000;0.000000009999999755800010000000;0.000000009999999755800010000000;0.000000009999999772800000000000;0.000000009959999802688420000000;0.000000009999999817600000000000;0.119949419003209000000000000000;0.179773502246560000000000000000;0.772110884170161000000000000000;0.228477169186221000000000000000;0.275638004207721000000000000000;0.330382828810965000000000000000
29/09/2020;0.000000009999999755800010000000;0.000000009999999755800010000000;0.000000009999999772800000000000;0.000000009959999802688420000000;0.000000009999999817600000000000;0.081364681610880000000000000000;0.000000009999999755800010000000;0.000000009999999755800010000000;0.000000009999999772800000000000;0.000000009959999802688420000000;0.000000009999999817600000000000;0.099266017326702800000000000000;0.000000009999999755800010000000;0.000000009999999755800010000000;0.000000009999999772800000000000;0.000000009959999802688420000000;0.000000009999999817600000000000;0.119949419003209000000000000000;0.179773502246560000000000000000;0.772110884170161000000000000000;0.228477169186221000000000000000;0.275638004207721000000000000000;0.330382828810965000000000000000
30/09/2020;0.000000009999999755800010000000;0.000000009999999755800010000000;0.000000009999999772800000000000;0.000000009959999802688420000000;0.000000009999999817600000000000;0.081364681610880000000000000000;0.000000009999999755800010000000;0.000000009999999755800010000000;0.000000009999999772800000000000;0.000000009959999802688420000000;0.000000009999999817600000000000;0.099266017326702800000000000000;0.000000009999999755800010000000;0.000000009999999755800010000000;0.000000009999999772800000000000;0.000000009959999802688420000000;0.000000009999999817600000000000;0.119949419003209000000000000000;0.157871992167817000000000000000;0.772110884170161000000000000000;0.228477169186221000000000000000;0.275638004207721000000000000000;0.330382828810965000000000000000
